Timestamp,PM25,PM10,MQ2_PPM,MQ7_ADC,Temp,Hum,Status
2026-03-18 08:04:38 UTC,24,27,20.73,1940.77,31.2,53.3,Safe
2026-03-18 08:04:48 UTC,24,27,20.73,1940.77,31.2,53.0,Safe
2026-03-18 08:04:58 UTC,23,25,19.75,1930.12,31.1,52.1,Safe
2026-03-18 08:05:08 UTC,24,26,19.71,1927.46,31.1,51.5,Safe
2026-03-18 08:05:18 UTC,23,26,19.94,1930.12,31.0,51.1,Safe
2026-03-18 08:05:28 UTC,22,27,19.47,1924.81,31.0,50.4,Safe
2026-03-18 08:05:38 UTC,23,27,20.78,1940.77,30.9,50.4,Safe
2026-03-18 08:05:48 UTC,23,26,20.59,1919.48,30.8,49.1,Safe
2026-03-18 08:05:58 UTC,37,44,21.12,1951.42,26.8,75.7,Safe
2026-03-18 08:06:08 UTC,36,41,22.33,1959.41,26.9,75.1,Safe
2026-03-18 08:06:18 UTC,36,42,21.02,1948.76,26.9,74.9,Safe
2026-03-18 08:06:28 UTC,36,41,22.37,1964.73,27.0,74.9,Safe
2026-03-18 08:06:38 UTC,36,41,22.37,1964.73,27.0,74.8,Safe
2026-03-18 08:06:48 UTC,36,41,21.42,1948.76,27.0,74.6,Safe
2026-03-18 08:06:58 UTC,36,42,22.12,1964.73,27.0,74.3,Safe
2026-03-18 08:07:08 UTC,37,43,20.92,1943.43,27.0,74.2,Safe
2026-03-18 08:07:18 UTC,37,45,22.62,1962.06,27.1,74.1,Safe
2026-03-18 08:07:28 UTC,37,43,21.12,1943.43,27.1,74.1,Safe
2026-03-18 08:07:38 UTC,37,41,22.37,1959.41,27.1,74.1,Safe
2026-03-18 08:07:48 UTC,38,42,20.88,1940.77,27.1,74.2,Safe
2026-03-18 08:07:58 UTC,38,43,22.48,1959.41,27.1,74.2,Safe
2026-03-18 08:08:08 UTC,36,42,21.02,1943.43,27.2,74.1,Safe
2026-03-18 08:08:18 UTC,36,43,21.81,1951.42,27.2,73.5,Safe
2026-03-18 08:08:28 UTC,36,43,20.55,1940.77,27.2,73.3,Safe
2026-03-18 08:08:38 UTC,36,42,22.01,1962.06,27.2,73.2,Safe
2026-03-18 08:08:48 UTC,35,39,22.58,1962.06,27.2,73.2,Safe
2026-03-18 08:08:58 UTC,34,39,21.22,1943.43,27.2,73.6,Safe
2026-03-18 08:09:08 UTC,35,38,22.26,1959.41,27.2,73.9,Safe
2026-03-18 08:09:18 UTC,35,42,21.32,1946.09,27.3,74.1,Safe
2026-03-18 08:09:28 UTC,36,44,22.52,1962.06,27.3,74.1,Safe
2026-03-18 08:09:38 UTC,36,44,21.02,1940.77,27.3,74.1,Safe
2026-03-18 08:09:48 UTC,35,41,22.26,1959.41,27.4,74.0,Safe
2026-03-18 08:09:58 UTC,35,42,21.02,1940.77,27.4,73.5,Safe
2026-03-18 08:10:08 UTC,34,41,22.06,1954.08,27.4,72.9,Safe
2026-03-18 08:10:18 UTC,33,39,21.46,1946.09,27.4,72.7,Safe
2026-03-18 08:10:28 UTC,33,37,21.46,1946.09,27.5,72.6,Safe
2026-03-18 08:10:38 UTC,32,33,20.92,1935.45,27.5,72.3,Safe
2026-03-18 08:10:48 UTC,29,32,21.02,1940.77,27.5,71.7,Safe
2026-03-18 08:10:58 UTC,30,34,22.12,1951.42,27.5,71.8,Safe
2026-03-18 08:11:08 UTC,31,34,20.98,1940.77,27.6,71.8,Safe
2026-03-18 08:11:18 UTC,29,33,21.81,1951.42,27.6,71.6,Safe
2026-03-18 08:11:28 UTC,27,31,20.3,1932.79,27.6,70.8,Safe
2026-03-18 08:11:38 UTC,28,32,21.91,1954.08,27.6,70.6,Safe
2026-03-18 08:11:48 UTC,29,32,20.45,1930.12,27.6,70.8,Safe
2026-03-18 08:11:58 UTC,30,30,21.91,1951.42,27.7,71.1,Safe
2026-03-18 08:12:08 UTC,29,30,21.02,1938.11,27.7,70.9,Safe
2026-03-18 08:12:18 UTC,30,31,21.81,1948.76,27.7,70.8,Safe
2026-03-18 08:12:28 UTC,28,34,21.81,1948.76,27.7,70.6,Safe
2026-03-18 08:12:38 UTC,28,34,20.4,1927.46,27.7,70.7,Safe
2026-03-18 08:12:48 UTC,28,33,21.66,1948.76,27.7,70.9,Safe
2026-03-18 08:12:58 UTC,28,33,20.98,1932.79,27.8,70.7,Safe
2026-03-18 08:13:08 UTC,28,32,21.52,1946.09,27.8,70.2,Safe
2026-03-18 08:13:18 UTC,29,31,20.92,1932.79,27.8,69.9,Safe
2026-03-18 08:13:28 UTC,30,31,21.81,1946.09,27.8,70.0,Safe
2026-03-18 08:13:38 UTC,28,31,20.03,1924.81,27.8,70.3,Safe
2026-03-18 08:13:48 UTC,25,30,21.81,1948.76,27.8,70.0,Safe
2026-03-18 08:13:58 UTC,26,29,20.82,1930.12,27.8,69.9,Safe
2026-03-18 08:14:08 UTC,25,28,21.71,1948.76,27.9,69.7,Safe
2026-03-18 08:14:18 UTC,24,28,20.59,1930.12,27.8,69.7,Safe
2026-03-18 08:14:28 UTC,23,27,21.66,1951.42,27.9,69.6,Safe
2026-03-18 08:14:38 UTC,23,27,21.16,1938.11,27.9,69.1,Safe
2026-03-18 08:14:48 UTC,23,27,20.22,1930.12,27.9,69.1,Safe
2026-03-18 08:14:58 UTC,24,26,21.36,1946.09,27.9,69.0,Safe
2026-03-18 08:15:08 UTC,23,26,20.4,1930.12,27.9,69.2,Safe
2026-03-18 08:15:18 UTC,23,27,21.81,1948.76,28.0,69.2,Safe
2026-03-18 08:15:28 UTC,22,28,19.53,1919.48,28.0,69.1,Safe
2026-03-18 08:15:38 UTC,24,29,21.56,1948.76,28.0,68.9,Safe
2026-03-18 08:15:48 UTC,25,28,20.17,1930.12,28.0,68.7,Safe
2026-03-18 08:15:58 UTC,25,29,21.6,1946.09,28.0,68.8,Safe
2026-03-18 08:16:08 UTC,25,29,21.81,1946.09,28.0,68.9,Safe
2026-03-18 08:16:18 UTC,25,27,21.12,1943.43,28.0,69.1,Safe
2026-03-18 08:16:28 UTC,27,29,21.36,1951.42,28.0,69.1,Safe
2026-03-18 08:16:38 UTC,28,31,20.36,1932.79,28.0,69.0,Safe
2026-03-18 08:16:48 UTC,29,33,21.56,1943.43,28.0,69.0,Safe
2026-03-18 08:16:58 UTC,30,37,20.65,1932.79,28.1,69.2,Safe
2026-03-18 08:17:08 UTC,31,40,21.77,1951.42,28.1,69.2,Safe
2026-03-18 08:17:18 UTC,32,39,20.26,1930.12,28.1,69.1,Safe
2026-03-18 08:17:28 UTC,31,37,21.87,1951.42,28.1,69.3,Safe
2026-03-18 08:17:38 UTC,32,40,20.03,1924.81,28.1,69.2,Safe
2026-03-18 08:17:48 UTC,31,39,21.87,1948.76,28.2,69.2,Safe
2026-03-18 08:17:58 UTC,28,31,20.4,1935.45,28.2,68.4,Safe
2026-03-18 08:18:08 UTC,26,27,21.02,1940.77,28.2,67.9,Safe
2026-03-18 08:18:18 UTC,23,26,21.95,1946.09,28.2,67.4,Safe
2026-03-18 08:18:28 UTC,23,25,20.36,1930.12,28.2,67.2,Safe
2026-03-18 08:18:38 UTC,20,21,21.81,1943.43,28.2,67.2,Safe
2026-03-18 08:18:48 UTC,18,20,20.3,1930.12,28.2,67.0,Safe
2026-03-18 08:18:58 UTC,17,20,21.16,1943.43,28.2,66.9,Safe
2026-03-18 08:19:08 UTC,14,18,20.59,1930.12,28.2,67.0,Safe
2026-03-18 08:19:18 UTC,14,18,21.77,1943.43,28.2,67.0,Safe
2026-03-18 08:19:28 UTC,13,17,20.22,1930.12,28.2,66.8,Safe
2026-03-18 08:19:38 UTC,10,16,21.56,1943.43,28.3,66.7,Safe
2026-03-18 08:19:48 UTC,11,17,20.49,1930.12,28.3,66.6,Safe
2026-03-18 08:19:58 UTC,12,15,21.36,1943.43,28.3,66.2,Safe
2026-03-18 08:20:08 UTC,11,14,20.03,1927.46,28.3,66.3,Safe
2026-03-18 08:20:18 UTC,10,15,19.53,1916.82,28.3,66.4,Safe
2026-03-18 08:20:28 UTC,12,15,21.52,1946.09,28.3,66.5,Safe
2026-03-18 08:20:38 UTC,11,15,19.98,1924.81,28.4,66.5,Safe
2026-03-18 08:20:48 UTC,10,15,21.52,1946.09,28.4,66.5,Safe
2026-03-18 08:20:58 UTC,9,13,20.36,1930.12,28.4,66.4,Safe
2026-03-18 08:21:08 UTC,9,12,21.32,1943.43,28.4,65.9,Safe
2026-03-18 08:21:18 UTC,10,13,20.65,1927.46,28.4,66.0,Safe
2026-03-18 08:21:28 UTC,10,13,21.32,1940.77,28.4,66.1,Safe
2026-03-18 08:21:38 UTC,11,15,20.07,1930.12,28.4,65.9,Safe
2026-03-18 08:21:48 UTC,12,14,21.56,1940.77,28.4,66.0,Safe
2026-03-18 08:21:58 UTC,14,20,21.52,1946.09,28.4,66.0,Safe
2026-03-18 08:22:08 UTC,15,21,21.26,1943.43,28.3,66.1,Safe
2026-03-18 08:22:18 UTC,16,20,21.56,1946.09,28.4,65.9,Safe
2026-03-18 08:22:28 UTC,17,20,20.45,1930.12,28.4,66.1,Safe
2026-03-18 08:22:38 UTC,15,18,21.32,1946.09,28.4,65.7,Safe
2026-03-18 08:22:48 UTC,13,15,20.55,1930.12,28.4,65.6,Safe
2026-03-18 08:22:58 UTC,11,15,21.52,1943.43,28.4,65.7,Safe
2026-03-18 08:23:08 UTC,10,15,20.13,1930.12,28.4,65.4,Safe
2026-03-18 08:23:18 UTC,11,15,21.52,1948.76,28.4,65.6,Safe
2026-03-18 08:23:28 UTC,12,16,20.07,1924.81,28.4,65.7,Safe
2026-03-18 08:23:38 UTC,15,19,20.98,1938.11,28.4,65.7,Safe
2026-03-18 08:23:48 UTC,17,20,20.13,1930.12,28.5,65.9,Safe
2026-03-18 08:23:58 UTC,18,20,21.02,1946.09,28.5,65.7,Safe
2026-03-18 08:24:08 UTC,16,19,21.36,1940.77,28.5,65.7,Safe
2026-03-18 08:24:18 UTC,14,16,20.45,1927.46,28.5,65.4,Safe
2026-03-18 08:24:28 UTC,13,16,21.02,1938.11,28.5,65.4,Safe
2026-03-18 08:24:38 UTC,13,19,20.55,1930.12,28.6,65.7,Safe
2026-03-18 08:24:48 UTC,12,20,21.71,1943.43,28.6,65.8,Safe
2026-03-18 08:24:58 UTC,15,21,19.25,1922.14,28.6,66.0,Safe
2026-03-18 08:25:08 UTC,14,21,21.12,1940.77,28.6,65.8,Safe
2026-03-18 08:25:18 UTC,17,20,20.3,1927.46,28.7,65.8,Safe
2026-03-18 08:25:28 UTC,16,19,20.4,1938.11,28.7,65.7,Safe
2026-03-18 08:25:38 UTC,15,19,21.32,1946.09,28.7,65.8,Safe
2026-03-18 08:25:48 UTC,15,19,21.02,1946.09,28.7,66.0,Safe
2026-03-18 08:25:58 UTC,16,20,21.32,1946.09,28.8,66.0,Safe
2026-03-18 08:26:08 UTC,16,21,20.3,1927.46,28.8,66.1,Safe
2026-03-18 08:26:18 UTC,17,20,21.02,1932.79,28.8,66.0,Safe
2026-03-18 08:26:28 UTC,18,20,20.36,1930.12,28.9,66.1,Safe
2026-03-18 08:26:38 UTC,17,20,21.52,1948.76,28.9,66.0,Safe
2026-03-18 08:26:48 UTC,19,22,20.3,1927.46,28.9,65.8,Safe
2026-03-18 08:26:58 UTC,21,22,21.56,1948.76,29.0,65.8,Safe
2026-03-18 08:27:08 UTC,22,23,19.47,1919.48,29.0,65.7,Safe
2026-03-18 08:27:18 UTC,22,25,21.56,1946.09,29.0,65.5,Safe
2026-03-18 08:27:28 UTC,23,26,20.55,1930.12,29.0,65.4,Safe
2026-03-18 08:27:38 UTC,24,25,21.46,1940.77,29.1,65.4,Safe
2026-03-18 08:27:48 UTC,27,30,21.52,1943.43,29.1,65.5,Safe
2026-03-18 08:27:58 UTC,28,29,19.62,1927.46,29.1,65.2,Safe
2026-03-18 08:28:08 UTC,28,29,21.02,1943.43,29.1,64.9,Safe
2026-03-18 08:28:18 UTC,26,27,20.17,1930.12,29.1,64.6,Safe
2026-03-18 08:28:28 UTC,26,29,21.12,1943.43,29.1,64.5,Safe
2026-03-18 08:28:38 UTC,25,28,20.82,1930.12,29.1,64.5,Safe
2026-03-18 08:28:48 UTC,23,25,21.52,1948.76,29.1,64.6,Safe
2026-03-18 08:28:58 UTC,20,22,20.03,1927.46,29.1,64.6,Safe
2026-03-18 08:29:08 UTC,21,22,21.02,1946.09,29.2,64.7,Safe
2026-03-18 08:29:18 UTC,22,22,22.06,1948.76,29.2,64.9,Safe
2026-03-18 08:29:28 UTC,21,24,21.36,1940.77,29.2,64.9,Safe
2026-03-18 08:29:38 UTC,22,25,20.03,1927.46,29.2,64.8,Safe
2026-03-18 08:29:48 UTC,22,24,20.22,1927.46,29.3,64.5,Safe
2026-03-18 08:29:58 UTC,21,24,21.12,1948.76,29.3,64.1,Safe
2026-03-18 08:30:08 UTC,18,24,20.26,1932.79,29.3,64.1,Safe
2026-03-18 08:30:18 UTC,22,25,21.36,1946.09,29.4,64.2,Safe
2026-03-18 08:30:28 UTC,23,27,20.13,1924.81,29.4,64.1,Safe
2026-03-18 08:30:38 UTC,26,30,21.08,1943.43,29.4,63.7,Safe
2026-03-18 08:30:48 UTC,29,32,19.62,1922.14,29.4,63.5,Safe
2026-03-18 08:30:58 UTC,36,46,21.26,1946.09,29.5,63.5,Safe
2026-03-18 08:31:08 UTC,52,65,20.03,1930.12,29.4,63.4,Caution
2026-03-18 08:31:18 UTC,67,80,21.81,1943.43,29.5,63.3,Caution
2026-03-18 08:31:28 UTC,74,83,21.32,1943.43,29.4,63.4,Caution
2026-03-18 08:31:38 UTC,63,77,20.22,1930.12,29.5,63.2,Caution
2026-03-18 08:31:48 UTC,51,66,21.02,1946.09,29.5,62.9,Caution
2026-03-18 08:31:58 UTC,44,56,20.59,1927.46,29.5,62.9,Safe
2026-03-18 08:32:08 UTC,35,43,20.88,1935.45,29.5,62.9,Safe
2026-03-18 08:32:18 UTC,27,31,20.36,1927.46,29.5,62.7,Safe
2026-03-18 08:32:28 UTC,22,25,21.81,1948.76,29.5,62.4,Safe
2026-03-18 08:32:38 UTC,19,20,19.84,1927.46,29.5,62.5,Safe
2026-03-18 08:32:48 UTC,16,18,21.32,1940.77,29.5,62.1,Safe
2026-03-18 08:32:58 UTC,13,18,21.08,1943.43,29.5,61.9,Safe
2026-03-18 08:33:08 UTC,11,16,21.46,1943.43,29.5,62.0,Safe
2026-03-18 08:33:18 UTC,13,17,20.88,1935.45,29.5,62.3,Safe
2026-03-18 08:33:28 UTC,10,14,19.62,1922.14,29.6,62.5,Safe
2026-03-18 08:33:38 UTC,9,13,21.26,1940.77,29.6,62.7,Safe
2026-03-18 08:33:48 UTC,9,11,20.13,1924.81,29.6,62.8,Safe
2026-03-18 08:33:58 UTC,11,13,21.02,1946.09,29.6,62.8,Safe
2026-03-18 08:34:08 UTC,12,14,19.31,1919.48,29.7,62.8,Safe
2026-03-18 08:34:18 UTC,14,18,20.73,1938.11,29.7,63.0,Safe
2026-03-18 08:34:28 UTC,21,24,20.03,1927.46,29.7,63.0,Safe
2026-03-18 08:34:38 UTC,27,30,21.71,1946.09,29.8,63.2,Safe
2026-03-18 08:34:48 UTC,28,34,20.13,1930.12,29.8,63.4,Safe
2026-03-18 08:34:58 UTC,28,34,20.73,1938.11,29.8,63.6,Safe
2026-03-18 08:35:08 UTC,29,35,21.16,1940.77,29.9,63.9,Safe
2026-03-18 08:35:18 UTC,31,35,19.53,1924.81,29.9,64.0,Safe
2026-03-18 08:35:28 UTC,32,40,21.66,1943.43,29.9,64.0,Safe
2026-03-18 08:35:38 UTC,34,43,20.55,1930.12,30.0,64.0,Safe
2026-03-18 08:35:48 UTC,32,41,21.26,1938.11,30.0,64.0,Safe
2026-03-18 08:35:58 UTC,31,38,20.26,1930.12,30.0,63.6,Safe
2026-03-18 08:36:08 UTC,29,33,21.02,1932.79,30.1,63.5,Safe
2026-03-18 08:36:18 UTC,28,31,20.17,1930.12,30.1,62.9,Safe
2026-03-18 08:36:28 UTC,26,28,21.77,1943.43,30.1,62.9,Safe
2026-03-18 08:36:38 UTC,23,25,21.6,1943.43,30.2,62.9,Safe
2026-03-18 08:36:48 UTC,25,27,21.56,1946.09,30.2,63.0,Safe
2026-03-18 08:36:58 UTC,27,29,21.71,1948.76,30.2,62.7,Safe
2026-03-18 08:37:08 UTC,25,28,19.81,1922.14,30.2,62.7,Safe
2026-03-18 08:37:18 UTC,24,26,21.6,1946.09,30.2,62.6,Safe
2026-03-18 08:37:28 UTC,22,23,20.3,1927.46,30.2,62.4,Safe
2026-03-18 08:37:38 UTC,20,20,20.92,1940.77,30.2,62.3,Safe
2026-03-18 08:37:48 UTC,21,21,20.17,1927.46,30.3,62.3,Safe
2026-03-18 08:37:58 UTC,19,24,21.66,1946.09,30.3,62.3,Safe
2026-03-18 08:38:08 UTC,20,23,20.17,1927.46,30.3,62.4,Safe
2026-03-18 08:38:18 UTC,23,26,21.26,1940.77,30.3,62.6,Safe
2026-03-18 08:38:28 UTC,26,29,20.73,1927.46,30.3,62.7,Safe
2026-03-18 08:38:38 UTC,28,30,21.81,1943.43,30.4,62.7,Safe
2026-03-18 08:38:48 UTC,26,31,21.56,1940.77,30.4,62.6,Safe
2026-03-18 08:38:58 UTC,25,29,20.3,1930.12,30.4,62.5,Safe
2026-03-18 08:39:08 UTC,22,25,21.66,1943.43,30.5,62.3,Safe
2026-03-18 08:39:18 UTC,22,24,20.22,1922.14,30.5,62.1,Safe
2026-03-18 08:39:28 UTC,19,20,21.66,1948.76,30.5,62.1,Safe
2026-03-18 08:39:38 UTC,18,19,20.4,1930.12,30.6,62.0,Safe
2026-03-18 08:39:48 UTC,20,21,21.6,1946.09,30.6,62.0,Safe
2026-03-18 08:39:58 UTC,19,21,20.26,1930.12,30.6,62.0,Safe
2026-03-18 08:40:08 UTC,19,20,21.52,1948.76,30.7,61.9,Safe
2026-03-18 08:40:18 UTC,18,21,21.66,1948.76,30.7,61.4,Safe
2026-03-18 08:40:28 UTC,18,21,21.81,1946.09,30.7,61.4,Safe
2026-03-18 08:40:38 UTC,20,20,21.66,1948.76,30.7,61.3,Safe
2026-03-18 08:40:48 UTC,21,23,20.4,1930.12,30.7,61.1,Safe
2026-03-18 08:40:58 UTC,35,42,21.36,1940.77,30.8,61.1,Safe
2026-03-18 08:41:08 UTC,43,54,20.26,1930.12,30.8,60.7,Safe
2026-03-18 08:41:18 UTC,45,57,21.56,1940.77,30.8,60.6,Safe
2026-03-18 08:41:28 UTC,43,53,20.22,1927.46,30.8,60.2,Safe
2026-03-18 08:41:38 UTC,40,47,21.26,1938.11,30.8,59.7,Safe
2026-03-18 08:41:48 UTC,36,43,19.62,1919.48,30.8,59.8,Safe
2026-03-18 08:41:58 UTC,33,41,21.71,1946.09,30.8,59.7,Safe
2026-03-18 08:42:08 UTC,28,35,19.62,1919.48,30.8,59.8,Safe
2026-03-18 08:42:18 UTC,24,29,21.77,1943.43,30.9,59.2,Safe
2026-03-18 08:42:28 UTC,21,25,21.16,1932.79,30.8,59.0,Safe
2026-03-18 08:42:38 UTC,19,21,20.13,1927.46,30.8,59.1,Safe
2026-03-18 08:42:48 UTC,16,18,21.26,1946.09,30.8,59.1,Safe
2026-03-18 08:42:58 UTC,15,18,20.22,1927.46,30.8,59.3,Safe
2026-03-18 08:43:08 UTC,14,16,21.95,1946.09,30.8,59.2,Safe
2026-03-18 08:43:18 UTC,14,18,20.3,1930.12,30.8,59.0,Safe
2026-03-18 08:43:28 UTC,11,15,22.12,1946.09,30.8,58.9,Safe
2026-03-18 08:43:38 UTC,10,16,20.03,1927.46,30.7,59.1,Safe
2026-03-18 08:43:48 UTC,10,15,21.32,1940.77,30.7,59.1,Safe
2026-03-18 08:43:58 UTC,9,15,21.16,1943.43,30.8,59.1,Safe
2026-03-18 08:44:08 UTC,10,13,19.81,1919.48,30.8,59.2,Safe
2026-03-18 08:44:18 UTC,10,10,21.91,1940.77,30.8,59.1,Safe
2026-03-18 08:44:28 UTC,9,9,20.13,1927.46,30.9,59.2,Safe
2026-03-18 08:44:38 UTC,7,9,21.36,1943.43,30.9,59.2,Safe
2026-03-18 08:44:48 UTC,8,9,20.49,1930.12,30.9,59.2,Safe
2026-03-18 08:44:58 UTC,11,12,21.52,1943.43,31.0,59.1,Safe
2026-03-18 08:45:08 UTC,14,15,20.3,1922.14,31.0,58.8,Safe
2026-03-18 08:45:18 UTC,15,16,21.52,1943.43,31.1,58.7,Safe
2026-03-18 08:45:28 UTC,14,16,20.88,1935.45,31.1,58.6,Safe
2026-03-18 08:45:38 UTC,12,17,21.66,1946.09,31.1,58.6,Safe
2026-03-18 08:45:48 UTC,10,18,20.26,1927.46,31.1,58.5,Safe
2026-03-18 08:45:58 UTC,10,18,20.36,1924.81,31.2,58.4,Safe
2026-03-18 08:46:08 UTC,12,18,21.16,1940.77,31.2,58.3,Safe
2026-03-18 08:46:18 UTC,12,19,20.49,1927.46,31.1,57.9,Safe
2026-03-18 08:46:28 UTC,10,17,21.52,1946.09,31.1,57.9,Safe
2026-03-18 08:46:38 UTC,10,16,20.59,1930.12,31.1,58.1,Safe
2026-03-18 08:46:48 UTC,11,18,21.66,1943.43,31.0,58.2,Safe
2026-03-18 08:46:58 UTC,11,18,20.69,1930.12,31.1,58.3,Safe
2026-03-18 08:47:08 UTC,11,18,21.56,1946.09,31.1,58.4,Safe
2026-03-18 08:47:18 UTC,11,18,20.69,1930.12,31.1,58.5,Safe
2026-03-18 08:47:28 UTC,11,18,21.71,1946.09,31.1,58.5,Safe
2026-03-18 08:47:38 UTC,8,16,21.42,1946.09,31.1,58.7,Safe
2026-03-18 08:47:48 UTC,8,16,20.59,1930.12,31.1,59.0,Safe
2026-03-18 08:47:58 UTC,9,14,21.6,1943.43,31.1,58.9,Safe
2026-03-18 08:48:08 UTC,8,12,20.45,1927.46,31.1,58.8,Safe
2026-03-18 08:48:18 UTC,8,12,21.52,1948.76,31.2,58.7,Safe
2026-03-18 08:48:28 UTC,8,11,19.75,1922.14,31.1,58.7,Safe
2026-03-18 08:48:38 UTC,6,8,21.52,1948.76,31.1,58.8,Safe
2026-03-18 08:48:48 UTC,7,9,20.4,1930.12,31.1,58.5,Safe
2026-03-18 08:48:58 UTC,9,11,21.71,1946.09,31.0,58.3,Safe
2026-03-18 08:49:08 UTC,9,12,21.52,1946.09,31.0,58.3,Safe
2026-03-18 08:49:18 UTC,8,12,21.81,1946.09,31.0,58.5,Safe
2026-03-18 08:49:28 UTC,9,15,20.26,1927.46,31.0,58.8,Safe
2026-03-18 08:49:38 UTC,9,16,20.49,1927.46,31.1,58.6,Safe
2026-03-18 08:49:48 UTC,12,16,21.91,1943.43,31.1,58.9,Safe
2026-03-18 08:49:58 UTC,11,17,20.36,1927.46,31.1,58.9,Safe
2026-03-18 08:50:08 UTC,9,14,21.66,1940.77,31.1,58.8,Safe
2026-03-18 08:50:18 UTC,10,14,20.59,1924.81,31.1,58.9,Safe
2026-03-18 08:50:28 UTC,10,14,21.52,1948.76,31.2,58.9,Safe
2026-03-18 08:50:38 UTC,10,14,19.88,1930.12,31.2,59.0,Safe
2026-03-18 08:50:48 UTC,10,15,21.36,1943.43,31.2,59.0,Safe
2026-03-18 08:50:58 UTC,9,13,20.3,1927.46,31.3,58.9,Safe
2026-03-18 08:51:08 UTC,10,13,21.16,1940.77,31.3,58.9,Safe
2026-03-18 08:51:18 UTC,9,13,21.66,1946.09,31.3,59.0,Safe
2026-03-18 08:51:28 UTC,9,12,20.73,1930.12,31.3,59.1,Safe
2026-03-18 08:51:38 UTC,9,11,20.88,1935.45,31.3,59.0,Safe
2026-03-18 08:51:48 UTC,10,14,20.07,1924.81,31.3,58.8,Safe
2026-03-18 08:51:58 UTC,10,16,20.88,1940.77,31.3,58.5,Safe
2026-03-18 08:52:08 UTC,10,17,20.13,1930.12,31.2,58.3,Safe
2026-03-18 08:52:18 UTC,9,17,21.71,1943.43,31.2,58.6,Safe
2026-03-18 08:52:28 UTC,10,16,19.94,1924.81,31.2,58.7,Safe
2026-03-18 08:52:38 UTC,9,13,21.77,1943.43,31.2,58.8,Safe
2026-03-18 08:52:48 UTC,8,10,21.71,1940.77,31.3,58.9,Safe
2026-03-18 08:52:58 UTC,9,10,21.81,1948.76,31.3,59.0,Safe
2026-03-18 08:53:08 UTC,9,10,21.77,1946.09,31.3,59.0,Safe
2026-03-18 08:53:18 UTC,12,12,21.02,1932.79,31.4,58.7,Safe
2026-03-18 08:53:28 UTC,12,14,21.91,1948.76,31.4,58.3,Safe
2026-03-18 08:53:38 UTC,10,14,20.36,1930.12,31.4,57.8,Safe
2026-03-18 08:53:48 UTC,11,12,21.26,1946.09,31.4,58.1,Safe
2026-03-18 08:53:58 UTC,11,16,20.17,1922.14,31.4,58.2,Safe
2026-03-18 08:54:08 UTC,11,15,21.46,1946.09,31.5,58.3,Safe
2026-03-18 08:54:18 UTC,11,14,19.98,1927.46,31.5,57.9,Safe
2026-03-18 08:54:28 UTC,11,13,21.52,1943.43,31.5,57.9,Safe
2026-03-18 08:54:38 UTC,10,12,20.45,1930.12,31.5,57.5,Safe
2026-03-18 08:54:48 UTC,12,16,21.26,1946.09,31.6,57.5,Safe
2026-03-18 08:54:58 UTC,11,19,21.52,1946.09,31.6,57.4,Safe
2026-03-18 08:55:08 UTC,11,19,20.36,1927.46,31.6,57.3,Safe
2026-03-18 08:55:18 UTC,11,19,21.52,1938.11,31.6,57.2,Safe
2026-03-18 08:55:28 UTC,12,19,20.3,1924.81,31.7,57.2,Safe
2026-03-18 08:55:38 UTC,10,18,21.81,1943.43,31.7,57.4,Safe
2026-03-18 08:55:48 UTC,10,16,20.59,1930.12,31.7,57.3,Safe
2026-03-18 08:55:58 UTC,8,13,21.32,1943.43,31.7,57.1,Safe
2026-03-18 08:56:08 UTC,9,12,19.75,1922.14,31.8,56.9,Safe
2026-03-18 08:56:18 UTC,10,13,21.87,1946.09,31.8,56.9,Safe
2026-03-18 08:56:28 UTC,11,14,21.91,1948.76,31.8,56.8,Safe
2026-03-18 08:56:38 UTC,11,14,20.36,1924.81,31.8,56.7,Safe
2026-03-18 08:56:48 UTC,10,11,21.71,1948.76,31.8,56.4,Safe
2026-03-18 08:56:58 UTC,11,11,20.45,1924.81,31.9,56.4,Safe
2026-03-18 08:57:08 UTC,11,14,21.81,1943.43,31.9,56.2,Safe
2026-03-18 08:57:18 UTC,10,13,20.3,1930.12,31.9,56.1,Safe
2026-03-18 08:57:28 UTC,10,15,21.08,1940.77,31.9,56.1,Safe
2026-03-18 08:57:38 UTC,10,14,20.4,1927.46,31.9,56.2,Safe
2026-03-18 08:57:48 UTC,8,11,21.08,1940.77,31.9,56.3,Safe
2026-03-18 08:57:58 UTC,7,10,21.22,1940.77,31.9,56.4,Safe
2026-03-18 08:58:08 UTC,7,12,21.46,1948.76,31.9,56.4,Safe
2026-03-18 08:58:18 UTC,8,12,20.26,1927.46,31.8,56.5,Safe
2026-03-18 08:58:28 UTC,8,11,20.98,1930.12,31.8,56.7,Safe
2026-03-18 08:58:38 UTC,9,12,21.56,1940.77,31.8,56.8,Safe
2026-03-18 08:58:48 UTC,8,11,20.3,1930.12,31.8,56.8,Safe
2026-03-18 08:58:58 UTC,7,9,21.81,1940.77,31.8,57.1,Safe
2026-03-18 08:59:08 UTC,7,8,20.3,1927.46,31.8,57.0,Safe
2026-03-18 08:59:18 UTC,9,10,21.32,1943.43,31.7,57.2,Safe
2026-03-18 08:59:28 UTC,10,12,20.13,1932.79,31.7,57.4,Safe
2026-03-18 08:59:38 UTC,9,10,21.77,1943.43,31.8,57.5,Safe
2026-03-18 08:59:48 UTC,11,12,19.94,1930.12,31.8,57.7,Safe
2026-03-18 08:59:58 UTC,10,11,21.08,1938.11,31.8,57.7,Safe
2026-03-18 09:00:08 UTC,10,13,21.32,1946.09,31.8,57.7,Safe
2026-03-18 09:00:18 UTC,9,10,20.3,1927.46,31.8,57.8,Safe
2026-03-18 09:00:28 UTC,10,13,21.66,1946.09,31.8,57.7,Safe
2026-03-18 09:00:38 UTC,10,16,20.45,1930.12,31.8,57.4,Safe
2026-03-18 09:00:48 UTC,10,17,21.52,1946.09,31.8,57.5,Safe
2026-03-18 09:00:58 UTC,11,18,19.66,1922.14,31.8,57.5,Safe
2026-03-18 09:01:08 UTC,13,18,21.6,1951.42,31.8,57.5,Safe
2026-03-18 09:01:18 UTC,13,17,20.3,1930.12,31.9,57.7,Safe
2026-03-18 09:01:28 UTC,13,17,21.6,1940.77,31.9,57.5,Safe
2026-03-18 09:01:38 UTC,13,18,21.87,1943.43,31.9,57.3,Safe
2026-03-18 09:01:48 UTC,13,17,21.66,1943.43,32.0,57.1,Safe
2026-03-18 09:01:58 UTC,11,16,20.26,1930.12,32.0,56.9,Safe
2026-03-18 09:02:08 UTC,9,15,20.4,1930.12,32.0,56.8,Safe
2026-03-18 09:02:18 UTC,8,14,21.02,1938.11,32.0,56.6,Safe
2026-03-18 09:02:28 UTC,9,14,19.98,1930.12,32.0,56.5,Safe
2026-03-18 09:02:38 UTC,10,15,21.32,1940.77,32.0,56.6,Safe
2026-03-18 09:02:48 UTC,12,15,20.36,1930.12,31.9,56.8,Safe
2026-03-18 09:02:58 UTC,13,15,21.81,1946.09,32.0,56.8,Safe
2026-03-18 09:03:08 UTC,11,14,20.22,1924.81,32.0,56.8,Safe
2026-03-18 09:03:18 UTC,9,12,21.36,1946.09,32.0,56.7,Safe
2026-03-18 09:03:28 UTC,9,12,20.22,1930.12,32.1,56.7,Safe
2026-03-18 09:03:38 UTC,9,10,21.02,1938.11,32.0,56.7,Safe
2026-03-18 09:03:48 UTC,10,11,21.6,1948.76,32.1,56.7,Safe
2026-03-18 09:03:58 UTC,9,9,21.16,1943.43,32.1,56.6,Safe
2026-03-18 09:04:08 UTC,9,12,19.98,1924.81,32.1,56.5,Safe
2026-03-18 09:04:18 UTC,10,12,18.82,1906.17,32.1,55.7,Safe
2026-03-18 09:04:28 UTC,9,10,20.65,1927.46,32.0,55.5,Safe
2026-03-18 09:04:38 UTC,8,9,19.31,1914.15,32.0,55.6,Safe
2026-03-18 09:04:48 UTC,9,10,20.55,1927.46,31.9,56.0,Safe
2026-03-18 09:04:58 UTC,8,9,19.47,1908.83,32.0,56.3,Safe
2026-03-18 09:05:08 UTC,8,8,20.3,1927.46,32.0,56.5,Safe
2026-03-18 09:05:18 UTC,7,9,20.88,1930.12,32.0,56.4,Safe
2026-03-18 09:05:28 UTC,7,9,19.75,1919.48,32.0,56.5,Safe
2026-03-18 09:05:38 UTC,10,10,20.59,1930.12,32.0,56.2,Safe
2026-03-18 09:05:48 UTC,10,12,19.04,1908.83,32.0,56.2,Safe
2026-03-18 09:05:58 UTC,11,12,20.55,1927.46,32.0,56.2,Safe
2026-03-18 09:06:08 UTC,9,11,19.34,1911.49,32.0,56.4,Safe
2026-03-18 09:06:18 UTC,10,10,20.26,1927.46,32.1,56.4,Safe
2026-03-18 09:06:28 UTC,10,10,19.34,1908.83,32.1,56.4,Safe
2026-03-18 09:06:38 UTC,10,12,20.49,1922.14,32.1,56.4,Safe
2026-03-18 09:06:48 UTC,9,11,18.86,1900.85,32.2,56.4,Safe
2026-03-18 09:06:58 UTC,9,11,20.78,1927.46,32.2,56.5,Safe
2026-03-18 09:07:08 UTC,12,14,19.62,1911.49,32.2,56.6,Safe
2026-03-18 09:07:18 UTC,16,19,19.75,1922.14,32.2,56.7,Safe
2026-03-18 09:07:28 UTC,19,20,20.36,1930.12,32.2,56.4,Safe
2026-03-18 09:07:38 UTC,18,19,19.31,1914.15,32.3,56.6,Safe
2026-03-18 09:07:48 UTC,18,18,20.03,1924.81,32.3,56.4,Safe
2026-03-18 09:07:58 UTC,18,18,19.09,1911.49,32.3,56.3,Safe
2026-03-18 09:08:08 UTC,18,19,20.45,1930.12,32.3,56.1,Safe
2026-03-18 09:08:18 UTC,18,19,19.53,1914.15,32.4,56.1,Safe
2026-03-18 09:08:28 UTC,18,20,20.59,1930.12,32.4,56.1,Safe
2026-03-18 09:08:38 UTC,19,22,19.53,1908.83,32.4,56.4,Safe
2026-03-18 09:08:48 UTC,18,20,20.36,1927.46,32.4,56.6,Safe
2026-03-18 09:08:58 UTC,18,19,20.4,1927.46,32.4,56.5,Safe
2026-03-18 09:09:08 UTC,20,21,19.53,1911.49,32.4,56.6,Safe
2026-03-18 09:09:18 UTC,23,27,20.4,1927.46,32.5,56.3,Safe
2026-03-18 09:09:28 UTC,25,29,19.25,1914.15,32.5,56.2,Safe
2026-03-18 09:09:38 UTC,28,32,20.55,1927.46,32.5,56.3,Safe
2026-03-18 09:09:48 UTC,29,31,19.44,1911.49,32.5,56.1,Safe
2026-03-18 09:09:58 UTC,30,31,20.4,1930.12,32.5,56.1,Safe
2026-03-18 09:10:08 UTC,30,33,19.53,1911.49,32.6,56.0,Safe
2026-03-18 09:10:18 UTC,27,31,20.78,1927.46,32.6,56.1,Safe
2026-03-18 09:10:28 UTC,28,32,19.47,1908.83,32.5,56.3,Safe
2026-03-18 09:10:38 UTC,29,32,20.49,1927.46,32.5,56.4,Safe
2026-03-18 09:10:48 UTC,29,34,18.82,1903.5,32.5,56.5,Safe
2026-03-18 09:10:58 UTC,29,33,19.44,1911.49,32.6,56.3,Safe
2026-03-18 09:11:08 UTC,27,30,20.69,1927.46,32.6,56.2,Safe
2026-03-18 09:11:18 UTC,26,31,20.3,1922.14,32.5,55.7,Safe
2026-03-18 09:11:28 UTC,23,27,21.52,1932.79,32.5,55.7,Safe
2026-03-18 09:11:38 UTC,21,22,20.26,1922.14,32.4,56.1,Safe
2026-03-18 09:11:48 UTC,18,20,21.16,1940.77,32.4,56.2,Safe
2026-03-18 09:11:58 UTC,17,19,20.92,1930.12,32.3,56.4,Safe
2026-03-18 09:12:08 UTC,15,19,21.36,1938.11,32.2,56.5,Safe
2026-03-18 09:12:18 UTC,12,16,20.92,1930.12,32.2,56.8,Safe
2026-03-18 09:12:28 UTC,10,18,22.06,1946.09,32.1,56.0,Safe
2026-03-18 09:12:38 UTC,11,18,21.81,1946.09,32.0,55.8,Safe
2026-03-18 09:12:48 UTC,11,18,20.69,1927.46,31.9,55.9,Safe
2026-03-18 09:12:58 UTC,11,18,22.48,1946.09,31.9,56.4,Safe
2026-03-18 09:13:08 UTC,12,19,20.88,1927.46,31.9,56.8,Safe
2026-03-18 09:13:18 UTC,13,20,22.37,1948.76,32.0,56.9,Safe
2026-03-18 09:13:28 UTC,14,20,21.02,1930.12,32.0,56.9,Safe
2026-03-18 09:13:38 UTC,15,21,21.36,1938.11,32.1,56.9,Safe
2026-03-18 09:13:48 UTC,15,21,20.92,1930.12,32.2,56.7,Safe
2026-03-18 09:13:58 UTC,15,21,22.33,1946.09,32.2,56.4,Safe
2026-03-18 09:14:08 UTC,16,20,22.37,1948.76,32.3,56.0,Safe
2026-03-18 09:14:18 UTC,17,20,22.41,1946.09,32.3,55.9,Safe
2026-03-18 09:14:28 UTC,16,17,22.12,1946.09,32.4,55.7,Safe
2026-03-18 09:14:38 UTC,16,18,20.98,1930.12,32.4,55.6,Safe
2026-03-18 09:14:48 UTC,15,19,21.87,1940.77,32.5,55.4,Safe
2026-03-18 09:14:58 UTC,16,21,20.92,1930.12,32.4,55.2,Safe
2026-03-18 09:15:08 UTC,15,19,21.91,1946.09,32.4,55.2,Safe
2026-03-18 09:15:18 UTC,14,17,20.73,1924.81,32.4,55.3,Safe
2026-03-18 09:15:28 UTC,16,18,22.06,1940.77,32.4,55.4,Safe
2026-03-18 09:15:38 UTC,17,20,21.02,1930.12,32.4,55.5,Safe
2026-03-18 09:15:48 UTC,18,21,21.87,1940.77,32.4,55.7,Safe
2026-03-18 09:15:58 UTC,17,18,20.98,1927.46,32.4,55.6,Safe
2026-03-18 09:16:08 UTC,17,18,22.26,1943.43,32.4,55.7,Safe
2026-03-18 09:16:18 UTC,17,18,21.71,1938.11,32.4,55.8,Safe
2026-03-18 09:16:28 UTC,16,17,20.73,1927.46,32.5,55.8,Safe
2026-03-18 09:16:38 UTC,15,17,22.33,1943.43,32.5,55.8,Safe
2026-03-18 09:16:48 UTC,16,18,20.98,1927.46,32.6,55.7,Safe
2026-03-18 09:16:58 UTC,15,18,21.87,1940.77,32.6,55.5,Safe
2026-03-18 09:17:08 UTC,14,17,20.88,1927.46,32.6,55.4,Safe
2026-03-18 09:17:18 UTC,14,18,22.01,1943.43,32.6,55.4,Safe
2026-03-18 09:17:28 UTC,14,19,20.69,1924.81,32.7,55.5,Safe
2026-03-18 09:17:38 UTC,13,19,21.95,1946.09,32.7,55.7,Safe
2026-03-18 09:17:48 UTC,12,18,21.87,1943.43,32.7,55.8,Safe
2026-03-18 09:17:58 UTC,13,18,20.73,1924.81,32.7,55.6,Safe
2026-03-18 09:18:08 UTC,13,19,21.52,1940.77,32.8,55.7,Safe
2026-03-18 09:18:18 UTC,11,17,20.73,1924.81,32.8,55.7,Safe
2026-03-18 09:18:28 UTC,11,17,21.95,1940.77,32.8,55.7,Safe
2026-03-18 09:18:38 UTC,11,15,20.45,1924.81,32.8,55.6,Safe
2026-03-18 09:18:48 UTC,10,15,21.95,1940.77,32.8,55.4,Safe
2026-03-18 09:18:58 UTC,8,12,20.3,1922.14,32.8,55.5,Safe
2026-03-18 09:19:08 UTC,9,10,21.56,1932.79,32.8,55.0,Safe
2026-03-18 09:19:18 UTC,9,10,22.06,1940.77,32.8,54.7,Safe
2026-03-18 09:19:28 UTC,8,8,21.95,1943.43,32.8,54.4,Safe
2026-03-18 09:19:38 UTC,8,10,21.91,1940.77,32.7,54.1,Safe
2026-03-18 09:19:48 UTC,8,8,20.88,1922.14,32.5,54.3,Safe
2026-03-18 09:19:58 UTC,8,9,22.06,1940.77,32.5,54.4,Safe
2026-03-18 09:20:08 UTC,7,12,20.3,1916.82,32.4,55.1,Safe
2026-03-18 09:20:18 UTC,6,9,21.87,1938.11,32.2,55.0,Safe
2026-03-18 09:20:28 UTC,6,7,20.73,1924.81,32.2,54.9,Safe
2026-03-18 09:20:38 UTC,5,6,21.95,1940.77,32.2,55.0,Safe
2026-03-18 09:20:48 UTC,6,8,20.65,1922.14,32.2,55.3,Safe
2026-03-18 09:20:58 UTC,6,8,21.42,1932.79,32.2,55.7,Safe
2026-03-18 09:21:08 UTC,7,13,20.73,1924.81,32.2,55.8,Safe
2026-03-18 09:21:18 UTC,7,10,21.81,1943.43,32.1,55.8,Safe
2026-03-18 09:21:28 UTC,7,8,21.81,1940.77,32.0,56.0,Safe
2026-03-18 09:21:38 UTC,6,7,20.55,1924.81,32.1,56.0,Safe
2026-03-18 09:21:48 UTC,5,6,21.87,1938.11,32.1,55.5,Safe
2026-03-18 09:21:58 UTC,6,6,20.45,1922.14,32.1,55.0,Safe
2026-03-18 09:22:08 UTC,7,7,21.66,1940.77,32.1,54.6,Safe
2026-03-18 09:22:18 UTC,8,8,20.4,1924.81,32.2,54.5,Safe
2026-03-18 09:22:28 UTC,7,8,21.81,1940.77,32.2,54.6,Safe
2026-03-18 09:22:38 UTC,6,6,20.78,1927.46,32.3,54.8,Safe
2026-03-18 09:22:48 UTC,7,7,21.87,1943.43,32.3,55.0,Safe
2026-03-18 09:22:58 UTC,5,6,21.87,1943.43,32.3,55.1,Safe
2026-03-18 09:23:08 UTC,4,5,20.69,1924.81,32.2,54.9,Safe
2026-03-18 09:23:18 UTC,6,7,22.01,1940.77,32.2,54.8,Safe
2026-03-18 09:23:28 UTC,6,9,20.55,1927.46,32.2,54.6,Safe
2026-03-18 09:23:38 UTC,7,8,21.91,1940.77,32.2,54.7,Safe
2026-03-18 09:23:48 UTC,5,7,19.84,1914.15,32.2,54.4,Safe
2026-03-18 09:23:58 UTC,5,6,21.77,1943.43,32.1,54.2,Safe
2026-03-18 09:24:08 UTC,5,5,20.59,1924.81,32.1,54.1,Safe
2026-03-18 09:24:18 UTC,5,5,21.77,1940.77,32.0,53.8,Safe
2026-03-18 09:24:28 UTC,7,8,21.87,1940.77,32.0,54.1,Safe
2026-03-18 09:24:38 UTC,6,8,22.06,1940.77,31.9,54.1,Safe
2026-03-18 09:24:48 UTC,6,7,20.26,1927.46,31.7,54.0,Safe
2026-03-18 09:24:58 UTC,6,7,20.3,1924.81,31.6,54.2,Safe
2026-03-18 09:25:08 UTC,6,7,22.06,1938.11,31.6,54.5,Safe
2026-03-18 09:25:18 UTC,6,7,20.59,1924.81,31.6,54.6,Safe
2026-03-18 09:25:28 UTC,5,5,21.87,1940.77,31.6,54.7,Safe
2026-03-18 09:25:38 UTC,6,6,20.49,1919.48,31.6,54.8,Safe
2026-03-18 09:25:48 UTC,5,6,21.81,1940.77,31.6,55.0,Safe
2026-03-18 09:25:58 UTC,7,7,20.59,1919.48,31.6,55.0,Safe
2026-03-18 09:26:08 UTC,6,7,21.87,1940.77,31.6,55.2,Safe
2026-03-18 09:26:18 UTC,5,5,20.3,1919.48,31.7,55.6,Safe
2026-03-18 09:26:28 UTC,5,5,22.01,1943.43,31.7,55.7,Safe
2026-03-18 09:26:38 UTC,6,6,21.02,1930.12,31.7,55.5,Safe
2026-03-18 09:26:48 UTC,6,6,20.59,1924.81,31.7,55.7,Safe
2026-03-18 09:26:58 UTC,7,8,21.91,1943.43,31.7,55.9,Safe
2026-03-18 09:27:08 UTC,6,8,20.26,1919.48,31.7,55.8,Safe
2026-03-18 09:27:18 UTC,6,7,21.16,1932.79,31.7,55.9,Safe
2026-03-18 09:27:28 UTC,7,8,20.36,1924.81,31.7,55.9,Safe
2026-03-18 09:27:38 UTC,6,7,21.36,1932.79,31.7,56.0,Safe
2026-03-18 09:27:48 UTC,5,6,19.62,1914.15,31.7,56.1,Safe
2026-03-18 09:27:58 UTC,6,6,21.95,1943.43,31.8,56.2,Safe
2026-03-18 09:28:08 UTC,6,6,21.08,1935.45,31.8,56.2,Safe
2026-03-18 09:28:18 UTC,6,6,21.95,1940.77,31.9,56.4,Safe
2026-03-18 09:28:28 UTC,6,6,21.16,1938.11,31.9,56.3,Safe
2026-03-18 09:28:38 UTC,6,7,19.53,1908.83,31.8,56.3,Safe
2026-03-18 09:28:48 UTC,6,6,21.91,1943.43,31.7,56.7,Safe
2026-03-18 09:28:58 UTC,5,6,20.59,1924.81,31.6,56.7,Safe
2026-03-18 09:29:08 UTC,7,8,21.52,1935.45,31.5,56.9,Safe
2026-03-18 09:29:18 UTC,7,9,20.49,1922.14,31.5,56.9,Safe
2026-03-18 09:29:28 UTC,8,10,21.66,1943.43,31.5,56.8,Safe
2026-03-18 09:29:38 UTC,8,8,20.3,1922.14,31.5,56.5,Safe
2026-03-18 09:29:48 UTC,8,8,21.6,1938.11,31.6,56.3,Safe
2026-03-18 09:29:58 UTC,9,9,20.49,1927.46,31.6,56.1,Safe
2026-03-18 09:30:08 UTC,9,9,20.73,1927.46,31.6,56.1,Safe
2026-03-18 09:30:18 UTC,8,8,21.91,1943.43,31.7,56.1,Safe
2026-03-18 09:30:28 UTC,7,8,20.78,1927.46,31.7,55.9,Safe
2026-03-18 09:30:38 UTC,8,9,21.81,1946.09,31.8,56.0,Safe
2026-03-18 09:30:48 UTC,7,8,20.69,1922.14,31.8,56.1,Safe
2026-03-18 09:30:58 UTC,8,9,22.16,1946.09,31.9,56.0,Safe
2026-03-18 09:31:08 UTC,8,10,20.69,1927.46,31.9,56.1,Safe
2026-03-18 09:31:18 UTC,8,10,22.06,1943.43,32.0,56.1,Safe
2026-03-18 09:31:28 UTC,8,11,20.4,1927.46,32.1,55.8,Safe
2026-03-18 09:31:38 UTC,8,12,21.81,1940.77,32.1,55.4,Safe
2026-03-18 09:31:48 UTC,7,10,21.66,1940.77,32.1,54.8,Safe
2026-03-18 09:31:58 UTC,7,9,20.49,1924.81,32.1,54.1,Safe
2026-03-18 09:32:08 UTC,6,8,21.36,1943.43,32.0,53.8,Safe
2026-03-18 09:32:18 UTC,7,8,20.55,1924.81,32.0,53.9,Safe
2026-03-18 09:32:28 UTC,5,6,21.81,1943.43,31.9,53.8,Safe
2026-03-18 09:32:38 UTC,5,5,20.59,1922.14,31.7,54.2,Safe
2026-03-18 09:32:48 UTC,5,5,21.81,1946.09,31.6,54.5,Safe
2026-03-18 09:32:58 UTC,4,4,20.4,1927.46,31.4,55.0,Safe
2026-03-18 09:33:08 UTC,5,6,21.81,1943.43,31.2,55.7,Safe
2026-03-18 09:33:18 UTC,6,6,21.66,1943.43,30.9,56.0,Safe
2026-03-18 09:33:28 UTC,5,5,21.91,1940.77,30.8,56.6,Safe
2026-03-18 09:33:38 UTC,5,5,20.88,1927.46,30.7,57.1,Safe
2026-03-18 09:33:48 UTC,7,8,20.55,1930.12,30.6,57.5,Safe
2026-03-18 09:33:58 UTC,8,9,21.71,1943.43,30.5,57.8,Safe
2026-03-18 09:34:08 UTC,8,10,20.4,1927.46,30.6,58.4,Safe
2026-03-18 09:34:18 UTC,7,9,21.87,1940.77,30.5,58.1,Safe
2026-03-18 09:34:28 UTC,8,10,20.4,1922.14,30.5,58.0,Safe
2026-03-18 09:34:38 UTC,7,7,21.81,1940.77,30.5,57.9,Safe
2026-03-18 09:34:48 UTC,7,7,20.92,1924.81,30.6,57.9,Safe
2026-03-18 09:34:58 UTC,8,9,21.16,1932.79,30.6,57.7,Safe
2026-03-18 09:35:08 UTC,10,10,20.4,1924.81,30.6,57.7,Safe
2026-03-18 09:35:18 UTC,13,13,21.71,1940.77,30.6,57.5,Safe
2026-03-18 09:35:28 UTC,15,17,21.32,1940.77,30.6,57.7,Safe
2026-03-18 09:35:38 UTC,18,20,20.49,1924.81,30.6,57.8,Safe
2026-03-18 09:35:48 UTC,18,19,21.77,1940.77,30.7,58.0,Safe
2026-03-18 09:35:58 UTC,19,21,20.36,1927.46,30.8,58.2,Safe
2026-03-18 09:36:08 UTC,21,25,21.91,1946.09,30.9,58.3,Safe
2026-03-18 09:36:18 UTC,21,26,20.69,1924.81,31.0,58.3,Safe
2026-03-18 09:36:28 UTC,23,26,21.81,1940.77,31.1,58.4,Safe
2026-03-18 09:36:38 UTC,26,29,20.55,1924.81,31.1,58.2,Safe
2026-03-18 09:36:48 UTC,31,35,22.16,1943.43,31.2,58.4,Safe
2026-03-18 09:36:58 UTC,36,44,21.66,1940.77,31.3,58.4,Safe
2026-03-18 09:37:08 UTC,36,45,22.01,1946.09,31.4,58.3,Safe
2026-03-18 09:37:18 UTC,33,45,22.01,1946.09,31.5,57.3,Safe
2026-03-18 09:37:28 UTC,30,37,19.84,1916.82,31.5,57.0,Safe
2026-03-18 09:37:38 UTC,27,30,21.87,1940.77,31.6,57.2,Safe
2026-03-18 09:37:48 UTC,23,25,20.55,1922.14,31.6,57.4,Safe
2026-03-18 09:37:58 UTC,21,24,21.81,1943.43,31.6,57.6,Safe
2026-03-18 09:38:08 UTC,20,20,20.36,1922.14,31.6,56.9,Safe
2026-03-18 09:38:18 UTC,19,20,21.81,1940.77,31.6,56.7,Safe
2026-03-18 09:38:28 UTC,18,20,20.55,1924.81,31.7,56.6,Safe
2026-03-18 09:38:38 UTC,17,20,21.81,1940.77,31.8,56.6,Safe
2026-03-18 09:38:48 UTC,15,18,20.73,1924.81,31.8,56.5,Safe
2026-03-18 09:38:58 UTC,14,18,21.22,1935.45,31.9,56.3,Safe
2026-03-18 09:39:08 UTC,12,16,21.87,1946.09,31.9,56.2,Safe
2026-03-18 09:39:18 UTC,11,16,19.94,1914.15,32.0,55.8,Safe
2026-03-18 09:39:28 UTC,9,14,21.71,1935.45,32.0,55.7,Safe
2026-03-18 09:39:38 UTC,8,14,20.26,1919.48,32.0,56.0,Safe
2026-03-18 09:39:48 UTC,9,13,21.81,1943.43,32.0,55.7,Safe
2026-03-18 09:39:58 UTC,8,10,20.36,1927.46,31.9,55.4,Safe
2026-03-18 09:40:08 UTC,10,10,21.66,1940.77,31.8,55.5,Safe
2026-03-18 09:40:18 UTC,12,15,20.59,1922.14,31.8,55.7,Safe
2026-03-18 09:40:28 UTC,16,19,21.81,1940.77,31.8,55.8,Safe
2026-03-18 09:40:38 UTC,18,20,21.91,1940.77,31.9,56.1,Safe
2026-03-18 09:40:48 UTC,18,19,20.45,1924.81,31.9,56.2,Safe
2026-03-18 09:40:58 UTC,15,17,21.87,1940.77,32.0,55.9,Safe
2026-03-18 09:41:08 UTC,13,17,20.69,1922.14,32.0,55.5,Safe
2026-03-18 09:41:18 UTC,11,17,21.56,1946.09,32.1,55.2,Safe
2026-03-18 09:41:28 UTC,7,13,20.26,1924.81,32.1,55.4,Safe
2026-03-18 09:41:38 UTC,6,9,21.66,1940.77,32.2,56.3,Safe
2026-03-18 09:41:48 UTC,7,10,20.4,1922.14,32.2,56.8,Safe
2026-03-18 09:41:58 UTC,7,9,21.81,1940.77,32.3,56.2,Safe
2026-03-18 09:42:08 UTC,5,8,21.56,1943.43,32.3,55.5,Safe
2026-03-18 09:42:18 UTC,5,7,21.87,1940.77,32.4,55.0,Safe
2026-03-18 09:42:28 UTC,5,7,20.3,1924.81,32.3,54.7,Safe
2026-03-18 09:42:38 UTC,5,5,20.45,1919.48,32.3,54.9,Safe
2026-03-18 09:42:48 UTC,5,5,21.71,1940.77,32.2,55.5,Safe
2026-03-18 09:42:58 UTC,5,7,19.71,1919.48,32.1,55.8,Safe
2026-03-18 09:43:08 UTC,7,11,21.66,1940.77,32.0,55.7,Safe
2026-03-18 09:43:18 UTC,9,15,20.55,1924.81,31.9,55.7,Safe
2026-03-18 09:43:28 UTC,10,15,21.71,1940.77,31.9,55.8,Safe
2026-03-18 09:43:38 UTC,13,17,20.65,1919.48,32.0,55.8,Safe
2026-03-18 09:43:48 UTC,18,20,22.01,1940.77,32.0,56.0,Safe
2026-03-18 09:43:58 UTC,20,22,20.59,1924.81,32.1,55.9,Safe
2026-03-18 09:44:08 UTC,21,23,21.87,1940.77,32.2,55.8,Safe
2026-03-18 09:44:18 UTC,21,24,21.77,1940.77,32.3,55.4,Safe
2026-03-18 09:44:28 UTC,20,24,19.81,1914.15,32.4,55.1,Safe
2026-03-18 09:44:38 UTC,19,26,21.56,1932.79,32.5,54.7,Safe
2026-03-18 09:44:48 UTC,17,22,20.73,1924.81,32.6,54.5,Safe
2026-03-18 09:44:58 UTC,13,18,21.36,1935.45,32.6,54.0,Safe
2026-03-18 09:45:08 UTC,9,14,20.65,1924.81,32.7,53.4,Safe
2026-03-18 09:45:18 UTC,9,14,21.71,1940.77,32.7,53.2,Safe
2026-03-18 09:45:28 UTC,8,12,20.55,1924.81,32.8,53.2,Safe
2026-03-18 09:45:38 UTC,7,12,22.12,1940.77,32.7,53.2,Safe
2026-03-18 09:45:48 UTC,7,9,21.81,1940.77,32.6,53.1,Safe
2026-03-18 09:45:58 UTC,9,9,22.12,1946.09,32.6,53.5,Safe
2026-03-18 09:46:08 UTC,8,8,22.06,1943.43,32.5,53.9,Safe
2026-03-18 09:46:18 UTC,6,6,20.36,1924.81,32.6,54.5,Safe
2026-03-18 09:46:28 UTC,7,9,22.16,1940.77,32.5,54.5,Safe
2026-03-18 09:46:38 UTC,7,9,20.3,1919.48,32.5,54.5,Safe
2026-03-18 09:46:48 UTC,7,8,21.71,1943.43,32.5,54.0,Safe
2026-03-18 09:46:58 UTC,7,7,20.78,1927.46,32.4,53.9,Safe
2026-03-18 09:47:08 UTC,5,6,22.12,1943.43,32.4,53.8,Safe
2026-03-18 09:47:18 UTC,7,8,20.69,1927.46,32.5,54.4,Safe
2026-03-18 09:47:28 UTC,9,9,21.87,1940.77,32.4,53.9,Safe
2026-03-18 09:47:38 UTC,7,8,20.69,1922.14,32.3,53.8,Safe
2026-03-18 09:47:48 UTC,7,7,20.65,1927.46,32.3,53.8,Safe
2026-03-18 09:47:58 UTC,8,8,22.06,1940.77,32.3,53.8,Safe
2026-03-18 09:48:08 UTC,8,8,20.55,1922.14,32.3,53.8,Safe
2026-03-18 09:48:18 UTC,7,8,21.81,1940.77,32.4,54.1,Safe
2026-03-18 09:48:28 UTC,7,9,20.07,1919.48,32.3,54.7,Safe
2026-03-18 09:48:38 UTC,7,8,21.81,1943.43,32.4,55.0,Safe
2026-03-18 09:48:48 UTC,7,7,20.55,1924.81,32.4,54.6,Safe
2026-03-18 09:48:58 UTC,9,9,21.87,1940.77,32.4,54.7,Safe
2026-03-18 09:49:08 UTC,8,8,20.4,1922.14,32.4,55.2,Safe
2026-03-18 09:49:18 UTC,8,8,21.91,1943.43,32.4,55.3,Safe
2026-03-18 09:49:28 UTC,7,7,21.12,1932.79,32.5,54.6,Safe
2026-03-18 09:49:38 UTC,7,7,20.26,1922.14,32.4,54.2,Safe
2026-03-18 09:49:48 UTC,6,9,21.91,1946.09,32.4,53.8,Safe
2026-03-18 09:49:58 UTC,5,9,20.59,1927.46,32.4,53.7,Safe
2026-03-18 09:50:08 UTC,7,8,21.52,1940.77,32.5,53.9,Safe
2026-03-18 09:50:18 UTC,9,9,20.55,1927.46,32.5,53.7,Safe
2026-03-18 09:50:28 UTC,9,10,21.66,1938.11,32.4,53.7,Safe
2026-03-18 09:50:38 UTC,8,8,20.59,1924.81,32.3,53.6,Safe
2026-03-18 09:50:48 UTC,9,9,21.81,1943.43,32.3,54.0,Safe
2026-03-18 09:50:58 UTC,10,11,21.95,1940.77,32.2,54.1,Safe
2026-03-18 09:51:08 UTC,9,10,21.66,1943.43,32.2,54.1,Safe
2026-03-18 09:51:18 UTC,8,11,21.66,1940.77,32.2,54.1,Safe
2026-03-18 09:51:28 UTC,7,10,20.55,1930.12,32.2,54.1,Safe
2026-03-18 09:51:38 UTC,7,7,21.16,1940.77,32.2,54.3,Safe
2026-03-18 09:51:48 UTC,9,9,20.55,1927.46,32.2,54.7,Safe
2026-03-18 09:51:58 UTC,15,15,21.42,1935.45,32.2,54.7,Safe
2026-03-18 09:52:08 UTC,16,16,20.03,1916.82,32.2,54.4,Safe
2026-03-18 09:52:18 UTC,15,17,21.91,1943.43,32.2,54.2,Safe
2026-03-18 09:52:28 UTC,12,16,20.4,1924.81,32.2,54.2,Safe
2026-03-18 09:52:38 UTC,9,13,22.06,1943.43,32.2,54.2,Safe
2026-03-18 09:52:48 UTC,8,11,19.98,1919.48,32.1,54.3,Safe
2026-03-18 09:52:58 UTC,8,10,20.73,1924.81,32.1,54.4,Safe
2026-03-18 09:53:08 UTC,9,10,21.91,1940.77,32.1,54.7,Safe
2026-03-18 09:53:18 UTC,8,9,20.07,1919.48,32.1,54.9,Safe
2026-03-18 09:53:28 UTC,8,9,22.12,1943.43,32.1,55.1,Safe
2026-03-18 09:53:38 UTC,10,12,20.78,1927.46,32.1,55.3,Safe
2026-03-18 09:53:48 UTC,12,13,21.87,1940.77,32.1,55.3,Safe
2026-03-18 09:53:58 UTC,13,16,20.59,1927.46,32.1,55.2,Safe
2026-03-18 09:54:08 UTC,11,17,21.91,1943.43,32.1,55.3,Safe
2026-03-18 09:54:18 UTC,11,16,20.73,1924.81,32.0,55.3,Safe
2026-03-18 09:54:28 UTC,11,17,22.16,1943.43,32.0,55.1,Safe
2026-03-18 09:54:38 UTC,11,16,22.06,1946.09,32.0,55.2,Safe
2026-03-18 09:54:48 UTC,9,14,20.82,1930.12,32.0,55.2,Safe
2026-03-18 09:54:58 UTC,8,13,21.56,1940.77,32.0,55.1,Safe
2026-03-18 09:55:08 UTC,8,13,20.49,1924.81,32.0,55.2,Safe
2026-03-18 09:55:18 UTC,7,11,21.95,1943.43,31.9,55.0,Safe
2026-03-18 09:55:28 UTC,6,7,20.73,1927.46,31.8,55.0,Safe
2026-03-18 09:55:38 UTC,6,6,21.81,1943.43,31.6,55.5,Safe
2026-03-18 09:55:48 UTC,5,6,20.55,1924.81,31.4,55.6,Safe
2026-03-18 09:55:58 UTC,5,7,21.81,1943.43,31.2,56.0,Safe
2026-03-18 09:56:08 UTC,8,9,21.91,1940.77,31.1,56.4,Safe
2026-03-18 09:56:18 UTC,10,12,21.81,1943.43,31.0,56.6,Safe
2026-03-18 09:56:28 UTC,13,15,21.87,1940.77,30.9,56.8,Safe
2026-03-18 09:56:38 UTC,13,14,20.4,1922.14,30.8,57.1,Safe
2026-03-18 09:56:48 UTC,12,15,21.6,1943.43,30.8,57.2,Safe
2026-03-18 09:56:58 UTC,8,12,20.59,1924.81,30.7,57.1,Safe
2026-03-18 09:57:08 UTC,7,9,21.71,1943.43,30.7,57.3,Safe
2026-03-18 09:57:18 UTC,8,8,20.22,1927.46,30.6,57.7,Safe
2026-03-18 09:57:28 UTC,6,7,21.71,1940.77,30.5,57.7,Safe
2026-03-18 09:57:38 UTC,6,7,20.65,1927.46,30.5,57.6,Safe
2026-03-18 09:57:48 UTC,7,7,21.81,1943.43,30.5,57.9,Safe
2026-03-18 09:57:58 UTC,6,8,19.81,1916.82,30.5,57.9,Safe
2026-03-18 09:58:08 UTC,7,8,20.3,1927.46,30.6,58.1,Safe
2026-03-18 09:58:18 UTC,9,9,21.91,1940.77,30.6,58.3,Safe
2026-03-18 09:58:28 UTC,10,11,19.71,1919.48,30.6,58.1,Safe
2026-03-18 09:58:38 UTC,14,15,21.71,1943.43,30.7,57.9,Safe
2026-03-18 09:58:48 UTC,16,18,20.45,1927.46,30.7,57.8,Safe
2026-03-18 09:58:58 UTC,20,23,21.81,1946.09,30.7,57.7,Safe
2026-03-18 09:59:08 UTC,21,24,20.59,1927.46,30.8,57.7,Safe
2026-03-18 09:59:18 UTC,24,28,21.87,1943.43,30.8,57.6,Safe
2026-03-18 09:59:28 UTC,26,30,20.17,1927.46,30.8,57.5,Safe
2026-03-18 09:59:38 UTC,26,31,21.95,1946.09,30.8,57.5,Safe
2026-03-18 09:59:48 UTC,28,32,21.81,1940.77,30.8,57.5,Safe
2026-03-18 09:59:58 UTC,29,31,20.49,1930.12,30.9,57.4,Safe
2026-03-18 10:00:08 UTC,30,34,22.01,1940.77,30.9,57.1,Safe
2026-03-18 10:00:18 UTC,33,37,20.55,1927.46,30.9,57.1,Safe
2026-03-18 10:00:28 UTC,36,45,21.81,1940.77,30.9,57.1,Safe
2026-03-18 10:00:38 UTC,39,49,19.88,1916.82,31.0,57.1,Safe
2026-03-18 10:00:48 UTC,41,50,21.87,1940.77,31.1,57.1,Safe
2026-03-18 10:00:58 UTC,40,50,20.22,1924.81,31.1,57.0,Safe
2026-03-18 10:01:08 UTC,39,48,21.91,1940.77,31.2,56.8,Safe
2026-03-18 10:01:18 UTC,37,46,21.52,1940.77,31.3,56.9,Safe
2026-03-18 10:01:28 UTC,34,45,22.16,1943.43,31.4,56.8,Safe
2026-03-18 10:01:38 UTC,35,45,21.6,1940.77,31.4,56.7,Safe
2026-03-18 10:01:48 UTC,37,47,20.4,1924.81,31.5,56.9,Safe
2026-03-18 10:01:58 UTC,39,48,21.81,1940.77,31.5,57.2,Safe
2026-03-18 10:02:08 UTC,37,46,20.65,1924.81,31.6,57.0,Safe
2026-03-18 10:02:18 UTC,37,45,22.06,1943.43,31.6,57.1,Safe
2026-03-18 10:02:28 UTC,39,48,20.36,1924.81,31.7,57.3,Safe
2026-03-18 10:02:38 UTC,40,48,21.32,1935.45,31.7,57.5,Safe
2026-03-18 10:02:48 UTC,41,49,20.4,1927.46,31.8,57.5,Safe
2026-03-18 10:02:58 UTC,39,47,21.87,1943.43,31.8,57.2,Safe
2026-03-18 10:03:08 UTC,36,44,20.36,1927.46,31.8,56.8,Safe
2026-03-18 10:03:18 UTC,33,40,20.59,1927.46,31.8,56.2,Safe
2026-03-18 10:03:28 UTC,29,34,21.81,1943.43,31.9,55.9,Safe
2026-03-18 10:03:38 UTC,24,27,20.55,1930.12,32.0,55.6,Safe
2026-03-18 10:03:48 UTC,19,22,21.87,1940.77,32.0,55.4,Safe
2026-03-18 10:03:58 UTC,18,20,20.69,1927.46,32.0,55.7,Safe
2026-03-18 10:04:08 UTC,13,15,21.71,1943.43,31.9,55.8,Safe
2026-03-18 10:04:18 UTC,10,13,20.78,1927.46,31.8,55.5,Safe
2026-03-18 10:04:28 UTC,9,11,22.01,1940.77,31.8,55.4,Safe
2026-03-18 10:04:38 UTC,8,9,20.49,1922.14,31.7,55.6,Safe
2026-03-18 10:04:48 UTC,7,8,21.56,1940.77,31.6,55.6,Safe
2026-03-18 10:04:58 UTC,7,10,21.87,1940.77,31.6,55.7,Safe
2026-03-18 10:05:08 UTC,6,12,20.73,1924.81,31.6,55.9,Safe
2026-03-18 10:05:18 UTC,8,10,21.91,1943.43,31.6,56.2,Safe
2026-03-18 10:05:28 UTC,10,13,20.49,1927.46,31.6,56.3,Safe
2026-03-18 10:05:38 UTC,13,15,21.87,1943.43,31.6,56.5,Safe
2026-03-18 10:05:48 UTC,22,24,20.55,1927.46,31.6,56.4,Safe
2026-03-18 10:05:58 UTC,34,42,21.22,1938.11,31.7,56.1,Safe
2026-03-18 10:06:08 UTC,39,48,20.78,1927.46,31.7,55.8,Safe
2026-03-18 10:06:18 UTC,41,51,21.52,1940.77,31.7,55.8,Safe
2026-03-18 10:06:28 UTC,39,48,21.77,1943.43,31.7,56.2,Safe
2026-03-18 10:06:38 UTC,36,44,21.81,1940.77,31.8,56.5,Safe
2026-03-18 10:06:48 UTC,33,40,21.81,1940.77,31.9,56.4,Safe
2026-03-18 10:06:58 UTC,31,37,20.49,1927.46,31.9,56.3,Safe
2026-03-18 10:07:08 UTC,28,32,21.91,1943.43,32.0,56.0,Safe
2026-03-18 10:07:18 UTC,27,30,20.59,1927.46,32.0,55.7,Safe
2026-03-18 10:07:28 UTC,28,32,21.91,1943.43,32.0,55.3,Safe
2026-03-18 10:07:38 UTC,31,35,20.78,1927.46,32.0,55.2,Safe
2026-03-18 10:07:48 UTC,36,46,21.77,1940.77,32.0,55.6,Safe
2026-03-18 10:07:58 UTC,42,53,20.73,1924.81,32.1,55.7,Safe
2026-03-18 10:08:08 UTC,45,54,21.81,1940.77,32.1,55.8,Safe
2026-03-18 10:08:18 UTC,45,56,20.36,1924.81,32.1,55.9,Safe
2026-03-18 10:08:28 UTC,45,56,20.3,1922.14,32.2,55.8,Safe
2026-03-18 10:08:38 UTC,43,53,21.52,1940.77,32.2,55.5,Safe
2026-03-18 10:08:48 UTC,38,46,19.66,1919.48,32.3,55.7,Safe
2026-03-18 10:08:58 UTC,33,39,21.42,1935.45,32.3,55.6,Safe
2026-03-18 10:09:08 UTC,29,32,20.45,1922.14,32.3,55.4,Safe
2026-03-18 10:09:18 UTC,23,26,21.52,1943.43,32.3,55.1,Safe
2026-03-18 10:09:28 UTC,20,24,20.55,1927.46,32.4,55.2,Safe
2026-03-18 10:09:38 UTC,18,20,22.16,1940.77,32.4,55.2,Safe
2026-03-18 10:09:48 UTC,16,18,20.69,1927.46,32.4,55.2,Safe
2026-03-18 10:09:58 UTC,15,17,21.81,1943.43,32.5,55.1,Safe
2026-03-18 10:10:08 UTC,14,16,22.12,1943.43,32.5,55.0,Safe
2026-03-18 10:10:18 UTC,16,19,20.45,1927.46,32.5,54.6,Safe
2026-03-18 10:10:28 UTC,18,22,22.06,1946.09,32.6,54.5,Safe
2026-03-18 10:10:38 UTC,19,21,20.55,1927.46,32.6,54.4,Safe
2026-03-18 10:10:48 UTC,19,22,21.81,1940.77,32.6,54.6,Safe
2026-03-18 10:10:58 UTC,18,21,20.55,1927.46,32.6,54.7,Safe
2026-03-18 10:11:08 UTC,16,21,21.87,1943.43,32.6,54.7,Safe
2026-03-18 10:11:18 UTC,17,21,20.55,1922.14,32.7,54.5,Safe
2026-03-18 10:11:28 UTC,20,23,21.87,1943.43,32.7,54.8,Safe
2026-03-18 10:11:38 UTC,21,23,21.91,1943.43,32.7,54.5,Safe
2026-03-18 10:11:48 UTC,20,22,20.92,1927.46,32.7,54.1,Safe
2026-03-18 10:11:58 UTC,20,22,21.66,1943.43,32.7,53.9,Safe
2026-03-18 10:12:08 UTC,20,21,20.49,1924.81,32.7,53.8,Safe
2026-03-18 10:12:18 UTC,20,21,21.81,1946.09,32.7,53.8,Safe
2026-03-18 10:12:28 UTC,19,19,20.73,1924.81,32.7,54.0,Safe
2026-03-18 10:12:38 UTC,16,19,21.95,1943.43,32.7,54.0,Safe
2026-03-18 10:12:48 UTC,14,17,20.88,1930.12,32.7,53.9,Safe
2026-03-18 10:12:58 UTC,13,17,22.16,1940.77,32.7,54.0,Safe
2026-03-18 10:13:08 UTC,13,18,20.3,1927.46,32.8,54.1,Safe
2026-03-18 10:13:18 UTC,11,16,21.87,1943.43,32.8,54.2,Safe
2026-03-18 10:13:28 UTC,10,15,20.92,1927.46,32.8,54.3,Safe
2026-03-18 10:13:38 UTC,9,14,20.17,1922.14,32.8,54.6,Safe
2026-03-18 10:13:48 UTC,8,11,21.81,1940.77,32.8,54.6,Safe
2026-03-18 10:13:58 UTC,8,9,20.36,1924.81,32.8,54.4,Safe
2026-03-18 10:14:08 UTC,7,7,21.87,1940.77,32.8,54.5,Safe
2026-03-18 10:14:18 UTC,7,9,20.82,1927.46,32.7,54.3,Safe
2026-03-18 10:14:28 UTC,6,7,21.12,1935.45,32.7,54.2,Safe
2026-03-18 10:14:38 UTC,6,10,20.36,1914.15,32.8,54.1,Safe
2026-03-18 10:14:48 UTC,5,8,21.71,1943.43,32.7,54.2,Safe
2026-03-18 10:14:58 UTC,6,9,19.84,1916.82,32.7,54.0,Safe
2026-03-18 10:15:08 UTC,6,8,21.87,1940.77,32.7,54.0,Safe
2026-03-18 10:15:18 UTC,6,7,21.26,1935.45,32.7,53.7,Safe
2026-03-18 10:15:28 UTC,4,6,20.55,1927.46,32.7,53.6,Safe
2026-03-18 10:15:38 UTC,5,6,21.71,1940.77,32.7,53.3,Safe
2026-03-18 10:15:48 UTC,5,7,20.4,1924.81,32.7,53.5,Safe
2026-03-18 10:15:58 UTC,5,7,21.56,1940.77,32.7,53.2,Safe
2026-03-18 10:16:08 UTC,5,9,20.65,1927.46,32.7,53.5,Safe
2026-03-18 10:16:18 UTC,6,8,21.12,1932.79,32.8,54.0,Safe
2026-03-18 10:16:28 UTC,5,6,20.13,1916.82,32.8,54.2,Safe
2026-03-18 10:16:38 UTC,5,6,21.87,1943.43,32.8,54.3,Safe
2026-03-18 10:16:48 UTC,6,9,21.56,1946.09,32.8,54.7,Safe
2026-03-18 10:16:58 UTC,8,9,21.36,1940.77,32.9,55.0,Safe
2026-03-18 10:17:08 UTC,6,9,21.87,1940.77,32.8,55.2,Safe
2026-03-18 10:17:18 UTC,6,9,19.84,1919.48,32.9,55.2,Safe
2026-03-18 10:17:28 UTC,6,7,22.06,1946.09,32.9,55.0,Safe
2026-03-18 10:17:38 UTC,6,6,20.49,1924.81,32.9,54.7,Safe
2026-03-18 10:17:48 UTC,5,6,21.81,1946.09,32.9,53.9,Safe
2026-03-18 10:17:58 UTC,7,8,20.55,1924.81,32.9,54.0,Safe
2026-03-18 10:18:08 UTC,7,7,22.01,1940.77,33.0,54.1,Safe
2026-03-18 10:18:18 UTC,7,8,20.26,1922.14,33.0,53.9,Safe
2026-03-18 10:18:28 UTC,6,8,21.77,1940.77,33.0,54.1,Safe
2026-03-18 10:18:38 UTC,8,8,20.55,1927.46,33.1,54.5,Safe
2026-03-18 10:18:48 UTC,7,8,20.59,1922.14,33.1,54.6,Safe
2026-03-18 10:18:58 UTC,6,8,21.77,1943.43,33.1,54.9,Safe
2026-03-18 10:19:08 UTC,8,10,20.49,1922.14,33.1,55.7,Safe
2026-03-18 10:19:18 UTC,9,11,21.81,1943.43,33.1,55.6,Safe
2026-03-18 10:19:28 UTC,10,12,20.36,1927.46,33.1,55.7,Safe
2026-03-18 10:19:38 UTC,9,10,21.26,1935.45,33.2,55.5,Safe
2026-03-18 10:19:48 UTC,10,11,20.3,1922.14,33.2,55.2,Safe
2026-03-18 10:19:58 UTC,10,14,21.95,1940.77,33.3,54.8,Safe
2026-03-18 10:20:08 UTC,10,15,20.49,1927.46,33.3,54.6,Safe
2026-03-18 10:20:18 UTC,8,11,21.02,1935.45,33.3,54.5,Safe
2026-03-18 10:20:28 UTC,8,9,22.06,1940.77,33.3,53.9,Safe
2026-03-18 10:20:38 UTC,8,11,21.42,1924.81,33.3,53.4,Safe
2026-03-18 10:20:48 UTC,9,14,21.46,1940.77,33.2,52.9,Safe
2026-03-18 10:20:58 UTC,10,17,20.55,1927.46,33.0,52.5,Safe
2026-03-18 10:21:08 UTC,9,14,21.81,1943.43,32.9,52.2,Safe
2026-03-18 10:21:18 UTC,6,8,20.3,1922.14,32.8,52.3,Safe
2026-03-18 10:21:28 UTC,5,8,21.36,1935.45,32.8,52.4,Safe
2026-03-18 10:21:38 UTC,5,7,20.69,1922.14,32.7,52.5,Safe
2026-03-18 10:21:48 UTC,4,4,21.87,1943.43,32.6,52.8,Safe
2026-03-18 10:21:58 UTC,5,6,22.06,1940.77,32.6,53.2,Safe
2026-03-18 10:22:08 UTC,3,5,19.94,1919.48,32.6,53.4,Safe
2026-03-18 10:22:18 UTC,9,9,21.81,1940.77,32.6,53.4,Safe
2026-03-18 10:22:28 UTC,15,15,20.36,1924.81,32.6,53.0,Safe
2026-03-18 10:22:38 UTC,19,19,21.66,1940.77,32.5,52.9,Safe
2026-03-18 10:22:48 UTC,21,23,20.59,1927.46,32.5,53.2,Safe
2026-03-18 10:22:58 UTC,24,27,21.66,1940.77,32.5,53.6,Safe
2026-03-18 10:23:08 UTC,29,34,20.13,1916.82,32.5,54.0,Safe
2026-03-18 10:23:18 UTC,35,43,21.87,1940.77,32.6,54.1,Safe
2026-03-18 10:23:28 UTC,39,48,21.16,1932.79,32.6,54.1,Safe
2026-03-18 10:23:38 UTC,37,46,21.26,1932.79,32.5,53.3,Safe
2026-03-18 10:23:48 UTC,32,38,21.77,1940.77,32.5,53.3,Safe
2026-03-18 10:23:58 UTC,28,32,20.3,1927.46,32.5,53.1,Safe
2026-03-18 10:24:08 UTC,23,27,21.6,1938.11,32.5,53.4,Safe
2026-03-18 10:24:18 UTC,19,22,20.49,1927.46,32.5,53.4,Safe
2026-03-18 10:24:28 UTC,13,15,21.56,1943.43,32.5,53.0,Safe
2026-03-18 10:24:38 UTC,9,11,20.59,1922.14,32.5,52.8,Safe
2026-03-18 10:24:48 UTC,6,8,21.26,1940.77,32.4,52.8,Safe
2026-03-18 10:24:58 UTC,5,6,20.26,1922.14,32.5,52.9,Safe
2026-03-18 10:25:08 UTC,4,5,21.81,1940.77,32.5,52.8,Safe
2026-03-18 10:25:18 UTC,3,3,20.49,1924.81,32.5,53.0,Safe
2026-03-18 10:25:28 UTC,3,3,20.69,1927.46,32.5,53.1,Safe
2026-03-18 10:25:38 UTC,2,3,21.81,1946.09,32.6,53.3,Safe
2026-03-18 10:25:48 UTC,2,4,20.49,1922.14,32.6,53.4,Safe
2026-03-18 10:25:58 UTC,4,6,21.42,1938.11,32.7,53.3,Safe
2026-03-18 10:26:08 UTC,5,6,20.36,1924.81,32.7,53.2,Safe
2026-03-18 10:26:18 UTC,4,4,21.81,1938.11,32.8,53.1,Safe
2026-03-18 10:26:28 UTC,4,5,19.84,1916.82,32.9,53.2,Safe
2026-03-18 10:26:38 UTC,6,7,21.71,1946.09,32.9,53.4,Safe
2026-03-18 10:26:48 UTC,5,5,20.49,1922.14,33.0,53.5,Safe
2026-03-18 10:26:58 UTC,5,5,21.46,1938.11,33.1,53.7,Safe
2026-03-18 10:27:08 UTC,5,5,21.16,1938.11,33.1,53.6,Safe
2026-03-18 10:27:18 UTC,5,5,19.98,1916.82,33.2,53.6,Safe
2026-03-18 10:27:28 UTC,6,6,21.81,1940.77,33.2,53.4,Safe
2026-03-18 10:27:38 UTC,5,6,20.98,1927.46,33.2,53.4,Safe
2026-03-18 10:27:48 UTC,6,8,21.66,1940.77,33.3,53.4,Safe
2026-03-18 10:27:58 UTC,6,6,20.26,1916.82,33.3,53.1,Safe
2026-03-18 10:28:08 UTC,5,6,21.56,1943.43,33.3,53.2,Safe
2026-03-18 10:28:18 UTC,6,8,20.3,1927.46,33.4,53.0,Safe
2026-03-18 10:28:28 UTC,7,8,21.81,1943.43,33.4,52.7,Safe
2026-03-18 10:28:38 UTC,6,6,21.71,1946.09,33.4,52.7,Safe
2026-03-18 10:28:48 UTC,5,5,20.55,1924.81,33.4,52.5,Safe
2026-03-18 10:28:58 UTC,6,7,21.95,1940.77,33.4,52.8,Safe
2026-03-18 10:29:08 UTC,5,7,20.82,1927.46,33.5,52.8,Safe
2026-03-18 10:29:18 UTC,5,7,21.87,1940.77,33.5,52.8,Safe
2026-03-18 10:29:28 UTC,6,8,20.55,1924.81,33.5,52.8,Safe
2026-03-18 10:29:38 UTC,9,11,21.81,1940.77,33.6,52.4,Safe
2026-03-18 10:29:48 UTC,10,13,20.59,1922.14,33.6,52.3,Safe
2026-03-18 10:29:58 UTC,9,12,21.81,1943.43,33.6,51.8,Safe
2026-03-18 10:30:08 UTC,8,9,21.81,1940.77,33.6,51.9,Safe
2026-03-18 10:30:18 UTC,5,6,21.42,1935.45,33.6,51.3,Safe
2026-03-18 10:30:28 UTC,3,4,21.87,1940.77,33.5,51.2,Safe
2026-03-18 10:30:38 UTC,2,2,20.59,1927.46,33.5,51.4,Safe
2026-03-18 10:30:48 UTC,2,4,22.16,1946.09,33.4,51.5,Safe
2026-03-18 10:30:58 UTC,2,4,20.59,1927.46,33.3,51.6,Safe
2026-03-18 10:31:08 UTC,3,7,21.91,1940.77,33.3,51.8,Safe
2026-03-18 10:31:18 UTC,3,7,20.78,1924.81,33.3,51.9,Safe
2026-03-18 10:31:28 UTC,5,7,21.26,1940.77,33.4,51.8,Safe
2026-03-18 10:31:38 UTC,3,3,20.45,1922.14,33.4,51.5,Safe
2026-03-18 10:31:48 UTC,4,4,21.81,1943.43,33.5,51.3,Safe
2026-03-18 10:31:58 UTC,3,3,20.78,1927.46,33.5,51.1,Safe
2026-03-18 10:32:08 UTC,8,10,20.69,1922.14,33.5,51.4,Safe
2026-03-18 10:32:18 UTC,13,18,21.16,1935.45,33.5,51.8,Safe
2026-03-18 10:32:28 UTC,18,22,20.59,1924.81,33.5,52.0,Safe
2026-03-18 10:32:38 UTC,20,24,21.81,1938.11,33.6,52.6,Safe
2026-03-18 10:32:48 UTC,22,27,20.4,1924.81,33.6,52.6,Safe
2026-03-18 10:32:58 UTC,21,26,21.87,1946.09,33.6,52.6,Safe
2026-03-18 10:33:08 UTC,21,26,20.73,1924.81,33.6,52.7,Safe
2026-03-18 10:33:18 UTC,23,28,21.77,1938.11,33.6,52.4,Safe
2026-03-18 10:33:28 UTC,27,32,20.78,1924.81,33.6,52.6,Safe
2026-03-18 10:33:38 UTC,28,31,22.06,1946.09,33.6,52.8,Safe
2026-03-18 10:33:48 UTC,30,32,21.91,1943.43,33.6,52.7,Safe
2026-03-18 10:33:58 UTC,30,31,20.88,1924.81,33.6,52.5,Safe
2026-03-18 10:34:08 UTC,25,27,21.95,1946.09,33.6,51.7,Safe
2026-03-18 10:34:18 UTC,22,26,20.55,1930.12,33.6,51.7,Safe
2026-03-18 10:34:28 UTC,15,19,22.16,1943.43,33.6,51.7,Safe
2026-03-18 10:34:38 UTC,9,13,20.65,1927.46,33.5,51.5,Safe
2026-03-18 10:34:48 UTC,5,9,22.01,1948.76,33.4,51.1,Safe
2026-03-18 10:34:58 UTC,5,7,20.59,1927.46,33.3,51.0,Safe
2026-03-18 10:35:08 UTC,4,6,21.81,1940.77,33.2,51.2,Safe
2026-03-18 10:35:18 UTC,4,4,21.81,1940.77,33.1,51.5,Safe
2026-03-18 10:35:28 UTC,4,4,20.59,1927.46,33.0,51.7,Safe
2026-03-18 10:35:38 UTC,4,4,21.81,1943.43,33.0,51.8,Safe
2026-03-18 10:35:48 UTC,5,5,20.36,1927.46,32.9,52.0,Safe
2026-03-18 10:35:58 UTC,5,5,22.12,1946.09,32.8,52.4,Safe
2026-03-18 10:36:08 UTC,5,6,20.36,1927.46,32.7,52.5,Safe
2026-03-18 10:36:18 UTC,5,5,21.81,1943.43,32.7,52.8,Safe
2026-03-18 10:36:28 UTC,5,5,20.55,1930.12,32.7,52.8,Safe
2026-03-18 10:36:38 UTC,3,6,21.52,1943.43,32.7,52.6,Safe
2026-03-18 10:36:48 UTC,5,6,21.81,1938.11,32.6,53.0,Safe
2026-03-18 10:36:58 UTC,5,6,22.16,1946.09,32.5,52.9,Safe
2026-03-18 10:37:08 UTC,5,6,21.56,1943.43,32.5,52.8,Safe
2026-03-18 10:37:18 UTC,6,6,20.69,1927.46,32.5,53.4,Safe
2026-03-18 10:37:28 UTC,6,6,21.87,1943.43,32.4,53.4,Safe
2026-03-18 10:37:38 UTC,10,10,20.78,1927.46,32.4,53.4,Safe
2026-03-18 10:37:48 UTC,14,15,21.77,1943.43,32.4,53.2,Safe
2026-03-18 10:37:58 UTC,18,19,20.49,1930.12,32.3,53.0,Safe
2026-03-18 10:38:08 UTC,18,18,21.66,1940.77,32.2,53.2,Safe
2026-03-18 10:38:18 UTC,13,13,20.82,1930.12,32.2,53.3,Safe
2026-03-18 10:38:28 UTC,7,7,21.91,1948.76,32.2,53.5,Safe
2026-03-18 10:38:38 UTC,5,6,20.36,1927.46,32.2,53.7,Safe
2026-03-18 10:38:48 UTC,6,8,22.12,1948.76,32.2,53.9,Safe
2026-03-18 10:38:58 UTC,7,10,22.12,1948.76,32.3,54.0,Safe
2026-03-18 10:39:08 UTC,8,10,20.4,1922.14,32.3,54.2,Safe
2026-03-18 10:39:18 UTC,9,9,22.37,1948.76,32.4,54.1,Safe
2026-03-18 10:39:28 UTC,9,9,20.49,1927.46,32.4,54.1,Safe
2026-03-18 10:39:38 UTC,8,9,21.87,1948.76,32.5,53.8,Safe
2026-03-18 10:39:48 UTC,7,8,20.98,1930.12,32.5,53.5,Safe
2026-03-18 10:39:58 UTC,6,7,22.37,1948.76,32.5,53.3,Safe
2026-03-18 10:40:08 UTC,6,7,20.78,1930.12,32.6,53.2,Safe
2026-03-18 10:40:18 UTC,7,8,22.33,1948.76,32.6,53.6,Safe
2026-03-18 10:40:28 UTC,7,8,22.16,1946.09,32.6,53.9,Safe
2026-03-18 10:40:38 UTC,6,7,20.26,1924.81,32.6,53.8,Safe
2026-03-18 10:40:48 UTC,6,7,21.91,1946.09,32.6,53.8,Safe
2026-03-18 10:40:58 UTC,6,6,20.73,1930.12,32.7,53.8,Safe
2026-03-18 10:41:08 UTC,6,6,21.32,1932.79,32.7,54.0,Safe
2026-03-18 10:41:18 UTC,5,6,20.73,1927.46,32.7,54.1,Safe
2026-03-18 10:41:28 UTC,5,6,22.16,1943.43,32.7,54.1,Safe
2026-03-18 10:41:38 UTC,4,7,20.88,1930.12,32.7,54.3,Safe
2026-03-18 10:41:48 UTC,4,7,21.91,1948.76,32.7,54.2,Safe
2026-03-18 10:41:58 UTC,3,5,22.01,1943.43,32.8,54.4,Safe
2026-03-18 10:42:08 UTC,3,4,21.91,1946.09,32.8,54.5,Safe
2026-03-18 10:42:18 UTC,5,7,20.36,1919.48,32.8,54.5,Safe
2026-03-18 10:42:28 UTC,6,8,19.98,1919.48,32.8,54.5,Safe
2026-03-18 10:42:38 UTC,7,8,21.87,1946.09,32.8,54.4,Safe
2026-03-18 10:42:48 UTC,15,17,20.78,1930.12,32.8,54.5,Safe
2026-03-18 10:42:58 UTC,35,44,21.95,1946.09,32.9,54.7,Safe
2026-03-18 10:43:08 UTC,46,59,20.59,1927.46,32.9,54.7,Safe
2026-03-18 10:43:18 UTC,57,71,21.81,1946.09,32.9,54.5,Caution
2026-03-18 10:43:28 UTC,61,74,20.92,1927.46,32.9,54.4,Caution
2026-03-18 10:43:38 UTC,61,73,22.06,1946.09,32.9,54.5,Caution
2026-03-18 10:43:48 UTC,59,74,20.78,1927.46,32.9,54.4,Caution
2026-03-18 10:43:58 UTC,61,74,21.32,1938.11,32.9,54.5,Caution
2026-03-18 10:44:08 UTC,63,76,22.12,1943.43,32.9,54.5,Caution
2026-03-18 10:44:18 UTC,62,76,20.59,1927.46,32.9,54.3,Caution
2026-03-18 10:44:28 UTC,58,73,22.16,1946.09,32.9,54.3,Caution
2026-03-18 10:44:38 UTC,53,68,20.88,1930.12,32.9,54.4,Caution
2026-03-18 10:44:48 UTC,48,61,22.16,1943.43,32.9,54.3,Safe
2026-03-18 10:44:58 UTC,42,56,21.22,1932.79,32.9,54.3,Safe
2026-03-18 10:45:08 UTC,38,49,22.12,1948.76,32.9,54.3,Safe
2026-03-18 10:45:18 UTC,33,41,20.82,1927.46,32.9,54.4,Safe
2026-03-18 10:45:28 UTC,30,33,21.91,1946.09,32.9,54.2,Safe
2026-03-18 10:45:38 UTC,27,30,21.87,1943.43,32.9,54.1,Safe
2026-03-18 10:45:48 UTC,23,25,20.98,1927.46,32.9,54.1,Safe
2026-03-18 10:45:58 UTC,19,20,21.77,1956.74,33.0,53.9,Safe
2026-03-18 10:46:08 UTC,19,19,20.73,1930.12,32.9,53.4,Safe
2026-03-18 10:46:18 UTC,18,19,22.06,1946.09,33.0,53.3,Safe
2026-03-18 10:46:28 UTC,19,19,21.12,1932.79,33.0,53.0,Safe
2026-03-18 10:46:38 UTC,19,20,22.33,1946.09,32.9,52.9,Safe
2026-03-18 10:46:48 UTC,18,20,21.02,1930.12,33.0,52.8,Safe
2026-03-18 10:46:58 UTC,16,18,22.52,1948.76,33.0,52.7,Safe
2026-03-18 10:47:08 UTC,14,17,22.06,1946.09,33.0,52.7,Safe
2026-03-18 10:47:18 UTC,11,15,21.91,1948.76,33.0,52.6,Safe
2026-03-18 10:47:28 UTC,8,11,20.55,1922.14,33.0,52.4,Safe
2026-03-18 10:47:38 UTC,7,7,20.78,1930.12,33.0,52.3,Safe
2026-03-18 10:47:48 UTC,8,9,22.12,1948.76,33.0,52.5,Safe
2026-03-18 10:47:58 UTC,8,9,20.92,1930.12,33.0,52.6,Safe
2026-03-18 10:48:08 UTC,7,8,21.71,1938.11,33.0,52.7,Safe
2026-03-18 10:48:18 UTC,7,9,20.92,1927.46,33.0,52.7,Safe
2026-03-18 10:48:28 UTC,7,8,22.41,1948.76,33.0,52.7,Safe
2026-03-18 10:48:38 UTC,7,8,20.59,1927.46,33.0,52.7,Safe
2026-03-18 10:48:48 UTC,7,7,21.81,1943.43,33.0,52.4,Safe
2026-03-18 10:48:58 UTC,6,7,20.3,1922.14,33.0,52.3,Safe
2026-03-18 10:49:08 UTC,6,6,21.77,1943.43,33.1,52.0,Safe
2026-03-18 10:49:18 UTC,6,6,21.91,1946.09,33.1,51.8,Safe
2026-03-18 10:49:28 UTC,5,5,20.92,1930.12,33.1,51.8,Safe
2026-03-18 10:49:38 UTC,5,5,22.01,1943.43,33.1,51.7,Safe
2026-03-18 10:49:48 UTC,5,5,20.78,1930.12,33.0,51.8,Safe
2026-03-18 10:49:58 UTC,6,7,22.33,1948.76,33.0,52.0,Safe
2026-03-18 10:50:08 UTC,5,6,20.92,1927.46,33.0,52.0,Safe
2026-03-18 10:50:18 UTC,5,5,22.01,1948.76,33.0,52.2,Safe
2026-03-18 10:50:28 UTC,11,12,20.92,1930.12,33.0,52.6,Safe
2026-03-18 10:50:38 UTC,33,40,21.95,1948.76,33.0,53.0,Safe
2026-03-18 10:50:48 UTC,49,63,21.91,1946.09,33.0,52.8,Safe
2026-03-18 10:50:58 UTC,61,73,20.07,1919.48,33.0,53.1,Caution
2026-03-18 10:51:08 UTC,68,77,22.33,1946.09,33.0,53.3,Caution
2026-03-18 10:51:18 UTC,72,80,20.4,1930.12,33.0,53.3,Caution
2026-03-18 10:51:28 UTC,75,82,21.66,1938.11,33.0,53.3,Caution
2026-03-18 10:51:38 UTC,73,80,20.59,1922.14,33.0,53.2,Caution
2026-03-18 10:51:48 UTC,66,76,21.66,1940.77,32.9,53.3,Caution
2026-03-18 10:51:58 UTC,58,71,20.4,1919.48,32.9,53.5,Caution
2026-03-18 10:52:08 UTC,52,66,22.12,1946.09,32.9,53.6,Caution
2026-03-18 10:52:18 UTC,45,57,21.81,1946.09,32.9,53.4,Safe
2026-03-18 10:52:28 UTC,40,49,21.26,1938.11,32.9,53.0,Safe
2026-03-18 10:52:38 UTC,35,42,22.06,1948.76,32.8,52.9,Safe
2026-03-18 10:52:48 UTC,30,36,20.49,1930.12,32.8,53.1,Safe
2026-03-18 10:52:58 UTC,24,29,21.36,1938.11,32.8,53.1,Safe
2026-03-18 10:53:08 UTC,20,23,20.78,1924.81,32.7,52.9,Safe
2026-03-18 10:53:18 UTC,18,19,21.77,1943.43,32.6,52.8,Safe
2026-03-18 10:53:28 UTC,16,16,20.22,1922.14,32.6,53.1,Safe
2026-03-18 10:53:38 UTC,13,16,21.91,1943.43,32.6,53.5,Safe
2026-03-18 10:53:48 UTC,9,14,20.98,1930.12,32.6,53.9,Safe
2026-03-18 10:53:58 UTC,8,12,21.36,1940.77,32.6,54.0,Safe
2026-03-18 10:54:08 UTC,8,9,20.22,1919.48,32.6,54.0,Safe
2026-03-18 10:54:18 UTC,7,8,20.78,1927.46,32.6,53.8,Safe
2026-03-18 10:54:28 UTC,7,7,22.37,1948.76,32.6,53.6,Safe
2026-03-18 10:54:38 UTC,8,8,21.02,1930.12,32.6,53.6,Safe
2026-03-18 10:54:48 UTC,9,10,22.12,1943.43,32.6,53.5,Safe
2026-03-18 10:54:58 UTC,8,9,20.78,1924.81,32.6,53.4,Safe
2026-03-18 10:55:08 UTC,8,11,22.06,1946.09,32.6,53.5,Safe
2026-03-18 10:55:18 UTC,8,11,20.07,1919.48,32.7,53.6,Safe
2026-03-18 10:55:28 UTC,10,11,22.12,1946.09,32.7,53.5,Safe
2026-03-18 10:55:38 UTC,10,11,21.02,1930.12,32.7,54.2,Safe
2026-03-18 10:55:48 UTC,10,13,21.71,1943.43,32.7,54.4,Safe
2026-03-18 10:55:58 UTC,8,13,21.66,1940.77,32.7,54.1,Safe
2026-03-18 10:56:08 UTC,10,13,20.98,1927.46,32.7,54.0,Safe
2026-03-18 10:56:18 UTC,8,11,22.52,1948.76,32.7,54.0,Safe
2026-03-18 10:56:28 UTC,6,8,20.82,1930.12,32.8,53.9,Safe
2026-03-18 10:56:38 UTC,6,7,22.16,1946.09,32.8,53.9,Safe
2026-03-18 10:56:48 UTC,5,7,20.82,1930.12,32.8,53.8,Safe
2026-03-18 10:56:58 UTC,5,6,22.12,1948.76,32.8,53.6,Safe
2026-03-18 10:57:08 UTC,5,6,20.78,1927.46,32.8,53.6,Safe
2026-03-18 10:57:18 UTC,6,6,21.66,1943.43,32.8,53.7,Safe
2026-03-18 10:57:28 UTC,7,7,22.26,1948.76,32.9,53.6,Safe
2026-03-18 10:57:38 UTC,6,6,22.06,1946.09,32.9,53.8,Safe
2026-03-18 10:57:48 UTC,6,6,21.95,1948.76,32.9,53.7,Safe
2026-03-18 10:57:58 UTC,7,7,20.92,1930.12,32.9,53.5,Safe
2026-03-18 10:58:08 UTC,5,6,22.06,1946.09,32.9,53.2,Safe
2026-03-18 10:58:18 UTC,6,7,20.88,1930.12,32.9,53.2,Safe
2026-03-18 10:58:28 UTC,8,9,21.81,1946.09,33.0,53.1,Safe
2026-03-18 10:58:38 UTC,8,9,20.78,1930.12,33.0,52.8,Safe
2026-03-18 10:58:48 UTC,6,7,21.95,1946.09,33.0,52.6,Safe
2026-03-18 10:58:58 UTC,5,5,20.78,1927.46,33.0,52.3,Safe
2026-03-18 10:59:08 UTC,4,4,22.58,1948.76,33.1,52.4,Safe
2026-03-18 10:59:18 UTC,5,6,20.78,1930.12,33.0,52.5,Safe
2026-03-18 10:59:28 UTC,6,6,22.06,1946.09,33.0,52.5,Safe
2026-03-18 10:59:38 UTC,8,8,22.37,1948.76,33.0,52.7,Safe
2026-03-18 10:59:48 UTC,8,10,21.02,1940.77,33.0,52.6,Safe
2026-03-18 10:59:58 UTC,8,9,21.87,1946.09,33.0,52.3,Safe
2026-03-18 11:00:08 UTC,9,10,21.02,1930.12,33.0,52.5,Safe
2026-03-18 11:00:18 UTC,8,9,21.81,1940.77,33.0,52.7,Safe
2026-03-18 11:00:28 UTC,9,9,20.73,1930.12,33.0,52.8,Safe
2026-03-18 11:00:38 UTC,9,9,22.41,1948.76,33.0,53.3,Safe
2026-03-18 11:00:48 UTC,7,7,20.82,1930.12,33.0,53.6,Safe
2026-03-18 11:00:58 UTC,7,7,21.66,1940.77,33.0,53.7,Safe
2026-03-18 11:01:08 UTC,7,9,22.33,1948.76,33.0,53.9,Safe
2026-03-18 11:01:18 UTC,7,10,20.59,1924.81,33.0,53.4,Safe
2026-03-18 11:01:28 UTC,6,7,22.48,1948.76,33.0,52.7,Safe
2026-03-18 11:01:38 UTC,5,7,20.73,1927.46,33.0,52.8,Safe
2026-03-18 11:01:48 UTC,6,9,22.48,1948.76,33.0,53.0,Safe
2026-03-18 11:01:58 UTC,7,8,21.02,1930.12,33.0,53.2,Safe
2026-03-18 11:02:08 UTC,5,6,21.81,1940.77,32.9,53.1,Safe
2026-03-18 11:02:18 UTC,4,5,21.02,1930.12,33.0,52.5,Safe
2026-03-18 11:02:28 UTC,5,5,21.81,1946.09,33.0,52.5,Safe
2026-03-18 11:02:38 UTC,4,4,22.33,1948.76,33.0,52.6,Safe
2026-03-18 11:02:48 UTC,3,3,22.37,1948.76,33.0,52.6,Safe
2026-03-18 11:02:58 UTC,3,4,21.02,1930.12,33.0,52.6,Safe
2026-03-18 11:03:08 UTC,3,4,21.02,1930.12,33.0,52.8,Safe
2026-03-18 11:03:18 UTC,4,6,22.22,1946.09,33.0,52.8,Safe
2026-03-18 11:03:28 UTC,4,4,20.92,1930.12,33.0,52.6,Safe
2026-03-18 11:03:38 UTC,4,5,22.26,1946.09,33.0,52.5,Safe
2026-03-18 11:03:48 UTC,5,5,20.98,1930.12,33.0,52.7,Safe
2026-03-18 11:03:58 UTC,4,5,22.16,1943.43,33.0,52.5,Safe
2026-03-18 11:04:08 UTC,3,4,20.69,1930.12,33.0,52.5,Safe
2026-03-18 11:04:18 UTC,3,4,21.95,1946.09,33.0,52.5,Safe
2026-03-18 11:04:28 UTC,3,4,20.69,1924.81,33.0,52.7,Safe
2026-03-18 11:04:38 UTC,3,4,22.16,1948.76,33.0,52.6,Safe
2026-03-18 11:04:48 UTC,3,4,21.91,1940.77,32.9,52.8,Safe
2026-03-18 11:04:58 UTC,4,5,20.69,1927.46,32.9,52.5,Safe
2026-03-18 11:05:08 UTC,3,3,21.36,1943.43,32.9,52.2,Safe
2026-03-18 11:05:18 UTC,3,4,20.3,1916.82,32.9,52.1,Safe
2026-03-18 11:05:28 UTC,4,4,22.26,1943.43,32.9,52.5,Safe
2026-03-18 11:05:38 UTC,4,5,21.02,1927.46,32.9,52.8,Safe
2026-03-18 11:05:48 UTC,5,6,22.22,1948.76,32.9,52.9,Safe
2026-03-18 11:05:58 UTC,4,7,20.49,1922.14,32.9,53.1,Safe
2026-03-18 11:06:08 UTC,3,5,21.46,1940.77,32.9,53.1,Safe
2026-03-18 11:06:18 UTC,3,4,21.56,1940.77,32.9,53.1,Safe
2026-03-18 11:06:28 UTC,3,5,20.88,1930.12,32.9,52.9,Safe
2026-03-18 11:06:38 UTC,3,4,22.06,1946.09,32.9,52.9,Safe
2026-03-18 11:06:48 UTC,4,5,20.98,1930.12,32.9,52.9,Safe
2026-03-18 11:06:58 UTC,4,5,22.26,1943.43,32.9,52.9,Safe
2026-03-18 11:07:08 UTC,4,5,20.92,1927.46,32.9,53.1,Safe
2026-03-18 11:07:18 UTC,6,7,22.06,1946.09,32.9,53.3,Safe
2026-03-18 11:07:28 UTC,6,7,20.88,1930.12,32.9,53.0,Safe
2026-03-18 11:07:38 UTC,9,13,21.71,1938.11,32.9,52.8,Safe
2026-03-18 11:07:48 UTC,17,23,20.26,1924.81,32.9,53.1,Safe
2026-03-18 11:07:58 UTC,20,25,22.06,1946.09,32.9,53.4,Safe
2026-03-18 11:08:08 UTC,21,27,20.55,1927.46,32.8,53.6,Safe
2026-03-18 11:08:18 UTC,21,26,20.17,1922.14,32.8,53.7,Safe
2026-03-18 11:08:28 UTC,20,24,21.91,1946.09,32.8,53.8,Safe
2026-03-18 11:08:38 UTC,21,25,20.78,1927.46,32.7,54.0,Safe
2026-03-18 11:08:48 UTC,20,24,22.16,1946.09,32.7,54.1,Safe
2026-03-18 11:08:58 UTC,20,24,20.59,1919.48,32.7,54.3,Safe
2026-03-18 11:09:08 UTC,20,22,21.66,1943.43,32.6,54.3,Safe
2026-03-18 11:09:18 UTC,21,25,20.59,1927.46,32.6,54.5,Safe
2026-03-18 11:09:28 UTC,21,25,21.87,1946.09,32.6,54.8,Safe
2026-03-18 11:09:38 UTC,22,26,20.78,1927.46,32.6,54.9,Safe
2026-03-18 11:09:48 UTC,23,26,22.33,1946.09,32.5,55.1,Safe
2026-03-18 11:09:58 UTC,23,27,21.91,1943.43,32.4,55.6,Safe
2026-03-18 11:10:08 UTC,23,26,20.78,1930.12,32.4,55.9,Safe
2026-03-18 11:10:18 UTC,23,26,21.77,1943.43,32.3,56.0,Safe
2026-03-18 11:10:28 UTC,22,25,20.26,1922.14,32.3,56.0,Safe
2026-03-18 11:10:38 UTC,23,28,22.16,1943.43,32.4,56.2,Safe
2026-03-18 11:10:48 UTC,25,29,20.82,1930.12,32.4,56.2,Safe
2026-03-18 11:10:58 UTC,26,27,22.01,1946.09,32.4,56.3,Safe
2026-03-18 11:11:08 UTC,25,28,20.59,1927.46,32.3,56.7,Safe
2026-03-18 11:11:18 UTC,27,30,21.95,1946.09,32.3,56.7,Safe
2026-03-18 11:11:28 UTC,31,35,22.16,1948.76,32.3,57.2,Safe
2026-03-18 11:11:38 UTC,30,32,22.41,1948.76,32.2,57.1,Safe
2026-03-18 11:11:48 UTC,30,32,21.71,1940.77,32.2,57.0,Safe
2026-03-18 11:11:58 UTC,30,35,20.98,1927.46,32.2,57.2,Safe
2026-03-18 11:12:08 UTC,30,33,22.37,1948.76,32.2,57.7,Safe
2026-03-18 11:12:18 UTC,30,36,20.45,1924.81,32.2,58.1,Safe
2026-03-18 11:12:28 UTC,32,38,22.41,1948.76,32.1,57.9,Safe
2026-03-18 11:12:38 UTC,32,37,20.88,1927.46,32.1,58.0,Safe
2026-03-18 11:12:48 UTC,35,40,21.95,1948.76,32.2,58.1,Safe
2026-03-18 11:12:58 UTC,36,39,20.78,1930.12,32.2,57.9,Safe
2026-03-18 11:13:08 UTC,36,39,22.06,1946.09,32.2,57.8,Safe
2026-03-18 11:13:18 UTC,34,38,20.88,1930.12,32.2,57.8,Safe
2026-03-18 11:13:28 UTC,34,39,22.16,1948.76,32.1,57.9,Safe
2026-03-18 11:13:38 UTC,37,45,22.16,1948.76,32.1,58.2,Safe
2026-03-18 11:13:48 UTC,38,45,20.49,1930.12,32.2,58.3,Safe
2026-03-18 11:13:58 UTC,36,46,21.81,1940.77,32.2,58.7,Safe
2026-03-18 11:14:08 UTC,36,43,20.98,1930.12,32.2,58.8,Safe
2026-03-18 11:14:18 UTC,37,44,22.26,1948.76,32.2,59.0,Safe
2026-03-18 11:14:28 UTC,36,44,20.82,1930.12,32.3,59.2,Safe
2026-03-18 11:14:38 UTC,38,45,22.06,1946.09,32.2,58.8,Safe
2026-03-18 11:14:48 UTC,35,41,20.98,1930.12,32.2,59.2,Safe
2026-03-18 11:14:58 UTC,35,42,22.26,1948.76,32.2,58.7,Safe
2026-03-18 11:15:08 UTC,33,41,22.26,1946.09,32.2,58.7,Safe
2026-03-18 11:15:18 UTC,34,41,20.45,1927.46,32.2,59.0,Safe
2026-03-18 11:15:28 UTC,32,39,22.26,1946.09,32.2,59.3,Safe
2026-03-18 11:15:38 UTC,32,39,20.82,1930.12,32.2,59.6,Safe
2026-03-18 11:15:48 UTC,34,43,22.06,1943.43,32.2,59.6,Safe
2026-03-18 11:15:58 UTC,33,41,20.69,1930.12,32.2,59.1,Safe
2026-03-18 11:16:08 UTC,32,42,21.95,1946.09,32.1,58.9,Safe
2026-03-18 11:16:18 UTC,33,41,20.55,1930.12,32.0,59.3,Safe
2026-03-18 11:16:28 UTC,35,42,21.87,1943.43,32.0,59.9,Safe
2026-03-18 11:16:38 UTC,35,43,22.16,1948.76,32.0,60.0,Safe
2026-03-18 11:16:48 UTC,35,45,22.06,1940.77,32.0,59.6,Safe
2026-03-18 11:16:58 UTC,33,44,20.78,1930.12,32.1,59.4,Safe
2026-03-18 11:17:08 UTC,34,41,20.82,1930.12,32.1,59.1,Safe
2026-03-18 11:17:18 UTC,33,40,22.01,1946.09,32.1,59.1,Safe
2026-03-18 11:17:28 UTC,33,39,20.98,1930.12,32.1,58.9,Safe
2026-03-18 11:17:38 UTC,33,42,22.48,1948.76,32.1,58.8,Safe
2026-03-18 11:17:48 UTC,35,45,20.78,1930.12,32.2,58.9,Safe
2026-03-18 11:17:58 UTC,35,43,22.16,1948.76,32.2,58.9,Safe
2026-03-18 11:18:08 UTC,35,43,20.88,1924.81,32.3,58.8,Safe
2026-03-18 11:18:18 UTC,35,42,22.26,1943.43,32.3,58.6,Safe
2026-03-18 11:18:28 UTC,35,41,20.26,1919.48,32.3,58.0,Safe
2026-03-18 11:18:38 UTC,34,40,22.12,1943.43,32.3,57.8,Safe
2026-03-18 11:18:48 UTC,35,41,21.91,1948.76,32.3,57.7,Safe
2026-03-18 11:18:58 UTC,36,41,20.88,1927.46,32.3,57.5,Safe
2026-03-18 11:19:08 UTC,37,43,22.12,1946.09,32.4,57.5,Safe
2026-03-18 11:19:18 UTC,36,43,20.78,1930.12,32.4,57.4,Safe
2026-03-18 11:19:28 UTC,34,41,22.06,1946.09,32.4,57.4,Safe
2026-03-18 11:19:38 UTC,36,43,20.98,1927.46,32.4,57.4,Safe
2026-03-18 11:19:48 UTC,36,42,21.87,1940.77,32.4,57.6,Safe
2026-03-18 11:19:58 UTC,36,41,20.78,1930.12,32.4,57.6,Safe
2026-03-18 11:20:08 UTC,35,41,21.32,1940.77,32.4,57.5,Safe
2026-03-18 11:20:18 UTC,35,42,22.06,1948.76,32.4,57.3,Safe
2026-03-18 11:20:28 UTC,34,41,20.92,1930.12,32.4,57.2,Safe
2026-03-18 11:20:38 UTC,33,43,22.12,1948.76,32.4,57.3,Safe
2026-03-18 11:20:48 UTC,36,45,20.73,1930.12,32.4,57.5,Safe
2026-03-18 11:20:58 UTC,35,44,21.66,1940.77,32.4,57.3,Safe
2026-03-18 11:21:08 UTC,35,41,20.49,1922.14,32.4,57.3,Safe
2026-03-18 11:21:18 UTC,34,42,22.06,1948.76,32.4,57.4,Safe
2026-03-18 11:21:28 UTC,33,40,20.49,1924.81,32.4,57.4,Safe
2026-03-18 11:21:38 UTC,35,43,22.16,1946.09,32.4,57.4,Safe
2026-03-18 11:21:48 UTC,33,39,21.91,1940.77,32.4,57.3,Safe
2026-03-18 11:21:58 UTC,32,38,22.37,1948.76,32.4,57.3,Safe
2026-03-18 11:22:08 UTC,32,41,21.95,1946.09,32.3,57.5,Safe
2026-03-18 11:22:18 UTC,33,44,20.17,1922.14,32.3,57.7,Safe
2026-03-18 11:22:28 UTC,33,41,22.41,1948.76,32.3,57.8,Safe
2026-03-18 11:22:38 UTC,34,41,21.02,1930.12,32.3,57.8,Safe
2026-03-18 11:22:48 UTC,33,42,21.81,1940.77,32.3,57.8,Safe
2026-03-18 11:22:58 UTC,33,40,20.49,1924.81,32.3,57.5,Safe
2026-03-18 11:23:08 UTC,33,39,22.37,1943.43,32.3,57.6,Safe
2026-03-18 11:23:18 UTC,33,39,21.02,1927.46,32.4,57.7,Safe
2026-03-18 11:23:28 UTC,34,38,22.16,1946.09,32.4,57.8,Safe
2026-03-18 11:23:38 UTC,36,41,20.92,1930.12,32.4,57.6,Safe
2026-03-18 11:23:48 UTC,35,42,21.56,1943.43,32.4,57.8,Safe
2026-03-18 11:23:58 UTC,33,42,22.06,1946.09,32.4,57.9,Safe
2026-03-18 11:24:08 UTC,32,38,20.78,1930.12,32.4,57.9,Safe
2026-03-18 11:24:18 UTC,33,39,22.37,1948.76,32.4,57.7,Safe
2026-03-18 11:24:28 UTC,32,42,20.92,1930.12,32.4,57.6,Safe
2026-03-18 11:24:38 UTC,33,41,22.01,1943.43,32.5,57.5,Safe
2026-03-18 11:24:48 UTC,33,40,20.69,1930.12,32.4,57.3,Safe
2026-03-18 11:24:58 UTC,33,39,21.56,1940.77,32.4,57.4,Safe
2026-03-18 11:25:08 UTC,32,39,20.88,1927.46,32.4,57.7,Safe
2026-03-18 11:25:18 UTC,32,38,22.06,1940.77,32.4,57.7,Safe
2026-03-18 11:25:28 UTC,33,38,22.37,1943.43,32.4,57.5,Safe
2026-03-18 11:25:38 UTC,32,38,20.92,1927.46,32.4,57.5,Safe
2026-03-18 11:25:48 UTC,32,36,21.22,1940.77,32.4,57.5,Safe
2026-03-18 11:25:58 UTC,33,38,20.92,1927.46,32.4,57.3,Safe
2026-03-18 11:26:08 UTC,33,39,22.33,1946.09,32.3,57.4,Safe
2026-03-18 11:26:18 UTC,33,40,20.78,1930.12,32.3,57.5,Safe
2026-03-18 11:26:28 UTC,31,38,22.22,1946.09,32.3,57.5,Safe
2026-03-18 11:26:38 UTC,31,35,20.73,1927.46,32.3,57.7,Safe
2026-03-18 11:26:48 UTC,28,32,22.16,1943.43,32.3,57.8,Safe
2026-03-18 11:26:58 UTC,28,32,22.16,1948.76,32.3,57.7,Safe
2026-03-18 11:27:08 UTC,30,34,21.71,1938.11,32.3,57.7,Safe
2026-03-18 11:27:18 UTC,30,33,21.81,1940.77,32.3,57.8,Safe
2026-03-18 11:27:28 UTC,31,35,20.98,1927.46,32.4,57.7,Safe
2026-03-18 11:27:38 UTC,30,33,22.01,1946.09,32.4,57.8,Safe
2026-03-18 11:27:48 UTC,30,35,20.4,1919.48,32.4,57.7,Safe
2026-03-18 11:27:58 UTC,30,33,21.95,1948.76,32.4,57.9,Safe
2026-03-18 11:28:08 UTC,30,33,20.88,1927.46,32.4,57.8,Safe
2026-03-18 11:28:18 UTC,30,34,22.37,1948.76,32.4,57.7,Safe
2026-03-18 11:28:28 UTC,30,34,20.55,1922.14,32.5,57.6,Safe
2026-03-18 11:28:38 UTC,30,35,22.37,1948.76,32.5,57.6,Safe
2026-03-18 11:28:48 UTC,33,35,21.02,1930.12,32.5,57.7,Safe
2026-03-18 11:28:58 UTC,31,34,20.69,1932.79,32.5,57.5,Safe
2026-03-18 11:29:08 UTC,31,35,21.66,1938.11,32.5,57.5,Safe
2026-03-18 11:29:18 UTC,31,35,20.92,1930.12,32.4,57.4,Safe
2026-03-18 11:29:28 UTC,30,32,22.16,1946.09,32.5,57.8,Safe
2026-03-18 11:29:38 UTC,30,33,20.26,1922.14,32.5,57.8,Safe
2026-03-18 11:29:48 UTC,30,35,22.12,1943.43,32.5,57.8,Safe
2026-03-18 11:29:58 UTC,30,34,20.98,1930.12,32.5,58.0,Safe
2026-03-18 11:30:08 UTC,30,35,21.66,1940.77,32.6,57.9,Safe
2026-03-18 11:30:18 UTC,30,35,20.55,1924.81,32.6,57.7,Safe
2026-03-18 11:30:28 UTC,29,36,22.12,1946.09,32.6,57.5,Safe
2026-03-18 11:30:38 UTC,29,34,22.06,1946.09,32.6,57.4,Safe
2026-03-18 11:30:48 UTC,29,34,20.92,1927.46,32.6,57.5,Safe
2026-03-18 11:30:58 UTC,30,34,21.91,1946.09,32.7,57.4,Safe
2026-03-18 11:31:08 UTC,30,34,21.02,1930.12,32.7,57.4,Safe
2026-03-18 11:31:18 UTC,30,34,21.81,1940.77,32.6,57.5,Safe
2026-03-18 11:31:28 UTC,30,35,20.3,1919.48,32.7,57.6,Safe
2026-03-18 11:31:38 UTC,30,35,22.16,1943.43,32.7,57.6,Safe
2026-03-18 11:31:48 UTC,29,33,20.98,1927.46,32.7,57.5,Safe
2026-03-18 11:31:58 UTC,29,33,21.81,1940.77,32.7,57.4,Safe
2026-03-18 11:32:08 UTC,30,34,21.81,1940.77,32.7,57.2,Safe
2026-03-18 11:32:18 UTC,30,35,22.12,1946.09,32.7,57.0,Safe
2026-03-18 11:32:28 UTC,30,35,21.32,1940.77,32.7,57.0,Safe
2026-03-18 11:32:38 UTC,30,38,20.92,1930.12,32.6,57.0,Safe
2026-03-18 11:32:48 UTC,30,36,21.56,1938.11,32.6,57.2,Safe
2026-03-18 11:32:58 UTC,29,33,21.02,1930.12,32.5,57.3,Safe
2026-03-18 11:33:08 UTC,27,30,22.06,1946.09,32.5,57.1,Safe
2026-03-18 11:33:18 UTC,28,29,20.26,1924.81,32.5,57.0,Safe
2026-03-18 11:33:28 UTC,30,32,22.06,1948.76,32.5,57.1,Safe
2026-03-18 11:33:38 UTC,31,35,20.65,1930.12,32.5,57.1,Safe
2026-03-18 11:33:48 UTC,31,38,22.06,1948.76,32.5,56.9,Safe
2026-03-18 11:33:58 UTC,30,36,20.78,1930.12,32.4,56.9,Safe
2026-03-18 11:34:08 UTC,30,37,21.66,1940.77,32.4,57.7,Safe
2026-03-18 11:34:18 UTC,30,37,21.95,1946.09,32.4,58.6,Safe
2026-03-18 11:34:28 UTC,31,37,21.02,1930.12,32.4,57.7,Safe
2026-03-18 11:34:38 UTC,32,36,22.26,1946.09,32.3,57.3,Safe
2026-03-18 11:34:48 UTC,31,35,20.78,1930.12,32.3,57.3,Safe
2026-03-18 11:34:58 UTC,30,33,21.66,1938.11,32.2,57.4,Safe
2026-03-18 11:35:08 UTC,29,32,20.88,1927.46,32.2,57.5,Safe
2026-03-18 11:35:18 UTC,30,33,22.37,1948.76,32.2,57.5,Safe
2026-03-18 11:35:28 UTC,30,32,20.78,1930.12,32.1,57.4,Safe
2026-03-18 11:35:38 UTC,30,32,21.32,1940.77,32.1,57.4,Safe
2026-03-18 11:35:48 UTC,31,33,21.77,1946.09,32.0,57.4,Safe
2026-03-18 11:35:58 UTC,30,32,21.02,1930.12,32.0,57.4,Safe
2026-03-18 11:36:08 UTC,30,31,21.95,1946.09,31.9,57.5,Safe
2026-03-18 11:36:18 UTC,29,30,20.88,1927.46,32.0,57.6,Safe
2026-03-18 11:36:28 UTC,28,30,21.81,1940.77,32.0,57.5,Safe
2026-03-18 11:36:38 UTC,28,29,20.59,1930.12,32.0,57.2,Safe
2026-03-18 11:36:48 UTC,28,30,22.01,1946.09,31.9,57.2,Safe
2026-03-18 11:36:58 UTC,28,30,20.88,1930.12,31.9,57.2,Safe
2026-03-18 11:37:08 UTC,28,28,22.12,1946.09,32.0,57.3,Safe
2026-03-18 11:37:18 UTC,30,32,21.95,1948.76,31.9,57.4,Safe
2026-03-18 11:37:28 UTC,31,34,22.33,1946.09,32.0,57.6,Safe
2026-03-18 11:37:38 UTC,30,34,20.98,1930.12,31.9,57.4,Safe
2026-03-18 11:37:48 UTC,30,35,20.92,1930.12,31.8,57.5,Safe
2026-03-18 11:37:58 UTC,32,36,21.56,1938.11,31.8,57.8,Safe
2026-03-18 11:38:08 UTC,31,35,20.36,1922.14,31.9,57.6,Safe
2026-03-18 11:38:18 UTC,31,36,22.12,1943.43,31.8,57.4,Safe
2026-03-18 11:38:28 UTC,30,33,20.55,1930.12,31.8,57.3,Safe
2026-03-18 11:38:38 UTC,28,33,22.33,1946.09,31.8,57.5,Safe
2026-03-18 11:38:48 UTC,27,31,20.65,1930.12,31.8,57.5,Safe
2026-03-18 11:38:58 UTC,28,32,22.26,1943.43,31.9,57.7,Safe
2026-03-18 11:39:08 UTC,28,32,20.82,1927.46,31.8,58.0,Safe
2026-03-18 11:39:18 UTC,27,29,22.33,1948.76,31.9,58.3,Safe
2026-03-18 11:39:28 UTC,27,31,22.33,1948.76,31.9,58.2,Safe
2026-03-18 11:39:38 UTC,28,31,20.88,1927.46,31.9,57.9,Safe
2026-03-18 11:39:48 UTC,30,30,21.95,1946.09,32.0,57.7,Safe
2026-03-18 11:39:58 UTC,31,33,20.92,1930.12,32.0,57.5,Safe
2026-03-18 11:40:08 UTC,29,31,22.06,1946.09,32.0,57.3,Safe
2026-03-18 11:40:18 UTC,29,32,20.3,1922.14,32.0,57.0,Safe
2026-03-18 11:40:28 UTC,30,33,22.33,1948.76,32.0,57.1,Safe
2026-03-18 11:40:38 UTC,30,32,20.73,1930.12,32.0,57.1,Safe
2026-03-18 11:40:48 UTC,31,33,22.37,1948.76,31.9,57.2,Safe
2026-03-18 11:40:58 UTC,32,36,22.12,1948.76,32.0,57.3,Safe
2026-03-18 11:41:08 UTC,33,37,21.02,1930.12,31.9,57.4,Safe
2026-03-18 11:41:18 UTC,34,39,22.33,1948.76,32.0,58.2,Safe
2026-03-18 11:41:28 UTC,32,35,20.73,1930.12,32.0,57.9,Safe
2026-03-18 11:41:38 UTC,30,35,22.06,1946.09,32.0,58.2,Safe
2026-03-18 11:41:48 UTC,30,34,21.02,1930.12,32.0,58.3,Safe
2026-03-18 11:41:58 UTC,30,32,21.46,1943.43,32.0,58.1,Safe
2026-03-18 11:42:08 UTC,31,34,21.02,1930.12,32.0,58.0,Safe
2026-03-18 11:42:18 UTC,30,32,22.26,1946.09,32.1,58.2,Safe
2026-03-18 11:42:28 UTC,29,30,22.37,1948.76,32.1,57.9,Safe
2026-03-18 11:42:38 UTC,28,29,22.12,1948.76,32.1,57.7,Safe
2026-03-18 11:42:48 UTC,29,31,20.92,1932.79,32.2,57.5,Safe
2026-03-18 11:42:58 UTC,29,30,21.02,1930.12,32.2,57.4,Safe
2026-03-18 11:43:08 UTC,30,32,22.52,1946.09,32.2,57.4,Safe
2026-03-18 11:43:18 UTC,28,30,20.98,1930.12,32.3,57.8,Safe
2026-03-18 11:43:28 UTC,30,37,22.12,1948.76,32.3,59.4,Safe
2026-03-18 11:43:38 UTC,31,38,20.78,1930.12,32.3,60.6,Safe
2026-03-18 11:43:48 UTC,30,35,22.41,1948.76,32.3,60.2,Safe
2026-03-18 11:43:58 UTC,30,33,20.73,1927.46,32.4,59.4,Safe
2026-03-18 11:44:08 UTC,30,32,22.58,1948.76,32.4,59.1,Safe
2026-03-18 11:44:18 UTC,30,33,21.02,1930.12,32.5,58.6,Safe
2026-03-18 11:44:28 UTC,30,34,22.41,1948.76,32.5,58.0,Safe
2026-03-18 11:44:38 UTC,29,33,22.48,1948.76,32.5,57.6,Safe
2026-03-18 11:44:48 UTC,30,32,21.02,1932.79,32.5,57.6,Safe
2026-03-18 11:44:58 UTC,30,33,22.01,1948.76,32.5,57.4,Safe
2026-03-18 11:45:08 UTC,30,31,20.59,1930.12,32.6,57.3,Safe
2026-03-18 11:45:18 UTC,30,32,22.41,1948.76,32.6,57.1,Safe
2026-03-18 11:45:28 UTC,29,32,21.12,1930.12,32.6,57.0,Safe
2026-03-18 11:45:38 UTC,29,32,22.33,1948.76,32.6,56.9,Safe
2026-03-18 11:45:48 UTC,29,33,20.98,1930.12,32.6,56.9,Safe
2026-03-18 11:45:58 UTC,28,31,22.48,1948.76,32.7,56.8,Safe
2026-03-18 11:46:08 UTC,27,31,22.26,1946.09,32.7,57.0,Safe
2026-03-18 11:46:18 UTC,26,29,22.06,1948.76,32.7,56.6,Safe
2026-03-18 11:46:28 UTC,26,31,22.12,1948.76,32.6,56.7,Safe
2026-03-18 11:46:38 UTC,26,29,20.98,1930.12,32.6,56.8,Safe
2026-03-18 11:46:48 UTC,26,29,22.01,1948.76,32.6,56.8,Safe
2026-03-18 11:46:58 UTC,27,28,20.82,1930.12,32.6,56.9,Safe
2026-03-18 11:47:08 UTC,28,30,21.95,1948.76,32.6,56.6,Safe
2026-03-18 11:47:18 UTC,28,30,21.02,1930.12,32.6,56.5,Safe
2026-03-18 11:47:28 UTC,29,30,22.52,1948.76,32.7,56.6,Safe
2026-03-18 11:47:38 UTC,28,30,21.02,1930.12,32.7,56.5,Safe
2026-03-18 11:47:48 UTC,26,29,22.26,1946.09,32.7,56.5,Safe
2026-03-18 11:47:58 UTC,25,29,20.22,1927.46,32.8,56.8,Safe
2026-03-18 11:48:08 UTC,28,33,21.12,1930.12,32.8,56.8,Safe
2026-03-18 11:48:18 UTC,29,32,22.33,1948.76,32.8,57.2,Safe
2026-03-18 11:48:28 UTC,28,30,20.92,1930.12,32.9,57.5,Safe
2026-03-18 11:48:38 UTC,28,31,22.06,1948.76,32.9,58.1,Safe
2026-03-18 11:48:48 UTC,30,33,21.02,1930.12,32.9,57.5,Safe
2026-03-18 11:48:58 UTC,31,33,22.16,1948.76,32.9,57.7,Safe
2026-03-18 11:49:08 UTC,29,31,21.08,1930.12,33.0,57.5,Safe
2026-03-18 11:49:18 UTC,28,31,22.52,1946.09,33.0,57.0,Safe
2026-03-18 11:49:28 UTC,27,30,21.02,1930.12,33.0,56.6,Safe
2026-03-18 11:49:38 UTC,27,31,21.95,1946.09,33.1,56.5,Safe
2026-03-18 11:49:48 UTC,26,30,21.77,1940.77,33.1,56.2,Safe
2026-03-18 11:49:58 UTC,26,29,20.78,1924.81,33.1,55.7,Safe
2026-03-18 11:50:08 UTC,25,28,22.33,1948.76,33.1,55.7,Safe
2026-03-18 11:50:18 UTC,25,29,20.73,1927.46,33.1,55.7,Safe
2026-03-18 11:50:28 UTC,24,28,22.26,1948.76,33.1,55.7,Safe
2026-03-18 11:50:38 UTC,24,28,21.02,1930.12,33.1,55.9,Safe
2026-03-18 11:50:48 UTC,24,26,22.37,1946.09,33.1,55.6,Safe
2026-03-18 11:50:58 UTC,22,25,20.73,1930.12,33.1,55.2,Safe
2026-03-18 11:51:08 UTC,22,26,22.37,1948.76,33.1,55.1,Safe
2026-03-18 11:51:18 UTC,24,26,22.33,1946.09,33.1,55.1,Safe
2026-03-18 11:51:28 UTC,26,27,22.06,1948.76,33.1,54.9,Safe
2026-03-18 11:51:38 UTC,28,30,22.06,1948.76,33.0,54.8,Safe
2026-03-18 11:51:48 UTC,26,29,21.02,1930.12,33.1,55.0,Safe
2026-03-18 11:51:58 UTC,26,30,22.12,1946.09,33.1,55.1,Safe
2026-03-18 11:52:08 UTC,26,30,20.73,1924.81,33.1,55.2,Safe
2026-03-18 11:52:18 UTC,25,29,21.87,1943.43,33.1,55.2,Safe
2026-03-18 11:52:28 UTC,25,29,21.02,1930.12,33.1,55.3,Safe
2026-03-18 11:52:38 UTC,26,30,22.06,1946.09,33.1,55.1,Safe
2026-03-18 11:52:48 UTC,27,30,20.92,1930.12,33.1,55.1,Safe
2026-03-18 11:52:58 UTC,30,31,21.66,1940.77,33.1,54.8,Safe
2026-03-18 11:53:08 UTC,28,30,20.73,1930.12,33.1,54.7,Safe
2026-03-18 11:53:18 UTC,28,31,22.16,1948.76,33.2,54.8,Safe
2026-03-18 11:53:28 UTC,29,31,22.16,1946.09,33.2,55.0,Safe
2026-03-18 11:53:38 UTC,30,30,21.08,1930.12,33.2,55.1,Safe
2026-03-18 11:53:48 UTC,30,33,21.71,1940.77,33.2,55.0,Safe
2026-03-18 11:53:58 UTC,28,35,20.92,1930.12,33.2,55.0,Safe
2026-03-18 11:54:08 UTC,28,32,22.16,1948.76,33.3,54.6,Safe
2026-03-18 11:54:18 UTC,29,34,20.59,1924.81,33.3,54.5,Safe
2026-03-18 11:54:28 UTC,29,32,22.33,1948.76,33.3,54.5,Safe
2026-03-18 11:54:38 UTC,29,33,20.4,1927.46,33.2,54.5,Safe
2026-03-18 11:54:48 UTC,28,32,22.33,1948.76,33.2,54.6,Safe
2026-03-18 11:54:58 UTC,27,32,22.16,1946.09,33.2,54.8,Safe
2026-03-18 11:55:08 UTC,28,34,20.98,1932.79,33.2,55.1,Safe
2026-03-18 11:55:18 UTC,29,37,22.12,1946.09,33.2,55.4,Safe
2026-03-18 11:55:28 UTC,30,37,21.02,1930.12,33.3,55.4,Safe
2026-03-18 11:55:38 UTC,29,38,22.16,1948.76,33.3,54.9,Safe
2026-03-18 11:55:48 UTC,29,34,20.45,1919.48,33.2,54.7,Safe
2026-03-18 11:55:58 UTC,30,35,21.71,1943.43,33.2,54.6,Safe
2026-03-18 11:56:08 UTC,32,40,20.45,1919.48,33.3,54.5,Safe
2026-03-18 11:56:18 UTC,31,39,22.12,1948.76,33.2,54.6,Safe
2026-03-18 11:56:28 UTC,30,34,21.6,1940.77,33.2,54.7,Safe
2026-03-18 11:56:38 UTC,30,34,21.95,1946.09,33.2,54.8,Safe
2026-03-18 11:56:48 UTC,30,37,20.98,1930.12,33.2,55.2,Safe
2026-03-18 11:56:58 UTC,30,35,20.98,1930.12,33.1,55.5,Safe
2026-03-18 11:57:08 UTC,30,34,22.12,1943.43,33.2,55.7,Safe
2026-03-18 11:57:18 UTC,29,34,21.02,1930.12,33.2,55.7,Safe
2026-03-18 11:57:28 UTC,29,34,21.95,1946.09,33.2,55.6,Safe
2026-03-18 11:57:38 UTC,29,35,21.02,1930.12,33.2,55.5,Safe
2026-03-18 11:57:48 UTC,29,33,22.26,1946.09,33.2,55.2,Safe
2026-03-18 11:57:58 UTC,29,32,21.02,1930.12,33.2,55.0,Safe
2026-03-18 11:58:08 UTC,28,36,22.12,1948.76,33.2,55.1,Safe
2026-03-18 11:58:18 UTC,28,36,20.88,1930.12,33.2,55.4,Safe
2026-03-18 11:58:28 UTC,29,35,22.16,1948.76,33.2,55.2,Safe
2026-03-18 11:58:38 UTC,28,31,21.87,1948.76,33.2,55.1,Safe
2026-03-18 11:58:48 UTC,29,32,21.22,1927.46,33.2,55.2,Safe
2026-03-18 11:58:58 UTC,28,31,22.52,1948.76,33.2,55.2,Safe
2026-03-18 11:59:08 UTC,27,33,21.02,1930.12,33.2,55.3,Safe
2026-03-18 11:59:18 UTC,26,30,22.33,1948.76,33.2,55.6,Safe
2026-03-18 11:59:28 UTC,28,33,20.92,1930.12,33.2,55.8,Safe
2026-03-18 11:59:38 UTC,30,36,22.41,1948.76,33.2,56.0,Safe
2026-03-18 11:59:48 UTC,30,36,21.02,1924.81,33.2,55.8,Safe
2026-03-18 11:59:58 UTC,28,33,22.12,1948.76,33.2,56.9,Safe
2026-03-18 12:00:08 UTC,28,31,22.12,1948.76,33.1,57.5,Safe
2026-03-18 12:00:18 UTC,29,30,21.02,1932.79,33.1,57.2,Safe
2026-03-18 12:00:28 UTC,29,30,22.12,1948.76,33.1,56.7,Safe
2026-03-18 12:00:38 UTC,29,29,20.78,1930.12,33.1,56.1,Safe
2026-03-18 12:00:48 UTC,27,28,22.26,1948.76,33.1,56.1,Safe
2026-03-18 12:00:58 UTC,27,29,20.49,1927.46,33.1,56.0,Safe
2026-03-18 12:01:08 UTC,26,28,22.26,1946.09,33.1,55.4,Safe
2026-03-18 12:01:18 UTC,28,29,20.55,1922.14,33.1,55.3,Safe
2026-03-18 12:01:28 UTC,29,32,22.22,1946.09,33.1,55.2,Safe
2026-03-18 12:01:38 UTC,30,32,22.37,1946.09,33.1,55.2,Safe
2026-03-18 12:01:48 UTC,29,31,22.33,1946.09,33.1,55.0,Safe
2026-03-18 12:01:58 UTC,28,29,22.06,1948.76,33.0,54.9,Safe
2026-03-18 12:02:08 UTC,27,28,20.78,1930.12,32.9,55.0,Safe
2026-03-18 12:02:18 UTC,25,27,22.06,1943.43,32.7,55.0,Safe
2026-03-18 12:02:28 UTC,25,29,20.59,1930.12,32.6,55.4,Safe
2026-03-18 12:02:38 UTC,26,30,22.37,1946.09,32.5,55.8,Safe
2026-03-18 12:02:48 UTC,26,29,20.49,1924.81,32.4,56.0,Safe
2026-03-18 12:02:58 UTC,26,29,22.12,1948.76,32.4,56.2,Safe
2026-03-18 12:03:08 UTC,26,28,20.78,1930.12,32.4,56.1,Safe
2026-03-18 12:03:18 UTC,27,29,21.95,1948.76,32.4,56.1,Safe
2026-03-18 12:03:28 UTC,27,29,21.02,1930.12,32.4,56.1,Safe
2026-03-18 12:03:38 UTC,24,27,20.88,1930.12,32.4,56.4,Safe
2026-03-18 12:03:48 UTC,25,27,21.95,1948.76,32.4,56.6,Safe
2026-03-18 12:03:58 UTC,26,27,20.36,1930.12,32.4,56.6,Safe
2026-03-18 12:04:08 UTC,26,27,22.33,1948.76,32.4,56.6,Safe
2026-03-18 12:04:18 UTC,25,27,20.55,1930.12,32.4,56.5,Safe
2026-03-18 12:04:28 UTC,25,27,21.66,1940.77,32.4,56.7,Safe
2026-03-18 12:04:38 UTC,25,28,20.59,1924.81,32.4,56.8,Safe
2026-03-18 12:04:48 UTC,24,27,22.01,1948.76,32.4,56.6,Safe
2026-03-18 12:04:58 UTC,26,28,20.88,1930.12,32.5,56.3,Safe
2026-03-18 12:05:08 UTC,26,28,22.06,1948.76,32.5,56.1,Safe
2026-03-18 12:05:18 UTC,28,30,21.81,1940.77,32.5,56.0,Safe
2026-03-18 12:05:28 UTC,27,28,20.98,1927.46,32.5,55.9,Safe
2026-03-18 12:05:38 UTC,25,27,22.26,1948.76,32.5,56.3,Safe
2026-03-18 12:05:48 UTC,25,27,20.55,1930.12,32.4,56.1,Safe
2026-03-18 12:05:58 UTC,25,27,21.77,1943.43,32.4,56.3,Safe
2026-03-18 12:06:08 UTC,25,27,20.73,1930.12,32.3,56.3,Safe
2026-03-18 12:06:18 UTC,28,29,21.91,1946.09,32.3,56.2,Safe
2026-03-18 12:06:28 UTC,27,28,20.22,1919.48,32.2,56.2,Safe
2026-03-18 12:06:38 UTC,27,30,21.66,1940.77,32.2,56.3,Safe
2026-03-18 12:06:48 UTC,25,28,21.71,1943.43,32.1,56.7,Safe
2026-03-18 12:06:58 UTC,24,26,21.87,1943.43,32.1,57.0,Safe
2026-03-18 12:07:08 UTC,26,26,22.01,1948.76,32.1,57.1,Safe
2026-03-18 12:07:18 UTC,24,25,20.69,1922.14,32.1,57.2,Safe
2026-03-18 12:07:28 UTC,24,25,22.37,1940.77,32.1,57.0,Safe
2026-03-18 12:07:38 UTC,25,27,20.59,1930.12,32.1,57.0,Safe
2026-03-18 12:07:48 UTC,24,28,22.01,1948.76,32.1,56.9,Safe
2026-03-18 12:07:58 UTC,25,28,20.13,1924.81,32.1,56.8,Safe
2026-03-18 12:08:08 UTC,27,30,22.33,1946.09,32.1,56.7,Safe
2026-03-18 12:08:18 UTC,27,30,20.4,1930.12,32.1,56.7,Safe
2026-03-18 12:08:28 UTC,27,30,22.01,1948.76,32.1,56.7,Safe
2026-03-18 12:08:38 UTC,28,31,20.3,1922.14,32.1,56.6,Safe
2026-03-18 12:08:48 UTC,29,31,21.87,1946.09,32.1,56.4,Safe
2026-03-18 12:08:58 UTC,27,30,21.36,1940.77,32.1,56.5,Safe
2026-03-18 12:09:08 UTC,26,27,20.92,1930.12,32.1,56.4,Safe
2026-03-18 12:09:18 UTC,27,28,21.71,1946.09,32.0,56.4,Safe
2026-03-18 12:09:28 UTC,27,28,20.65,1930.12,32.0,56.4,Safe
2026-03-18 12:09:38 UTC,27,29,21.81,1943.43,32.0,56.4,Safe
2026-03-18 12:09:48 UTC,26,29,20.59,1930.12,32.0,56.4,Safe
2026-03-18 12:09:58 UTC,25,27,21.95,1943.43,32.0,56.4,Safe
2026-03-18 12:10:08 UTC,25,26,20.49,1927.46,32.0,56.4,Safe
2026-03-18 12:10:18 UTC,26,30,22.16,1948.76,32.0,56.5,Safe
2026-03-18 12:10:28 UTC,27,31,21.87,1943.43,32.0,56.6,Safe
2026-03-18 12:10:38 UTC,29,31,20.26,1919.48,31.9,56.6,Safe
2026-03-18 12:10:48 UTC,25,27,21.91,1946.09,31.9,56.6,Safe
2026-03-18 12:10:58 UTC,25,28,20.22,1924.81,31.9,56.6,Safe
2026-03-18 12:11:08 UTC,25,26,22.12,1948.76,31.9,56.6,Safe
2026-03-18 12:11:18 UTC,24,26,20.82,1930.12,31.9,56.7,Safe
2026-03-18 12:11:28 UTC,24,27,22.06,1946.09,31.9,56.8,Safe
2026-03-18 12:11:38 UTC,26,30,20.45,1924.81,31.9,57.1,Safe
2026-03-18 12:11:48 UTC,23,27,21.46,1940.77,31.9,57.2,Safe
2026-03-18 12:11:58 UTC,24,27,21.95,1948.76,31.8,57.2,Safe
2026-03-18 12:12:08 UTC,25,28,21.87,1946.09,31.8,57.2,Safe
2026-03-18 12:12:18 UTC,25,27,20.69,1930.12,31.9,57.1,Safe
2026-03-18 12:12:28 UTC,24,26,20.55,1924.81,31.9,57.1,Safe
2026-03-18 12:12:38 UTC,25,28,22.37,1948.76,31.9,57.1,Safe
2026-03-18 12:12:48 UTC,26,28,21.08,1938.11,31.9,57.1,Safe
2026-03-18 12:12:58 UTC,27,28,21.95,1946.09,31.8,57.3,Safe
2026-03-18 12:13:08 UTC,25,26,20.88,1927.46,31.8,57.5,Safe
2026-03-18 12:13:18 UTC,24,26,22.01,1948.76,31.8,57.5,Safe
2026-03-18 12:13:28 UTC,24,26,20.92,1930.12,31.8,57.6,Safe
2026-03-18 12:13:38 UTC,24,26,22.22,1948.76,31.8,57.6,Safe
2026-03-18 12:13:48 UTC,24,26,20.13,1924.81,31.7,57.8,Safe
2026-03-18 12:13:58 UTC,25,27,21.66,1938.11,31.7,57.7,Safe
2026-03-18 12:14:08 UTC,25,27,21.91,1946.09,31.7,57.8,Safe
2026-03-18 12:14:18 UTC,23,28,20.49,1927.46,31.7,57.7,Safe
2026-03-18 12:14:28 UTC,23,30,21.91,1946.09,31.7,57.7,Safe
2026-03-18 12:14:38 UTC,25,30,20.59,1927.46,31.7,57.6,Safe
2026-03-18 12:14:48 UTC,24,26,21.95,1943.43,31.7,57.3,Safe
2026-03-18 12:14:58 UTC,24,28,20.78,1930.12,31.7,57.1,Safe
2026-03-18 12:15:08 UTC,24,27,21.81,1940.77,31.7,57.0,Safe
2026-03-18 12:15:18 UTC,24,26,20.78,1924.81,31.7,57.1,Safe
2026-03-18 12:15:28 UTC,25,26,22.06,1946.09,31.6,57.1,Safe
2026-03-18 12:15:38 UTC,25,26,21.81,1943.43,31.6,57.3,Safe
2026-03-18 12:15:48 UTC,25,26,22.26,1948.76,31.6,57.9,Safe
2026-03-18 12:15:58 UTC,25,27,21.26,1938.11,31.6,58.0,Safe
2026-03-18 12:16:08 UTC,22,26,20.59,1930.12,31.6,57.8,Safe
2026-03-18 12:16:18 UTC,23,24,21.81,1940.77,31.6,57.8,Safe
2026-03-18 12:16:28 UTC,25,25,20.49,1927.46,31.6,57.7,Safe
2026-03-18 12:16:38 UTC,23,25,21.81,1946.09,31.7,57.5,Safe
2026-03-18 12:16:48 UTC,22,25,20.73,1927.46,31.7,57.3,Safe
2026-03-18 12:16:58 UTC,23,24,21.87,1946.09,31.7,57.4,Safe
2026-03-18 12:17:08 UTC,24,28,20.82,1930.12,31.6,57.3,Safe
2026-03-18 12:17:18 UTC,25,29,21.81,1948.76,31.6,57.4,Safe
2026-03-18 12:17:28 UTC,26,28,20.55,1927.46,31.6,57.4,Safe
2026-03-18 12:17:38 UTC,24,25,20.65,1930.12,31.6,57.4,Safe
2026-03-18 12:17:48 UTC,24,24,22.06,1946.09,31.6,57.3,Safe
2026-03-18 12:17:58 UTC,25,25,20.73,1927.46,31.6,57.4,Safe
2026-03-18 12:18:08 UTC,24,26,21.91,1946.09,31.6,57.5,Safe
2026-03-18 12:18:18 UTC,27,28,19.75,1916.82,31.6,57.5,Safe
2026-03-18 12:18:28 UTC,24,26,22.01,1946.09,31.5,57.6,Safe
2026-03-18 12:18:38 UTC,24,27,20.59,1924.81,31.5,57.7,Safe
2026-03-18 12:18:48 UTC,24,28,21.77,1938.11,31.5,57.7,Safe
2026-03-18 12:18:58 UTC,24,25,20.55,1930.12,31.5,58.0,Safe
2026-03-18 12:19:08 UTC,25,26,21.87,1943.43,31.5,58.2,Safe
2026-03-18 12:19:18 UTC,25,28,21.02,1932.79,31.5,57.9,Safe
2026-03-18 12:19:28 UTC,26,30,20.88,1927.46,31.5,57.9,Safe
2026-03-18 12:19:38 UTC,24,27,21.95,1946.09,31.5,57.8,Safe
2026-03-18 12:19:48 UTC,23,25,19.47,1911.49,31.5,57.7,Safe
2026-03-18 12:19:58 UTC,23,27,22.06,1943.43,31.5,57.7,Safe
2026-03-18 12:20:08 UTC,24,26,20.65,1927.46,31.5,57.9,Safe
2026-03-18 12:20:18 UTC,24,27,22.01,1943.43,31.5,57.8,Safe
2026-03-18 12:20:28 UTC,24,29,20.88,1930.12,31.5,57.7,Safe
2026-03-18 12:20:38 UTC,24,28,22.06,1946.09,31.5,57.7,Safe
2026-03-18 12:20:48 UTC,25,29,20.49,1922.14,31.5,57.8,Safe
2026-03-18 12:20:58 UTC,25,28,21.87,1946.09,31.6,57.8,Safe
2026-03-18 12:21:08 UTC,27,30,20.69,1927.46,31.6,57.7,Safe
2026-03-18 12:21:18 UTC,26,29,20.26,1922.14,31.6,57.6,Safe
2026-03-18 12:21:28 UTC,23,25,21.87,1943.43,31.6,57.7,Safe
2026-03-18 12:21:38 UTC,23,23,20.98,1930.12,31.6,57.7,Safe
2026-03-18 12:21:48 UTC,23,23,21.87,1943.43,31.6,57.8,Safe
2026-03-18 12:21:58 UTC,22,23,20.88,1930.12,31.6,57.9,Safe
2026-03-18 12:22:08 UTC,21,22,21.95,1948.76,31.6,58.2,Safe
2026-03-18 12:22:18 UTC,21,22,20.78,1930.12,31.6,58.1,Safe
2026-03-18 12:22:28 UTC,22,23,22.12,1946.09,31.6,58.1,Safe
2026-03-18 12:22:38 UTC,24,26,20.98,1930.12,31.6,58.0,Safe
2026-03-18 12:22:48 UTC,25,29,22.26,1948.76,31.5,57.9,Safe
2026-03-18 12:22:58 UTC,26,31,22.52,1948.76,31.6,58.1,Safe
2026-03-18 12:23:08 UTC,26,32,20.92,1930.12,31.6,58.1,Safe
2026-03-18 12:23:18 UTC,27,31,21.95,1943.43,31.6,57.9,Safe
2026-03-18 12:23:28 UTC,26,30,20.73,1930.12,31.6,57.9,Safe
2026-03-18 12:23:38 UTC,28,32,22.06,1946.09,31.6,57.8,Safe
2026-03-18 12:23:48 UTC,27,31,20.78,1930.12,31.6,57.8,Safe
2026-03-18 12:23:58 UTC,28,32,21.95,1948.76,31.6,57.9,Safe
2026-03-18 12:24:08 UTC,26,31,21.02,1930.12,31.6,57.9,Safe
2026-03-18 12:24:18 UTC,25,28,21.66,1943.43,31.6,57.9,Safe
2026-03-18 12:24:28 UTC,23,26,21.91,1948.76,31.6,57.8,Safe
2026-03-18 12:24:38 UTC,24,26,22.12,1946.09,31.6,57.9,Safe
2026-03-18 12:24:48 UTC,24,26,20.78,1930.12,31.6,58.0,Safe
2026-03-18 12:24:58 UTC,25,26,20.55,1927.46,31.6,58.1,Safe
2026-03-18 12:25:08 UTC,23,24,21.81,1943.43,31.6,58.1,Safe
2026-03-18 12:25:18 UTC,23,24,20.73,1930.12,31.6,58.2,Safe
2026-03-18 12:25:28 UTC,23,23,21.95,1946.09,31.6,58.0,Safe
2026-03-18 12:25:38 UTC,25,27,20.88,1927.46,31.6,58.0,Safe
2026-03-18 12:25:48 UTC,24,29,21.91,1946.09,31.6,58.1,Safe
2026-03-18 12:25:58 UTC,24,28,20.45,1924.81,31.6,58.1,Safe
2026-03-18 12:26:08 UTC,23,30,22.33,1948.76,31.6,58.1,Safe
2026-03-18 12:26:18 UTC,24,28,20.59,1930.12,31.6,58.1,Safe
2026-03-18 12:26:28 UTC,27,32,22.16,1943.43,31.6,58.1,Safe
2026-03-18 12:26:38 UTC,27,31,22.06,1946.09,31.6,58.0,Safe
2026-03-18 12:26:48 UTC,25,28,20.3,1922.14,31.7,57.9,Safe
2026-03-18 12:26:58 UTC,23,26,21.95,1946.09,31.7,57.8,Safe
2026-03-18 12:27:08 UTC,23,27,20.78,1930.12,31.7,57.7,Safe
2026-03-18 12:27:18 UTC,22,24,22.16,1948.76,31.7,57.8,Safe
2026-03-18 12:27:28 UTC,23,24,20.98,1930.12,31.7,57.8,Safe
2026-03-18 12:27:38 UTC,24,25,22.06,1946.09,31.7,57.7,Safe
2026-03-18 12:27:48 UTC,23,25,21.02,1927.46,31.7,57.6,Safe
2026-03-18 12:27:58 UTC,22,24,21.81,1940.77,31.8,57.8,Safe
2026-03-18 12:28:08 UTC,21,27,21.81,1943.43,31.8,58.0,Safe
2026-03-18 12:28:18 UTC,21,24,22.12,1948.76,31.7,58.3,Safe
2026-03-18 12:28:28 UTC,21,24,21.95,1946.09,31.8,58.2,Safe
2026-03-18 12:28:38 UTC,22,25,20.59,1930.12,31.8,58.1,Safe
2026-03-18 12:28:48 UTC,22,24,22.12,1943.43,31.8,57.9,Safe
2026-03-18 12:28:58 UTC,24,24,20.4,1922.14,31.7,58.1,Safe
2026-03-18 12:29:08 UTC,24,27,21.81,1946.09,31.7,57.9,Safe
2026-03-18 12:29:18 UTC,25,28,20.73,1930.12,31.7,57.9,Safe
2026-03-18 12:29:28 UTC,24,27,21.81,1943.43,31.7,57.9,Safe
2026-03-18 12:29:38 UTC,22,24,20.92,1930.12,31.7,57.8,Safe
2026-03-18 12:29:48 UTC,23,23,21.91,1943.43,31.6,57.8,Safe
2026-03-18 12:29:58 UTC,22,23,20.88,1930.12,31.6,57.8,Safe
2026-03-18 12:30:08 UTC,22,24,21.02,1930.12,31.6,57.9,Safe
2026-03-18 12:30:18 UTC,24,24,21.87,1948.76,31.6,57.8,Safe
2026-03-18 12:30:28 UTC,25,27,20.26,1924.81,31.7,57.8,Safe
2026-03-18 12:30:38 UTC,23,25,22.37,1946.09,31.6,57.8,Safe
2026-03-18 12:30:48 UTC,25,27,20.73,1930.12,31.6,57.7,Safe
2026-03-18 12:30:58 UTC,26,28,21.81,1946.09,31.7,57.8,Safe
2026-03-18 12:31:08 UTC,25,26,20.59,1927.46,31.6,57.8,Safe
2026-03-18 12:31:18 UTC,24,25,21.95,1948.76,31.6,57.8,Safe
2026-03-18 12:31:28 UTC,23,24,20.78,1930.12,31.6,57.9,Safe
2026-03-18 12:31:38 UTC,22,23,21.81,1946.09,31.6,58.1,Safe
2026-03-18 12:31:48 UTC,22,25,22.26,1943.43,31.6,58.0,Safe
2026-03-18 12:31:58 UTC,22,26,20.55,1930.12,31.6,57.8,Safe
2026-03-18 12:32:08 UTC,23,27,21.81,1948.76,31.6,57.8,Safe
2026-03-18 12:32:18 UTC,24,27,20.55,1930.12,31.6,57.6,Safe
2026-03-18 12:32:28 UTC,22,26,22.12,1946.09,31.6,57.6,Safe
2026-03-18 12:32:38 UTC,22,25,20.55,1924.81,31.5,57.5,Safe
2026-03-18 12:32:48 UTC,22,24,22.06,1943.43,31.5,57.7,Safe
2026-03-18 12:32:58 UTC,22,23,20.49,1927.46,31.5,57.8,Safe
2026-03-18 12:33:08 UTC,21,23,21.32,1935.45,31.5,58.0,Safe
2026-03-18 12:33:18 UTC,22,23,22.01,1943.43,31.5,57.8,Safe
2026-03-18 12:33:28 UTC,22,25,21.81,1940.77,31.4,57.9,Safe
2026-03-18 12:33:38 UTC,22,27,20.17,1922.14,31.4,57.9,Safe
2026-03-18 12:33:48 UTC,22,30,20.92,1930.12,31.4,58.0,Safe
2026-03-18 12:33:58 UTC,22,29,21.81,1943.43,31.4,58.0,Safe
2026-03-18 12:34:08 UTC,22,26,20.69,1927.46,31.4,58.0,Safe
2026-03-18 12:34:18 UTC,22,25,21.91,1946.09,31.4,57.9,Safe
2026-03-18 12:34:28 UTC,23,27,20.78,1927.46,31.4,57.9,Safe
2026-03-18 12:34:38 UTC,24,26,21.81,1938.11,31.4,57.9,Safe
2026-03-18 12:34:48 UTC,24,25,20.78,1930.12,31.4,57.9,Safe
2026-03-18 12:34:58 UTC,24,26,22.16,1948.76,31.4,57.8,Safe
2026-03-18 12:35:08 UTC,22,25,20.36,1922.14,31.4,57.8,Safe
2026-03-18 12:35:18 UTC,22,23,21.87,1943.43,31.4,57.8,Safe
2026-03-18 12:35:28 UTC,23,24,22.12,1943.43,31.4,57.8,Safe
2026-03-18 12:35:38 UTC,23,25,20.78,1930.12,31.4,58.0,Safe
2026-03-18 12:35:48 UTC,23,25,21.95,1948.76,31.4,58.0,Safe
2026-03-18 12:35:58 UTC,23,24,20.3,1922.14,31.3,58.1,Safe
2026-03-18 12:36:08 UTC,24,26,21.87,1946.09,31.2,58.3,Safe
2026-03-18 12:36:18 UTC,24,27,20.55,1927.46,31.2,58.5,Safe
2026-03-18 12:36:28 UTC,23,26,21.91,1943.43,31.2,58.6,Safe
2026-03-18 12:36:38 UTC,24,27,20.78,1927.46,31.2,58.5,Safe
2026-03-18 12:36:48 UTC,22,28,21.36,1940.77,31.2,58.5,Safe
2026-03-18 12:36:58 UTC,23,29,22.06,1946.09,31.3,58.6,Safe
2026-03-18 12:37:08 UTC,21,26,21.81,1940.77,31.3,58.5,Safe
2026-03-18 12:37:18 UTC,21,25,22.01,1946.09,31.3,58.5,Safe
2026-03-18 12:37:28 UTC,21,24,20.88,1930.12,31.3,58.5,Safe
2026-03-18 12:37:38 UTC,21,24,21.95,1943.43,31.3,58.5,Safe
2026-03-18 12:37:48 UTC,21,23,20.36,1930.12,31.4,58.8,Safe
2026-03-18 12:37:58 UTC,23,25,21.91,1943.43,31.4,58.9,Safe
2026-03-18 12:38:08 UTC,24,25,20.69,1930.12,31.4,59.0,Safe
2026-03-18 12:38:18 UTC,23,25,21.91,1946.09,31.4,59.1,Safe
2026-03-18 12:38:28 UTC,23,25,20.55,1930.12,31.5,59.1,Safe
2026-03-18 12:38:38 UTC,23,26,22.06,1946.09,31.5,59.1,Safe
2026-03-18 12:38:48 UTC,21,27,20.59,1930.12,31.5,59.1,Safe
2026-03-18 12:38:58 UTC,21,25,22.37,1948.76,31.5,59.0,Safe
2026-03-18 12:39:08 UTC,21,27,21.81,1940.77,31.5,58.8,Safe
2026-03-18 12:39:18 UTC,21,24,20.69,1927.46,31.6,58.8,Safe
2026-03-18 12:39:28 UTC,21,23,21.56,1940.77,31.6,58.9,Safe
2026-03-18 12:39:38 UTC,21,24,21.02,1930.12,31.6,58.7,Safe
2026-03-18 12:39:48 UTC,20,24,22.16,1946.09,31.6,58.7,Safe
2026-03-18 12:39:58 UTC,20,24,20.92,1927.46,31.6,58.6,Safe
2026-03-18 12:40:08 UTC,21,22,22.41,1943.43,31.6,58.4,Safe
2026-03-18 12:40:18 UTC,21,22,20.92,1930.12,31.7,58.2,Safe
2026-03-18 12:40:28 UTC,22,24,22.26,1948.76,31.7,58.0,Safe
2026-03-18 12:40:38 UTC,22,23,21.77,1946.09,31.7,57.9,Safe
2026-03-18 12:40:48 UTC,21,24,20.69,1924.81,31.6,57.7,Safe
2026-03-18 12:40:58 UTC,21,23,22.22,1943.43,31.6,57.8,Safe
2026-03-18 12:41:08 UTC,21,22,20.49,1919.48,31.6,57.9,Safe
2026-03-18 12:41:18 UTC,21,25,21.6,1940.77,31.6,58.0,Safe
2026-03-18 12:41:28 UTC,22,27,20.69,1924.81,31.6,58.0,Safe
2026-03-18 12:41:38 UTC,22,25,21.71,1943.43,31.6,58.0,Safe
2026-03-18 12:41:48 UTC,21,22,20.59,1927.46,31.6,57.8,Safe
2026-03-18 12:41:58 UTC,21,21,21.52,1938.11,31.5,57.8,Safe
2026-03-18 12:42:08 UTC,23,23,20.59,1930.12,31.4,57.9,Safe
2026-03-18 12:42:18 UTC,23,23,21.95,1946.09,31.4,58.1,Safe
2026-03-18 12:42:28 UTC,22,23,20.92,1927.46,31.4,58.2,Safe
2026-03-18 12:42:38 UTC,21,23,20.59,1930.12,31.4,58.2,Safe
2026-03-18 12:42:48 UTC,20,22,22.33,1948.76,31.4,58.1,Safe
2026-03-18 12:42:58 UTC,21,22,20.73,1930.12,31.4,58.2,Safe
2026-03-18 12:43:08 UTC,22,23,21.95,1946.09,31.4,58.1,Safe
2026-03-18 12:43:18 UTC,23,24,20.88,1930.12,31.5,58.1,Safe
2026-03-18 12:43:28 UTC,22,23,22.16,1943.43,31.5,58.1,Safe
2026-03-18 12:43:38 UTC,22,24,20.82,1930.12,31.5,58.1,Safe
2026-03-18 12:43:48 UTC,21,24,21.36,1940.77,31.5,58.1,Safe
2026-03-18 12:43:58 UTC,21,24,20.13,1916.82,31.5,58.1,Safe
2026-03-18 12:44:08 UTC,22,25,21.95,1943.43,31.6,58.0,Safe
2026-03-18 12:44:18 UTC,23,26,22.06,1946.09,31.6,57.9,Safe
2026-03-18 12:44:28 UTC,23,26,20.78,1924.81,31.6,58.0,Safe
2026-03-18 12:44:38 UTC,24,26,21.66,1938.11,31.6,58.1,Safe
2026-03-18 12:44:48 UTC,23,26,20.49,1927.46,31.6,58.1,Safe
2026-03-18 12:44:58 UTC,24,25,21.81,1943.43,31.6,58.0,Safe
2026-03-18 12:45:08 UTC,22,25,20.3,1922.14,31.6,58.0,Safe
2026-03-18 12:45:18 UTC,22,25,21.52,1946.09,31.6,57.9,Safe
2026-03-18 12:45:28 UTC,23,25,20.49,1930.12,31.6,57.9,Safe
2026-03-18 12:45:38 UTC,23,25,22.12,1943.43,31.6,58.0,Safe
2026-03-18 12:45:48 UTC,24,26,21.91,1946.09,31.6,58.1,Safe
2026-03-18 12:45:58 UTC,23,26,21.95,1946.09,31.6,58.2,Safe
2026-03-18 12:46:08 UTC,24,25,20.88,1930.12,31.6,58.4,Safe
2026-03-18 12:46:18 UTC,24,25,20.98,1930.12,31.6,58.7,Safe
2026-03-18 12:46:28 UTC,23,24,22.06,1946.09,31.6,58.8,Safe
2026-03-18 12:46:38 UTC,24,27,20.73,1930.12,31.7,58.8,Safe
2026-03-18 12:46:48 UTC,25,27,22.01,1946.09,31.7,58.7,Safe
2026-03-18 12:46:58 UTC,25,26,20.88,1930.12,31.7,58.7,Safe
2026-03-18 12:47:08 UTC,23,26,21.36,1938.11,31.7,58.9,Safe
2026-03-18 12:47:18 UTC,22,23,20.98,1930.12,31.7,58.8,Safe
2026-03-18 12:47:28 UTC,23,24,22.12,1943.43,31.7,58.7,Safe
2026-03-18 12:47:38 UTC,23,26,20.55,1930.12,31.7,58.8,Safe
2026-03-18 12:47:48 UTC,23,28,21.87,1940.77,31.7,58.9,Safe
2026-03-18 12:47:58 UTC,22,25,21.95,1948.76,31.8,58.9,Safe
2026-03-18 12:48:08 UTC,22,23,20.92,1930.12,31.7,58.9,Safe
2026-03-18 12:48:18 UTC,22,23,22.22,1943.43,31.8,59.2,Safe
2026-03-18 12:48:28 UTC,22,23,20.69,1930.12,31.8,59.2,Safe
2026-03-18 12:48:38 UTC,21,24,21.56,1940.77,31.8,59.1,Safe
2026-03-18 12:48:48 UTC,21,24,20.78,1930.12,31.8,58.8,Safe
2026-03-18 12:48:58 UTC,21,22,21.91,1946.09,31.8,58.9,Safe
2026-03-18 12:49:08 UTC,21,22,21.02,1930.12,31.8,58.9,Safe
2026-03-18 12:49:18 UTC,21,22,21.91,1948.76,31.9,59.4,Safe
2026-03-18 12:49:28 UTC,22,25,21.95,1943.43,31.9,59.4,Safe
2026-03-18 12:49:38 UTC,22,25,21.91,1948.76,31.9,59.4,Safe
2026-03-18 12:49:48 UTC,22,25,22.06,1946.09,31.8,58.8,Safe
2026-03-18 12:49:58 UTC,21,24,21.02,1930.12,31.8,58.9,Safe
2026-03-18 12:50:08 UTC,23,25,22.01,1946.09,31.8,58.9,Safe
2026-03-18 12:50:18 UTC,21,23,20.98,1930.12,31.8,58.8,Safe
2026-03-18 12:50:28 UTC,21,24,21.95,1946.09,31.7,58.7,Safe
2026-03-18 12:50:38 UTC,22,23,20.73,1930.12,31.7,58.7,Safe
2026-03-18 12:50:48 UTC,22,22,21.56,1943.43,31.7,58.5,Safe
2026-03-18 12:50:58 UTC,23,25,20.22,1922.14,31.6,58.3,Safe
2026-03-18 12:51:08 UTC,23,28,21.46,1940.77,31.6,58.5,Safe
2026-03-18 12:51:18 UTC,23,25,20.73,1927.46,31.7,58.8,Safe
2026-03-18 12:51:28 UTC,24,25,21.71,1940.77,31.7,58.9,Safe
2026-03-18 12:51:38 UTC,22,25,21.91,1940.77,31.7,59.1,Safe
2026-03-18 12:51:48 UTC,24,26,20.98,1930.12,31.8,59.1,Safe
2026-03-18 12:51:58 UTC,23,25,21.91,1943.43,31.8,58.8,Safe
2026-03-18 12:52:08 UTC,23,27,20.59,1924.81,31.9,58.7,Safe
2026-03-18 12:52:18 UTC,22,26,22.12,1948.76,31.9,58.6,Safe
2026-03-18 12:52:28 UTC,23,25,20.92,1930.12,31.9,58.4,Safe
2026-03-18 12:52:38 UTC,24,27,22.01,1946.09,32.0,58.2,Safe
2026-03-18 12:52:48 UTC,24,27,20.78,1927.46,32.0,58.2,Safe
2026-03-18 12:52:58 UTC,24,26,22.16,1946.09,32.1,58.3,Safe
2026-03-18 12:53:08 UTC,24,25,22.16,1946.09,32.1,58.3,Safe
2026-03-18 12:53:18 UTC,24,24,20.98,1927.46,32.1,58.3,Safe
2026-03-18 12:53:28 UTC,22,23,21.56,1940.77,32.1,58.2,Safe
2026-03-18 12:53:38 UTC,22,22,20.49,1930.12,32.1,57.8,Safe
2026-03-18 12:53:48 UTC,22,23,22.12,1946.09,32.1,57.5,Safe
2026-03-18 12:53:58 UTC,22,23,20.65,1930.12,32.0,57.4,Safe
2026-03-18 12:54:08 UTC,21,22,22.06,1948.76,32.1,57.6,Safe
2026-03-18 12:54:18 UTC,21,22,20.88,1927.46,32.0,57.5,Safe
2026-03-18 12:54:28 UTC,21,23,21.91,1948.76,32.1,57.6,Safe
2026-03-18 12:54:38 UTC,22,24,22.01,1948.76,32.1,57.8,Safe
2026-03-18 12:54:48 UTC,22,24,21.91,1948.76,32.1,57.9,Safe
2026-03-18 12:54:58 UTC,23,25,21.02,1930.12,32.1,58.1,Safe
2026-03-18 12:55:08 UTC,25,26,20.98,1930.12,32.1,58.1,Safe
2026-03-18 12:55:18 UTC,24,25,22.06,1943.43,32.1,58.1,Safe
2026-03-18 12:55:28 UTC,25,26,20.92,1930.12,32.2,58.1,Safe
2026-03-18 12:55:38 UTC,24,24,21.6,1943.43,32.2,58.0,Safe
2026-03-18 12:55:48 UTC,25,25,20.3,1924.81,32.2,57.8,Safe
2026-03-18 12:55:58 UTC,25,27,22.16,1943.43,32.2,57.7,Safe
2026-03-18 12:56:08 UTC,25,29,20.13,1919.48,32.2,57.8,Safe
2026-03-18 12:56:18 UTC,26,28,21.87,1940.77,32.2,57.9,Safe
2026-03-18 12:56:28 UTC,25,26,20.73,1930.12,32.2,57.9,Safe
2026-03-18 12:56:38 UTC,26,27,21.87,1946.09,32.2,57.9,Safe
2026-03-18 12:56:48 UTC,24,27,21.52,1940.77,32.2,57.9,Safe
2026-03-18 12:56:58 UTC,24,28,20.92,1930.12,32.2,58.0,Safe
2026-03-18 12:57:08 UTC,24,26,22.06,1948.76,32.2,58.1,Safe
2026-03-18 12:57:18 UTC,24,25,20.78,1930.12,32.2,58.2,Safe
2026-03-18 12:57:28 UTC,24,25,21.91,1946.09,32.2,58.2,Safe
2026-03-18 12:57:38 UTC,25,26,20.78,1930.12,32.2,58.0,Safe
2026-03-18 12:57:48 UTC,24,26,21.95,1946.09,32.2,57.9,Safe
2026-03-18 12:57:58 UTC,23,25,20.69,1930.12,32.2,57.7,Safe
2026-03-18 12:58:08 UTC,23,25,22.12,1943.43,32.3,57.6,Safe
2026-03-18 12:58:18 UTC,22,26,21.81,1943.43,32.2,57.4,Safe
2026-03-18 12:58:28 UTC,24,26,21.87,1943.43,32.2,57.4,Safe
2026-03-18 12:58:38 UTC,26,27,21.91,1948.76,32.2,57.3,Safe
2026-03-18 12:58:48 UTC,26,26,21.02,1930.12,32.2,57.3,Safe
2026-03-18 12:58:58 UTC,26,26,21.95,1948.76,32.2,57.3,Safe
2026-03-18 12:59:08 UTC,24,25,20.88,1930.12,32.2,57.2,Safe
2026-03-18 12:59:18 UTC,24,25,22.12,1948.76,32.2,57.1,Safe
2026-03-18 12:59:28 UTC,23,24,21.22,1930.12,32.2,57.0,Safe
2026-03-18 12:59:38 UTC,24,25,22.26,1948.76,32.2,57.0,Safe
2026-03-18 12:59:48 UTC,25,26,20.98,1927.46,32.2,57.1,Safe
2026-03-18 12:59:58 UTC,26,27,22.06,1948.76,32.3,56.8,Safe
2026-03-18 13:00:08 UTC,27,28,21.02,1930.12,32.3,56.8,Safe
2026-03-18 13:00:18 UTC,27,29,20.73,1927.46,32.3,56.8,Safe
2026-03-18 13:00:28 UTC,27,30,21.95,1946.09,32.3,56.7,Safe
2026-03-18 13:00:38 UTC,26,32,20.78,1930.12,32.3,57.0,Safe
2026-03-18 13:00:48 UTC,25,29,21.95,1948.76,32.4,57.0,Safe
2026-03-18 13:00:58 UTC,25,28,20.73,1930.12,32.4,57.2,Safe
2026-03-18 13:01:08 UTC,25,27,22.26,1948.76,32.4,57.1,Safe
2026-03-18 13:01:18 UTC,26,28,20.98,1930.12,32.4,57.0,Safe
2026-03-18 13:01:28 UTC,26,26,21.95,1948.76,32.4,56.9,Safe
2026-03-18 13:01:38 UTC,25,27,20.88,1930.12,32.4,56.9,Safe
2026-03-18 13:01:48 UTC,25,26,21.95,1946.09,32.4,56.9,Safe
2026-03-18 13:01:58 UTC,26,26,22.37,1948.76,32.4,56.9,Safe
2026-03-18 13:02:08 UTC,24,25,20.3,1924.81,32.4,56.6,Safe
2026-03-18 13:02:18 UTC,24,27,22.12,1948.76,32.4,56.7,Safe
2026-03-18 13:02:28 UTC,24,27,20.92,1930.12,32.4,56.5,Safe
2026-03-18 13:02:38 UTC,25,28,21.81,1940.77,32.4,56.4,Safe
2026-03-18 13:02:48 UTC,24,27,20.78,1927.46,32.4,56.3,Safe
2026-03-18 13:02:58 UTC,23,26,21.81,1946.09,32.4,56.1,Safe
2026-03-18 13:03:08 UTC,23,25,21.02,1930.12,32.5,56.1,Safe
2026-03-18 13:03:18 UTC,23,26,22.37,1946.09,32.5,56.1,Safe
2026-03-18 13:03:28 UTC,23,27,22.16,1946.09,32.5,56.1,Safe
2026-03-18 13:03:38 UTC,23,26,22.12,1948.76,32.5,56.2,Safe
2026-03-18 13:03:48 UTC,23,27,20.98,1930.12,32.5,56.2,Safe
2026-03-18 13:03:58 UTC,23,26,20.78,1927.46,32.5,56.4,Safe
2026-03-18 13:04:08 UTC,23,27,22.12,1946.09,32.5,56.5,Safe
2026-03-18 13:04:18 UTC,24,27,20.4,1922.14,32.5,56.6,Safe
2026-03-18 13:04:28 UTC,24,28,21.95,1943.43,32.5,56.5,Safe
2026-03-18 13:04:38 UTC,23,29,21.02,1930.12,32.5,56.6,Safe
2026-03-18 13:04:48 UTC,23,28,21.81,1943.43,32.5,56.6,Safe
2026-03-18 13:04:58 UTC,23,28,20.73,1930.12,32.5,56.6,Safe
2026-03-18 13:05:08 UTC,22,29,21.81,1946.09,32.5,56.3,Safe
2026-03-18 13:05:18 UTC,21,26,20.4,1927.46,32.4,55.9,Safe
2026-03-18 13:05:28 UTC,22,25,21.77,1940.77,32.3,56.0,Safe
2026-03-18 13:05:38 UTC,23,27,22.06,1946.09,32.3,56.4,Safe
2026-03-18 13:05:48 UTC,23,26,20.92,1930.12,32.3,56.3,Safe
2026-03-18 13:05:58 UTC,24,27,21.87,1943.43,32.2,56.3,Safe
2026-03-18 13:06:08 UTC,24,26,20.3,1927.46,32.2,56.5,Safe
2026-03-18 13:06:18 UTC,24,25,22.12,1948.76,32.2,56.7,Safe
2026-03-18 13:06:28 UTC,23,25,20.73,1927.46,32.2,57.0,Safe
2026-03-18 13:06:38 UTC,23,24,22.16,1943.43,32.2,57.1,Safe
2026-03-18 13:06:48 UTC,24,27,20.78,1930.12,32.2,57.3,Safe
2026-03-18 13:06:58 UTC,23,27,22.37,1948.76,32.2,57.2,Safe
2026-03-18 13:07:08 UTC,23,27,21.87,1948.76,32.2,57.1,Safe
2026-03-18 13:07:18 UTC,23,29,22.41,1946.09,32.3,57.0,Safe
2026-03-18 13:07:28 UTC,23,29,21.12,1940.77,32.3,56.9,Safe
2026-03-18 13:07:38 UTC,24,28,20.59,1924.81,32.3,56.6,Safe
2026-03-18 13:07:48 UTC,24,27,21.91,1946.09,32.2,56.4,Safe
2026-03-18 13:07:58 UTC,25,27,20.45,1922.14,32.2,56.5,Safe
2026-03-18 13:08:08 UTC,25,27,21.95,1943.43,32.2,56.7,Safe
2026-03-18 13:08:18 UTC,25,27,20.88,1930.12,32.2,56.8,Safe
2026-03-18 13:08:28 UTC,25,26,22.01,1946.09,32.2,57.1,Safe
2026-03-18 13:08:38 UTC,24,24,20.36,1922.14,32.2,57.2,Safe
2026-03-18 13:08:48 UTC,24,25,21.95,1948.76,32.2,57.7,Safe
2026-03-18 13:08:58 UTC,24,26,20.49,1924.81,32.2,57.8,Safe
2026-03-18 13:09:08 UTC,24,26,22.06,1948.76,32.2,57.6,Safe
2026-03-18 13:09:18 UTC,25,27,22.16,1946.09,32.2,57.3,Safe
2026-03-18 13:09:28 UTC,23,24,20.65,1930.12,32.2,57.5,Safe
2026-03-18 13:09:38 UTC,22,25,22.01,1946.09,32.2,57.5,Safe
2026-03-18 13:09:48 UTC,23,26,20.78,1930.12,32.2,57.3,Safe
2026-03-18 13:09:58 UTC,24,26,22.37,1946.09,32.2,57.1,Safe
2026-03-18 13:10:08 UTC,26,28,20.36,1924.81,32.2,56.9,Safe
2026-03-18 13:10:18 UTC,25,27,21.91,1946.09,32.3,56.8,Safe
2026-03-18 13:10:28 UTC,24,29,20.22,1922.14,32.3,56.9,Safe
2026-03-18 13:10:38 UTC,24,27,22.16,1948.76,32.3,57.1,Safe
2026-03-18 13:10:48 UTC,25,28,22.06,1946.09,32.3,57.2,Safe
2026-03-18 13:10:58 UTC,25,28,20.22,1924.81,32.3,57.5,Safe
2026-03-18 13:11:08 UTC,26,28,22.12,1943.43,32.3,57.4,Safe
2026-03-18 13:11:18 UTC,26,27,20.59,1930.12,32.4,57.2,Safe
2026-03-18 13:11:28 UTC,25,27,22.26,1946.09,32.4,56.9,Safe
2026-03-18 13:11:38 UTC,25,28,20.88,1930.12,32.4,56.6,Safe
2026-03-18 13:11:48 UTC,25,28,22.26,1948.76,32.4,56.5,Safe
2026-03-18 13:11:58 UTC,25,27,20.88,1930.12,32.4,56.4,Safe
2026-03-18 13:12:08 UTC,26,27,21.95,1946.09,32.4,56.2,Safe
2026-03-18 13:12:18 UTC,24,28,22.12,1946.09,32.4,56.4,Safe
2026-03-18 13:12:28 UTC,23,27,27.3,2001.99,32.4,56.5,Safe
2026-03-18 13:12:38 UTC,24,27,22.58,1946.09,32.3,56.6,Safe
2026-03-18 13:12:48 UTC,26,29,22.58,1948.76,32.3,56.9,Safe
2026-03-18 13:12:58 UTC,27,30,23.58,1964.73,32.3,57.2,Safe
2026-03-18 13:13:08 UTC,28,34,22.62,1946.09,32.2,57.2,Safe
2026-03-18 13:13:18 UTC,27,32,24.07,1964.73,32.2,57.5,Safe
2026-03-18 13:13:28 UTC,28,32,22.62,1948.76,32.2,57.6,Safe
2026-03-18 13:13:38 UTC,28,33,24.23,1967.39,32.2,57.6,Safe
2026-03-18 13:13:48 UTC,27,31,22.58,1946.09,32.2,57.5,Safe
2026-03-18 13:13:58 UTC,26,29,23.05,1959.41,32.2,57.2,Safe
2026-03-18 13:14:08 UTC,26,27,22.48,1946.09,32.2,57.1,Safe
2026-03-18 13:14:18 UTC,27,29,23.96,1964.73,32.2,57.1,Safe
2026-03-18 13:14:28 UTC,27,29,23.8,1962.06,32.2,57.1,Safe
2026-03-18 13:14:38 UTC,25,27,22.52,1946.09,32.2,57.2,Safe
2026-03-18 13:14:48 UTC,25,28,23.96,1964.73,32.2,57.6,Safe
2026-03-18 13:14:58 UTC,27,30,22.01,1940.77,32.2,57.8,Safe
2026-03-18 13:15:08 UTC,26,28,23.76,1964.73,32.2,57.6,Safe
2026-03-18 13:15:18 UTC,24,25,22.37,1946.09,32.2,57.5,Safe
2026-03-18 13:15:28 UTC,27,28,23.76,1962.06,32.2,57.3,Safe
2026-03-18 13:15:38 UTC,26,29,22.26,1943.43,32.2,57.2,Safe
2026-03-18 13:15:48 UTC,27,30,23.1,1954.08,32.2,57.1,Safe
2026-03-18 13:15:58 UTC,26,29,23.65,1962.06,32.1,57.4,Safe
2026-03-18 13:16:08 UTC,25,27,21.91,1943.43,32.2,57.5,Safe
2026-03-18 13:16:18 UTC,25,26,23.69,1962.06,32.2,57.5,Safe
2026-03-18 13:16:28 UTC,24,26,21.6,1935.45,32.2,57.5,Safe
2026-03-18 13:16:38 UTC,25,26,23.31,1956.74,32.2,57.7,Safe
2026-03-18 13:16:48 UTC,26,26,22.12,1946.09,32.2,57.8,Safe
2026-03-18 13:16:58 UTC,26,26,23.1,1956.74,32.2,57.8,Safe
2026-03-18 13:17:08 UTC,26,26,22.26,1946.09,32.3,57.6,Safe
2026-03-18 13:17:18 UTC,25,28,23.65,1964.73,32.3,57.6,Safe
2026-03-18 13:17:28 UTC,25,28,23.65,1962.06,32.3,57.9,Safe
2026-03-18 13:17:38 UTC,25,27,23.65,1964.73,32.3,58.0,Safe
2026-03-18 13:17:48 UTC,24,27,23.69,1964.73,32.3,57.7,Safe
2026-03-18 13:17:58 UTC,26,28,22.26,1943.43,32.3,57.5,Safe
2026-03-18 13:18:08 UTC,24,27,23.54,1959.41,32.3,57.8,Safe
2026-03-18 13:18:18 UTC,23,28,22.12,1943.43,32.3,57.1,Safe
2026-03-18 13:18:28 UTC,23,26,23.42,1962.06,32.2,57.0,Safe
2026-03-18 13:18:38 UTC,25,27,22.48,1943.43,32.2,57.0,Safe
2026-03-18 13:18:48 UTC,24,27,23.31,1959.41,32.2,56.9,Safe
2026-03-18 13:18:58 UTC,24,26,21.95,1946.09,32.2,56.6,Safe
2026-03-18 13:19:08 UTC,24,28,23.58,1962.06,32.1,56.5,Safe
2026-03-18 13:19:18 UTC,25,28,22.16,1940.77,32.0,56.7,Safe
2026-03-18 13:19:28 UTC,25,28,23.85,1962.06,32.0,57.1,Safe
2026-03-18 13:19:38 UTC,25,28,23.58,1962.06,32.0,57.3,Safe
2026-03-18 13:19:48 UTC,24,26,22.12,1946.09,32.1,57.6,Safe
2026-03-18 13:19:58 UTC,24,25,23.76,1964.73,32.1,57.6,Safe
2026-03-18 13:20:08 UTC,24,24,21.81,1938.11,32.1,57.6,Safe
2026-03-18 13:20:18 UTC,24,26,23.76,1959.41,32.2,57.5,Safe
2026-03-18 13:20:28 UTC,25,27,22.22,1943.43,32.2,57.3,Safe
2026-03-18 13:20:38 UTC,26,28,23.47,1962.06,32.2,57.5,Safe
2026-03-18 13:20:48 UTC,26,28,21.81,1935.45,32.2,57.4,Safe
2026-03-18 13:20:58 UTC,25,27,23.76,1959.41,32.3,57.2,Safe
2026-03-18 13:21:08 UTC,24,28,22.88,1954.08,32.3,57.4,Safe
2026-03-18 13:21:18 UTC,23,26,22.33,1943.43,32.3,57.7,Safe
2026-03-18 13:21:28 UTC,23,25,23.58,1959.41,32.4,57.8,Safe
2026-03-18 13:21:38 UTC,22,24,21.81,1938.11,32.4,57.6,Safe
2026-03-18 13:21:48 UTC,24,26,23.54,1962.06,32.4,57.4,Safe
2026-03-18 13:21:58 UTC,24,25,22.12,1943.43,32.4,57.0,Safe
2026-03-18 13:22:08 UTC,23,25,23.05,1956.74,32.5,57.0,Safe
2026-03-18 13:22:18 UTC,22,25,22.22,1940.77,32.5,57.0,Safe
2026-03-18 13:22:28 UTC,22,28,23.65,1959.41,32.5,56.5,Safe
2026-03-18 13:22:38 UTC,23,28,22.73,1956.74,32.4,56.5,Safe
2026-03-18 13:22:48 UTC,23,28,23.54,1962.06,32.4,56.3,Safe
2026-03-18 13:22:58 UTC,24,28,22.79,1954.08,32.3,56.1,Safe
2026-03-18 13:23:08 UTC,23,27,22.12,1946.09,32.2,56.1,Safe
2026-03-18 13:23:18 UTC,23,28,23.47,1962.06,32.2,56.3,Safe
2026-03-18 13:23:28 UTC,24,30,21.52,1932.79,32.1,56.5,Safe
2026-03-18 13:23:38 UTC,24,30,23.58,1962.06,32.1,56.6,Safe
2026-03-18 13:23:48 UTC,24,28,22.16,1940.77,32.1,56.5,Safe
2026-03-18 13:23:58 UTC,24,27,23.69,1959.41,32.1,56.6,Safe
2026-03-18 13:24:08 UTC,25,26,21.81,1932.79,32.1,57.1,Safe
2026-03-18 13:24:18 UTC,25,25,23.16,1951.42,32.2,57.1,Safe
2026-03-18 13:24:28 UTC,24,25,22.01,1940.77,32.2,57.2,Safe
2026-03-18 13:24:38 UTC,24,26,23.8,1962.06,32.3,57.3,Safe
2026-03-18 13:24:48 UTC,24,26,22.88,1956.74,32.3,57.2,Safe
2026-03-18 13:24:58 UTC,24,27,21.52,1935.45,32.4,57.4,Safe
2026-03-18 13:25:08 UTC,26,31,23.54,1962.06,32.4,57.2,Safe
2026-03-18 13:25:18 UTC,26,30,22.06,1940.77,32.4,56.9,Safe
2026-03-18 13:25:28 UTC,28,29,23.76,1959.41,32.5,56.6,Safe
2026-03-18 13:25:38 UTC,27,30,22.06,1940.77,32.5,56.6,Safe
2026-03-18 13:25:48 UTC,26,31,23.8,1964.73,32.5,56.5,Safe
2026-03-18 13:25:58 UTC,27,31,22.33,1943.43,32.6,56.9,Safe
2026-03-18 13:26:08 UTC,25,31,23.76,1964.73,32.6,56.7,Safe
2026-03-18 13:26:18 UTC,25,32,23.69,1962.06,32.7,56.8,Safe
2026-03-18 13:26:28 UTC,25,29,22.06,1940.77,32.7,56.7,Safe
2026-03-18 13:26:38 UTC,26,30,23.54,1962.06,32.8,56.5,Safe
2026-03-18 13:26:48 UTC,28,30,22.26,1940.77,32.8,56.4,Safe
2026-03-18 13:26:58 UTC,26,27,23.58,1959.41,32.8,56.3,Safe
2026-03-18 13:27:08 UTC,25,28,22.52,1943.43,32.9,56.3,Safe
2026-03-18 13:27:18 UTC,25,29,23.36,1959.41,32.9,56.2,Safe
2026-03-18 13:27:28 UTC,25,29,22.12,1940.77,32.9,55.6,Safe
2026-03-18 13:27:38 UTC,25,27,23.54,1962.06,32.9,55.3,Safe
2026-03-18 13:27:48 UTC,25,27,23.47,1959.41,32.8,55.1,Safe
2026-03-18 13:27:58 UTC,26,29,23.42,1959.41,32.8,55.2,Safe
2026-03-18 13:28:08 UTC,29,32,23.65,1959.41,32.8,55.3,Safe
2026-03-18 13:28:18 UTC,25,31,21.87,1940.77,32.9,55.3,Safe
2026-03-18 13:28:28 UTC,25,28,22.94,1954.08,32.9,55.3,Safe
2026-03-18 13:28:38 UTC,25,29,22.48,1940.77,32.9,55.4,Safe
2026-03-18 13:28:48 UTC,25,27,23.1,1954.08,32.9,55.5,Safe
2026-03-18 13:28:58 UTC,25,25,21.6,1935.45,32.9,55.6,Safe
2026-03-18 13:29:08 UTC,25,25,23.65,1959.41,33.0,55.6,Safe
2026-03-18 13:29:18 UTC,26,27,21.81,1940.77,33.0,55.6,Safe
2026-03-18 13:29:28 UTC,25,28,23.76,1959.41,33.0,55.7,Safe
2026-03-18 13:29:38 UTC,27,30,22.16,1943.43,33.0,55.6,Safe
2026-03-18 13:29:48 UTC,26,30,23.1,1956.74,33.0,55.3,Safe
2026-03-18 13:29:58 UTC,27,28,23.54,1959.41,33.0,55.3,Safe
2026-03-18 13:30:08 UTC,27,27,21.81,1940.77,33.0,55.2,Safe
2026-03-18 13:30:18 UTC,26,28,23.42,1959.41,33.0,55.4,Safe
2026-03-18 13:30:28 UTC,28,30,21.56,1930.12,32.9,55.4,Safe
2026-03-18 13:30:38 UTC,28,28,23.76,1962.06,32.9,55.3,Safe
2026-03-18 13:30:48 UTC,27,27,22.01,1940.77,32.9,55.4,Safe
2026-03-18 13:30:58 UTC,27,28,23.47,1959.41,32.8,55.4,Safe
2026-03-18 13:31:08 UTC,27,27,21.36,1932.79,32.8,55.6,Safe
2026-03-18 13:31:18 UTC,28,29,23.21,1962.06,32.8,55.7,Safe
2026-03-18 13:31:28 UTC,28,30,23.65,1962.06,32.8,55.8,Safe
2026-03-18 13:31:38 UTC,28,31,22.06,1948.76,32.8,56.3,Safe
2026-03-18 13:31:48 UTC,27,31,23.47,1959.41,32.8,56.4,Safe
2026-03-18 13:31:58 UTC,27,31,21.81,1943.43,32.8,56.4,Safe
2026-03-18 13:32:08 UTC,26,30,23.54,1959.41,32.7,56.4,Safe
2026-03-18 13:32:18 UTC,27,29,21.95,1940.77,32.7,56.3,Safe
2026-03-18 13:32:28 UTC,26,29,22.99,1951.42,32.7,56.4,Safe
2026-03-18 13:32:38 UTC,25,28,22.06,1946.09,32.7,56.0,Safe
2026-03-18 13:32:48 UTC,25,26,23.54,1962.06,32.7,56.0,Safe
2026-03-18 13:32:58 UTC,25,26,23.65,1962.06,32.7,56.1,Safe
2026-03-18 13:33:08 UTC,26,27,23.36,1956.74,32.7,56.2,Safe
2026-03-18 13:33:18 UTC,26,27,23.05,1956.74,32.7,56.3,Safe
2026-03-18 13:33:28 UTC,27,29,21.81,1943.43,32.7,56.2,Safe
2026-03-18 13:33:38 UTC,27,29,23.65,1962.06,32.8,56.2,Safe
2026-03-18 13:33:48 UTC,27,31,21.95,1943.43,32.8,56.1,Safe
2026-03-18 13:33:58 UTC,27,31,23.42,1964.73,32.7,55.9,Safe
2026-03-18 13:34:08 UTC,27,31,22.12,1940.77,32.8,56.1,Safe
2026-03-18 13:34:18 UTC,28,31,23.76,1962.06,32.8,56.2,Safe
2026-03-18 13:34:28 UTC,30,34,22.12,1943.43,32.8,56.4,Safe
2026-03-18 13:34:38 UTC,34,42,23.54,1962.06,32.8,56.4,Safe
2026-03-18 13:34:48 UTC,43,54,22.12,1943.43,32.8,56.4,Safe
2026-03-18 13:34:58 UTC,47,60,22.88,1954.08,32.9,56.3,Safe
2026-03-18 13:35:08 UTC,49,63,23.58,1962.06,32.9,55.9,Safe
2026-03-18 13:35:18 UTC,50,64,22.06,1943.43,32.8,55.8,Safe
2026-03-18 13:35:28 UTC,47,61,22.62,1951.42,32.7,55.6,Safe
2026-03-18 13:35:38 UTC,44,55,22.12,1940.77,32.6,55.6,Safe
2026-03-18 13:35:48 UTC,39,48,23.58,1962.06,32.6,55.9,Safe
2026-03-18 13:35:58 UTC,33,41,21.95,1940.77,32.5,55.9,Safe
2026-03-18 13:36:08 UTC,32,40,22.73,1954.08,32.4,55.9,Safe
2026-03-18 13:36:18 UTC,31,35,21.91,1940.77,32.3,56.1,Safe
2026-03-18 13:36:28 UTC,30,36,23.21,1962.06,32.3,56.4,Safe
2026-03-18 13:36:38 UTC,30,35,23.42,1962.06,32.3,56.6,Safe
2026-03-18 13:36:48 UTC,30,33,21.87,1940.77,32.2,56.4,Safe
2026-03-18 13:36:58 UTC,28,32,23.65,1959.41,32.2,56.5,Safe
2026-03-18 13:37:08 UTC,28,29,21.81,1940.77,32.2,56.7,Safe
2026-03-18 13:37:18 UTC,26,27,22.88,1954.08,32.2,57.0,Safe
2026-03-18 13:37:28 UTC,26,27,21.52,1935.45,32.2,57.1,Safe
2026-03-18 13:37:38 UTC,26,28,23.58,1962.06,32.3,57.2,Safe
2026-03-18 13:37:48 UTC,26,29,22.16,1940.77,32.3,57.0,Safe
2026-03-18 13:37:58 UTC,26,30,23.58,1962.06,32.3,56.9,Safe
2026-03-18 13:38:08 UTC,26,31,23.47,1959.41,32.4,56.7,Safe
2026-03-18 13:38:18 UTC,28,31,23.8,1959.41,32.4,56.7,Safe
2026-03-18 13:38:28 UTC,29,33,23.58,1962.06,32.4,56.8,Safe
2026-03-18 13:38:38 UTC,29,30,22.26,1940.77,32.4,56.6,Safe
2026-03-18 13:38:48 UTC,26,28,22.84,1951.42,32.4,56.3,Safe
2026-03-18 13:38:58 UTC,25,29,22.06,1938.11,32.3,56.5,Safe
2026-03-18 13:39:08 UTC,26,30,23.69,1959.41,32.3,56.6,Safe
2026-03-18 13:39:18 UTC,27,30,21.91,1940.77,32.4,56.7,Safe
2026-03-18 13:39:28 UTC,27,30,23.16,1962.06,32.4,56.6,Safe
2026-03-18 13:39:38 UTC,28,29,21.81,1940.77,32.4,56.4,Safe
2026-03-18 13:39:48 UTC,28,30,22.88,1954.08,32.3,56.4,Safe
2026-03-18 13:39:58 UTC,29,33,22.06,1938.11,32.3,56.3,Safe
2026-03-18 13:40:08 UTC,30,35,23.47,1959.41,32.3,56.4,Safe
2026-03-18 13:40:18 UTC,30,35,22.94,1956.74,32.3,56.6,Safe
2026-03-18 13:40:28 UTC,28,31,21.66,1938.11,32.3,56.6,Safe
2026-03-18 13:40:38 UTC,28,29,23.36,1962.06,32.3,56.6,Safe
2026-03-18 13:40:48 UTC,28,29,22.01,1940.77,32.3,56.6,Safe
2026-03-18 13:40:58 UTC,27,28,23.21,1959.41,32.3,56.5,Safe
2026-03-18 13:41:08 UTC,26,28,21.91,1940.77,32.3,56.5,Safe
2026-03-18 13:41:18 UTC,27,30,23.47,1956.74,32.4,56.4,Safe
2026-03-18 13:41:28 UTC,27,28,21.87,1940.77,32.4,56.6,Safe
2026-03-18 13:41:38 UTC,28,29,23.36,1959.41,32.3,56.3,Safe
2026-03-18 13:41:48 UTC,30,32,23.21,1962.06,32.4,56.2,Safe
2026-03-18 13:41:58 UTC,29,31,21.81,1940.77,32.3,56.1,Safe
2026-03-18 13:42:08 UTC,27,30,23.96,1956.74,32.4,56.1,Safe
2026-03-18 13:42:18 UTC,25,28,21.32,1930.12,32.4,56.2,Safe
2026-03-18 13:42:28 UTC,22,25,23.21,1959.41,32.4,56.1,Safe
2026-03-18 13:42:38 UTC,22,24,21.81,1940.77,32.4,56.1,Safe
2026-03-18 13:42:48 UTC,22,24,23.47,1959.41,32.4,56.3,Safe
2026-03-18 13:42:58 UTC,23,24,21.91,1938.11,32.4,56.3,Safe
2026-03-18 13:43:08 UTC,25,28,23.54,1956.74,32.4,56.5,Safe
2026-03-18 13:43:18 UTC,25,30,23.47,1959.41,32.3,56.3,Safe
2026-03-18 13:43:28 UTC,25,28,23.42,1956.74,32.4,56.2,Safe
2026-03-18 13:43:38 UTC,25,27,22.62,1948.76,32.3,56.1,Safe
2026-03-18 13:43:48 UTC,25,26,21.81,1940.77,32.3,56.3,Safe
2026-03-18 13:43:58 UTC,24,25,23.54,1959.41,32.3,56.3,Safe
2026-03-18 13:44:08 UTC,24,26,21.02,1930.12,32.3,56.3,Safe
2026-03-18 13:44:18 UTC,24,26,23.31,1959.41,32.3,56.6,Safe
2026-03-18 13:44:28 UTC,22,25,21.77,1940.77,32.3,56.9,Safe
2026-03-18 13:44:38 UTC,23,26,22.62,1948.76,32.3,56.9,Safe
2026-03-18 13:44:48 UTC,24,27,21.52,1935.45,32.3,56.9,Safe
2026-03-18 13:44:58 UTC,26,30,22.79,1956.74,32.3,57.1,Safe
2026-03-18 13:45:08 UTC,28,29,21.02,1930.12,32.4,57.0,Safe
2026-03-18 13:45:18 UTC,27,28,23.47,1956.74,32.4,56.6,Safe
2026-03-18 13:45:28 UTC,27,30,23.21,1956.74,32.4,56.3,Safe
2026-03-18 13:45:38 UTC,26,28,21.81,1940.77,32.4,56.1,Safe
2026-03-18 13:45:48 UTC,25,27,23.54,1959.41,32.4,56.3,Safe
2026-03-18 13:45:58 UTC,26,30,22.12,1938.11,32.4,56.4,Safe
2026-03-18 13:46:08 UTC,26,29,23.31,1954.08,32.4,56.2,Safe
2026-03-18 13:46:18 UTC,26,30,21.87,1940.77,32.5,56.0,Safe
2026-03-18 13:46:28 UTC,24,28,22.69,1951.42,32.5,56.0,Safe
2026-03-18 13:46:38 UTC,24,28,21.91,1938.11,32.5,55.8,Safe
2026-03-18 13:46:48 UTC,24,26,22.99,1954.08,32.5,55.8,Safe
2026-03-18 13:46:58 UTC,24,26,23.54,1959.41,32.5,55.7,Safe
2026-03-18 13:47:08 UTC,24,27,21.02,1908.83,32.4,55.8,Safe
2026-03-18 13:47:18 UTC,24,27,23.36,1956.74,32.5,55.8,Safe
2026-03-18 13:47:28 UTC,24,27,21.91,1943.43,32.5,55.8,Safe
2026-03-18 13:47:38 UTC,24,29,23.36,1959.41,32.5,55.8,Safe
2026-03-18 13:47:48 UTC,23,27,21.95,1940.77,32.5,55.7,Safe
2026-03-18 13:47:58 UTC,24,28,22.99,1951.42,32.5,55.8,Safe
2026-03-18 13:48:08 UTC,23,27,21.56,1938.11,32.5,55.9,Safe
2026-03-18 13:48:18 UTC,24,28,23.21,1959.41,32.5,55.8,Safe
2026-03-18 13:48:28 UTC,26,27,23.31,1962.06,32.5,55.9,Safe
2026-03-18 13:48:38 UTC,25,26,23.36,1956.74,32.5,55.8,Safe
2026-03-18 13:48:48 UTC,24,24,22.94,1956.74,32.5,55.7,Safe
2026-03-18 13:48:58 UTC,24,26,21.81,1940.77,32.5,55.8,Safe
2026-03-18 13:49:08 UTC,23,26,23.31,1956.74,32.5,55.9,Safe
2026-03-18 13:49:18 UTC,23,25,21.56,1940.77,32.5,55.9,Safe
2026-03-18 13:49:28 UTC,23,25,23.54,1959.41,32.5,56.0,Safe
2026-03-18 13:49:38 UTC,22,25,21.81,1940.77,32.5,56.1,Safe
2026-03-18 13:49:48 UTC,22,26,23.47,1956.74,32.5,56.2,Safe
2026-03-18 13:49:58 UTC,21,24,21.71,1938.11,32.5,56.0,Safe
2026-03-18 13:50:08 UTC,22,24,23.36,1956.74,32.4,55.9,Safe
2026-03-18 13:50:18 UTC,22,25,21.46,1932.79,32.5,56.0,Safe
2026-03-18 13:50:28 UTC,22,27,22.99,1959.41,32.5,56.0,Safe
2026-03-18 13:50:38 UTC,23,27,23.47,1956.74,32.6,56.0,Safe
2026-03-18 13:50:48 UTC,22,25,21.42,1932.79,32.6,55.8,Safe
2026-03-18 13:50:58 UTC,24,27,22.79,1948.76,32.6,55.8,Safe
2026-03-18 13:51:08 UTC,26,29,22.01,1940.77,32.6,55.8,Safe
2026-03-18 13:51:18 UTC,27,29,23.54,1959.41,32.6,55.8,Safe
2026-03-18 13:51:28 UTC,27,28,21.91,1940.77,32.6,55.9,Safe
2026-03-18 13:51:38 UTC,27,28,23.27,1959.41,32.6,56.0,Safe
2026-03-18 13:51:48 UTC,28,32,21.71,1940.77,32.6,55.9,Safe
2026-03-18 13:51:58 UTC,28,34,23.31,1959.41,32.6,56.1,Safe
2026-03-18 13:52:08 UTC,30,35,23.58,1959.41,32.7,56.0,Safe
2026-03-18 13:52:18 UTC,30,35,22.12,1940.77,32.6,56.4,Safe
2026-03-18 13:52:28 UTC,30,36,23.16,1956.74,32.6,56.4,Safe
2026-03-18 13:52:38 UTC,30,35,21.26,1930.12,32.6,56.4,Safe
2026-03-18 13:52:48 UTC,28,32,23.47,1959.41,32.7,56.3,Safe
2026-03-18 13:52:58 UTC,29,34,22.16,1943.43,32.7,56.3,Safe
2026-03-18 13:53:08 UTC,29,35,23.54,1959.41,32.7,56.1,Safe
2026-03-18 13:53:18 UTC,29,33,22.06,1943.43,32.7,55.9,Safe
2026-03-18 13:53:28 UTC,29,32,22.99,1951.42,32.7,55.9,Safe
2026-03-18 13:53:38 UTC,28,31,23.21,1956.74,32.7,56.0,Safe
2026-03-18 13:53:48 UTC,31,34,23.65,1959.41,32.7,56.3,Safe
2026-03-18 13:53:58 UTC,44,53,22.16,1940.77,32.8,56.2,Safe
2026-03-18 13:54:08 UTC,51,63,21.95,1940.77,32.8,56.2,Caution
2026-03-18 13:54:18 UTC,51,65,23.1,1956.74,32.8,56.2,Caution
2026-03-18 13:54:28 UTC,51,65,21.32,1932.79,32.8,55.7,Caution
2026-03-18 13:54:38 UTC,50,64,22.94,1951.42,32.7,55.5,Safe
2026-03-18 13:54:48 UTC,46,60,21.81,1938.11,32.8,55.6,Safe
2026-03-18 13:54:58 UTC,41,52,22.73,1954.08,32.7,55.6,Safe
2026-03-18 13:55:08 UTC,38,47,21.22,1932.79,32.8,55.7,Safe
2026-03-18 13:55:18 UTC,33,42,23.31,1959.41,32.8,55.8,Safe
2026-03-18 13:55:28 UTC,33,39,21.81,1938.11,32.8,55.9,Safe
2026-03-18 13:55:38 UTC,33,38,23.27,1959.41,32.9,56.3,Safe
2026-03-18 13:55:48 UTC,36,46,23.27,1959.41,32.9,56.0,Safe
2026-03-18 13:55:58 UTC,42,51,21.26,1932.79,32.8,55.7,Safe
2026-03-18 13:56:08 UTC,44,54,23.47,1956.74,32.9,55.7,Safe
2026-03-18 13:56:18 UTC,47,57,21.81,1940.77,32.9,55.7,Safe
2026-03-18 13:56:28 UTC,51,63,22.99,1956.74,33.0,55.7,Caution
2026-03-18 13:56:38 UTC,50,63,22.01,1940.77,33.0,55.6,Safe
2026-03-18 13:56:48 UTC,49,64,23.21,1959.41,33.0,55.6,Safe
2026-03-18 13:56:58 UTC,47,59,22.16,1940.77,33.1,55.6,Safe
2026-03-18 13:57:08 UTC,43,54,23.27,1962.06,33.1,55.2,Safe
2026-03-18 13:57:18 UTC,41,51,22.79,1951.42,33.0,54.7,Safe
2026-03-18 13:57:28 UTC,38,45,21.81,1940.77,33.0,54.9,Safe
2026-03-18 13:57:38 UTC,34,41,23.36,1959.41,33.0,55.1,Safe
2026-03-18 13:57:48 UTC,33,36,21.95,1940.77,33.0,54.9,Safe
2026-03-18 13:57:58 UTC,30,32,23.54,1959.41,33.1,54.9,Safe
2026-03-18 13:58:08 UTC,30,33,21.46,1932.79,33.1,54.9,Safe
2026-03-18 13:58:18 UTC,30,33,23.47,1959.41,33.1,55.1,Safe
2026-03-18 13:58:28 UTC,29,33,21.77,1938.11,33.2,55.3,Safe
2026-03-18 13:58:38 UTC,29,32,23.54,1959.41,33.2,55.2,Safe
2026-03-18 13:58:48 UTC,29,31,23.27,1962.06,33.3,55.0,Safe
2026-03-18 13:58:58 UTC,29,31,23.36,1959.41,33.3,54.7,Safe
2026-03-18 13:59:08 UTC,28,31,21.26,1932.79,33.2,54.7,Safe
2026-03-18 13:59:18 UTC,30,31,21.87,1940.77,33.3,54.8,Safe
2026-03-18 13:59:28 UTC,31,33,23.58,1959.41,33.3,54.8,Safe
2026-03-18 13:59:38 UTC,29,31,22.12,1943.43,33.4,54.7,Safe
2026-03-18 13:59:48 UTC,28,33,23.76,1962.06,33.4,54.7,Safe
2026-03-18 13:59:58 UTC,33,42,22.12,1943.43,33.4,54.7,Safe
2026-03-18 14:00:08 UTC,44,54,23.76,1962.06,33.5,54.7,Safe
2026-03-18 14:00:18 UTC,50,63,21.91,1940.77,33.5,54.8,Safe
2026-03-18 14:00:28 UTC,55,68,23.42,1962.06,33.5,54.8,Caution
2026-03-18 14:00:38 UTC,52,66,22.01,1940.77,33.5,54.7,Caution
2026-03-18 14:00:48 UTC,48,60,23.54,1962.06,33.5,54.8,Safe
2026-03-18 14:00:58 UTC,43,52,23.47,1962.06,33.6,54.8,Safe
2026-03-18 14:01:08 UTC,38,47,22.26,1940.77,33.6,54.9,Safe
2026-03-18 14:01:18 UTC,33,42,23.58,1962.06,33.6,54.7,Safe
2026-03-18 14:01:28 UTC,32,38,21.26,1935.45,33.6,54.8,Safe
2026-03-18 14:01:38 UTC,30,36,23.42,1959.41,33.6,54.7,Safe
2026-03-18 14:01:48 UTC,30,34,22.01,1940.77,33.6,54.4,Safe
2026-03-18 14:01:58 UTC,29,33,23.47,1959.41,33.6,54.5,Safe
2026-03-18 14:02:08 UTC,29,33,21.6,1935.45,33.6,54.3,Safe
2026-03-18 14:02:18 UTC,29,33,23.47,1962.06,33.6,54.5,Safe
2026-03-18 14:02:28 UTC,30,33,23.42,1962.06,33.6,54.3,Safe
2026-03-18 14:02:38 UTC,30,32,23.16,1954.08,33.7,54.3,Safe
2026-03-18 14:02:48 UTC,31,34,22.94,1951.42,33.7,54.3,Safe
2026-03-18 14:02:58 UTC,32,36,22.16,1940.77,33.7,54.2,Safe
2026-03-18 14:03:08 UTC,32,37,23.21,1954.08,33.7,54.1,Safe
2026-03-18 14:03:18 UTC,31,34,21.81,1940.77,33.7,54.2,Safe
2026-03-18 14:03:28 UTC,33,37,23.21,1951.42,33.8,54.3,Safe
2026-03-18 14:03:38 UTC,35,41,22.01,1940.77,33.8,54.3,Safe
2026-03-18 14:03:48 UTC,35,42,23.58,1959.41,33.8,54.1,Safe
2026-03-18 14:03:58 UTC,35,40,23.47,1959.41,33.9,54.0,Safe
2026-03-18 14:04:08 UTC,32,37,23.54,1959.41,33.9,54.2,Safe
2026-03-18 14:04:18 UTC,30,36,22.12,1940.77,33.9,54.2,Safe
2026-03-18 14:04:28 UTC,30,34,22.06,1940.77,34.0,54.4,Safe
2026-03-18 14:04:38 UTC,30,35,23.76,1962.06,34.0,54.4,Safe
2026-03-18 14:04:48 UTC,32,38,21.95,1940.77,34.0,54.4,Safe
2026-03-18 14:04:58 UTC,33,39,23.54,1962.06,34.1,54.2,Safe
2026-03-18 14:05:08 UTC,33,39,21.95,1940.77,34.1,54.0,Safe
2026-03-18 14:05:18 UTC,32,36,23.36,1956.74,34.1,53.9,Safe
2026-03-18 14:05:28 UTC,32,36,21.81,1940.77,34.1,54.4,Safe
2026-03-18 14:05:38 UTC,32,35,23.58,1962.06,34.1,54.7,Safe
2026-03-18 14:05:48 UTC,31,36,22.12,1943.43,34.1,54.5,Safe
2026-03-18 14:05:58 UTC,29,34,23.36,1959.41,34.1,54.1,Safe
2026-03-18 14:06:08 UTC,28,33,22.88,1954.08,34.2,54.1,Safe
2026-03-18 14:06:18 UTC,28,30,22.06,1940.77,34.2,53.9,Safe
2026-03-18 14:06:28 UTC,28,32,23.8,1959.41,34.2,53.9,Safe
2026-03-18 14:06:38 UTC,27,31,21.95,1940.77,34.2,53.9,Safe
2026-03-18 14:06:48 UTC,27,29,23.42,1959.41,34.2,54.2,Safe
2026-03-18 14:06:58 UTC,27,28,22.37,1940.77,34.2,54.2,Safe
2026-03-18 14:07:08 UTC,28,28,23.58,1962.06,34.2,53.9,Safe
2026-03-18 14:07:18 UTC,30,31,22.26,1940.77,34.3,53.9,Safe
2026-03-18 14:07:28 UTC,31,33,23.42,1959.41,34.2,53.9,Safe
2026-03-18 14:07:38 UTC,30,31,22.79,1951.42,34.3,53.6,Safe
2026-03-18 14:07:48 UTC,31,33,21.95,1940.77,34.3,53.6,Safe
2026-03-18 14:07:58 UTC,30,32,23.58,1962.06,34.3,53.5,Safe
2026-03-18 14:08:08 UTC,30,33,21.36,1932.79,34.3,53.5,Safe
2026-03-18 14:08:18 UTC,32,34,23.36,1959.41,34.3,53.5,Safe
2026-03-18 14:08:28 UTC,32,36,22.48,1940.77,34.2,53.5,Safe
2026-03-18 14:08:38 UTC,32,34,23.54,1962.06,34.3,53.4,Safe
2026-03-18 14:08:48 UTC,30,33,21.81,1940.77,34.2,53.3,Safe
2026-03-18 14:08:58 UTC,30,32,23.31,1956.74,34.2,53.4,Safe
2026-03-18 14:09:08 UTC,28,29,23.58,1959.41,34.2,53.6,Safe
2026-03-18 14:09:18 UTC,28,29,23.47,1959.41,34.2,53.7,Safe
2026-03-18 14:09:28 UTC,27,30,23.31,1954.08,34.2,53.8,Safe
2026-03-18 14:09:38 UTC,27,29,22.06,1943.43,34.2,53.6,Safe
2026-03-18 14:09:48 UTC,28,29,23.58,1959.41,34.2,53.6,Safe
2026-03-18 14:09:58 UTC,28,29,22.26,1940.77,34.2,53.4,Safe
2026-03-18 14:10:08 UTC,29,29,23.16,1964.73,34.2,53.1,Safe
2026-03-18 14:10:18 UTC,27,27,22.06,1940.77,34.2,53.2,Safe
2026-03-18 14:10:28 UTC,27,29,23.54,1962.06,34.2,53.4,Safe
2026-03-18 14:10:38 UTC,27,28,21.91,1940.77,34.2,53.4,Safe
2026-03-18 14:10:48 UTC,27,28,23.54,1959.41,34.1,53.3,Safe
2026-03-18 14:10:58 UTC,28,29,21.6,1940.77,34.1,53.2,Safe
2026-03-18 14:11:08 UTC,26,28,23.47,1962.06,34.0,53.3,Safe
2026-03-18 14:11:18 UTC,27,31,23.54,1956.74,34.0,53.3,Safe
2026-03-18 14:11:28 UTC,27,30,21.08,1932.79,33.9,53.4,Safe
2026-03-18 14:11:38 UTC,26,28,22.69,1954.08,33.9,53.4,Safe
2026-03-18 14:11:48 UTC,24,26,21.95,1940.77,33.9,53.9,Safe
2026-03-18 14:11:58 UTC,24,28,23.42,1956.74,33.9,53.9,Safe
2026-03-18 14:12:08 UTC,25,29,22.12,1940.77,33.9,53.9,Safe
2026-03-18 14:12:18 UTC,25,30,23.54,1959.41,33.9,54.1,Safe
2026-03-18 14:12:28 UTC,25,28,21.56,1935.45,33.9,54.1,Safe
2026-03-18 14:12:38 UTC,25,28,23.76,1959.41,33.8,54.0,Safe
2026-03-18 14:12:48 UTC,25,28,23.58,1962.06,33.8,54.0,Safe
2026-03-18 14:12:58 UTC,25,28,21.56,1932.79,33.8,54.0,Safe
2026-03-18 14:13:08 UTC,26,28,23.54,1962.06,33.8,54.0,Safe
2026-03-18 14:13:18 UTC,26,28,22.01,1943.43,33.8,54.1,Safe
2026-03-18 14:13:28 UTC,26,28,23.36,1959.41,33.8,54.2,Safe
2026-03-18 14:13:38 UTC,26,29,21.95,1943.43,33.8,54.4,Safe
2026-03-18 14:13:48 UTC,29,35,22.84,1951.42,33.9,54.5,Safe
2026-03-18 14:13:58 UTC,32,38,21.66,1935.45,33.9,54.9,Safe
2026-03-18 14:14:08 UTC,33,39,23.65,1962.06,33.9,54.9,Safe
2026-03-18 14:14:18 UTC,35,46,21.87,1943.43,34.0,55.1,Safe
2026-03-18 14:14:28 UTC,35,45,23.54,1962.06,33.9,55.3,Safe
2026-03-18 14:14:38 UTC,36,45,21.52,1935.45,33.9,55.3,Safe
2026-03-18 14:14:48 UTC,36,44,21.91,1940.77,34.0,55.4,Safe
2026-03-18 14:14:58 UTC,36,42,22.62,1951.42,34.0,55.0,Safe
2026-03-18 14:15:08 UTC,35,40,21.81,1940.77,34.0,54.5,Safe
2026-03-18 14:15:18 UTC,33,37,23.27,1962.06,33.9,54.2,Safe
2026-03-18 14:15:28 UTC,30,31,22.16,1940.77,33.9,54.0,Safe
2026-03-18 14:15:38 UTC,28,31,23.47,1962.06,33.9,53.9,Safe
2026-03-18 14:15:48 UTC,28,33,21.91,1940.77,33.9,53.8,Safe
2026-03-18 14:15:58 UTC,28,31,23.27,1959.41,33.9,53.9,Safe
2026-03-18 14:16:08 UTC,26,29,21.87,1940.77,33.8,54.0,Safe
2026-03-18 14:16:18 UTC,25,28,23.16,1956.74,33.8,54.0,Safe
2026-03-18 14:16:28 UTC,24,26,23.36,1954.08,33.8,54.0,Safe
2026-03-18 14:16:38 UTC,25,27,21.46,1930.12,33.8,54.2,Safe
2026-03-18 14:16:48 UTC,26,28,23.54,1959.41,33.8,54.7,Safe
2026-03-18 14:16:58 UTC,25,27,21.91,1940.77,33.9,54.6,Safe
2026-03-18 14:17:08 UTC,25,26,23.27,1959.41,33.9,54.5,Safe
2026-03-18 14:17:18 UTC,24,25,22.12,1940.77,33.9,54.3,Safe
2026-03-18 14:17:28 UTC,26,28,23.16,1959.41,33.9,54.1,Safe
2026-03-18 14:17:38 UTC,26,29,21.81,1940.77,33.9,54.0,Safe
2026-03-18 14:17:48 UTC,25,26,23.47,1959.41,33.9,54.0,Safe
2026-03-18 14:17:58 UTC,25,27,23.47,1956.74,33.9,54.0,Safe
2026-03-18 14:18:08 UTC,27,28,23.36,1959.41,33.9,54.4,Safe
2026-03-18 14:18:18 UTC,28,28,23.54,1962.06,34.0,54.3,Safe
2026-03-18 14:18:28 UTC,30,32,21.52,1935.45,34.0,54.4,Safe
2026-03-18 14:18:38 UTC,30,32,22.73,1954.08,34.0,54.2,Safe
2026-03-18 14:18:48 UTC,30,30,22.12,1940.77,34.0,54.0,Safe
2026-03-18 14:18:58 UTC,30,30,23.47,1962.06,34.0,53.7,Safe
2026-03-18 14:19:08 UTC,30,32,21.12,1932.79,34.0,54.1,Safe
2026-03-18 14:19:18 UTC,30,32,23.47,1959.41,33.9,53.8,Safe
2026-03-18 14:19:28 UTC,29,30,21.81,1935.45,33.9,54.1,Safe
2026-03-18 14:19:38 UTC,27,31,23.47,1959.41,33.9,54.1,Safe
2026-03-18 14:19:48 UTC,28,32,21.81,1940.77,33.9,54.1,Safe
2026-03-18 14:19:58 UTC,29,35,21.91,1940.77,33.9,54.2,Safe
2026-03-18 14:20:08 UTC,28,34,23.1,1956.74,34.0,54.3,Safe
2026-03-18 14:20:18 UTC,29,34,21.87,1940.77,33.9,54.2,Safe
2026-03-18 14:20:28 UTC,30,34,23.36,1959.41,33.9,54.4,Safe
2026-03-18 14:20:38 UTC,30,32,21.32,1932.79,34.0,54.7,Safe
2026-03-18 14:20:48 UTC,29,31,23.58,1959.41,33.9,54.4,Safe
2026-03-18 14:20:58 UTC,28,29,21.46,1932.79,33.9,54.1,Safe
2026-03-18 14:21:08 UTC,27,30,22.73,1954.08,34.0,54.0,Safe
2026-03-18 14:21:18 UTC,26,29,21.52,1935.45,34.0,54.0,Safe
2026-03-18 14:21:28 UTC,26,29,22.62,1948.76,33.9,53.7,Safe
2026-03-18 14:21:38 UTC,26,30,23.42,1959.41,33.9,53.5,Safe
2026-03-18 14:21:48 UTC,27,30,21.16,1932.79,33.9,53.6,Safe
2026-03-18 14:21:58 UTC,27,30,23.42,1959.41,33.9,53.6,Safe
2026-03-18 14:22:08 UTC,27,30,21.26,1932.79,33.8,53.4,Safe
2026-03-18 14:22:18 UTC,25,28,23.42,1959.41,33.8,53.3,Safe
2026-03-18 14:22:28 UTC,26,29,21.95,1940.77,33.8,53.5,Safe
2026-03-18 14:22:38 UTC,25,30,23.47,1959.41,33.8,53.5,Safe
2026-03-18 14:22:48 UTC,25,27,21.66,1938.11,33.8,53.6,Safe
2026-03-18 14:22:58 UTC,25,26,23.05,1956.74,33.8,53.5,Safe
2026-03-18 14:23:08 UTC,27,28,23.21,1956.74,33.7,53.5,Safe
2026-03-18 14:23:18 UTC,27,29,23.21,1959.41,33.7,53.5,Safe
2026-03-18 14:23:28 UTC,25,27,23.36,1956.74,33.7,53.4,Safe
2026-03-18 14:23:38 UTC,24,25,22.01,1938.11,33.7,53.5,Safe
2026-03-18 14:23:48 UTC,25,29,23.21,1956.74,33.6,53.7,Safe
2026-03-18 14:23:58 UTC,25,30,21.71,1940.77,33.7,54.0,Safe
2026-03-18 14:24:08 UTC,25,30,23.47,1956.74,33.6,54.1,Safe
2026-03-18 14:24:18 UTC,25,28,21.36,1932.79,33.6,54.3,Safe
2026-03-18 14:24:28 UTC,24,28,23.21,1956.74,33.6,54.1,Safe
2026-03-18 14:24:38 UTC,24,29,21.71,1938.11,33.6,54.1,Safe
2026-03-18 14:24:48 UTC,24,28,23.31,1959.41,33.5,54.1,Safe
2026-03-18 14:24:58 UTC,24,27,21.32,1932.79,33.6,54.1,Safe
2026-03-18 14:25:08 UTC,24,27,21.77,1940.77,33.6,54.1,Safe
2026-03-18 14:25:18 UTC,25,27,23.31,1959.41,33.6,54.1,Safe
2026-03-18 14:25:28 UTC,25,28,21.71,1940.77,33.6,54.1,Safe
2026-03-18 14:25:38 UTC,25,27,23.27,1959.41,33.6,54.1,Safe
2026-03-18 14:25:48 UTC,26,26,21.71,1940.77,33.6,54.0,Safe
2026-03-18 14:25:58 UTC,25,25,23.36,1956.74,33.6,54.1,Safe
2026-03-18 14:26:08 UTC,25,25,21.32,1932.79,33.5,54.0,Safe
2026-03-18 14:26:18 UTC,25,26,23.21,1956.74,33.5,54.4,Safe
2026-03-18 14:26:28 UTC,25,27,21.56,1932.79,33.5,54.3,Safe
2026-03-18 14:26:38 UTC,25,27,22.84,1951.42,33.5,54.3,Safe
2026-03-18 14:26:48 UTC,24,26,23.1,1959.41,33.5,54.3,Safe
2026-03-18 14:26:58 UTC,24,26,22.06,1940.77,33.4,54.2,Safe
2026-03-18 14:27:08 UTC,23,25,23.27,1959.41,33.4,54.1,Safe
2026-03-18 14:27:18 UTC,23,26,21.66,1938.11,33.4,54.1,Safe
2026-03-18 14:27:28 UTC,22,25,23.42,1956.74,33.4,54.1,Safe
2026-03-18 14:27:38 UTC,23,26,21.81,1940.77,33.4,54.2,Safe
2026-03-18 14:27:48 UTC,23,25,23.42,1956.74,33.4,54.3,Safe
2026-03-18 14:27:58 UTC,21,23,21.36,1930.12,33.4,54.5,Safe
2026-03-18 14:28:08 UTC,21,22,23.16,1959.41,33.3,54.7,Safe
2026-03-18 14:28:18 UTC,22,22,23.42,1959.41,33.3,54.7,Safe
2026-03-18 14:28:28 UTC,23,25,23.42,1956.74,33.3,54.8,Safe
2026-03-18 14:28:38 UTC,23,25,23.58,1959.41,33.3,54.9,Safe
2026-03-18 14:28:48 UTC,24,26,21.87,1940.77,33.3,54.9,Safe
2026-03-18 14:28:58 UTC,25,28,23.42,1956.74,33.4,54.9,Safe
2026-03-18 14:29:08 UTC,26,28,21.91,1938.11,33.4,54.8,Safe
2026-03-18 14:29:18 UTC,27,28,22.84,1951.42,33.4,55.0,Safe
2026-03-18 14:29:28 UTC,26,27,21.81,1940.77,33.5,55.3,Safe
2026-03-18 14:29:38 UTC,26,26,23.54,1956.74,33.5,55.3,Safe
2026-03-18 14:29:48 UTC,27,29,21.87,1940.77,33.6,55.3,Safe
2026-03-18 14:29:58 UTC,29,32,22.88,1948.76,33.6,55.3,Safe
2026-03-18 14:30:08 UTC,31,36,22.06,1940.77,33.6,55.4,Safe
2026-03-18 14:30:18 UTC,35,42,21.91,1943.43,33.6,55.5,Safe
2026-03-18 14:30:28 UTC,38,47,23.54,1956.74,33.7,55.6,Safe
2026-03-18 14:30:38 UTC,42,53,21.81,1940.77,33.7,55.6,Safe
2026-03-18 14:30:48 UTC,46,58,23.36,1959.41,33.7,54.7,Safe
2026-03-18 14:30:58 UTC,48,60,21.81,1940.77,33.6,54.2,Safe
2026-03-18 14:31:08 UTC,47,59,23.31,1962.06,33.5,54.1,Safe
2026-03-18 14:31:18 UTC,44,57,21.87,1940.77,33.4,53.8,Safe
2026-03-18 14:31:28 UTC,39,49,22.99,1956.74,33.4,54.0,Safe
2026-03-18 14:31:38 UTC,33,41,21.71,1940.77,33.4,54.0,Safe
2026-03-18 14:31:48 UTC,32,37,23.31,1956.74,33.4,54.1,Safe
2026-03-18 14:31:58 UTC,30,35,23.27,1954.08,33.4,54.2,Safe
2026-03-18 14:32:08 UTC,26,32,21.81,1940.77,33.4,54.3,Safe
2026-03-18 14:32:18 UTC,25,29,23.27,1954.08,33.4,54.5,Safe
2026-03-18 14:32:28 UTC,25,28,21.87,1940.77,33.4,54.5,Safe
2026-03-18 14:32:38 UTC,26,30,22.79,1956.74,33.5,54.5,Safe
2026-03-18 14:32:48 UTC,26,28,21.71,1940.77,33.5,54.3,Safe
2026-03-18 14:32:58 UTC,26,27,23.42,1959.41,33.5,54.0,Safe
2026-03-18 14:33:08 UTC,25,27,21.81,1938.11,33.5,53.8,Safe
2026-03-18 14:33:18 UTC,23,26,23.54,1956.74,33.4,53.7,Safe
2026-03-18 14:33:28 UTC,24,25,23.16,1956.74,33.4,53.8,Safe
2026-03-18 14:33:38 UTC,25,27,23.31,1959.41,33.4,53.9,Safe
2026-03-18 14:33:48 UTC,25,28,23.54,1959.41,33.5,54.0,Safe
2026-03-18 14:33:58 UTC,25,27,21.81,1940.77,33.4,53.9,Safe
2026-03-18 14:34:08 UTC,25,26,23.27,1959.41,33.4,53.8,Safe
2026-03-18 14:34:18 UTC,24,26,21.81,1938.11,33.4,53.7,Safe
2026-03-18 14:34:28 UTC,23,26,22.69,1951.42,33.4,53.9,Safe
2026-03-18 14:34:38 UTC,23,26,21.32,1930.12,33.4,53.9,Safe
2026-03-18 14:34:48 UTC,21,25,23.54,1959.41,33.4,53.9,Safe
2026-03-18 14:34:58 UTC,21,25,21.91,1940.77,33.4,53.9,Safe
2026-03-18 14:35:08 UTC,20,24,23.54,1959.41,33.5,53.8,Safe
2026-03-18 14:35:18 UTC,20,23,21.91,1940.77,33.5,54.0,Safe
2026-03-18 14:35:28 UTC,20,24,22.88,1951.42,33.5,53.9,Safe
2026-03-18 14:35:38 UTC,20,23,22.88,1954.08,33.5,53.9,Safe
2026-03-18 14:35:48 UTC,22,25,21.66,1935.45,33.5,53.7,Safe
2026-03-18 14:35:58 UTC,25,28,22.69,1954.08,33.6,53.6,Safe
2026-03-18 14:36:08 UTC,26,31,21.91,1940.77,33.5,53.5,Safe
2026-03-18 14:36:18 UTC,26,28,23.42,1962.06,33.6,53.5,Safe
2026-03-18 14:36:28 UTC,26,31,21.87,1940.77,33.6,53.4,Safe
2026-03-18 14:36:38 UTC,24,29,23.42,1956.74,33.6,53.3,Safe
2026-03-18 14:36:48 UTC,23,25,22.12,1940.77,33.6,53.2,Safe
2026-03-18 14:36:58 UTC,22,23,22.73,1951.42,33.6,53.3,Safe
2026-03-18 14:37:08 UTC,22,24,23.42,1959.41,33.6,53.3,Safe
2026-03-18 14:37:18 UTC,22,24,21.6,1932.79,33.6,53.4,Safe
2026-03-18 14:37:28 UTC,23,25,23.42,1959.41,33.6,53.5,Safe
2026-03-18 14:37:38 UTC,23,24,21.02,1930.12,33.6,53.6,Safe
2026-03-18 14:37:48 UTC,22,24,23.16,1956.74,33.6,53.8,Safe
2026-03-18 14:37:58 UTC,27,30,21.87,1932.79,33.6,53.8,Safe
2026-03-18 14:38:08 UTC,31,35,23.31,1959.41,33.7,53.8,Safe
2026-03-18 14:38:18 UTC,35,42,21.91,1940.77,33.8,53.8,Safe
2026-03-18 14:38:28 UTC,39,49,23.27,1959.41,33.8,53.8,Safe
2026-03-18 14:38:38 UTC,37,47,23.1,1959.41,33.8,53.7,Safe
2026-03-18 14:38:48 UTC,35,42,22.84,1954.08,33.9,53.7,Safe
2026-03-18 14:38:58 UTC,31,37,22.99,1956.74,33.9,53.9,Safe
2026-03-18 14:39:08 UTC,30,35,22.16,1940.77,34.0,53.7,Safe
2026-03-18 14:39:18 UTC,27,29,22.94,1948.76,34.0,53.5,Safe
2026-03-18 14:39:28 UTC,25,26,21.87,1943.43,34.0,53.4,Safe
2026-03-18 14:39:38 UTC,23,25,23.42,1959.41,34.0,53.3,Safe
2026-03-18 14:39:48 UTC,21,24,21.95,1940.77,33.9,53.3,Safe
2026-03-18 14:39:58 UTC,22,24,22.99,1951.42,33.9,53.5,Safe
2026-03-18 14:40:08 UTC,24,25,21.81,1938.11,33.9,53.6,Safe
2026-03-18 14:40:18 UTC,22,25,23.47,1959.41,33.8,53.6,Safe
2026-03-18 14:40:28 UTC,22,25,21.91,1938.11,33.9,53.5,Safe
2026-03-18 14:40:38 UTC,20,22,21.52,1938.11,34.1,53.5,Safe
2026-03-18 14:40:48 UTC,21,22,23.58,1959.41,34.1,53.3,Safe
2026-03-18 14:40:58 UTC,22,23,21.95,1940.77,34.3,53.2,Safe
2026-03-18 14:41:08 UTC,23,24,23.47,1959.41,34.4,53.1,Safe
2026-03-18 14:41:18 UTC,21,23,21.91,1940.77,34.5,53.1,Safe
2026-03-18 14:41:28 UTC,21,22,23.21,1959.41,34.7,52.8,Safe
2026-03-18 14:41:38 UTC,22,23,22.12,1940.77,34.8,52.9,Safe
2026-03-18 14:41:48 UTC,22,24,23.31,1959.41,35.0,52.8,Safe
2026-03-18 14:41:58 UTC,23,26,21.91,1940.77,35.0,52.6,Safe
2026-03-18 14:42:08 UTC,24,25,23.47,1959.41,34.9,52.4,Safe
2026-03-18 14:42:18 UTC,25,26,23.54,1959.41,34.8,52.2,Safe
2026-03-18 14:42:28 UTC,24,25,21.95,1940.77,34.7,52.2,Safe
2026-03-18 14:42:38 UTC,24,25,23.47,1959.41,34.6,52.3,Safe
2026-03-18 14:42:48 UTC,23,25,21.91,1940.77,34.6,52.4,Safe
2026-03-18 14:42:58 UTC,20,26,23.36,1956.74,34.5,52.4,Safe
2026-03-18 14:43:08 UTC,21,26,21.71,1940.77,34.3,52.4,Safe
2026-03-18 14:43:18 UTC,23,25,23.47,1959.41,34.1,52.9,Safe
2026-03-18 14:43:28 UTC,21,25,21.46,1932.79,34.1,53.2,Safe
2026-03-18 14:43:38 UTC,21,24,22.84,1954.08,34.0,53.5,Safe
2026-03-18 14:43:48 UTC,23,24,23.58,1959.41,33.9,53.4,Safe
2026-03-18 14:43:58 UTC,24,26,23.54,1959.41,34.0,53.6,Safe
2026-03-18 14:44:08 UTC,24,26,23.54,1959.41,34.0,53.8,Safe
2026-03-18 14:44:18 UTC,22,25,21.95,1940.77,34.0,53.9,Safe
2026-03-18 14:44:28 UTC,20,23,23.42,1956.74,34.0,53.7,Safe
2026-03-18 14:44:38 UTC,21,26,21.87,1940.77,33.9,53.5,Safe
2026-03-18 14:44:48 UTC,23,26,23.47,1956.74,33.8,53.4,Safe
2026-03-18 14:44:58 UTC,22,25,21.91,1940.77,33.7,53.8,Safe
2026-03-18 14:45:08 UTC,23,24,23.69,1956.74,33.7,53.9,Safe
2026-03-18 14:45:18 UTC,23,26,21.71,1940.77,33.7,53.9,Safe
2026-03-18 14:45:28 UTC,26,29,23.27,1956.74,33.7,54.2,Safe
2026-03-18 14:45:38 UTC,28,32,21.81,1940.77,33.7,54.3,Safe
2026-03-18 14:45:48 UTC,30,35,23.36,1959.41,33.7,54.3,Safe
2026-03-18 14:45:58 UTC,32,39,23.42,1959.41,33.8,54.4,Safe
2026-03-18 14:46:08 UTC,32,40,21.91,1938.11,33.9,54.3,Safe
2026-03-18 14:46:18 UTC,32,39,23.76,1959.41,33.9,54.3,Safe
2026-03-18 14:46:28 UTC,31,36,22.06,1943.43,33.9,54.4,Safe
2026-03-18 14:46:38 UTC,31,36,23.69,1962.06,34.0,54.3,Safe
2026-03-18 14:46:48 UTC,30,36,21.91,1943.43,34.0,54.2,Safe
2026-03-18 14:46:58 UTC,29,35,23.69,1962.06,34.0,54.2,Safe
2026-03-18 14:47:08 UTC,28,33,22.16,1943.43,34.1,54.0,Safe
2026-03-18 14:47:18 UTC,27,32,23.47,1962.06,34.0,53.4,Safe
2026-03-18 14:47:28 UTC,27,33,23.42,1959.41,33.9,53.3,Safe
2026-03-18 14:47:38 UTC,27,32,22.37,1940.77,33.9,53.8,Safe
2026-03-18 14:47:48 UTC,27,29,23.31,1954.08,33.9,54.0,Safe
2026-03-18 14:47:58 UTC,26,27,22.06,1940.77,34.0,54.1,Safe
2026-03-18 14:48:08 UTC,27,28,23.65,1964.73,34.0,54.3,Safe
2026-03-18 14:48:18 UTC,29,31,22.12,1940.77,34.0,54.1,Safe
2026-03-18 14:48:28 UTC,32,36,23.58,1962.06,34.1,54.0,Safe
2026-03-18 14:48:38 UTC,33,38,22.06,1943.43,34.1,53.9,Safe
2026-03-18 14:48:48 UTC,35,42,23.54,1962.06,34.2,53.7,Safe
2026-03-18 14:48:58 UTC,37,45,23.47,1962.06,34.2,53.7,Safe
2026-03-18 14:49:08 UTC,38,46,23.58,1962.06,34.2,53.7,Safe
2026-03-18 14:49:18 UTC,40,49,22.12,1943.43,34.3,53.9,Safe
2026-03-18 14:49:28 UTC,41,50,21.56,1932.79,34.3,54.1,Safe
2026-03-18 14:49:38 UTC,40,51,22.84,1956.74,34.3,54.0,Safe
2026-03-18 14:49:48 UTC,39,49,21.87,1935.45,34.4,53.7,Safe
2026-03-18 14:49:58 UTC,42,50,23.36,1959.41,34.4,53.7,Safe
2026-03-18 14:50:08 UTC,41,50,21.95,1940.77,34.3,53.2,Safe
2026-03-18 14:50:18 UTC,37,45,23.42,1954.08,34.3,53.2,Safe
2026-03-18 14:50:28 UTC,34,43,21.87,1940.77,34.2,53.5,Safe
2026-03-18 14:50:38 UTC,32,39,23.42,1962.06,34.3,53.6,Safe
2026-03-18 14:50:48 UTC,33,41,22.16,1940.77,34.3,53.4,Safe
2026-03-18 14:50:58 UTC,32,38,23.65,1964.73,34.4,53.3,Safe
2026-03-18 14:51:08 UTC,32,39,23.36,1962.06,34.6,53.0,Safe
2026-03-18 14:51:18 UTC,34,43,22.16,1940.77,34.9,52.7,Safe
2026-03-18 14:51:28 UTC,37,45,23.69,1959.41,35.0,52.4,Safe
2026-03-18 14:51:38 UTC,35,42,21.81,1940.77,35.0,52.2,Safe
2026-03-18 14:51:48 UTC,35,44,23.96,1959.41,35.1,52.2,Safe
2026-03-18 14:51:58 UTC,35,41,21.66,1938.11,35.2,52.2,Safe
2026-03-18 14:52:08 UTC,35,43,23.8,1962.06,35.2,52.0,Safe
2026-03-18 14:52:18 UTC,33,39,22.01,1946.09,35.2,52.1,Safe
2026-03-18 14:52:28 UTC,31,34,22.94,1954.08,35.2,51.9,Safe
2026-03-18 14:52:38 UTC,28,31,23.58,1962.06,35.2,51.6,Safe
2026-03-18 14:52:48 UTC,27,29,22.16,1940.77,35.2,51.5,Safe
2026-03-18 14:52:58 UTC,26,28,23.65,1959.41,35.2,51.5,Safe
2026-03-18 14:53:08 UTC,25,28,22.16,1943.43,35.1,51.4,Safe
2026-03-18 14:53:18 UTC,27,29,23.76,1964.73,35.1,51.8,Safe
2026-03-18 14:53:28 UTC,28,28,22.12,1943.43,35.1,51.8,Safe
2026-03-18 14:53:38 UTC,29,33,23.1,1951.42,35.1,52.0,Safe
2026-03-18 14:53:48 UTC,30,36,21.66,1935.45,35.1,51.9,Safe
2026-03-18 14:53:58 UTC,29,33,23.69,1959.41,35.1,51.9,Safe
2026-03-18 14:54:08 UTC,30,35,23.8,1962.06,35.1,51.9,Safe
2026-03-18 14:54:18 UTC,31,36,23.16,1951.42,35.1,51.9,Safe
2026-03-18 14:54:28 UTC,30,34,21.81,1940.77,35.1,52.0,Safe
2026-03-18 14:54:38 UTC,30,34,21.56,1938.11,35.1,51.9,Safe
2026-03-18 14:54:48 UTC,30,35,23.69,1962.06,34.9,51.5,Safe
2026-03-18 14:54:58 UTC,29,33,22.06,1940.77,34.8,51.3,Safe
2026-03-18 14:55:08 UTC,27,33,23.47,1962.06,34.6,51.2,Safe
2026-03-18 14:55:18 UTC,26,32,21.81,1940.77,34.4,51.5,Safe
2026-03-18 14:55:28 UTC,24,28,23.36,1962.06,34.4,52.0,Safe
2026-03-18 14:55:38 UTC,23,28,21.87,1940.77,34.2,52.6,Safe
2026-03-18 14:55:48 UTC,24,26,24.69,1978.03,34.3,52.8,Safe
2026-03-18 14:55:58 UTC,24,26,22.62,1951.42,34.4,53.1,Safe
2026-03-18 14:56:08 UTC,23,24,24.74,1972.72,34.4,53.3,Safe
2026-03-18 14:56:18 UTC,23,24,24.46,1972.72,34.4,53.5,Safe
2026-03-18 14:56:28 UTC,23,25,22.88,1948.76,34.4,53.6,Safe
2026-03-18 14:56:38 UTC,22,24,24.46,1972.72,34.4,53.6,Safe
2026-03-18 14:56:48 UTC,22,26,24.18,1967.39,34.6,53.5,Safe
2026-03-18 14:56:58 UTC,23,27,26.74,1994.01,34.6,53.7,Safe
2026-03-18 14:57:08 UTC,23,26,24.53,1970.05,34.6,53.5,Safe
2026-03-18 14:57:18 UTC,24,25,24.34,1967.39,34.5,53.7,Safe
2026-03-18 14:57:28 UTC,22,24,22.62,1948.76,34.5,54.0,Safe
2026-03-18 14:57:38 UTC,50,95,24.34,1970.05,34.5,54.4,Safe
2026-03-18 14:57:48 UTC,110,258,24.34,1970.05,34.5,53.9,Hazardous
2026-03-18 14:57:58 UTC,85,184,22.62,1943.43,34.4,53.5,Caution
2026-03-18 14:58:08 UTC,62,126,24.41,1970.05,34.4,53.2,Caution
2026-03-18 14:58:18 UTC,48,81,22.52,1948.76,34.4,53.1,Safe
2026-03-18 14:58:28 UTC,44,70,24.34,1970.05,34.4,53.2,Safe
2026-03-18 14:58:38 UTC,42,66,22.62,1946.09,34.4,53.0,Safe
2026-03-18 14:58:48 UTC,39,59,24.14,1970.05,34.3,53.0,Safe
2026-03-18 14:58:58 UTC,38,55,22.79,1951.42,34.3,53.1,Safe
2026-03-18 14:59:08 UTC,34,52,24.53,1970.05,34.3,53.1,Safe
2026-03-18 14:59:18 UTC,34,48,24.34,1970.05,34.3,53.2,Safe
2026-03-18 14:59:28 UTC,33,48,24.23,1970.05,34.3,53.1,Safe
2026-03-18 14:59:38 UTC,31,43,24.07,1967.39,34.3,52.9,Safe
2026-03-18 14:59:48 UTC,30,42,22.37,1940.77,34.2,52.8,Safe
2026-03-18 14:59:58 UTC,28,37,23.65,1962.06,34.2,52.9,Safe
2026-03-18 15:00:08 UTC,27,34,22.79,1951.42,34.2,53.1,Safe
2026-03-18 15:00:18 UTC,25,31,24.34,1967.39,34.1,53.1,Safe
2026-03-18 15:00:28 UTC,23,30,22.62,1948.76,34.1,53.0,Safe
2026-03-18 15:00:38 UTC,23,28,24.34,1970.05,34.1,53.0,Safe
2026-03-18 15:00:48 UTC,23,27,22.62,1948.76,34.1,53.1,Safe
2026-03-18 15:00:58 UTC,22,28,23.91,1964.73,34.0,53.2,Safe
2026-03-18 15:01:08 UTC,21,27,22.69,1948.76,34.0,53.3,Safe
2026-03-18 15:01:18 UTC,20,25,24.34,1970.05,34.0,53.5,Safe
2026-03-18 15:01:28 UTC,21,25,24.34,1970.05,34.0,53.7,Safe
2026-03-18 15:01:38 UTC,22,24,22.58,1946.09,34.0,54.0,Safe
2026-03-18 15:01:48 UTC,23,25,24.34,1967.39,34.0,54.2,Safe
2026-03-18 15:01:58 UTC,24,26,22.79,1948.76,34.0,54.3,Safe
2026-03-18 15:02:08 UTC,25,29,24.23,1964.73,34.0,54.3,Safe
2026-03-18 15:02:18 UTC,23,27,22.62,1948.76,34.0,54.3,Safe
2026-03-18 15:02:28 UTC,22,24,24.53,1967.39,34.0,54.3,Safe
2026-03-18 15:02:38 UTC,22,25,22.94,1948.76,34.0,54.6,Safe
2026-03-18 15:02:48 UTC,23,27,24.34,1970.05,34.0,54.6,Safe
2026-03-18 15:02:58 UTC,23,27,24.34,1970.05,34.0,54.8,Safe
2026-03-18 15:03:08 UTC,23,26,22.37,1940.77,34.1,54.9,Safe
2026-03-18 15:03:18 UTC,23,25,24.46,1970.05,34.1,54.9,Safe
2026-03-18 15:03:28 UTC,24,25,22.84,1948.76,34.0,54.8,Safe
2026-03-18 15:03:38 UTC,24,26,24.69,1970.05,34.0,54.7,Safe
2026-03-18 15:03:48 UTC,24,27,22.26,1940.77,34.1,54.7,Safe
2026-03-18 15:03:58 UTC,24,25,24.41,1967.39,34.0,54.6,Safe
2026-03-18 15:04:08 UTC,24,26,22.62,1943.43,34.0,54.4,Safe
2026-03-18 15:04:18 UTC,23,23,24.34,1970.05,34.1,54.2,Safe
2026-03-18 15:04:28 UTC,23,24,24.64,1970.05,34.0,54.1,Safe
2026-03-18 15:04:38 UTC,23,25,24.46,1967.39,34.1,54.1,Safe
2026-03-18 15:04:48 UTC,22,23,22.12,1943.43,34.1,54.2,Safe
2026-03-18 15:04:58 UTC,23,24,21.81,1932.79,34.1,54.1,Safe
2026-03-18 15:05:08 UTC,23,25,24.41,1970.05,34.1,54.1,Safe
2026-03-18 15:05:18 UTC,24,25,22.69,1948.76,34.1,54.0,Safe
2026-03-18 15:05:28 UTC,24,26,24.3,1970.05,34.1,54.0,Safe
2026-03-18 15:05:38 UTC,22,26,23.1,1948.76,34.1,53.9,Safe
2026-03-18 15:05:48 UTC,21,25,24.34,1967.39,34.1,53.9,Safe
2026-03-18 15:05:58 UTC,20,26,23.58,1951.42,34.1,54.2,Safe
2026-03-18 15:06:08 UTC,20,25,23.91,1956.74,34.1,54.2,Safe
2026-03-18 15:06:18 UTC,21,23,22.69,1946.09,34.0,54.1,Safe
2026-03-18 15:06:28 UTC,21,23,24.74,1972.72,34.1,54.1,Safe
2026-03-18 15:06:38 UTC,23,24,24.34,1970.05,34.0,54.2,Safe
2026-03-18 15:06:48 UTC,25,27,22.88,1948.76,34.1,54.3,Safe
2026-03-18 15:06:58 UTC,26,27,24.34,1967.39,34.1,54.4,Safe
2026-03-18 15:07:08 UTC,28,29,22.84,1948.76,34.1,54.6,Safe
2026-03-18 15:07:18 UTC,31,37,24.34,1967.39,34.1,54.5,Safe
2026-03-18 15:07:28 UTC,32,39,22.69,1948.76,34.1,54.5,Safe
2026-03-18 15:07:38 UTC,30,35,24.64,1970.05,34.0,54.5,Safe
2026-03-18 15:07:48 UTC,31,36,22.84,1948.76,34.1,54.7,Safe
2026-03-18 15:07:58 UTC,33,37,24.03,1962.06,34.1,54.7,Safe
2026-03-18 15:08:08 UTC,32,37,24.64,1970.05,34.1,54.7,Safe
2026-03-18 15:08:18 UTC,33,37,24.46,1970.05,34.1,55.0,Safe
2026-03-18 15:08:28 UTC,32,36,24.41,1970.05,34.1,55.2,Safe
2026-03-18 15:08:38 UTC,31,34,22.58,1946.09,34.0,55.5,Safe
2026-03-18 15:08:48 UTC,30,35,24.03,1962.06,34.0,55.4,Safe
2026-03-18 15:08:58 UTC,31,40,22.58,1940.77,34.0,55.5,Safe
2026-03-18 15:09:08 UTC,33,42,24.34,1967.39,34.0,55.6,Safe
2026-03-18 15:09:18 UTC,33,45,22.62,1948.76,34.0,55.7,Safe
2026-03-18 15:09:28 UTC,32,44,24.41,1970.05,34.0,55.2,Safe
2026-03-18 15:09:38 UTC,32,41,23.21,1948.76,34.0,54.8,Safe
2026-03-18 15:09:48 UTC,33,40,24.03,1959.41,34.0,54.7,Safe
2026-03-18 15:09:58 UTC,33,39,22.62,1948.76,34.0,54.6,Safe
2026-03-18 15:10:08 UTC,33,39,22.73,1948.76,34.0,54.6,Safe
2026-03-18 15:10:18 UTC,34,39,24.64,1970.05,34.0,54.5,Safe
2026-03-18 15:10:28 UTC,34,37,22.84,1946.09,34.0,54.4,Safe
2026-03-18 15:10:38 UTC,32,34,24.34,1970.05,34.0,54.4,Safe
2026-03-18 15:10:48 UTC,29,32,22.94,1948.76,34.0,54.4,Safe
2026-03-18 15:10:58 UTC,27,31,24.34,1967.39,34.0,54.3,Safe
2026-03-18 15:11:08 UTC,26,30,22.79,1946.09,34.0,54.3,Safe
2026-03-18 15:11:18 UTC,26,28,24.46,1970.05,34.0,54.5,Safe
2026-03-18 15:11:28 UTC,26,29,22.62,1948.76,34.0,54.5,Safe
2026-03-18 15:11:38 UTC,25,27,24.69,1970.05,34.0,54.7,Safe
2026-03-18 15:11:48 UTC,24,24,24.53,1967.39,33.9,54.8,Safe
2026-03-18 15:11:58 UTC,23,27,22.73,1946.09,34.0,54.7,Safe
2026-03-18 15:12:08 UTC,23,26,24.23,1962.06,33.9,55.0,Safe
2026-03-18 15:12:18 UTC,23,27,22.79,1948.76,33.9,54.9,Safe
2026-03-18 15:12:28 UTC,22,25,24.34,1964.73,33.9,54.9,Safe
2026-03-18 15:12:38 UTC,22,25,22.79,1948.76,33.9,54.6,Safe
2026-03-18 15:12:48 UTC,21,25,24.34,1970.05,33.8,54.7,Safe
2026-03-18 15:12:58 UTC,21,25,22.52,1946.09,33.8,54.7,Safe
2026-03-18 15:13:08 UTC,21,24,23.8,1959.41,33.8,54.8,Safe
2026-03-18 15:13:18 UTC,21,23,24.46,1970.05,33.8,54.8,Safe
2026-03-18 15:13:28 UTC,23,25,24.41,1970.05,33.8,54.9,Safe
2026-03-18 15:13:38 UTC,24,27,24.34,1964.73,33.8,54.8,Safe
2026-03-18 15:13:48 UTC,32,48,22.58,1948.76,33.8,54.8,Safe
2026-03-18 15:13:58 UTC,30,44,24.34,1967.39,33.8,54.8,Safe
2026-03-18 15:14:08 UTC,27,36,22.12,1938.11,33.8,54.9,Safe
2026-03-18 15:14:18 UTC,26,34,24.03,1962.06,33.8,54.8,Safe
2026-03-18 15:14:28 UTC,26,31,22.88,1946.09,33.8,54.8,Safe
2026-03-18 15:14:38 UTC,23,30,24.34,1964.73,33.8,54.9,Safe
2026-03-18 15:14:48 UTC,23,28,22.62,1946.09,33.8,54.8,Safe
2026-03-18 15:14:58 UTC,25,30,24.46,1970.05,33.8,54.6,Safe
2026-03-18 15:15:08 UTC,24,29,22.62,1948.76,33.8,54.5,Safe
2026-03-18 15:15:18 UTC,24,29,22.33,1943.43,33.7,54.4,Safe
2026-03-18 15:15:28 UTC,23,28,24.07,1967.39,33.7,54.3,Safe
2026-03-18 15:15:38 UTC,24,27,22.48,1948.76,33.6,54.3,Safe
2026-03-18 15:15:48 UTC,22,26,23.54,1956.74,33.6,54.4,Safe
2026-03-18 15:15:58 UTC,22,30,22.52,1946.09,33.5,54.5,Safe
2026-03-18 15:16:08 UTC,20,29,24.3,1967.39,33.5,54.5,Safe
2026-03-18 15:16:18 UTC,20,25,22.69,1946.09,33.5,54.6,Safe
2026-03-18 15:16:28 UTC,20,22,24.41,1967.39,33.5,54.7,Safe
2026-03-18 15:16:38 UTC,19,23,21.81,1940.77,33.5,54.6,Safe
2026-03-18 15:16:48 UTC,19,22,24.07,1962.06,33.6,54.5,Safe
2026-03-18 15:16:58 UTC,21,23,24.3,1970.05,33.5,54.5,Safe
2026-03-18 15:17:08 UTC,21,25,22.69,1948.76,33.6,54.6,Safe
2026-03-18 15:17:18 UTC,24,27,24.34,1970.05,33.5,54.7,Safe
2026-03-18 15:17:28 UTC,22,23,22.62,1948.76,33.6,54.8,Safe
2026-03-18 15:17:38 UTC,22,23,24.41,1967.39,33.6,54.9,Safe
2026-03-18 15:17:48 UTC,21,24,22.26,1940.77,33.6,55.0,Safe
2026-03-18 15:17:58 UTC,21,24,24.34,1964.73,33.6,55.1,Safe
2026-03-18 15:18:08 UTC,21,25,22.16,1940.77,33.6,55.4,Safe
2026-03-18 15:18:18 UTC,21,24,23.76,1959.41,33.6,55.4,Safe
2026-03-18 15:18:28 UTC,22,26,24.34,1970.05,33.6,55.4,Safe
2026-03-18 15:18:38 UTC,23,26,24.34,1967.39,33.6,55.4,Safe
2026-03-18 15:18:48 UTC,23,26,24.3,1970.05,33.6,55.5,Safe
2026-03-18 15:18:58 UTC,23,28,22.69,1948.76,33.6,55.6,Safe
2026-03-18 15:19:08 UTC,23,26,24.34,1967.39,33.6,55.6,Safe
2026-03-18 15:19:18 UTC,22,26,22.26,1943.43,33.6,55.7,Safe
2026-03-18 15:19:28 UTC,24,28,24.34,1964.73,33.7,55.8,Safe
2026-03-18 15:19:38 UTC,25,29,22.37,1940.77,33.7,55.9,Safe
2026-03-18 15:19:48 UTC,26,28,24.46,1970.05,33.7,55.8,Safe
2026-03-18 15:19:58 UTC,25,26,22.88,1946.09,33.7,55.6,Safe
2026-03-18 15:20:08 UTC,24,24,24.34,1967.39,33.7,55.3,Safe
2026-03-18 15:20:18 UTC,22,23,22.79,1948.76,33.7,55.1,Safe
2026-03-18 15:20:28 UTC,22,23,24.34,1967.39,33.7,55.0,Safe
2026-03-18 15:20:38 UTC,21,22,24.53,1970.05,33.7,55.0,Safe
2026-03-18 15:20:48 UTC,20,22,22.73,1948.76,33.8,55.1,Safe
2026-03-18 15:20:58 UTC,21,23,24.41,1967.39,33.7,55.0,Safe
2026-03-18 15:21:08 UTC,22,24,22.16,1940.77,33.8,54.9,Safe
2026-03-18 15:21:18 UTC,22,25,24.18,1964.73,33.7,54.6,Safe
2026-03-18 15:21:28 UTC,22,24,22.73,1946.09,33.8,54.4,Safe
2026-03-18 15:21:38 UTC,23,26,24.34,1964.73,33.7,54.5,Safe
2026-03-18 15:21:48 UTC,24,25,22.16,1940.77,33.7,54.6,Safe
2026-03-18 15:21:58 UTC,24,28,24.34,1967.39,33.7,54.8,Safe
2026-03-18 15:22:08 UTC,25,29,24.46,1970.05,33.7,54.8,Safe
2026-03-18 15:22:18 UTC,26,30,23.16,1951.42,33.7,54.8,Safe
2026-03-18 15:22:28 UTC,24,28,24.34,1964.73,33.7,54.8,Safe
2026-03-18 15:22:38 UTC,24,27,22.69,1948.76,33.7,54.4,Safe
2026-03-18 15:22:48 UTC,24,29,24.18,1967.39,33.7,54.4,Safe
2026-03-18 15:22:58 UTC,26,30,22.84,1946.09,33.6,54.6,Safe
2026-03-18 15:23:08 UTC,27,31,23.54,1959.41,33.6,54.5,Safe
2026-03-18 15:23:18 UTC,29,34,22.62,1946.09,33.6,54.5,Safe
2026-03-18 15:23:28 UTC,33,39,23.54,1956.74,33.6,54.5,Safe
2026-03-18 15:23:38 UTC,34,42,22.37,1940.77,33.6,54.4,Safe
2026-03-18 15:23:48 UTC,36,47,24.41,1967.39,33.5,54.5,Safe
2026-03-18 15:23:58 UTC,39,48,22.16,1940.77,33.5,54.7,Safe
2026-03-18 15:24:08 UTC,39,48,22.69,1946.09,33.5,54.7,Safe
2026-03-18 15:24:18 UTC,37,46,24.41,1964.73,33.5,54.6,Safe
2026-03-18 15:24:28 UTC,37,44,22.62,1948.76,33.5,54.6,Safe
2026-03-18 15:24:38 UTC,37,46,24.23,1967.39,33.5,54.8,Safe
2026-03-18 15:24:48 UTC,36,46,22.62,1946.09,33.5,54.9,Safe
2026-03-18 15:24:58 UTC,37,46,24.23,1970.05,33.5,55.0,Safe
2026-03-18 15:25:08 UTC,36,44,22.58,1946.09,33.5,55.0,Safe
2026-03-18 15:25:18 UTC,37,44,24.34,1967.39,33.5,55.1,Safe
2026-03-18 15:25:28 UTC,35,45,22.62,1946.09,33.5,55.2,Safe
2026-03-18 15:25:38 UTC,36,46,24.3,1967.39,33.6,55.4,Safe
2026-03-18 15:25:48 UTC,36,44,24.34,1964.73,33.5,55.6,Safe
2026-03-18 15:25:58 UTC,36,43,22.69,1948.76,33.5,55.7,Safe
2026-03-18 15:26:08 UTC,38,46,24.34,1964.73,33.5,55.7,Safe
2026-03-18 15:26:18 UTC,40,47,22.62,1946.09,33.6,55.8,Safe
2026-03-18 15:26:28 UTC,39,47,24.34,1964.73,33.5,55.7,Safe
2026-03-18 15:26:38 UTC,40,48,22.62,1943.43,33.6,55.6,Safe
2026-03-18 15:26:48 UTC,40,48,24.03,1959.41,33.6,55.5,Safe
2026-03-18 15:26:58 UTC,41,48,22.22,1940.77,33.6,55.6,Safe
2026-03-18 15:27:08 UTC,41,50,24.14,1967.39,33.6,55.5,Safe
2026-03-18 15:27:18 UTC,40,48,24.14,1956.74,33.6,55.3,Safe
2026-03-18 15:27:28 UTC,39,49,24.18,1964.73,33.6,55.2,Safe
2026-03-18 15:27:38 UTC,41,51,24.34,1967.39,33.6,55.2,Safe
2026-03-18 15:27:48 UTC,41,50,22.58,1948.76,33.6,55.2,Safe
2026-03-18 15:27:58 UTC,40,50,24.23,1967.39,33.6,55.0,Safe
2026-03-18 15:28:08 UTC,38,48,22.62,1948.76,33.6,54.9,Safe
2026-03-18 15:28:18 UTC,37,48,24.34,1970.05,33.6,54.8,Safe
2026-03-18 15:28:28 UTC,36,48,22.26,1940.77,33.6,54.7,Safe
2026-03-18 15:28:38 UTC,36,45,24.34,1967.39,33.6,54.9,Safe
2026-03-18 15:28:48 UTC,34,41,24.14,1964.73,33.6,54.8,Safe
2026-03-18 15:28:58 UTC,33,39,24.18,1967.39,33.5,54.8,Safe
2026-03-18 15:29:08 UTC,34,41,22.69,1946.09,33.5,54.8,Safe
2026-03-18 15:29:18 UTC,34,39,22.79,1948.76,33.5,54.7,Safe
2026-03-18 15:29:28 UTC,33,36,24.57,1967.39,33.5,54.8,Safe
2026-03-18 15:29:38 UTC,33,39,22.62,1948.76,33.5,54.6,Safe
2026-03-18 15:29:48 UTC,34,41,24.3,1967.39,33.5,54.3,Safe
2026-03-18 15:29:58 UTC,34,42,22.62,1948.76,33.5,54.2,Safe
2026-03-18 15:30:08 UTC,33,39,24.34,1970.05,33.5,54.1,Safe
2026-03-18 15:30:18 UTC,32,38,22.52,1943.43,33.5,54.3,Safe
2026-03-18 15:30:28 UTC,31,38,24.41,1964.73,33.5,54.5,Safe
2026-03-18 15:30:38 UTC,30,35,22.62,1946.09,33.5,54.5,Safe
2026-03-18 15:30:48 UTC,28,29,24.41,1970.05,33.5,54.6,Safe
2026-03-18 15:30:58 UTC,27,30,24.34,1967.39,33.4,54.5,Safe
2026-03-18 15:31:08 UTC,28,31,22.73,1946.09,33.4,54.7,Safe
2026-03-18 15:31:18 UTC,27,31,24.34,1964.73,33.5,54.9,Safe
2026-03-18 15:31:28 UTC,27,29,22.69,1940.77,33.5,54.8,Safe
2026-03-18 15:31:38 UTC,26,30,24.34,1967.39,33.5,54.9,Safe
2026-03-18 15:31:48 UTC,27,29,22.62,1940.77,33.5,54.9,Safe
2026-03-18 15:31:58 UTC,24,26,24.18,1962.06,33.5,54.8,Safe
2026-03-18 15:32:08 UTC,26,27,22.52,1940.77,33.5,54.9,Safe
2026-03-18 15:32:18 UTC,25,27,24.23,1964.73,33.5,54.7,Safe
2026-03-18 15:32:28 UTC,26,28,24.3,1964.73,33.5,54.6,Safe
2026-03-18 15:32:38 UTC,27,29,24.23,1964.73,33.5,54.5,Safe
2026-03-18 15:32:48 UTC,25,29,24.34,1970.05,33.6,54.3,Safe
2026-03-18 15:32:58 UTC,24,25,22.62,1946.09,33.6,54.3,Safe
2026-03-18 15:33:08 UTC,23,24,24.03,1964.73,33.5,54.3,Safe
2026-03-18 15:33:18 UTC,22,23,22.62,1946.09,33.5,54.3,Safe
2026-03-18 15:33:28 UTC,22,24,24.34,1964.73,33.5,54.3,Safe
2026-03-18 15:33:38 UTC,21,24,22.58,1943.43,33.5,54.4,Safe
2026-03-18 15:33:48 UTC,22,26,24.3,1964.73,33.6,54.4,Safe
2026-03-18 15:33:58 UTC,23,24,22.62,1943.43,33.5,54.5,Safe
2026-03-18 15:34:08 UTC,22,23,24.23,1964.73,33.6,54.6,Safe
2026-03-18 15:34:18 UTC,22,23,22.58,1946.09,33.6,54.8,Safe
2026-03-18 15:34:28 UTC,25,25,24.34,1964.73,33.6,55.0,Safe
2026-03-18 15:34:38 UTC,25,28,24.3,1962.06,33.6,55.0,Safe
2026-03-18 15:34:48 UTC,24,28,22.79,1946.09,33.6,55.0,Safe
2026-03-18 15:34:58 UTC,23,28,24.3,1964.73,33.6,54.8,Safe
2026-03-18 15:35:08 UTC,23,29,22.79,1946.09,33.6,54.9,Safe
2026-03-18 15:35:18 UTC,23,26,24.3,1964.73,33.6,54.8,Safe
2026-03-18 15:35:28 UTC,22,26,22.69,1943.43,33.7,55.0,Safe
2026-03-18 15:35:38 UTC,21,23,24.64,1970.05,33.7,54.8,Safe
2026-03-18 15:35:48 UTC,21,24,22.62,1946.09,33.7,54.5,Safe
2026-03-18 15:35:58 UTC,23,28,24.34,1967.39,33.7,54.4,Safe
2026-03-18 15:36:08 UTC,21,26,24.41,1964.73,33.7,54.3,Safe
2026-03-18 15:36:18 UTC,20,25,22.62,1946.09,33.7,54.1,Safe
2026-03-18 15:36:28 UTC,20,25,24.34,1964.73,33.7,54.2,Safe
2026-03-18 15:36:38 UTC,21,28,22.69,1946.09,33.6,54.0,Safe
2026-03-18 15:36:48 UTC,21,25,24.3,1967.39,33.7,54.0,Safe
2026-03-18 15:36:58 UTC,22,26,22.62,1948.76,33.6,54.0,Safe
2026-03-18 15:37:08 UTC,22,27,24.57,1967.39,33.6,53.9,Safe
2026-03-18 15:37:18 UTC,23,26,22.73,1948.76,33.6,53.9,Safe
2026-03-18 15:37:28 UTC,22,25,24.03,1962.06,33.6,54.2,Safe
2026-03-18 15:37:38 UTC,24,27,24.64,1970.05,33.6,54.4,Safe
2026-03-18 15:37:48 UTC,23,24,24.41,1964.73,33.6,54.8,Safe
2026-03-18 15:37:58 UTC,22,23,22.73,1948.76,33.6,54.9,Safe
2026-03-18 15:38:08 UTC,22,23,22.69,1948.76,33.5,55.1,Safe
2026-03-18 15:38:18 UTC,21,23,24.46,1970.05,33.6,55.2,Safe
2026-03-18 15:38:28 UTC,21,25,22.84,1951.42,33.5,55.3,Safe
2026-03-18 15:38:38 UTC,22,25,24.57,1967.39,33.5,54.9,Safe
2026-03-18 15:38:48 UTC,23,27,22.48,1940.77,33.5,54.6,Safe
2026-03-18 15:38:58 UTC,21,25,24.46,1970.05,33.5,54.5,Safe
2026-03-18 15:39:08 UTC,21,24,22.41,1943.43,33.5,54.8,Safe
2026-03-18 15:39:18 UTC,21,26,23.69,1959.41,33.5,55.0,Safe
2026-03-18 15:39:28 UTC,22,29,22.58,1943.43,33.4,55.0,Safe
2026-03-18 15:39:38 UTC,22,27,24.46,1970.05,33.4,55.1,Safe
2026-03-18 15:39:48 UTC,25,28,24.34,1970.05,33.4,54.9,Safe
2026-03-18 15:39:58 UTC,24,27,22.62,1948.76,33.4,54.8,Safe
2026-03-18 15:40:08 UTC,25,28,24.46,1970.05,33.4,54.9,Safe
2026-03-18 15:40:18 UTC,25,30,22.79,1948.76,33.5,55.0,Safe
2026-03-18 15:40:28 UTC,24,29,24.3,1967.39,33.4,55.1,Safe
2026-03-18 15:40:38 UTC,25,26,22.62,1948.76,33.4,55.1,Safe
2026-03-18 15:40:48 UTC,25,28,24.53,1970.05,33.4,55.0,Safe
2026-03-18 15:40:58 UTC,26,31,22.69,1943.43,33.4,54.7,Safe
2026-03-18 15:41:08 UTC,23,27,24.34,1964.73,33.4,54.8,Safe
2026-03-18 15:41:18 UTC,23,29,23.69,1959.41,33.4,55.1,Safe
2026-03-18 15:41:28 UTC,25,28,24.53,1967.39,33.4,55.0,Safe
2026-03-18 15:41:38 UTC,26,28,24.46,1967.39,33.4,55.0,Safe
2026-03-18 15:41:48 UTC,24,26,22.73,1946.09,33.5,55.2,Safe
2026-03-18 15:41:58 UTC,24,27,24.34,1964.73,33.5,55.2,Safe
2026-03-18 15:42:08 UTC,25,27,22.79,1946.09,33.5,55.3,Safe
2026-03-18 15:42:18 UTC,24,27,24.74,1964.73,33.5,55.4,Safe
2026-03-18 15:42:28 UTC,23,28,22.62,1946.09,33.6,55.5,Safe
2026-03-18 15:42:38 UTC,23,27,24.34,1959.41,33.6,55.3,Safe
2026-03-18 15:42:48 UTC,23,27,22.62,1948.76,33.6,55.2,Safe
2026-03-18 15:42:58 UTC,25,29,24.53,1967.39,33.6,55.2,Safe
2026-03-18 15:43:08 UTC,27,29,22.79,1948.76,33.6,55.1,Safe
2026-03-18 15:43:18 UTC,25,28,22.94,1948.76,33.7,55.0,Safe
2026-03-18 15:43:28 UTC,26,31,24.34,1970.05,33.7,55.0,Safe
2026-03-18 15:43:38 UTC,24,28,22.69,1948.76,33.7,54.8,Safe
2026-03-18 15:43:48 UTC,24,27,24.41,1967.39,33.7,54.6,Safe
2026-03-18 15:43:58 UTC,24,27,22.69,1948.76,33.7,54.6,Safe
2026-03-18 15:44:08 UTC,24,26,24.41,1964.73,33.7,54.6,Safe
2026-03-18 15:44:18 UTC,24,28,22.79,1948.76,33.7,54.3,Safe
2026-03-18 15:44:28 UTC,25,29,24.03,1962.06,33.7,54.2,Safe
2026-03-18 15:44:38 UTC,25,29,22.62,1948.76,33.7,54.1,Safe
2026-03-18 15:44:48 UTC,26,30,24.3,1967.39,33.7,54.0,Safe
2026-03-18 15:44:58 UTC,27,30,24.3,1967.39,33.7,53.8,Safe
2026-03-18 15:45:08 UTC,25,27,22.69,1946.09,33.7,53.5,Safe
2026-03-18 15:45:18 UTC,25,25,23.76,1959.41,33.6,53.9,Safe
2026-03-18 15:45:28 UTC,25,25,22.73,1946.09,33.6,53.6,Safe
2026-03-18 15:45:38 UTC,25,25,24.34,1970.05,33.6,53.6,Safe
2026-03-18 15:45:48 UTC,24,24,22.73,1946.09,33.6,53.4,Safe
2026-03-18 15:45:58 UTC,24,27,24.07,1967.39,33.6,53.3,Safe
2026-03-18 15:46:08 UTC,26,31,22.62,1943.43,33.5,53.5,Safe
2026-03-18 15:46:18 UTC,28,35,24.23,1964.73,33.5,53.7,Safe
2026-03-18 15:46:28 UTC,26,33,24.34,1964.73,33.5,54.0,Safe
2026-03-18 15:46:38 UTC,28,34,24.07,1964.73,33.5,54.3,Safe
2026-03-18 15:46:48 UTC,29,32,22.62,1946.09,33.5,54.5,Safe
2026-03-18 15:46:58 UTC,28,30,22.62,1948.76,33.5,54.6,Safe
2026-03-18 15:47:08 UTC,28,31,24.34,1964.73,33.5,54.5,Safe
2026-03-18 15:47:18 UTC,27,29,22.12,1940.77,33.5,54.6,Safe
2026-03-18 15:47:28 UTC,26,30,23.69,1962.06,33.5,54.8,Safe
2026-03-18 15:47:38 UTC,27,31,22.37,1946.09,33.5,54.5,Safe
2026-03-18 15:47:48 UTC,26,29,24.03,1964.73,33.4,54.1,Safe
2026-03-18 15:47:58 UTC,25,28,22.16,1943.43,33.4,53.9,Safe
2026-03-18 15:48:08 UTC,24,26,23.96,1967.39,33.4,53.9,Safe
2026-03-18 15:48:18 UTC,22,27,22.62,1946.09,33.4,53.8,Safe
2026-03-18 15:48:28 UTC,24,27,24.07,1964.73,33.3,53.9,Safe
2026-03-18 15:48:38 UTC,25,27,23.65,1959.41,33.3,53.9,Safe
2026-03-18 15:48:48 UTC,24,26,22.58,1946.09,33.3,53.8,Safe
2026-03-18 15:48:58 UTC,24,24,23.91,1962.06,33.3,53.8,Safe
2026-03-18 15:49:08 UTC,24,25,21.81,1938.11,33.3,53.8,Safe
2026-03-18 15:49:18 UTC,23,25,24.14,1967.39,33.3,53.9,Safe
2026-03-18 15:49:28 UTC,24,27,22.62,1946.09,33.3,54.0,Safe
2026-03-18 15:49:38 UTC,23,25,24.34,1962.06,33.3,54.1,Safe
2026-03-18 15:49:48 UTC,23,25,21.95,1943.43,33.3,54.3,Safe
2026-03-18 15:49:58 UTC,22,26,24.23,1962.06,33.3,54.4,Safe
2026-03-18 15:50:08 UTC,23,26,24.34,1962.06,33.3,54.3,Safe
2026-03-18 15:50:18 UTC,25,27,24.34,1964.73,33.3,54.2,Safe
2026-03-18 15:50:28 UTC,25,26,24.34,1964.73,33.3,54.1,Safe
2026-03-18 15:50:38 UTC,24,27,22.48,1940.77,33.3,54.1,Safe
2026-03-18 15:50:48 UTC,23,26,24.23,1967.39,33.3,54.2,Safe
2026-03-18 15:50:58 UTC,22,26,22.69,1946.09,33.3,54.4,Safe
2026-03-18 15:51:08 UTC,23,26,24.23,1964.73,33.3,54.4,Safe
2026-03-18 15:51:18 UTC,23,27,22.69,1943.43,33.3,54.5,Safe
2026-03-18 15:51:28 UTC,22,25,24.34,1964.73,33.4,54.6,Safe
2026-03-18 15:51:38 UTC,22,25,22.73,1946.09,33.4,54.6,Safe
2026-03-18 15:51:48 UTC,22,25,23.76,1959.41,33.4,54.7,Safe
2026-03-18 15:51:58 UTC,22,24,22.79,1946.09,33.3,54.7,Safe
2026-03-18 15:52:08 UTC,22,26,22.41,1938.11,33.3,54.9,Safe
2026-03-18 15:52:18 UTC,23,26,24.34,1964.73,33.4,54.9,Safe
2026-03-18 15:52:28 UTC,23,26,22.79,1946.09,33.4,55.0,Safe
2026-03-18 15:52:38 UTC,23,28,23.47,1954.08,33.4,55.1,Safe
2026-03-18 15:52:48 UTC,24,27,22.62,1940.77,33.3,55.2,Safe
2026-03-18 15:52:58 UTC,26,29,24.18,1964.73,33.3,55.5,Safe
2026-03-18 15:53:08 UTC,25,28,22.62,1940.77,33.3,55.6,Safe
2026-03-18 15:53:18 UTC,24,28,24.3,1964.73,33.3,55.3,Safe
2026-03-18 15:53:28 UTC,23,29,22.73,1946.09,33.3,55.1,Safe
2026-03-18 15:53:38 UTC,22,28,23.85,1959.41,33.3,55.3,Safe
2026-03-18 15:53:48 UTC,22,25,24.3,1964.73,33.3,55.3,Safe
2026-03-18 15:53:58 UTC,22,25,22.58,1946.09,33.3,55.3,Safe
2026-03-18 15:54:08 UTC,24,26,24.34,1964.73,33.3,55.3,Safe
2026-03-18 15:54:18 UTC,24,26,22.73,1946.09,33.3,55.3,Safe
2026-03-18 15:54:28 UTC,26,33,24.34,1967.39,33.3,55.4,Safe
2026-03-18 15:54:38 UTC,26,34,22.88,1948.76,33.3,55.3,Safe
2026-03-18 15:54:48 UTC,25,31,24.41,1967.39,33.3,55.2,Safe
2026-03-18 15:54:58 UTC,23,29,22.58,1940.77,33.3,55.3,Safe
2026-03-18 15:55:08 UTC,23,27,24.34,1964.73,33.4,55.2,Safe
2026-03-18 15:55:18 UTC,22,26,24.34,1964.73,33.4,55.3,Safe
2026-03-18 15:55:28 UTC,22,28,23.76,1956.74,33.4,55.4,Safe
2026-03-18 15:55:38 UTC,22,29,24.34,1967.39,33.3,55.3,Safe
2026-03-18 15:55:48 UTC,24,29,22.16,1940.77,33.3,55.2,Safe
2026-03-18 15:55:58 UTC,24,27,24.41,1967.39,33.3,55.1,Safe
2026-03-18 15:56:08 UTC,24,28,22.62,1943.43,33.3,55.2,Safe
2026-03-18 15:56:18 UTC,26,29,23.8,1962.06,33.3,55.3,Safe
2026-03-18 15:56:28 UTC,24,27,22.62,1948.76,33.3,55.3,Safe
2026-03-18 15:56:38 UTC,23,28,24.3,1964.73,33.3,55.2,Safe
2026-03-18 15:56:48 UTC,22,26,22.62,1946.09,33.3,55.4,Safe
2026-03-18 15:56:58 UTC,22,23,24.3,1967.39,33.3,55.5,Safe
2026-03-18 15:57:08 UTC,23,27,22.26,1943.43,33.2,55.6,Safe
2026-03-18 15:57:18 UTC,23,25,21.95,1938.11,33.2,55.5,Safe
2026-03-18 15:57:28 UTC,22,29,24.34,1964.73,33.2,55.4,Safe
2026-03-18 15:57:38 UTC,23,27,22.62,1948.76,33.2,55.4,Safe
2026-03-18 15:57:48 UTC,24,27,24.34,1967.39,33.2,55.4,Safe
2026-03-18 15:57:58 UTC,24,27,22.62,1948.76,33.2,55.5,Safe
2026-03-18 15:58:08 UTC,23,26,24.3,1964.73,33.2,55.6,Safe
2026-03-18 15:58:18 UTC,23,25,22.62,1948.76,33.2,55.7,Safe
2026-03-18 15:58:28 UTC,21,26,24.34,1967.39,33.2,55.6,Safe
2026-03-18 15:58:38 UTC,21,27,22.69,1943.43,33.2,55.6,Safe
2026-03-18 15:58:48 UTC,20,26,24.57,1970.05,33.2,55.5,Safe
2026-03-18 15:58:58 UTC,21,26,24.18,1959.41,33.2,55.5,Safe
2026-03-18 15:59:08 UTC,20,23,22.73,1946.09,33.2,55.4,Safe
2026-03-18 15:59:18 UTC,20,23,24.3,1967.39,33.2,55.5,Safe
2026-03-18 15:59:28 UTC,20,25,22.62,1948.76,33.2,55.5,Safe
2026-03-18 15:59:38 UTC,21,25,24.23,1967.39,33.2,55.5,Safe
2026-03-18 15:59:48 UTC,21,24,22.62,1943.43,33.2,55.6,Safe
2026-03-18 15:59:58 UTC,21,24,24.34,1964.73,33.2,55.5,Safe
2026-03-18 16:00:08 UTC,21,22,22.62,1940.77,33.2,55.5,Safe
2026-03-18 16:00:18 UTC,21,24,24.34,1967.39,33.2,55.5,Safe
2026-03-18 16:00:28 UTC,22,24,24.41,1964.73,33.2,55.5,Safe
2026-03-18 16:00:38 UTC,22,22,24.34,1967.39,33.2,55.7,Safe
2026-03-18 16:00:48 UTC,20,22,22.37,1938.11,33.2,55.6,Safe
2026-03-18 16:00:58 UTC,19,22,22.62,1946.09,33.2,55.6,Safe
2026-03-18 16:01:08 UTC,21,23,24.34,1967.39,33.2,55.4,Safe
2026-03-18 16:01:18 UTC,20,22,22.69,1946.09,33.2,55.5,Safe
2026-03-18 16:01:28 UTC,19,21,23.85,1962.06,33.2,55.6,Safe
2026-03-18 16:01:38 UTC,20,22,22.62,1946.09,33.2,55.7,Safe
2026-03-18 16:01:48 UTC,20,22,24.34,1967.39,33.1,55.6,Safe
2026-03-18 16:01:58 UTC,23,27,22.62,1948.76,33.1,55.7,Safe
2026-03-18 16:02:08 UTC,25,31,24.34,1967.39,33.1,55.7,Safe
2026-03-18 16:02:18 UTC,24,27,22.79,1946.09,33.1,55.9,Safe
2026-03-18 16:02:28 UTC,21,22,23.85,1964.73,33.1,56.0,Safe
2026-03-18 16:02:38 UTC,21,24,24.34,1964.73,33.1,56.2,Safe
2026-03-18 16:02:48 UTC,21,24,22.62,1943.43,33.1,56.3,Safe
2026-03-18 16:02:58 UTC,21,25,24.07,1962.06,33.1,56.5,Safe
2026-03-18 16:03:08 UTC,23,26,22.69,1946.09,33.1,56.6,Safe
2026-03-18 16:03:18 UTC,23,27,24.34,1967.39,33.1,56.3,Safe
2026-03-18 16:03:28 UTC,21,25,22.88,1946.09,33.0,56.2,Safe
2026-03-18 16:03:38 UTC,21,25,24.34,1964.73,33.0,56.2,Safe
2026-03-18 16:03:48 UTC,21,24,22.33,1938.11,33.0,56.3,Safe
2026-03-18 16:03:58 UTC,21,24,24.07,1964.73,33.0,56.4,Safe
2026-03-18 16:04:08 UTC,22,24,24.41,1967.39,33.0,56.6,Safe
2026-03-18 16:04:18 UTC,24,26,22.88,1948.76,33.0,56.7,Safe
2026-03-18 16:04:28 UTC,21,25,24.34,1962.06,33.0,56.7,Safe
2026-03-18 16:04:38 UTC,21,24,22.73,1948.76,33.1,56.9,Safe
2026-03-18 16:04:48 UTC,21,23,24.03,1964.73,33.0,56.8,Safe
2026-03-18 16:04:58 UTC,21,25,22.62,1940.77,33.1,56.8,Safe
2026-03-18 16:05:08 UTC,21,25,24.34,1967.39,33.1,56.5,Safe
2026-03-18 16:05:18 UTC,22,25,22.62,1946.09,33.1,56.4,Safe
2026-03-18 16:05:28 UTC,21,28,24.07,1964.73,33.1,56.2,Safe
2026-03-18 16:05:38 UTC,25,30,22.58,1940.77,33.0,56.0,Safe
2026-03-18 16:05:48 UTC,25,31,23.65,1956.74,33.0,56.0,Safe
2026-03-18 16:05:58 UTC,26,29,22.52,1946.09,32.9,56.0,Safe
2026-03-18 16:06:08 UTC,26,30,22.62,1946.09,32.9,56.3,Safe
2026-03-18 16:06:18 UTC,27,30,24.23,1964.73,32.9,56.3,Safe
2026-03-18 16:06:28 UTC,27,28,22.73,1946.09,32.9,56.3,Safe
2026-03-18 16:06:38 UTC,26,27,24.34,1962.06,33.0,56.2,Safe
2026-03-18 16:06:48 UTC,26,27,22.37,1940.77,33.0,56.2,Safe
2026-03-18 16:06:58 UTC,25,29,24.34,1962.06,33.1,56.1,Safe
2026-03-18 16:07:08 UTC,25,30,22.62,1948.76,33.1,56.0,Safe
2026-03-18 16:07:18 UTC,24,32,23.76,1959.41,33.1,55.9,Safe
2026-03-18 16:07:28 UTC,23,31,22.73,1948.76,33.1,55.7,Safe
2026-03-18 16:07:38 UTC,25,31,23.54,1959.41,33.1,55.6,Safe
2026-03-18 16:07:48 UTC,25,30,24.34,1967.39,33.1,55.6,Safe
2026-03-18 16:07:58 UTC,24,31,22.62,1946.09,33.1,55.6,Safe
2026-03-18 16:08:08 UTC,23,32,23.69,1964.73,33.1,55.6,Safe
2026-03-18 16:08:18 UTC,27,30,22.62,1948.76,33.1,55.7,Safe
2026-03-18 16:08:28 UTC,27,30,24.34,1970.05,33.1,55.7,Safe
2026-03-18 16:08:38 UTC,26,31,22.73,1948.76,33.1,55.8,Safe
2026-03-18 16:08:48 UTC,26,30,24.3,1964.73,33.1,55.9,Safe
2026-03-18 16:08:58 UTC,27,31,22.62,1946.09,33.1,55.9,Safe
2026-03-18 16:09:08 UTC,26,31,23.58,1959.41,33.2,56.1,Safe
2026-03-18 16:09:18 UTC,27,30,24.07,1967.39,33.2,56.4,Safe
2026-03-18 16:09:28 UTC,27,30,23.85,1964.73,33.1,56.8,Safe
2026-03-18 16:09:38 UTC,26,28,24.34,1967.39,33.1,57.0,Safe
2026-03-18 16:09:48 UTC,27,29,22.62,1948.76,33.1,56.9,Safe
2026-03-18 16:09:58 UTC,29,33,23.96,1962.06,33.1,56.9,Safe
2026-03-18 16:10:08 UTC,30,31,22.62,1948.76,33.1,56.9,Safe
2026-03-18 16:10:18 UTC,28,31,24.3,1967.39,33.0,56.9,Safe
2026-03-18 16:10:28 UTC,28,30,22.52,1948.76,33.0,57.1,Safe
2026-03-18 16:10:38 UTC,28,28,24.3,1967.39,33.0,57.3,Safe
2026-03-18 16:10:48 UTC,28,30,22.62,1948.76,33.0,57.3,Safe
2026-03-18 16:10:58 UTC,29,32,24.34,1970.05,33.0,57.3,Safe
2026-03-18 16:11:08 UTC,27,31,21.95,1940.77,33.0,57.3,Safe
2026-03-18 16:11:18 UTC,26,31,23.96,1967.39,33.0,57.0,Safe
2026-03-18 16:11:28 UTC,27,33,24.3,1970.05,32.9,57.1,Safe
2026-03-18 16:11:38 UTC,28,34,22.16,1940.77,32.9,57.0,Safe
2026-03-18 16:11:48 UTC,30,34,24.07,1970.05,33.0,56.9,Safe
2026-03-18 16:11:58 UTC,29,32,22.62,1948.76,32.9,56.8,Safe
2026-03-18 16:12:08 UTC,30,32,24.18,1967.39,32.9,56.9,Safe
2026-03-18 16:12:18 UTC,29,32,22.26,1943.43,32.9,57.0,Safe
2026-03-18 16:12:28 UTC,27,31,24.34,1970.05,32.9,57.1,Safe
2026-03-18 16:12:38 UTC,26,29,22.06,1940.77,32.9,57.2,Safe
2026-03-18 16:12:48 UTC,27,30,23.58,1962.06,32.9,57.3,Safe
2026-03-18 16:12:58 UTC,27,31,24.23,1970.05,32.9,57.1,Safe
2026-03-18 16:13:08 UTC,27,30,24.3,1967.39,32.9,57.0,Safe
2026-03-18 16:13:18 UTC,28,30,23.91,1967.39,32.9,57.0,Safe
2026-03-18 16:13:28 UTC,28,30,21.91,1943.43,32.9,57.1,Safe
2026-03-18 16:13:38 UTC,26,29,24.07,1970.05,32.9,56.9,Safe
2026-03-18 16:13:48 UTC,25,28,22.62,1948.76,32.9,56.9,Safe
2026-03-18 16:13:58 UTC,26,27,24.14,1967.39,32.9,56.8,Safe
2026-03-18 16:14:08 UTC,26,27,22.62,1948.76,32.9,57.0,Safe
2026-03-18 16:14:18 UTC,25,27,24.07,1967.39,32.9,57.3,Safe
2026-03-18 16:14:28 UTC,26,29,22.62,1946.09,32.9,57.3,Safe
2026-03-18 16:14:38 UTC,26,31,23.76,1959.41,33.0,57.2,Safe
2026-03-18 16:14:48 UTC,26,29,21.91,1940.77,33.0,57.0,Safe
2026-03-18 16:14:58 UTC,26,32,22.62,1948.76,33.0,56.7,Safe
2026-03-18 16:15:08 UTC,29,31,23.65,1962.06,32.9,56.5,Safe
2026-03-18 16:15:18 UTC,27,30,22.52,1948.76,32.9,56.4,Safe
2026-03-18 16:15:28 UTC,26,30,23.65,1962.06,32.9,56.5,Safe
2026-03-18 16:15:38 UTC,26,29,22.01,1940.77,32.9,56.4,Safe
2026-03-18 16:15:48 UTC,23,28,24.14,1967.39,32.9,56.5,Safe
2026-03-18 16:15:58 UTC,23,27,22.62,1946.09,32.9,56.4,Safe
2026-03-18 16:16:08 UTC,24,26,23.76,1959.41,32.9,56.2,Safe
2026-03-18 16:16:18 UTC,25,30,22.48,1946.09,32.9,56.2,Safe
2026-03-18 16:16:28 UTC,26,33,23.96,1964.73,32.9,56.1,Safe
2026-03-18 16:16:38 UTC,26,35,23.85,1964.73,33.0,56.0,Safe
2026-03-18 16:16:48 UTC,27,34,22.16,1940.77,33.0,56.0,Safe
2026-03-18 16:16:58 UTC,27,33,24.03,1962.06,33.0,56.0,Safe
2026-03-18 16:17:08 UTC,26,37,22.62,1948.76,32.9,56.2,Safe
2026-03-18 16:17:18 UTC,29,39,23.69,1959.41,32.9,56.1,Safe
2026-03-18 16:17:28 UTC,29,39,22.37,1943.43,32.9,55.8,Safe
2026-03-18 16:17:38 UTC,28,37,24.23,1967.39,32.9,55.7,Safe
2026-03-18 16:17:48 UTC,28,36,21.91,1940.77,32.9,56.0,Safe
2026-03-18 16:17:58 UTC,28,35,23.54,1956.74,32.9,56.0,Safe
2026-03-18 16:18:08 UTC,27,33,24.18,1962.06,32.9,56.0,Safe
2026-03-18 16:18:18 UTC,27,33,24.07,1970.05,32.9,55.9,Safe
2026-03-18 16:18:28 UTC,28,32,24.03,1964.73,32.9,55.8,Safe
2026-03-18 16:18:38 UTC,26,29,22.62,1943.43,32.9,55.8,Safe
2026-03-18 16:18:48 UTC,27,31,23.58,1959.41,32.9,55.9,Safe
2026-03-18 16:18:58 UTC,27,30,22.48,1946.09,32.9,55.9,Safe
2026-03-18 16:19:08 UTC,28,31,24.07,1962.06,32.9,56.0,Safe
2026-03-18 16:19:18 UTC,28,29,22.52,1946.09,32.8,56.0,Safe
2026-03-18 16:19:28 UTC,28,29,23.42,1964.73,32.8,56.0,Safe
2026-03-18 16:19:38 UTC,28,31,22.41,1943.43,32.8,56.1,Safe
2026-03-18 16:19:48 UTC,28,32,23.65,1962.06,32.8,56.3,Safe
2026-03-18 16:19:58 UTC,27,32,22.37,1948.76,32.8,56.4,Safe
2026-03-18 16:20:08 UTC,28,33,22.62,1948.76,32.9,56.5,Safe
2026-03-18 16:20:18 UTC,26,32,23.54,1959.41,32.9,56.6,Safe
2026-03-18 16:20:28 UTC,27,34,22.62,1948.76,32.9,56.8,Safe
2026-03-18 16:20:38 UTC,28,35,24.34,1970.05,33.0,56.6,Safe
2026-03-18 16:20:48 UTC,26,34,22.62,1943.43,33.0,56.3,Safe
2026-03-18 16:20:58 UTC,27,31,24.34,1967.39,33.0,56.2,Safe
2026-03-18 16:21:08 UTC,28,32,22.33,1943.43,33.0,56.2,Safe
2026-03-18 16:21:18 UTC,28,32,24.34,1967.39,33.0,56.0,Safe
2026-03-18 16:21:28 UTC,27,30,22.62,1948.76,33.0,55.9,Safe
2026-03-18 16:21:38 UTC,29,30,23.96,1962.06,33.0,56.0,Safe
2026-03-18 16:21:48 UTC,26,30,23.85,1959.41,33.0,56.1,Safe
2026-03-18 16:21:58 UTC,25,31,22.69,1948.76,33.1,56.0,Safe
2026-03-18 16:22:08 UTC,23,24,24.34,1967.39,33.1,56.0,Safe
2026-03-18 16:22:18 UTC,25,25,22.58,1946.09,33.1,56.0,Safe
2026-03-18 16:22:28 UTC,23,25,24.23,1967.39,33.1,56.0,Safe
2026-03-18 16:22:38 UTC,22,27,22.69,1946.09,33.1,55.9,Safe
2026-03-18 16:22:48 UTC,24,28,23.47,1956.74,33.1,55.8,Safe
2026-03-18 16:22:58 UTC,24,28,22.73,1946.09,33.1,55.8,Safe
2026-03-18 16:23:08 UTC,24,29,23.54,1959.41,33.1,55.8,Safe
2026-03-18 16:23:18 UTC,23,28,24.03,1967.39,33.1,55.8,Safe
2026-03-18 16:23:28 UTC,23,28,24.3,1962.06,33.1,55.8,Safe
2026-03-18 16:23:38 UTC,24,26,24.23,1967.39,33.2,55.9,Safe
2026-03-18 16:23:48 UTC,23,26,22.88,1946.09,33.2,56.0,Safe
2026-03-18 16:23:58 UTC,24,26,24.41,1970.05,33.2,55.9,Safe
2026-03-18 16:24:08 UTC,24,26,22.69,1948.76,33.2,55.9,Safe
2026-03-18 16:24:18 UTC,23,24,23.69,1962.06,33.2,56.1,Safe
2026-03-18 16:24:28 UTC,25,26,22.73,1948.76,33.2,56.2,Safe
2026-03-18 16:24:38 UTC,24,26,24.34,1967.39,33.2,56.4,Safe
2026-03-18 16:24:48 UTC,25,28,22.69,1948.76,33.3,56.4,Safe
2026-03-18 16:24:58 UTC,26,28,24.34,1967.39,33.3,56.5,Safe
2026-03-18 16:25:08 UTC,25,27,22.73,1948.76,33.3,56.3,Safe
2026-03-18 16:25:18 UTC,26,28,22.69,1948.76,33.3,56.3,Safe
2026-03-18 16:25:28 UTC,26,29,24.14,1959.41,33.3,56.4,Safe
2026-03-18 16:25:38 UTC,24,29,22.69,1948.76,33.4,56.2,Safe
2026-03-18 16:25:48 UTC,24,29,24.34,1967.39,33.3,56.1,Safe
2026-03-18 16:25:58 UTC,27,34,22.79,1948.76,33.3,56.1,Safe
2026-03-18 16:26:08 UTC,33,47,23.8,1967.39,33.3,56.1,Safe
2026-03-18 16:26:18 UTC,31,46,22.69,1948.76,33.3,56.1,Safe
2026-03-18 16:26:28 UTC,33,44,24.46,1967.39,33.3,56.1,Safe
2026-03-18 16:26:38 UTC,31,39,22.58,1948.76,33.3,55.9,Safe
2026-03-18 16:26:48 UTC,31,40,24.3,1970.05,33.3,55.9,Safe
2026-03-18 16:26:58 UTC,32,44,24.46,1970.05,33.3,56.1,Safe
2026-03-18 16:27:08 UTC,32,44,22.73,1948.76,33.3,56.1,Safe
2026-03-18 16:27:18 UTC,33,47,24.34,1970.05,33.3,56.3,Safe
2026-03-18 16:27:28 UTC,32,43,22.62,1951.42,33.2,56.4,Safe
2026-03-18 16:27:38 UTC,31,40,24.34,1972.72,33.2,56.4,Safe
2026-03-18 16:27:48 UTC,30,39,22.69,1948.76,33.2,56.3,Safe
2026-03-18 16:27:58 UTC,33,39,24.41,1970.05,33.3,56.2,Safe
2026-03-18 16:28:08 UTC,34,42,22.99,1948.76,33.3,56.3,Safe
2026-03-18 16:28:18 UTC,36,47,24.46,1970.05,33.3,56.4,Safe
2026-03-18 16:28:28 UTC,39,50,24.53,1970.05,33.3,56.6,Safe
2026-03-18 16:28:38 UTC,41,51,24.74,1970.05,33.3,56.6,Safe
2026-03-18 16:28:48 UTC,41,52,23.1,1951.42,33.4,56.6,Safe
2026-03-18 16:28:58 UTC,40,51,23.05,1951.42,33.4,56.4,Safe
2026-03-18 16:29:08 UTC,40,50,23.91,1962.06,33.4,56.4,Safe
2026-03-18 16:29:18 UTC,38,47,22.52,1946.09,33.4,56.3,Safe
2026-03-18 16:29:28 UTC,36,47,24.3,1970.05,33.4,56.2,Safe
2026-03-18 16:29:38 UTC,38,47,22.79,1951.42,33.4,56.1,Safe
2026-03-18 16:29:48 UTC,36,46,24.53,1970.05,33.4,56.0,Safe
2026-03-18 16:29:58 UTC,36,44,22.99,1948.76,33.4,55.8,Safe
2026-03-18 16:30:08 UTC,36,44,24.64,1970.05,33.4,55.8,Safe
2026-03-18 16:30:18 UTC,34,41,23.27,1951.42,33.4,55.6,Safe
2026-03-18 16:30:28 UTC,33,38,24.41,1967.39,33.4,55.5,Safe
2026-03-18 16:30:38 UTC,32,37,23.69,1959.41,33.4,55.4,Safe
2026-03-18 16:30:48 UTC,31,38,22.79,1948.76,33.4,55.5,Safe
2026-03-18 16:30:58 UTC,30,36,24.57,1970.05,33.4,55.4,Safe
2026-03-18 16:31:08 UTC,29,36,22.62,1956.74,33.3,55.4,Safe
2026-03-18 16:31:18 UTC,28,35,24.46,1970.05,33.3,55.7,Safe
2026-03-18 16:31:28 UTC,27,34,22.79,1948.76,33.3,55.8,Safe
2026-03-18 16:31:38 UTC,27,35,24.3,1970.05,33.3,55.5,Safe
2026-03-18 16:31:48 UTC,27,34,22.62,1948.76,33.3,55.5,Safe
2026-03-18 16:31:58 UTC,27,31,24.18,1970.05,33.2,55.6,Safe
2026-03-18 16:32:08 UTC,27,29,24.34,1967.39,33.2,55.8,Safe
2026-03-18 16:32:18 UTC,24,27,22.79,1948.76,33.2,55.8,Safe
2026-03-18 16:32:28 UTC,22,25,24.41,1967.39,33.2,55.8,Safe
2026-03-18 16:32:38 UTC,22,23,22.69,1948.76,33.1,55.8,Safe
2026-03-18 16:32:48 UTC,22,22,23.8,1970.05,33.1,55.9,Safe
2026-03-18 16:32:58 UTC,21,22,22.73,1948.76,33.1,55.9,Safe
2026-03-18 16:33:08 UTC,21,24,24.23,1970.05,33.1,56.0,Safe
2026-03-18 16:33:18 UTC,22,25,22.06,1940.77,33.1,56.0,Safe
2026-03-18 16:33:28 UTC,22,26,24.34,1970.05,33.1,56.1,Safe
2026-03-18 16:33:38 UTC,22,27,22.62,1948.76,33.0,56.3,Safe
2026-03-18 16:33:48 UTC,23,27,23.05,1956.74,33.0,56.2,Safe
2026-03-18 16:33:58 UTC,23,27,22.48,1948.76,33.0,56.2,Safe
2026-03-18 16:34:08 UTC,23,27,22.62,1946.09,32.9,56.3,Safe
2026-03-18 16:34:18 UTC,23,28,23.47,1959.41,32.9,56.4,Safe
2026-03-18 16:34:28 UTC,25,28,22.58,1948.76,32.9,56.5,Safe
2026-03-18 16:34:38 UTC,25,27,24.3,1970.05,32.9,56.5,Safe
2026-03-18 16:34:48 UTC,25,27,21.66,1930.12,32.9,56.7,Safe
2026-03-18 16:34:58 UTC,24,27,24.34,1967.39,32.9,56.6,Safe
2026-03-18 16:35:08 UTC,24,27,22.73,1948.76,32.9,56.7,Safe
2026-03-18 16:35:18 UTC,25,27,23.65,1959.41,32.9,56.9,Safe
2026-03-18 16:35:28 UTC,25,29,22.79,1948.76,32.9,56.9,Safe
2026-03-18 16:35:38 UTC,25,30,24.41,1970.05,32.9,56.9,Safe
2026-03-18 16:35:48 UTC,23,29,24.34,1959.41,32.9,56.8,Safe
2026-03-18 16:35:58 UTC,24,28,22.79,1948.76,33.0,56.7,Safe
2026-03-18 16:36:08 UTC,22,28,24.53,1970.05,33.0,56.5,Safe
2026-03-18 16:36:18 UTC,25,28,22.62,1946.09,33.0,56.5,Safe
2026-03-18 16:36:28 UTC,25,30,24.41,1967.39,33.0,56.7,Safe
2026-03-18 16:36:38 UTC,25,33,22.73,1951.42,33.0,56.9,Safe
2026-03-18 16:36:48 UTC,27,33,24.34,1970.05,33.0,56.8,Safe
2026-03-18 16:36:58 UTC,25,32,22.52,1948.76,33.0,56.5,Safe
2026-03-18 16:37:08 UTC,26,30,24.34,1970.05,33.0,56.4,Safe
2026-03-18 16:37:18 UTC,25,29,24.64,1970.05,33.0,56.4,Safe
2026-03-18 16:37:28 UTC,26,28,22.37,1940.77,33.0,56.4,Safe
2026-03-18 16:37:38 UTC,26,27,24.34,1970.05,33.0,56.4,Safe
2026-03-18 16:37:48 UTC,25,27,22.79,1948.76,33.1,56.4,Safe
2026-03-18 16:37:58 UTC,23,26,24.34,1970.05,33.0,56.4,Safe
2026-03-18 16:38:08 UTC,23,26,22.73,1951.42,33.0,56.4,Safe
2026-03-18 16:38:18 UTC,24,26,24.34,1970.05,33.0,56.4,Safe
2026-03-18 16:38:28 UTC,25,29,22.79,1948.76,33.0,56.4,Safe
2026-03-18 16:38:38 UTC,25,28,24.23,1967.39,33.0,56.7,Safe
2026-03-18 16:38:48 UTC,23,28,24.34,1970.05,32.9,56.5,Safe
2026-03-18 16:38:58 UTC,22,28,24.46,1970.05,32.9,56.5,Safe
2026-03-18 16:39:08 UTC,23,27,22.79,1948.76,32.9,56.5,Safe
2026-03-18 16:39:18 UTC,22,27,22.62,1948.76,32.9,56.6,Safe
2026-03-18 16:39:28 UTC,23,25,24.23,1970.05,32.9,56.6,Safe
2026-03-18 16:39:38 UTC,24,24,22.88,1951.42,32.8,56.7,Safe
2026-03-18 16:39:48 UTC,24,28,24.34,1970.05,32.9,56.9,Safe
2026-03-18 16:39:58 UTC,23,29,22.88,1948.76,32.9,57.0,Safe
2026-03-18 16:40:08 UTC,24,28,24.34,1970.05,32.9,57.3,Safe
2026-03-18 16:40:18 UTC,25,27,22.62,1948.76,32.9,56.1,Safe
2026-03-18 16:40:28 UTC,28,34,24.34,1970.05,32.8,52.2,Safe
