Timestamp,PM25,PM10,MQ2_PPM,MQ7_ADC,Temp,Hum,Status
2026-03-17 08:47:27 UTC,8,8,19.0,1911.49,27.4,68.5,Safe
2026-03-17 08:47:37 UTC,7,8,18.91,1916.82,27.4,68.6,Safe
2026-03-17 08:47:47 UTC,6,7,18.09,1898.19,27.4,68.5,Safe
2026-03-17 08:47:57 UTC,7,8,18.43,1903.5,27.4,68.6,Safe
2026-03-17 08:48:07 UTC,9,9,18.14,1900.85,27.4,68.5,Safe
2026-03-17 08:48:17 UTC,9,9,18.95,1911.49,27.4,68.5,Safe
2026-03-17 08:48:27 UTC,7,9,17.97,1900.85,27.4,68.5,Safe
2026-03-17 08:48:37 UTC,7,10,18.82,1911.49,27.4,68.5,Safe
2026-03-17 08:48:47 UTC,5,9,17.68,1895.52,27.4,68.5,Safe
2026-03-17 08:48:57 UTC,5,9,18.82,1914.15,27.4,68.5,Safe
2026-03-17 08:49:07 UTC,7,11,18.05,1898.19,27.4,68.4,Safe
2026-03-17 08:49:17 UTC,8,12,18.77,1911.49,27.4,68.5,Safe
2026-03-17 08:49:27 UTC,6,8,18.95,1911.49,27.4,68.4,Safe
2026-03-17 08:49:37 UTC,6,6,17.93,1898.19,27.4,68.3,Safe
2026-03-17 08:49:47 UTC,7,7,18.82,1911.49,27.6,68.4,Safe
2026-03-17 08:49:57 UTC,7,7,18.09,1898.19,27.6,68.3,Safe
2026-03-17 08:50:07 UTC,6,7,18.7,1908.83,27.6,68.3,Safe
2026-03-17 08:50:17 UTC,6,9,18.09,1898.19,27.6,68.3,Safe
2026-03-17 08:50:27 UTC,6,9,18.86,1908.83,27.6,68.4,Safe
2026-03-17 08:50:37 UTC,7,8,17.97,1898.19,27.6,68.3,Safe
2026-03-17 08:50:47 UTC,6,7,18.73,1908.83,27.7,68.3,Safe
2026-03-17 08:50:57 UTC,5,6,18.82,1911.49,27.7,68.3,Safe
2026-03-17 08:51:07 UTC,5,6,18.91,1911.49,27.7,68.3,Safe
2026-03-17 08:51:17 UTC,5,6,17.93,1895.52,27.7,68.3,Safe
2026-03-17 08:51:27 UTC,6,7,17.51,1890.2,27.7,68.2,Safe
2026-03-17 08:51:37 UTC,4,6,18.7,1911.49,27.7,68.3,Safe
2026-03-17 08:51:47 UTC,5,7,17.88,1895.52,27.7,68.2,Safe
2026-03-17 08:51:57 UTC,5,6,18.7,1911.49,27.7,68.2,Safe
2026-03-17 08:52:07 UTC,6,6,18.05,1898.19,27.7,68.2,Safe
2026-03-17 08:52:17 UTC,6,7,18.73,1908.83,27.7,68.2,Safe
2026-03-17 08:52:27 UTC,6,8,17.48,1890.2,27.7,68.2,Safe
2026-03-17 08:52:37 UTC,6,7,18.43,1908.83,27.8,68.2,Safe
2026-03-17 08:52:47 UTC,6,7,17.85,1895.52,27.8,68.2,Safe
2026-03-17 08:52:57 UTC,7,7,18.73,1908.83,27.8,68.2,Safe
2026-03-17 08:53:07 UTC,5,6,18.73,1908.83,27.8,68.2,Safe
2026-03-17 08:53:17 UTC,6,8,17.59,1892.86,27.8,68.1,Safe
2026-03-17 08:53:27 UTC,8,9,18.77,1908.83,27.8,68.0,Safe
2026-03-17 08:53:37 UTC,7,10,17.85,1898.19,27.8,68.0,Safe
2026-03-17 08:53:47 UTC,6,9,18.7,1911.49,27.8,67.9,Safe
2026-03-17 08:53:57 UTC,6,10,17.71,1898.19,27.8,68.0,Safe
2026-03-17 08:54:07 UTC,6,10,18.77,1908.83,27.8,67.9,Safe
2026-03-17 08:54:17 UTC,7,10,17.39,1890.2,27.8,67.9,Safe
2026-03-17 08:54:27 UTC,7,11,18.77,1908.83,27.8,67.8,Safe
2026-03-17 08:54:37 UTC,6,11,17.71,1892.86,27.8,67.8,Safe
2026-03-17 08:54:47 UTC,6,10,18.73,1908.83,27.8,67.7,Safe
2026-03-17 08:54:57 UTC,6,11,17.97,1898.19,27.8,67.7,Safe
2026-03-17 08:55:07 UTC,7,11,17.97,1900.85,27.8,67.7,Safe
2026-03-17 08:55:17 UTC,7,10,18.7,1911.49,27.8,67.6,Safe
2026-03-17 08:55:27 UTC,7,8,17.88,1898.19,27.9,67.6,Safe
2026-03-17 08:55:37 UTC,8,9,18.86,1911.49,27.8,67.5,Safe
2026-03-17 08:55:47 UTC,6,7,17.93,1898.19,27.8,67.5,Safe
2026-03-17 08:55:57 UTC,7,10,18.77,1908.83,27.9,67.5,Safe
2026-03-17 08:56:07 UTC,7,12,17.93,1898.19,27.9,67.4,Safe
2026-03-17 08:56:17 UTC,7,12,18.64,1911.49,27.9,67.4,Safe
2026-03-17 08:56:27 UTC,7,9,17.68,1892.86,27.9,67.4,Safe
2026-03-17 08:56:37 UTC,7,8,18.77,1908.83,27.9,67.4,Safe
2026-03-17 08:56:47 UTC,8,8,18.61,1908.83,27.9,67.4,Safe
2026-03-17 08:56:57 UTC,8,11,17.93,1898.19,27.9,67.3,Safe
2026-03-17 08:57:07 UTC,6,11,18.7,1911.49,27.9,67.2,Safe
2026-03-17 08:57:17 UTC,5,9,17.56,1892.86,27.9,67.2,Safe
2026-03-17 08:57:27 UTC,4,9,18.17,1903.5,27.9,67.3,Safe
2026-03-17 08:57:37 UTC,5,8,17.88,1898.19,28.0,67.3,Safe
2026-03-17 08:57:47 UTC,4,7,18.77,1911.49,27.9,67.3,Safe
2026-03-17 08:57:57 UTC,4,6,17.93,1898.19,27.9,67.2,Safe
2026-03-17 08:58:07 UTC,5,7,18.55,1908.83,27.9,67.0,Safe
2026-03-17 08:58:17 UTC,5,8,17.97,1895.52,27.9,67.0,Safe
2026-03-17 08:58:27 UTC,5,10,18.61,1908.83,27.9,67.0,Safe
2026-03-17 08:58:37 UTC,5,8,17.76,1895.52,27.9,67.1,Safe
2026-03-17 08:58:47 UTC,5,9,18.43,1903.5,27.9,67.0,Safe
2026-03-17 08:58:57 UTC,6,9,18.73,1908.83,28.0,67.0,Safe
2026-03-17 08:59:07 UTC,5,7,17.68,1895.52,27.9,67.0,Safe
2026-03-17 08:59:17 UTC,5,7,18.64,1911.49,27.9,66.9,Safe
2026-03-17 08:59:27 UTC,5,5,17.88,1898.19,28.0,66.9,Safe
2026-03-17 08:59:37 UTC,5,6,18.43,1908.83,28.0,67.0,Safe
2026-03-17 08:59:47 UTC,6,7,17.88,1898.19,28.0,66.9,Safe
2026-03-17 08:59:57 UTC,6,11,18.26,1903.5,28.0,66.9,Safe
2026-03-17 09:00:07 UTC,5,9,17.76,1895.52,28.0,66.9,Safe
2026-03-17 09:00:17 UTC,5,9,18.73,1908.83,28.0,66.8,Safe
2026-03-17 09:00:27 UTC,5,8,18.22,1908.83,28.0,66.8,Safe
2026-03-17 09:00:37 UTC,4,7,18.34,1906.17,28.0,66.7,Safe
2026-03-17 09:00:47 UTC,4,6,18.47,1908.83,28.0,66.7,Safe
2026-03-17 09:00:57 UTC,4,6,17.76,1898.19,28.0,66.7,Safe
2026-03-17 09:01:07 UTC,4,6,18.55,1908.83,28.0,66.7,Safe
2026-03-17 09:01:17 UTC,4,6,17.51,1890.2,28.0,66.8,Safe
2026-03-17 09:01:27 UTC,4,7,18.7,1908.83,28.0,66.8,Safe
2026-03-17 09:01:37 UTC,5,7,17.88,1898.19,28.0,66.8,Safe
2026-03-17 09:01:47 UTC,5,7,18.73,1908.83,28.0,66.7,Safe
2026-03-17 09:01:57 UTC,3,6,17.71,1898.19,28.0,66.7,Safe
2026-03-17 09:02:07 UTC,4,6,18.52,1908.83,28.1,66.7,Safe
2026-03-17 09:02:17 UTC,4,5,17.76,1892.86,28.1,66.7,Safe
2026-03-17 09:02:27 UTC,5,6,18.55,1908.83,28.0,66.7,Safe
2026-03-17 09:02:37 UTC,4,5,18.55,1908.83,28.0,66.6,Safe
2026-03-17 09:02:47 UTC,4,5,17.59,1895.52,28.0,66.6,Safe
2026-03-17 09:02:57 UTC,4,4,18.73,1911.49,28.1,66.6,Safe
2026-03-17 09:03:07 UTC,4,5,17.85,1895.52,28.1,66.6,Safe
2026-03-17 09:03:17 UTC,4,5,18.64,1908.83,28.1,66.5,Safe
2026-03-17 09:03:27 UTC,4,5,17.68,1895.52,28.1,66.5,Safe
2026-03-17 09:03:37 UTC,3,4,18.14,1900.85,28.1,66.5,Safe
2026-03-17 09:03:47 UTC,3,5,17.76,1895.52,28.1,66.5,Safe
2026-03-17 09:03:57 UTC,3,6,18.82,1911.49,28.1,66.4,Safe
2026-03-17 09:04:07 UTC,5,5,17.71,1892.86,28.1,66.4,Safe
2026-03-17 09:04:17 UTC,6,6,18.26,1903.5,28.1,66.3,Safe
2026-03-17 09:04:27 UTC,3,4,17.71,1892.86,28.1,66.3,Safe
2026-03-17 09:04:37 UTC,3,3,17.68,1898.19,28.1,66.4,Safe
2026-03-17 09:04:47 UTC,3,4,18.55,1906.17,28.1,66.3,Safe
2026-03-17 09:04:57 UTC,4,5,17.63,1895.52,28.2,66.4,Safe
2026-03-17 09:05:07 UTC,4,6,18.26,1900.85,28.1,66.3,Safe
2026-03-17 09:05:17 UTC,4,6,17.43,1890.2,28.2,66.3,Safe
2026-03-17 09:05:27 UTC,5,6,18.26,1903.5,28.2,66.3,Safe
2026-03-17 09:05:37 UTC,5,6,17.71,1898.19,28.2,66.4,Safe
2026-03-17 09:05:47 UTC,6,6,18.38,1908.83,28.2,66.4,Safe
2026-03-17 09:05:57 UTC,7,8,17.76,1895.52,28.2,66.3,Safe
2026-03-17 09:06:07 UTC,8,11,18.7,1911.49,28.2,66.2,Safe
2026-03-17 09:06:17 UTC,8,12,18.7,1908.83,28.2,66.2,Safe
2026-03-17 09:06:27 UTC,8,13,18.82,1908.83,28.2,66.2,Safe
2026-03-17 09:06:37 UTC,9,16,18.73,1908.83,28.2,66.2,Safe
2026-03-17 09:06:47 UTC,9,18,17.68,1898.19,28.2,66.2,Safe
2026-03-17 09:06:57 UTC,11,22,18.52,1911.49,28.2,66.3,Safe
2026-03-17 09:07:07 UTC,11,23,17.8,1895.52,28.2,66.2,Safe
2026-03-17 09:07:17 UTC,11,24,18.64,1908.83,28.2,66.2,Safe
2026-03-17 09:07:27 UTC,13,27,17.71,1895.52,28.2,66.1,Safe
2026-03-17 09:07:37 UTC,12,24,18.26,1900.85,28.2,66.2,Safe
2026-03-17 09:07:47 UTC,13,24,17.88,1898.19,28.2,66.2,Safe
2026-03-17 09:07:57 UTC,16,22,18.73,1908.83,28.2,66.1,Safe
2026-03-17 09:08:07 UTC,16,20,17.76,1895.52,28.2,66.1,Safe
2026-03-17 09:08:17 UTC,18,24,18.61,1908.83,28.2,66.1,Safe
2026-03-17 09:08:27 UTC,16,23,18.77,1908.83,28.2,66.1,Safe
2026-03-17 09:08:37 UTC,16,22,17.48,1895.52,28.2,66.1,Safe
2026-03-17 09:08:47 UTC,16,22,18.14,1906.17,28.2,66.1,Safe
2026-03-17 09:08:57 UTC,12,20,17.56,1898.19,28.3,66.2,Safe
2026-03-17 09:09:07 UTC,10,20,18.55,1908.83,28.2,66.1,Safe
2026-03-17 09:09:17 UTC,11,19,17.68,1892.86,28.3,66.1,Safe
2026-03-17 09:09:27 UTC,11,20,18.43,1908.83,28.3,66.1,Safe
2026-03-17 09:09:37 UTC,13,22,17.68,1895.52,28.3,66.1,Safe
2026-03-17 09:09:47 UTC,17,23,18.55,1908.83,28.3,66.1,Safe
2026-03-17 09:09:57 UTC,19,26,18.7,1908.83,28.3,66.1,Safe
2026-03-17 09:10:07 UTC,19,25,18.38,1908.83,28.3,66.0,Safe
2026-03-17 09:10:17 UTC,19,24,17.76,1895.52,28.3,65.9,Safe
2026-03-17 09:10:27 UTC,20,22,17.63,1898.19,28.3,66.0,Safe
2026-03-17 09:10:37 UTC,20,25,18.55,1908.83,28.3,65.9,Safe
2026-03-17 09:10:47 UTC,20,25,17.97,1898.19,28.3,65.9,Safe
2026-03-17 09:10:57 UTC,19,25,18.14,1906.17,28.3,65.9,Safe
2026-03-17 09:11:07 UTC,19,23,17.88,1895.52,28.3,65.9,Safe
2026-03-17 09:11:17 UTC,19,23,18.73,1908.83,28.3,65.9,Safe
2026-03-17 09:11:27 UTC,20,23,17.71,1895.52,28.3,65.9,Safe
2026-03-17 09:11:37 UTC,21,24,18.61,1908.83,28.3,65.8,Safe
2026-03-17 09:11:47 UTC,22,26,17.68,1895.52,28.3,65.9,Safe
2026-03-17 09:11:57 UTC,23,27,18.64,1908.83,28.3,65.9,Safe
2026-03-17 09:12:07 UTC,24,31,18.14,1906.17,28.3,65.8,Safe
2026-03-17 09:12:17 UTC,22,28,17.76,1898.19,28.3,65.8,Safe
2026-03-17 09:12:27 UTC,22,27,18.61,1908.83,28.3,65.8,Safe
2026-03-17 09:12:37 UTC,23,30,17.51,1892.86,28.3,65.8,Safe
2026-03-17 09:12:47 UTC,22,27,18.61,1911.49,28.3,65.8,Safe
2026-03-17 09:12:57 UTC,23,26,17.85,1898.19,28.3,65.7,Safe
2026-03-17 09:13:07 UTC,21,23,18.73,1911.49,28.3,65.7,Safe
2026-03-17 09:13:17 UTC,20,21,17.23,1887.53,28.3,65.7,Safe
2026-03-17 09:13:27 UTC,21,21,18.61,1908.83,28.3,65.7,Safe
2026-03-17 09:13:37 UTC,20,20,17.76,1898.19,28.3,65.7,Safe
2026-03-17 09:13:47 UTC,20,20,18.26,1906.17,28.3,65.7,Safe
2026-03-17 09:13:57 UTC,20,21,17.68,1898.19,28.3,65.7,Safe
2026-03-17 09:14:07 UTC,21,23,17.71,1895.52,28.3,65.8,Safe
2026-03-17 09:14:17 UTC,21,25,18.55,1908.83,28.3,65.8,Safe
2026-03-17 09:14:27 UTC,20,25,17.48,1895.52,28.3,65.7,Safe
2026-03-17 09:14:37 UTC,21,22,18.17,1903.5,28.3,65.7,Safe
2026-03-17 09:14:47 UTC,21,23,17.76,1895.52,28.3,65.8,Safe
2026-03-17 09:14:57 UTC,22,25,18.7,1908.83,28.3,65.9,Safe
2026-03-17 09:15:07 UTC,24,29,17.71,1895.52,28.3,65.7,Safe
2026-03-17 09:15:17 UTC,27,30,18.14,1903.5,28.3,65.8,Safe
2026-03-17 09:15:27 UTC,27,29,17.68,1898.19,28.3,65.7,Safe
2026-03-17 09:15:37 UTC,28,29,18.55,1906.17,28.3,65.7,Safe
2026-03-17 09:15:47 UTC,25,31,18.34,1908.83,28.3,65.7,Safe
2026-03-17 09:15:57 UTC,25,29,18.22,1906.17,28.3,65.7,Safe
2026-03-17 09:16:07 UTC,25,29,18.38,1908.83,28.3,65.7,Safe
2026-03-17 09:16:17 UTC,23,26,17.76,1895.52,28.3,65.7,Safe
2026-03-17 09:16:27 UTC,22,25,18.38,1908.83,28.3,65.7,Safe
2026-03-17 09:16:37 UTC,21,25,17.39,1887.53,28.3,65.7,Safe
2026-03-17 09:16:47 UTC,20,24,18.55,1908.83,28.3,65.7,Safe
2026-03-17 09:16:57 UTC,20,21,17.59,1895.52,28.3,65.6,Safe
2026-03-17 09:17:07 UTC,20,22,18.61,1908.83,28.3,65.7,Safe
2026-03-17 09:17:17 UTC,19,22,17.56,1892.86,28.3,65.6,Safe
2026-03-17 09:17:27 UTC,19,23,18.22,1903.5,28.3,65.6,Safe
2026-03-17 09:17:37 UTC,17,20,17.56,1895.52,28.3,65.6,Safe
2026-03-17 09:17:47 UTC,18,21,18.26,1906.17,28.3,65.7,Safe
2026-03-17 09:17:57 UTC,17,20,18.52,1908.83,28.3,65.6,Safe
2026-03-17 09:18:07 UTC,16,19,17.2,1887.53,28.3,65.6,Safe
2026-03-17 09:18:17 UTC,17,19,18.43,1908.83,28.3,65.6,Safe
2026-03-17 09:18:27 UTC,15,19,17.48,1890.2,28.3,65.6,Safe
2026-03-17 09:18:37 UTC,12,15,18.31,1908.83,28.3,65.6,Safe
2026-03-17 09:18:47 UTC,9,12,17.48,1895.52,28.3,65.7,Safe
2026-03-17 09:18:57 UTC,10,16,18.38,1908.83,28.3,65.8,Safe
2026-03-17 09:19:07 UTC,11,17,17.59,1895.52,28.3,65.8,Safe
2026-03-17 09:19:17 UTC,11,14,18.17,1908.83,28.3,65.8,Safe
2026-03-17 09:19:27 UTC,9,12,18.47,1908.83,28.3,65.8,Safe
2026-03-17 09:19:37 UTC,9,13,18.31,1906.17,28.2,66.0,Safe
2026-03-17 09:19:47 UTC,8,11,18.43,1906.17,28.3,65.8,Safe
2026-03-17 09:19:57 UTC,10,11,17.39,1895.52,28.2,65.8,Safe
2026-03-17 09:20:07 UTC,10,12,18.34,1908.83,28.2,65.9,Safe
2026-03-17 09:20:17 UTC,10,13,17.39,1892.86,28.3,65.8,Safe
2026-03-17 09:20:27 UTC,10,16,18.38,1908.83,28.3,65.8,Safe
2026-03-17 09:20:37 UTC,9,17,17.2,1887.53,28.2,65.8,Safe
2026-03-17 09:20:47 UTC,9,15,18.52,1908.83,28.2,65.8,Safe
2026-03-17 09:20:57 UTC,8,15,17.51,1895.52,28.2,65.8,Safe
2026-03-17 09:21:07 UTC,7,16,18.17,1903.5,28.2,65.7,Safe
2026-03-17 09:21:17 UTC,7,14,17.48,1895.52,28.2,65.8,Safe
2026-03-17 09:21:27 UTC,6,13,18.14,1906.17,28.2,65.8,Safe
2026-03-17 09:21:37 UTC,7,11,18.17,1908.83,28.2,65.9,Safe
2026-03-17 09:21:47 UTC,8,9,17.56,1895.52,28.2,65.9,Safe
2026-03-17 09:21:57 UTC,8,9,18.14,1903.5,28.1,66.0,Safe
2026-03-17 09:22:07 UTC,9,10,17.39,1892.86,28.2,65.9,Safe
2026-03-17 09:22:17 UTC,9,10,18.38,1906.17,28.2,65.9,Safe
2026-03-17 09:22:27 UTC,8,9,17.2,1887.53,28.2,65.9,Safe
2026-03-17 09:22:37 UTC,7,10,18.43,1908.83,28.2,65.9,Safe
2026-03-17 09:22:47 UTC,6,8,17.51,1895.52,28.2,65.9,Safe
2026-03-17 09:22:57 UTC,6,8,18.14,1903.5,28.2,65.9,Safe
2026-03-17 09:23:07 UTC,6,9,18.17,1903.5,28.2,65.8,Safe
2026-03-17 09:23:17 UTC,6,10,18.05,1903.5,28.2,65.8,Safe
2026-03-17 09:23:27 UTC,6,8,18.34,1908.83,28.2,65.8,Safe
2026-03-17 09:23:37 UTC,7,9,17.51,1895.52,28.2,65.8,Safe
2026-03-17 09:23:47 UTC,8,10,18.38,1906.17,28.2,65.8,Safe
2026-03-17 09:23:57 UTC,9,11,17.43,1895.52,28.2,65.8,Safe
2026-03-17 09:24:07 UTC,8,9,18.22,1903.5,28.2,65.8,Safe
2026-03-17 09:24:17 UTC,7,9,17.51,1892.86,28.3,65.8,Safe
2026-03-17 09:24:27 UTC,8,10,18.43,1906.17,28.3,65.8,Safe
2026-03-17 09:24:37 UTC,8,9,17.48,1890.2,28.2,65.8,Safe
2026-03-17 09:24:47 UTC,6,6,18.38,1903.5,28.2,65.8,Safe
2026-03-17 09:24:57 UTC,6,8,17.28,1887.53,28.3,65.8,Safe
2026-03-17 09:25:07 UTC,7,9,18.34,1906.17,28.2,65.8,Safe
2026-03-17 09:25:17 UTC,6,9,18.38,1908.83,28.3,65.8,Safe
2026-03-17 09:25:27 UTC,6,10,17.59,1895.52,28.3,65.8,Safe
2026-03-17 09:25:37 UTC,7,9,18.38,1908.83,28.3,65.8,Safe
2026-03-17 09:25:47 UTC,7,8,17.56,1892.86,28.3,65.8,Safe
2026-03-17 09:25:57 UTC,8,8,18.34,1906.17,28.3,65.8,Safe
2026-03-17 09:26:07 UTC,5,8,17.39,1890.2,28.3,65.8,Safe
2026-03-17 09:26:17 UTC,6,8,18.17,1906.17,28.3,65.8,Safe
2026-03-17 09:26:27 UTC,7,7,17.51,1890.2,28.3,65.8,Safe
2026-03-17 09:26:37 UTC,6,6,18.17,1906.17,28.3,65.8,Safe
2026-03-17 09:26:47 UTC,5,6,18.43,1908.83,28.3,65.8,Safe
2026-03-17 09:26:57 UTC,5,5,18.31,1908.83,28.3,65.8,Safe
2026-03-17 09:27:07 UTC,7,8,18.17,1906.17,28.3,65.8,Safe
2026-03-17 09:27:17 UTC,7,8,17.59,1898.19,28.3,65.8,Safe
2026-03-17 09:27:27 UTC,6,8,18.34,1908.83,28.4,65.8,Safe
2026-03-17 09:27:37 UTC,6,8,17.48,1890.2,28.4,65.8,Safe
2026-03-17 09:27:47 UTC,7,10,18.34,1908.83,28.4,65.8,Safe
2026-03-17 09:27:57 UTC,6,7,17.59,1895.52,28.4,65.9,Safe
2026-03-17 09:28:07 UTC,6,6,18.43,1908.83,28.4,65.8,Safe
2026-03-17 09:28:17 UTC,6,7,17.34,1890.2,28.4,65.8,Safe
2026-03-17 09:28:27 UTC,6,7,18.34,1908.83,28.4,65.8,Safe
2026-03-17 09:28:37 UTC,6,7,17.51,1890.2,28.4,65.8,Safe
2026-03-17 09:28:47 UTC,6,7,18.22,1908.83,28.4,65.7,Safe
2026-03-17 09:28:57 UTC,7,8,18.05,1906.17,28.4,65.7,Safe
2026-03-17 09:29:07 UTC,7,9,17.51,1892.86,28.4,65.7,Safe
2026-03-17 09:29:17 UTC,6,8,18.0,1900.85,28.4,65.7,Safe
2026-03-17 09:29:27 UTC,5,6,17.68,1895.52,28.5,65.6,Safe
2026-03-17 09:29:37 UTC,7,8,18.55,1906.17,28.5,65.6,Safe
2026-03-17 09:29:47 UTC,7,8,17.48,1895.52,28.4,65.6,Safe
2026-03-17 09:29:57 UTC,6,6,18.43,1908.83,28.5,65.5,Safe
2026-03-17 09:30:07 UTC,7,7,17.68,1895.52,28.4,65.5,Safe
2026-03-17 09:30:17 UTC,7,9,18.31,1908.83,28.4,65.6,Safe
2026-03-17 09:30:27 UTC,7,9,18.05,1903.5,28.4,65.6,Safe
2026-03-17 09:30:37 UTC,6,8,18.38,1908.83,28.4,65.5,Safe
2026-03-17 09:30:47 UTC,7,8,18.38,1906.17,28.5,65.6,Safe
2026-03-17 09:30:57 UTC,8,10,17.51,1895.52,28.5,65.6,Safe
2026-03-17 09:31:07 UTC,7,9,18.14,1900.85,28.4,65.6,Safe
2026-03-17 09:31:17 UTC,7,9,17.63,1895.52,28.5,65.5,Safe
2026-03-17 09:31:27 UTC,7,9,18.26,1908.83,28.5,65.5,Safe
2026-03-17 09:31:37 UTC,6,8,17.48,1895.52,28.5,65.5,Safe
2026-03-17 09:31:47 UTC,6,9,18.38,1908.83,28.5,65.5,Safe
2026-03-17 09:31:57 UTC,6,9,17.51,1895.52,28.5,65.5,Safe
2026-03-17 09:32:07 UTC,7,9,18.26,1908.83,28.5,65.5,Safe
2026-03-17 09:32:17 UTC,7,7,17.39,1890.2,28.5,65.5,Safe
2026-03-17 09:32:27 UTC,7,8,18.31,1908.83,28.5,65.5,Safe
2026-03-17 09:32:37 UTC,8,10,18.26,1908.83,28.5,65.6,Safe
2026-03-17 09:32:47 UTC,9,9,17.07,1887.53,28.5,65.6,Safe
2026-03-17 09:32:57 UTC,6,7,18.31,1908.83,28.5,65.6,Safe
2026-03-17 09:33:07 UTC,8,8,17.59,1892.86,28.5,65.6,Safe
2026-03-17 09:33:17 UTC,8,8,18.55,1908.83,28.5,65.6,Safe
2026-03-17 09:33:27 UTC,8,8,17.56,1898.19,28.5,65.7,Safe
2026-03-17 09:33:37 UTC,6,6,18.22,1908.83,28.5,65.6,Safe
2026-03-17 09:33:47 UTC,6,6,17.39,1895.52,28.5,65.6,Safe
2026-03-17 09:33:57 UTC,6,8,18.31,1908.83,28.5,65.6,Safe
2026-03-17 09:34:07 UTC,6,10,18.26,1903.5,28.5,65.6,Safe
2026-03-17 09:34:17 UTC,6,10,18.38,1908.83,28.5,65.7,Safe
2026-03-17 09:34:27 UTC,7,8,18.0,1903.5,28.5,65.6,Safe
2026-03-17 09:34:37 UTC,9,9,17.48,1892.86,28.5,65.7,Safe
2026-03-17 09:34:47 UTC,8,9,18.31,1906.17,28.5,65.7,Safe
2026-03-17 09:34:57 UTC,9,11,17.59,1895.52,28.5,65.7,Safe
2026-03-17 09:35:07 UTC,11,20,18.43,1908.83,28.6,65.8,Safe
2026-03-17 09:35:17 UTC,20,35,17.23,1892.86,28.6,65.9,Safe
2026-03-17 09:35:27 UTC,21,37,18.26,1908.83,28.5,66.0,Safe
2026-03-17 09:35:37 UTC,21,41,17.51,1895.52,28.5,66.0,Safe
2026-03-17 09:35:47 UTC,23,51,18.43,1908.83,28.5,66.1,Safe
2026-03-17 09:35:57 UTC,26,49,17.48,1892.86,28.5,66.1,Safe
2026-03-17 09:36:07 UTC,25,47,18.38,1908.83,28.5,66.0,Safe
2026-03-17 09:36:17 UTC,25,43,18.14,1908.83,28.5,66.1,Safe
2026-03-17 09:36:27 UTC,24,47,17.56,1895.52,28.5,66.1,Safe
2026-03-17 09:36:37 UTC,23,47,18.55,1908.83,28.5,66.1,Safe
2026-03-17 09:36:47 UTC,27,49,17.56,1895.52,28.5,66.1,Safe
2026-03-17 09:36:57 UTC,25,49,18.14,1906.17,28.5,66.0,Safe
2026-03-17 09:37:07 UTC,24,47,17.56,1898.19,28.5,66.1,Safe
2026-03-17 09:37:17 UTC,25,47,18.43,1908.83,28.5,66.0,Safe
2026-03-17 09:37:27 UTC,27,49,17.39,1898.19,28.5,66.0,Safe
2026-03-17 09:37:37 UTC,28,50,18.47,1908.83,28.5,66.3,Safe
2026-03-17 09:37:47 UTC,26,49,18.26,1906.17,28.5,66.3,Safe
2026-03-17 09:37:57 UTC,26,47,18.47,1908.83,28.5,66.3,Safe
2026-03-17 09:38:07 UTC,25,43,18.31,1908.83,28.5,66.4,Safe
2026-03-17 09:38:17 UTC,24,39,17.59,1895.52,28.5,66.3,Safe
2026-03-17 09:38:27 UTC,22,35,18.14,1903.5,28.5,66.3,Safe
2026-03-17 09:38:37 UTC,21,33,17.51,1895.52,28.5,66.1,Safe
2026-03-17 09:38:47 UTC,17,27,18.26,1908.83,28.5,66.0,Safe
2026-03-17 09:38:57 UTC,19,29,17.51,1895.52,28.5,65.9,Safe
2026-03-17 09:39:07 UTC,17,28,18.47,1906.17,28.5,65.9,Safe
2026-03-17 09:39:17 UTC,18,29,17.59,1898.19,28.5,65.9,Safe
2026-03-17 09:39:27 UTC,17,24,18.09,1903.5,28.5,65.8,Safe
2026-03-17 09:39:37 UTC,14,21,17.48,1892.86,28.5,66.0,Safe
2026-03-17 09:39:47 UTC,15,21,18.34,1908.83,28.5,65.9,Safe
2026-03-17 09:39:57 UTC,14,22,18.0,1900.85,28.5,65.9,Safe
2026-03-17 09:40:07 UTC,11,22,17.63,1895.52,28.5,65.8,Safe
2026-03-17 09:40:17 UTC,11,24,18.43,1908.83,28.5,66.0,Safe
2026-03-17 09:40:27 UTC,11,24,17.48,1898.19,28.5,66.0,Safe
2026-03-17 09:40:37 UTC,8,17,18.34,1908.83,28.5,66.1,Safe
2026-03-17 09:40:47 UTC,8,15,17.51,1895.52,28.5,66.1,Safe
2026-03-17 09:40:57 UTC,7,14,18.09,1903.5,28.5,66.2,Safe
2026-03-17 09:41:07 UTC,8,14,17.59,1892.86,28.5,66.2,Safe
2026-03-17 09:41:17 UTC,8,16,18.38,1908.83,28.5,66.3,Safe
2026-03-17 09:41:27 UTC,6,16,18.38,1908.83,28.6,66.3,Safe
2026-03-17 09:41:37 UTC,6,15,18.38,1908.83,28.6,66.4,Safe
2026-03-17 09:41:47 UTC,7,13,17.51,1892.86,28.6,66.5,Safe
2026-03-17 09:41:57 UTC,7,14,17.59,1898.19,28.6,66.4,Safe
2026-03-17 09:42:07 UTC,7,11,18.22,1908.83,28.6,66.4,Safe
2026-03-17 09:42:17 UTC,7,15,17.63,1898.19,28.6,66.5,Safe
2026-03-17 09:42:27 UTC,6,16,18.09,1900.85,28.6,66.4,Safe
2026-03-17 09:42:37 UTC,6,14,17.51,1895.52,28.7,66.4,Safe
2026-03-17 09:42:47 UTC,7,13,18.14,1903.5,28.7,66.4,Safe
2026-03-17 09:42:57 UTC,8,15,17.43,1898.19,28.7,66.4,Safe
2026-03-17 09:43:07 UTC,5,10,18.26,1906.17,28.7,66.3,Safe
2026-03-17 09:43:17 UTC,6,12,17.59,1895.52,28.7,66.3,Safe
2026-03-17 09:43:27 UTC,7,10,18.34,1908.83,28.7,66.3,Safe
2026-03-17 09:43:37 UTC,6,10,18.31,1908.83,28.7,66.4,Safe
2026-03-17 09:43:47 UTC,7,10,17.2,1887.53,28.7,66.4,Safe
2026-03-17 09:43:57 UTC,7,9,18.14,1903.5,28.7,66.3,Safe
2026-03-17 09:44:07 UTC,6,8,17.56,1895.52,28.7,66.4,Safe
2026-03-17 09:44:17 UTC,8,9,18.38,1908.83,28.7,66.4,Safe
2026-03-17 09:44:27 UTC,7,9,17.51,1895.52,28.7,66.4,Safe
2026-03-17 09:44:37 UTC,5,10,18.73,1908.83,28.7,66.4,Safe
2026-03-17 09:44:47 UTC,7,12,17.68,1898.19,28.7,66.4,Safe
2026-03-17 09:44:57 UTC,8,11,18.38,1908.83,28.7,66.4,Safe
2026-03-17 09:45:07 UTC,9,9,18.22,1908.83,28.7,66.3,Safe
2026-03-17 09:45:17 UTC,7,7,18.05,1906.17,28.7,66.3,Safe
2026-03-17 09:45:27 UTC,7,7,17.43,1895.52,28.7,66.3,Safe
2026-03-17 09:45:37 UTC,7,10,17.68,1898.19,28.7,66.4,Safe
2026-03-17 09:45:47 UTC,6,9,18.14,1900.85,28.7,66.4,Safe
2026-03-17 09:45:57 UTC,5,8,17.48,1895.52,28.7,66.3,Safe
2026-03-17 09:46:07 UTC,8,9,18.52,1911.49,28.7,66.3,Safe
2026-03-17 09:46:17 UTC,5,7,17.34,1892.86,28.7,66.4,Safe
2026-03-17 09:46:27 UTC,5,6,18.38,1906.17,28.7,66.3,Safe
2026-03-17 09:46:37 UTC,6,8,17.51,1895.52,28.8,66.2,Safe
2026-03-17 09:46:47 UTC,6,9,18.43,1908.83,28.7,66.2,Safe
2026-03-17 09:46:57 UTC,5,7,17.39,1895.52,28.8,66.1,Safe
2026-03-17 09:47:07 UTC,5,6,18.14,1906.17,28.8,66.1,Safe
2026-03-17 09:47:17 UTC,5,7,18.43,1908.83,28.8,66.0,Safe
2026-03-17 09:47:27 UTC,6,8,17.23,1895.52,28.8,66.0,Safe
2026-03-17 09:47:37 UTC,7,10,18.14,1908.83,28.8,65.9,Safe
2026-03-17 09:47:47 UTC,6,9,17.51,1892.86,28.8,66.0,Safe
2026-03-17 09:47:57 UTC,7,9,18.26,1908.83,28.8,66.0,Safe
2026-03-17 09:48:07 UTC,6,9,17.51,1895.52,28.8,66.0,Safe
2026-03-17 09:48:17 UTC,6,8,18.05,1903.5,28.8,66.2,Safe
2026-03-17 09:48:27 UTC,7,8,17.56,1892.86,28.8,66.1,Safe
2026-03-17 09:48:37 UTC,7,7,18.14,1908.83,28.8,66.0,Safe
2026-03-17 09:48:47 UTC,6,6,18.38,1908.83,28.8,65.9,Safe
2026-03-17 09:48:57 UTC,7,7,18.34,1908.83,28.9,65.8,Safe
2026-03-17 09:49:07 UTC,7,8,17.2,1890.2,28.9,65.8,Safe
2026-03-17 09:49:17 UTC,5,7,17.56,1892.86,28.8,65.8,Safe
2026-03-17 09:49:27 UTC,7,7,18.34,1908.83,28.8,65.9,Safe
2026-03-17 09:49:37 UTC,8,8,17.56,1898.19,28.9,65.8,Safe
2026-03-17 09:49:47 UTC,10,12,18.34,1908.83,28.9,66.0,Safe
2026-03-17 09:49:57 UTC,8,10,17.31,1895.52,28.9,65.8,Safe
2026-03-17 09:50:07 UTC,8,9,18.43,1908.83,28.9,65.9,Safe
2026-03-17 09:50:17 UTC,10,11,17.51,1895.52,28.9,65.9,Safe
2026-03-17 09:50:27 UTC,12,14,18.14,1903.5,28.9,66.0,Safe
2026-03-17 09:50:37 UTC,13,19,17.48,1898.19,28.9,66.2,Safe
2026-03-17 09:50:47 UTC,12,18,18.34,1911.49,28.9,66.0,Safe
2026-03-17 09:50:57 UTC,12,17,18.47,1911.49,28.9,66.0,Safe
2026-03-17 09:51:07 UTC,13,21,17.23,1895.52,28.9,66.0,Safe
2026-03-17 09:51:17 UTC,12,20,18.38,1908.83,28.9,66.0,Safe
2026-03-17 09:51:27 UTC,13,20,17.59,1898.19,28.9,66.0,Safe
2026-03-17 09:51:37 UTC,10,18,18.64,1911.49,28.9,66.0,Safe
2026-03-17 09:51:47 UTC,11,18,17.43,1898.19,28.9,65.9,Safe
2026-03-17 09:51:57 UTC,11,19,18.43,1908.83,28.9,65.9,Safe
2026-03-17 09:52:07 UTC,14,22,17.68,1898.19,28.9,65.8,Safe
2026-03-17 09:52:17 UTC,14,21,18.38,1911.49,28.9,65.8,Safe
2026-03-17 09:52:27 UTC,9,16,18.17,1908.83,28.9,65.8,Safe
2026-03-17 09:52:37 UTC,9,15,18.52,1908.83,28.9,65.9,Safe
2026-03-17 09:52:47 UTC,9,15,17.48,1895.52,28.9,65.6,Safe
2026-03-17 09:52:57 UTC,9,15,17.31,1892.86,28.9,65.5,Safe
2026-03-17 09:53:07 UTC,11,15,18.55,1908.83,28.9,65.5,Safe
2026-03-17 09:53:17 UTC,9,15,17.51,1898.19,28.9,65.4,Safe
2026-03-17 09:53:27 UTC,9,16,18.22,1908.83,28.9,65.4,Safe
2026-03-17 09:53:37 UTC,8,14,17.11,1895.52,28.9,65.4,Safe
2026-03-17 09:53:47 UTC,8,12,18.34,1908.83,28.9,65.4,Safe
2026-03-17 09:53:57 UTC,7,11,17.63,1895.52,28.9,65.5,Safe
2026-03-17 09:54:07 UTC,7,10,18.34,1908.83,28.9,65.4,Safe
2026-03-17 09:54:17 UTC,9,11,17.48,1898.19,28.9,65.4,Safe
2026-03-17 09:54:27 UTC,10,13,18.38,1908.83,28.9,65.4,Safe
2026-03-17 09:54:37 UTC,8,12,18.22,1908.83,28.9,65.4,Safe
2026-03-17 09:54:47 UTC,9,11,17.48,1898.19,28.9,65.4,Safe
2026-03-17 09:54:57 UTC,10,13,18.43,1908.83,28.9,65.3,Safe
2026-03-17 09:55:07 UTC,10,12,17.11,1890.2,28.9,65.2,Safe
2026-03-17 09:55:17 UTC,10,13,18.14,1906.17,28.9,65.2,Safe
2026-03-17 09:55:27 UTC,9,12,17.56,1895.52,28.9,65.3,Safe
2026-03-17 09:55:37 UTC,8,9,18.38,1908.83,28.9,65.5,Safe
2026-03-17 09:55:47 UTC,7,9,17.48,1895.52,28.9,65.6,Safe
2026-03-17 09:55:57 UTC,7,8,18.34,1908.83,28.9,65.6,Safe
2026-03-17 09:56:07 UTC,8,8,18.47,1908.83,29.0,65.5,Safe
2026-03-17 09:56:17 UTC,8,9,18.52,1908.83,29.0,65.5,Safe
2026-03-17 09:56:27 UTC,7,10,18.14,1908.83,29.0,65.5,Safe
2026-03-17 09:56:37 UTC,7,10,17.07,1892.86,29.0,65.5,Safe
2026-03-17 09:56:47 UTC,9,10,18.31,1908.83,29.0,65.5,Safe
2026-03-17 09:56:57 UTC,9,12,17.51,1895.52,29.0,65.5,Safe
2026-03-17 09:57:07 UTC,9,13,18.31,1908.83,29.0,65.7,Safe
2026-03-17 09:57:17 UTC,9,13,17.48,1898.19,29.0,65.8,Safe
2026-03-17 09:57:27 UTC,9,14,18.52,1908.83,29.0,65.8,Safe
2026-03-17 09:57:37 UTC,9,15,17.48,1892.86,29.0,65.8,Safe
2026-03-17 09:57:47 UTC,11,16,18.31,1908.83,29.0,65.8,Safe
2026-03-17 09:57:57 UTC,10,16,17.63,1895.52,29.0,65.8,Safe
2026-03-17 09:58:07 UTC,9,15,18.43,1908.83,29.0,65.8,Safe
2026-03-17 09:58:17 UTC,10,16,18.38,1908.83,29.1,65.8,Safe
2026-03-17 09:58:27 UTC,11,18,17.34,1895.52,29.0,65.8,Safe
2026-03-17 09:58:37 UTC,10,18,18.26,1908.83,29.1,65.8,Safe
2026-03-17 09:58:47 UTC,8,14,17.34,1895.52,29.1,65.9,Safe
2026-03-17 09:58:57 UTC,8,12,18.47,1911.49,29.1,65.9,Safe
2026-03-17 09:59:07 UTC,10,16,17.43,1898.19,29.1,65.9,Safe
2026-03-17 09:59:17 UTC,9,15,18.22,1908.83,29.1,66.0,Safe
2026-03-17 09:59:27 UTC,8,17,17.56,1895.52,29.1,66.0,Safe
2026-03-17 09:59:37 UTC,8,14,18.38,1911.49,29.1,66.0,Safe
2026-03-17 09:59:47 UTC,9,15,18.34,1908.83,29.1,66.0,Safe
2026-03-17 09:59:57 UTC,10,17,18.34,1908.83,29.1,66.0,Safe
2026-03-17 10:00:07 UTC,12,20,17.97,1906.17,29.1,66.0,Safe
2026-03-17 10:00:17 UTC,11,19,17.34,1895.52,29.1,66.0,Safe
2026-03-17 10:00:27 UTC,9,18,18.17,1908.83,29.1,66.1,Safe
2026-03-17 10:00:37 UTC,8,18,17.31,1892.86,29.2,66.1,Safe
2026-03-17 10:00:47 UTC,10,19,18.55,1911.49,29.2,66.2,Safe
2026-03-17 10:00:57 UTC,9,18,17.34,1887.53,29.1,66.1,Safe
2026-03-17 10:01:07 UTC,10,17,18.38,1908.83,29.1,66.0,Safe
2026-03-17 10:01:17 UTC,10,15,17.15,1890.2,29.2,65.9,Safe
2026-03-17 10:01:27 UTC,8,12,18.05,1903.5,29.1,65.8,Safe
2026-03-17 10:01:37 UTC,9,12,17.43,1895.52,29.2,65.7,Safe
2026-03-17 10:01:47 UTC,10,13,18.43,1908.83,29.2,65.7,Safe
2026-03-17 10:01:57 UTC,8,13,18.14,1906.17,29.2,65.8,Safe
2026-03-17 10:02:07 UTC,8,13,17.48,1895.52,29.2,65.7,Safe
2026-03-17 10:02:17 UTC,9,12,18.43,1911.49,29.2,65.7,Safe
2026-03-17 10:02:27 UTC,9,11,17.63,1898.19,29.2,65.7,Safe
2026-03-17 10:02:37 UTC,8,10,18.17,1908.83,29.2,65.6,Safe
2026-03-17 10:02:47 UTC,7,10,17.56,1895.52,29.2,65.6,Safe
2026-03-17 10:02:57 UTC,8,10,18.38,1908.83,29.2,65.5,Safe
2026-03-17 10:03:07 UTC,8,8,17.51,1895.52,29.2,65.5,Safe
2026-03-17 10:03:17 UTC,7,9,18.52,1908.83,29.2,65.5,Safe
2026-03-17 10:03:27 UTC,6,10,18.47,1908.83,29.2,65.6,Safe
2026-03-17 10:03:37 UTC,8,9,18.22,1908.83,29.2,65.4,Safe
2026-03-17 10:03:47 UTC,7,10,18.61,1908.83,29.2,65.5,Safe
2026-03-17 10:03:57 UTC,8,11,17.56,1895.52,29.3,65.4,Safe
2026-03-17 10:04:07 UTC,9,10,18.38,1911.49,29.3,65.4,Safe
2026-03-17 10:04:17 UTC,8,9,17.56,1898.19,29.3,65.4,Safe
2026-03-17 10:04:27 UTC,8,8,18.34,1908.83,29.3,65.3,Safe
2026-03-17 10:04:37 UTC,8,8,17.11,1892.86,29.3,65.2,Safe
2026-03-17 10:04:47 UTC,5,7,18.43,1908.83,29.3,65.1,Safe
2026-03-17 10:04:57 UTC,6,8,17.63,1895.52,29.3,65.0,Safe
2026-03-17 10:05:07 UTC,8,10,18.34,1908.83,29.3,65.0,Safe
2026-03-17 10:05:17 UTC,9,11,17.56,1898.19,29.3,65.0,Safe
2026-03-17 10:05:27 UTC,6,8,18.34,1908.83,29.3,64.9,Safe
2026-03-17 10:05:37 UTC,7,7,18.43,1908.83,29.3,64.9,Safe
2026-03-17 10:05:47 UTC,6,7,17.59,1898.19,29.3,64.9,Safe
2026-03-17 10:05:57 UTC,5,7,18.31,1908.83,29.3,65.0,Safe
2026-03-17 10:06:07 UTC,7,9,17.48,1895.52,29.4,64.8,Safe
2026-03-17 10:06:17 UTC,7,11,17.97,1903.5,29.4,64.7,Safe
2026-03-17 10:06:27 UTC,6,10,17.48,1895.52,29.4,64.7,Safe
2026-03-17 10:06:37 UTC,5,12,18.34,1911.49,29.4,64.6,Safe
2026-03-17 10:06:47 UTC,6,9,17.56,1892.86,29.4,64.6,Safe
2026-03-17 10:06:57 UTC,5,8,18.61,1908.83,29.4,64.6,Safe
2026-03-17 10:07:07 UTC,5,6,18.26,1906.17,29.4,64.5,Safe
2026-03-17 10:07:17 UTC,6,7,17.43,1898.19,29.4,64.4,Safe
2026-03-17 10:07:27 UTC,6,7,18.22,1906.17,29.4,64.3,Safe
2026-03-17 10:07:37 UTC,7,8,17.28,1892.86,29.4,64.3,Safe
2026-03-17 10:07:47 UTC,4,6,18.38,1911.49,29.4,64.2,Safe
2026-03-17 10:07:57 UTC,5,9,17.51,1898.19,29.4,64.2,Safe
2026-03-17 10:08:07 UTC,7,10,18.0,1903.5,29.4,64.2,Safe
2026-03-17 10:08:17 UTC,7,7,17.56,1898.19,29.4,64.1,Safe
2026-03-17 10:08:27 UTC,6,7,18.26,1908.83,29.4,64.0,Safe
2026-03-17 10:08:37 UTC,6,8,17.31,1892.86,29.4,64.0,Safe
2026-03-17 10:08:47 UTC,6,10,18.52,1908.83,29.4,63.9,Safe
2026-03-17 10:08:57 UTC,8,10,17.51,1892.86,29.4,63.9,Safe
2026-03-17 10:09:07 UTC,7,8,17.2,1890.2,29.4,63.9,Safe
2026-03-17 10:09:17 UTC,7,10,18.61,1908.83,29.4,64.0,Safe
2026-03-17 10:09:27 UTC,7,10,17.43,1895.52,29.4,63.9,Safe
2026-03-17 10:09:37 UTC,6,9,18.34,1908.83,29.4,63.9,Safe
2026-03-17 10:09:47 UTC,7,9,17.51,1895.52,29.4,63.9,Safe
2026-03-17 10:09:57 UTC,7,7,18.31,1908.83,29.4,63.9,Safe
2026-03-17 10:10:07 UTC,7,9,17.11,1890.2,29.4,63.9,Safe
2026-03-17 10:10:17 UTC,6,9,18.61,1914.15,29.4,63.9,Safe
2026-03-17 10:10:27 UTC,7,8,17.59,1898.19,29.4,64.1,Safe
2026-03-17 10:10:37 UTC,7,8,18.47,1908.83,29.4,64.1,Safe
2026-03-17 10:10:47 UTC,5,6,18.09,1903.5,29.4,64.1,Safe
2026-03-17 10:10:57 UTC,5,7,17.59,1898.19,29.4,64.1,Safe
2026-03-17 10:11:07 UTC,7,9,18.52,1908.83,29.4,64.2,Safe
2026-03-17 10:11:17 UTC,6,8,17.43,1892.86,29.4,64.3,Safe
2026-03-17 10:11:27 UTC,6,6,18.52,1908.83,29.4,64.1,Safe
2026-03-17 10:11:37 UTC,7,7,17.76,1898.19,29.4,64.0,Safe
2026-03-17 10:11:47 UTC,5,7,18.34,1908.83,29.4,64.2,Safe
2026-03-17 10:11:57 UTC,5,7,17.56,1895.52,29.4,64.4,Safe
2026-03-17 10:12:07 UTC,6,7,18.31,1908.83,29.4,64.3,Safe
2026-03-17 10:12:17 UTC,6,7,18.22,1911.49,29.4,64.2,Safe
2026-03-17 10:12:27 UTC,5,6,18.47,1908.83,29.4,64.1,Safe
2026-03-17 10:12:37 UTC,5,5,18.47,1908.83,29.4,64.0,Safe
2026-03-17 10:12:47 UTC,4,5,17.03,1890.2,29.4,63.9,Safe
2026-03-17 10:12:57 UTC,5,6,18.55,1908.83,29.4,63.9,Safe
2026-03-17 10:13:07 UTC,6,7,17.48,1895.52,29.4,64.0,Safe
2026-03-17 10:13:17 UTC,6,9,18.34,1908.83,29.4,64.1,Safe
2026-03-17 10:13:27 UTC,6,8,17.2,1887.53,29.5,64.2,Safe
2026-03-17 10:13:37 UTC,6,8,18.55,1908.83,29.4,64.2,Safe
2026-03-17 10:13:47 UTC,5,10,17.51,1892.86,29.5,64.1,Safe
2026-03-17 10:13:57 UTC,6,9,18.38,1908.83,29.5,64.0,Safe
2026-03-17 10:14:07 UTC,7,7,17.39,1898.19,29.5,63.9,Safe
2026-03-17 10:14:17 UTC,5,7,18.31,1908.83,29.5,63.7,Safe
2026-03-17 10:14:27 UTC,7,10,18.17,1908.83,29.5,63.8,Safe
2026-03-17 10:14:37 UTC,7,8,17.43,1895.52,29.5,63.7,Safe
2026-03-17 10:14:47 UTC,9,12,18.22,1906.17,29.5,63.8,Safe
2026-03-17 10:14:57 UTC,7,9,17.51,1892.86,29.5,63.9,Safe
2026-03-17 10:15:07 UTC,6,9,18.43,1908.83,29.5,63.9,Safe
2026-03-17 10:15:17 UTC,5,7,17.51,1895.52,29.5,63.7,Safe
2026-03-17 10:15:27 UTC,5,6,18.34,1908.83,29.5,63.5,Safe
2026-03-17 10:15:37 UTC,4,7,17.48,1892.86,29.5,63.5,Safe
2026-03-17 10:15:47 UTC,5,7,18.34,1908.83,29.5,63.3,Safe
2026-03-17 10:15:57 UTC,6,9,18.47,1908.83,29.5,63.4,Safe
2026-03-17 10:16:07 UTC,6,8,18.34,1908.83,29.5,63.4,Safe
2026-03-17 10:16:17 UTC,6,7,18.34,1908.83,29.5,63.4,Safe
2026-03-17 10:16:27 UTC,6,6,17.43,1892.86,29.5,63.4,Safe
2026-03-17 10:16:37 UTC,6,7,18.17,1908.83,29.5,63.4,Safe
2026-03-17 10:16:47 UTC,7,9,17.39,1892.86,29.5,63.4,Safe
2026-03-17 10:16:57 UTC,8,9,18.31,1908.83,29.5,63.5,Safe
2026-03-17 10:17:07 UTC,7,7,17.51,1892.86,29.5,63.3,Safe
2026-03-17 10:17:17 UTC,7,7,18.17,1906.17,29.6,63.2,Safe
2026-03-17 10:17:27 UTC,8,8,17.07,1887.53,29.6,63.1,Safe
2026-03-17 10:17:37 UTC,7,7,18.31,1906.17,29.6,63.0,Safe
2026-03-17 10:17:47 UTC,6,6,17.51,1892.86,29.6,62.9,Safe
2026-03-17 10:17:57 UTC,5,6,17.51,1895.52,29.5,63.0,Safe
2026-03-17 10:18:07 UTC,5,5,18.09,1900.85,29.5,63.1,Safe
2026-03-17 10:18:17 UTC,6,7,17.39,1892.86,29.6,63.0,Safe
2026-03-17 10:18:27 UTC,6,7,18.26,1906.17,29.5,62.9,Safe
2026-03-17 10:18:37 UTC,7,7,17.23,1887.53,29.5,63.0,Safe
2026-03-17 10:18:47 UTC,6,6,18.14,1903.5,29.5,63.1,Safe
2026-03-17 10:18:57 UTC,6,7,17.48,1890.2,29.5,63.5,Safe
2026-03-17 10:19:07 UTC,6,6,18.14,1906.17,29.5,63.4,Safe
2026-03-17 10:19:17 UTC,5,5,17.31,1890.2,29.5,63.1,Safe
2026-03-17 10:19:27 UTC,6,6,18.22,1908.83,29.5,62.9,Safe
2026-03-17 10:19:37 UTC,6,6,18.17,1903.5,29.5,62.9,Safe
2026-03-17 10:19:47 UTC,5,6,17.34,1890.2,29.5,62.8,Safe
2026-03-17 10:19:57 UTC,7,8,18.34,1906.17,29.5,62.8,Safe
2026-03-17 10:20:07 UTC,9,10,17.43,1892.86,29.5,62.9,Safe
2026-03-17 10:20:17 UTC,7,7,18.22,1908.83,29.5,63.0,Safe
2026-03-17 10:20:27 UTC,6,6,17.56,1892.86,29.5,63.2,Safe
2026-03-17 10:20:37 UTC,6,6,18.0,1900.85,29.5,63.2,Safe
2026-03-17 10:20:47 UTC,7,7,17.34,1892.86,29.6,63.1,Safe
2026-03-17 10:20:57 UTC,7,8,18.14,1906.17,29.5,63.5,Safe
2026-03-17 10:21:07 UTC,8,8,17.39,1895.52,29.5,63.8,Safe
2026-03-17 10:21:17 UTC,7,9,18.22,1906.17,29.5,63.6,Safe
2026-03-17 10:21:27 UTC,7,12,17.48,1892.86,29.6,63.6,Safe
2026-03-17 10:21:37 UTC,8,13,17.2,1887.53,29.6,63.3,Safe
2026-03-17 10:21:47 UTC,7,8,18.14,1908.83,29.5,63.0,Safe
2026-03-17 10:21:57 UTC,7,9,17.48,1892.86,29.6,62.9,Safe
2026-03-17 10:22:07 UTC,8,10,18.31,1908.83,29.5,62.8,Safe
2026-03-17 10:22:17 UTC,9,10,17.51,1892.86,29.5,62.9,Safe
2026-03-17 10:22:27 UTC,8,8,18.17,1908.83,29.5,62.9,Safe
2026-03-17 10:22:37 UTC,8,9,17.28,1887.53,29.5,62.8,Safe
2026-03-17 10:22:47 UTC,8,9,18.17,1903.5,29.5,62.8,Safe
2026-03-17 10:22:57 UTC,6,9,17.48,1890.2,29.5,62.6,Safe
2026-03-17 10:23:07 UTC,7,8,18.22,1906.17,29.5,62.6,Safe
2026-03-17 10:23:17 UTC,8,9,17.88,1900.85,29.5,62.7,Safe
2026-03-17 10:23:27 UTC,8,10,17.39,1892.86,29.5,62.7,Safe
2026-03-17 10:23:37 UTC,6,9,18.82,1903.5,29.5,62.7,Safe
2026-03-17 10:23:47 UTC,7,9,17.43,1895.52,29.5,62.7,Safe
2026-03-17 10:23:57 UTC,7,10,18.14,1906.17,29.5,63.0,Safe
2026-03-17 10:24:07 UTC,7,8,17.48,1892.86,29.5,63.2,Safe
2026-03-17 10:24:17 UTC,6,8,18.38,1908.83,29.5,63.5,Safe
2026-03-17 10:24:27 UTC,8,10,17.34,1892.86,29.6,63.8,Safe
2026-03-17 10:24:37 UTC,8,11,18.14,1908.83,29.5,63.9,Safe
2026-03-17 10:24:47 UTC,8,9,17.28,1887.53,29.5,64.1,Safe
2026-03-17 10:24:57 UTC,8,9,18.26,1908.83,29.5,64.2,Safe
2026-03-17 10:25:07 UTC,9,10,17.43,1892.86,29.6,64.3,Safe
2026-03-17 10:25:17 UTC,8,10,17.48,1895.52,29.6,64.3,Safe
2026-03-17 10:25:27 UTC,8,11,18.34,1908.83,29.5,64.0,Safe
2026-03-17 10:25:37 UTC,7,10,17.34,1895.52,29.6,64.1,Safe
2026-03-17 10:25:47 UTC,9,9,18.22,1908.83,29.6,64.2,Safe
2026-03-17 10:25:57 UTC,8,9,17.28,1890.2,29.6,64.4,Safe
2026-03-17 10:26:07 UTC,6,7,18.34,1908.83,29.6,64.4,Safe
2026-03-17 10:26:17 UTC,7,8,17.07,1887.53,29.6,64.1,Safe
2026-03-17 10:26:27 UTC,8,9,18.09,1906.17,29.6,64.1,Safe
2026-03-17 10:26:37 UTC,7,9,17.34,1895.52,29.6,64.0,Safe
2026-03-17 10:26:47 UTC,7,9,18.22,1908.83,29.6,64.0,Safe
2026-03-17 10:26:57 UTC,8,10,18.14,1908.83,29.7,64.1,Safe
2026-03-17 10:27:07 UTC,9,12,17.07,1892.86,29.6,64.0,Safe
2026-03-17 10:27:17 UTC,7,9,18.17,1906.17,29.7,63.9,Safe
2026-03-17 10:27:27 UTC,8,10,17.48,1892.86,29.7,63.7,Safe
2026-03-17 10:27:37 UTC,9,10,18.26,1908.83,29.7,63.3,Safe
2026-03-17 10:27:47 UTC,8,8,17.43,1895.52,29.7,63.1,Safe
2026-03-17 10:27:57 UTC,9,9,18.26,1906.17,29.7,63.4,Safe
2026-03-17 10:28:07 UTC,9,11,17.07,1890.2,29.7,63.4,Safe
2026-03-17 10:28:17 UTC,8,10,18.38,1908.83,29.7,63.6,Safe
2026-03-17 10:28:27 UTC,7,10,17.23,1890.2,29.7,63.6,Safe
2026-03-17 10:28:37 UTC,8,10,18.22,1908.83,29.7,63.5,Safe
2026-03-17 10:28:47 UTC,8,9,17.51,1895.52,29.7,63.4,Safe
2026-03-17 10:28:57 UTC,5,8,17.51,1892.86,29.7,63.2,Safe
2026-03-17 10:29:07 UTC,6,9,18.38,1908.83,29.7,63.2,Safe
2026-03-17 10:29:17 UTC,5,7,17.51,1892.86,29.7,63.1,Safe
2026-03-17 10:29:27 UTC,6,8,18.38,1908.83,29.7,63.1,Safe
2026-03-17 10:29:37 UTC,7,8,17.34,1890.2,29.7,63.1,Safe
2026-03-17 10:29:47 UTC,7,7,18.34,1908.83,29.8,63.1,Safe
2026-03-17 10:29:57 UTC,7,7,17.43,1898.19,29.8,63.1,Safe
2026-03-17 10:30:07 UTC,8,9,18.34,1908.83,29.8,63.1,Safe
2026-03-17 10:30:17 UTC,8,8,17.51,1892.86,29.8,63.1,Safe
2026-03-17 10:30:27 UTC,8,10,18.22,1908.83,29.8,63.0,Safe
2026-03-17 10:30:37 UTC,8,14,18.34,1908.83,29.8,63.0,Safe
2026-03-17 10:30:47 UTC,7,11,17.11,1887.53,29.8,63.0,Safe
2026-03-17 10:30:57 UTC,7,10,18.31,1908.83,29.9,63.0,Safe
2026-03-17 10:31:07 UTC,8,10,16.92,1887.53,29.9,63.0,Safe
2026-03-17 10:31:17 UTC,7,11,18.14,1906.17,29.9,62.9,Safe
2026-03-17 10:31:27 UTC,6,10,17.03,1887.53,29.9,62.5,Safe
2026-03-17 10:31:37 UTC,8,11,18.22,1908.83,29.9,62.5,Safe
2026-03-17 10:31:47 UTC,10,13,17.28,1895.52,29.8,62.5,Safe
2026-03-17 10:31:57 UTC,9,12,18.31,1908.83,29.9,62.6,Safe
2026-03-17 10:32:07 UTC,9,10,17.2,1887.53,29.9,62.6,Safe
2026-03-17 10:32:17 UTC,7,9,18.31,1906.17,29.9,62.7,Safe
2026-03-17 10:32:27 UTC,6,9,17.03,1887.53,29.9,62.8,Safe
2026-03-17 10:32:37 UTC,8,10,16.98,1887.53,29.9,62.7,Safe
2026-03-17 10:32:47 UTC,8,10,18.17,1906.17,29.9,62.7,Safe
2026-03-17 10:32:57 UTC,8,9,17.34,1892.86,29.9,62.6,Safe
2026-03-17 10:33:07 UTC,7,11,18.14,1903.5,29.9,62.6,Safe
2026-03-17 10:33:17 UTC,9,12,17.51,1895.52,29.9,62.7,Safe
2026-03-17 10:33:27 UTC,7,8,18.34,1908.83,29.9,62.7,Safe
2026-03-17 10:33:37 UTC,6,8,16.92,1887.53,29.9,62.7,Safe
2026-03-17 10:33:47 UTC,6,9,18.17,1908.83,29.9,62.7,Safe
2026-03-17 10:33:57 UTC,7,8,17.48,1892.86,29.9,62.7,Safe
2026-03-17 10:34:07 UTC,7,8,18.14,1908.83,30.0,62.7,Safe
2026-03-17 10:34:17 UTC,8,10,18.26,1906.17,29.9,62.6,Safe
2026-03-17 10:34:27 UTC,8,11,17.39,1892.86,30.0,62.5,Safe
2026-03-17 10:34:37 UTC,7,10,17.93,1900.85,29.9,62.5,Safe
2026-03-17 10:34:47 UTC,8,12,17.56,1895.52,30.0,62.4,Safe
2026-03-17 10:34:57 UTC,10,14,18.31,1906.17,30.0,62.5,Safe
2026-03-17 10:35:07 UTC,10,15,17.51,1898.19,30.0,62.3,Safe
2026-03-17 10:35:17 UTC,11,15,18.22,1908.83,30.0,62.3,Safe
2026-03-17 10:35:27 UTC,11,14,17.39,1895.52,30.0,62.3,Safe
2026-03-17 10:35:37 UTC,9,12,18.26,1908.83,30.0,62.3,Safe
2026-03-17 10:35:47 UTC,10,15,18.31,1906.17,30.0,62.4,Safe
2026-03-17 10:35:57 UTC,11,16,18.22,1908.83,30.0,62.5,Safe
2026-03-17 10:36:07 UTC,11,17,17.43,1890.2,30.0,62.4,Safe
2026-03-17 10:36:17 UTC,13,17,17.51,1895.52,30.1,62.5,Safe
2026-03-17 10:36:27 UTC,15,20,18.34,1908.83,30.0,62.5,Safe
2026-03-17 10:36:37 UTC,16,20,17.11,1890.2,30.0,62.5,Safe
2026-03-17 10:36:47 UTC,17,19,18.34,1911.49,30.1,62.5,Safe
2026-03-17 10:36:57 UTC,17,19,17.48,1895.52,30.1,62.5,Safe
2026-03-17 10:37:07 UTC,18,20,18.22,1908.83,30.1,62.6,Safe
2026-03-17 10:37:17 UTC,17,19,17.43,1895.52,30.1,62.6,Safe
2026-03-17 10:37:27 UTC,15,18,18.22,1908.83,30.1,62.6,Safe
2026-03-17 10:37:37 UTC,14,19,17.34,1892.86,30.1,62.6,Safe
2026-03-17 10:37:47 UTC,14,20,18.22,1908.83,30.1,62.6,Safe
2026-03-17 10:37:57 UTC,14,19,18.14,1908.83,30.1,62.6,Safe
2026-03-17 10:38:07 UTC,15,19,17.56,1898.19,30.1,62.6,Safe
2026-03-17 10:38:17 UTC,14,18,18.34,1908.83,30.1,62.8,Safe
2026-03-17 10:38:27 UTC,17,20,16.98,1890.2,30.1,62.7,Safe
2026-03-17 10:38:37 UTC,17,20,18.14,1908.83,30.1,62.8,Safe
2026-03-17 10:38:47 UTC,17,20,17.43,1898.19,30.1,62.8,Safe
2026-03-17 10:38:57 UTC,16,20,18.22,1908.83,30.1,62.8,Safe
2026-03-17 10:39:07 UTC,15,21,17.07,1890.2,30.1,62.7,Safe
2026-03-17 10:39:17 UTC,14,20,18.34,1908.83,30.1,62.7,Safe
2026-03-17 10:39:27 UTC,14,18,18.14,1903.5,30.1,62.8,Safe
2026-03-17 10:39:37 UTC,14,18,18.34,1908.83,30.1,62.8,Safe
2026-03-17 10:39:47 UTC,14,19,18.0,1903.5,30.1,62.8,Safe
2026-03-17 10:39:57 UTC,15,19,17.39,1898.19,30.1,62.8,Safe
2026-03-17 10:40:07 UTC,17,21,18.43,1911.49,30.2,62.8,Safe
2026-03-17 10:40:17 UTC,16,21,17.39,1898.19,30.1,62.8,Safe
2026-03-17 10:40:27 UTC,17,21,18.09,1906.17,30.2,62.7,Safe
2026-03-17 10:40:37 UTC,16,20,17.48,1898.19,30.2,62.8,Safe
2026-03-17 10:40:47 UTC,16,20,18.38,1911.49,30.1,62.8,Safe
2026-03-17 10:40:57 UTC,16,19,16.95,1890.2,30.2,62.9,Safe
2026-03-17 10:41:07 UTC,16,20,18.09,1908.83,30.2,62.9,Safe
2026-03-17 10:41:17 UTC,16,22,17.56,1898.19,30.2,62.9,Safe
2026-03-17 10:41:27 UTC,17,20,18.31,1911.49,30.2,62.9,Safe
2026-03-17 10:41:37 UTC,16,18,18.34,1911.49,30.2,62.9,Safe
2026-03-17 10:41:47 UTC,14,18,17.43,1898.19,30.2,62.8,Safe
2026-03-17 10:41:57 UTC,13,19,18.52,1908.83,30.2,62.8,Safe
2026-03-17 10:42:07 UTC,14,20,17.59,1895.52,30.2,62.8,Safe
2026-03-17 10:42:17 UTC,15,18,18.43,1908.83,30.2,62.8,Safe
2026-03-17 10:42:27 UTC,16,19,17.03,1890.2,30.2,62.8,Safe
2026-03-17 10:42:37 UTC,18,22,18.05,1906.17,30.2,62.9,Safe
2026-03-17 10:42:47 UTC,18,19,17.56,1895.52,30.2,62.9,Safe
2026-03-17 10:42:57 UTC,16,17,18.43,1908.83,30.2,62.9,Safe
2026-03-17 10:43:07 UTC,16,18,18.52,1908.83,30.2,62.9,Safe
2026-03-17 10:43:17 UTC,17,20,18.14,1908.83,30.2,62.9,Safe
2026-03-17 10:43:27 UTC,16,21,18.38,1908.83,30.2,63.0,Safe
2026-03-17 10:43:37 UTC,16,22,17.07,1890.2,30.2,63.1,Safe
2026-03-17 10:43:47 UTC,16,21,18.22,1911.49,30.2,63.2,Safe
2026-03-17 10:43:57 UTC,17,22,17.56,1898.19,30.2,63.3,Safe
2026-03-17 10:44:07 UTC,19,23,18.31,1908.83,30.2,63.4,Safe
2026-03-17 10:44:17 UTC,20,22,17.43,1898.19,30.2,63.4,Safe
2026-03-17 10:44:27 UTC,18,22,18.17,1908.83,30.2,63.4,Safe
2026-03-17 10:44:37 UTC,19,23,17.51,1898.19,30.2,63.5,Safe
2026-03-17 10:44:47 UTC,20,24,18.43,1911.49,30.2,63.5,Safe
2026-03-17 10:44:57 UTC,21,24,17.07,1890.2,30.2,63.5,Safe
2026-03-17 10:45:07 UTC,20,23,18.43,1908.83,30.3,63.4,Safe
2026-03-17 10:45:17 UTC,20,23,18.05,1906.17,30.2,63.4,Safe
2026-03-17 10:45:27 UTC,20,26,17.11,1895.52,30.3,63.3,Safe
2026-03-17 10:45:37 UTC,22,25,18.14,1911.49,30.3,63.4,Safe
2026-03-17 10:45:47 UTC,23,25,17.68,1898.19,30.3,63.4,Safe
2026-03-17 10:45:57 UTC,21,22,18.34,1908.83,30.3,63.4,Safe
2026-03-17 10:46:07 UTC,21,22,17.11,1892.86,30.3,63.4,Safe
2026-03-17 10:46:17 UTC,21,24,18.14,1908.83,30.3,63.4,Safe
2026-03-17 10:46:27 UTC,21,25,17.39,1895.52,30.3,63.4,Safe
2026-03-17 10:46:37 UTC,22,26,18.38,1908.83,30.3,63.3,Safe
2026-03-17 10:46:47 UTC,24,28,18.14,1908.83,30.3,63.2,Safe
2026-03-17 10:46:57 UTC,24,28,18.34,1911.49,30.3,63.0,Safe
2026-03-17 10:47:07 UTC,25,29,18.38,1908.83,30.4,62.8,Safe
2026-03-17 10:47:17 UTC,22,25,17.43,1895.52,30.3,62.7,Safe
2026-03-17 10:47:27 UTC,20,24,18.14,1903.5,30.3,62.7,Safe
2026-03-17 10:47:37 UTC,21,27,17.28,1890.2,30.4,62.7,Safe
2026-03-17 10:47:47 UTC,23,29,18.34,1908.83,30.3,62.5,Safe
2026-03-17 10:47:57 UTC,22,25,17.48,1892.86,30.3,62.5,Safe
2026-03-17 10:48:07 UTC,22,25,18.14,1908.83,30.3,62.4,Safe
2026-03-17 10:48:17 UTC,23,26,17.07,1892.86,30.3,62.3,Safe
2026-03-17 10:48:27 UTC,22,25,18.22,1908.83,30.3,62.1,Safe
2026-03-17 10:48:37 UTC,20,21,16.95,1890.2,30.3,62.1,Safe
2026-03-17 10:48:47 UTC,20,22,17.39,1898.19,30.3,62.2,Safe
2026-03-17 10:48:57 UTC,19,22,18.05,1906.17,30.3,62.0,Safe
2026-03-17 10:49:07 UTC,18,20,17.39,1895.52,30.3,61.8,Safe
2026-03-17 10:49:17 UTC,18,19,18.22,1906.17,30.3,62.1,Safe
2026-03-17 10:49:27 UTC,18,20,16.95,1887.53,30.3,62.3,Safe
2026-03-17 10:49:37 UTC,18,21,18.14,1906.17,30.3,62.3,Safe
2026-03-17 10:49:47 UTC,18,20,17.39,1895.52,30.3,62.1,Safe
2026-03-17 10:49:57 UTC,17,19,18.22,1911.49,30.3,61.9,Safe
2026-03-17 10:50:07 UTC,16,18,17.31,1895.52,30.3,61.7,Safe
2026-03-17 10:50:17 UTC,14,17,17.76,1900.85,30.3,61.5,Safe
2026-03-17 10:50:27 UTC,13,16,18.17,1908.83,30.3,61.3,Safe
2026-03-17 10:50:37 UTC,13,19,17.28,1895.52,30.3,61.4,Safe
2026-03-17 10:50:47 UTC,13,20,18.14,1908.83,30.3,61.5,Safe
2026-03-17 10:50:57 UTC,11,18,17.48,1895.52,30.3,61.6,Safe
2026-03-17 10:51:07 UTC,9,14,18.14,1908.83,30.3,61.6,Safe
2026-03-17 10:51:17 UTC,10,15,17.51,1895.52,30.3,61.6,Safe
2026-03-17 10:51:27 UTC,12,17,18.34,1906.17,30.3,61.6,Safe
2026-03-17 10:51:37 UTC,13,18,17.59,1895.52,30.3,61.6,Safe
2026-03-17 10:51:47 UTC,14,18,18.09,1906.17,30.3,61.6,Safe
2026-03-17 10:51:57 UTC,14,18,17.34,1892.86,30.4,61.6,Safe
2026-03-17 10:52:07 UTC,15,19,18.26,1908.83,30.3,61.6,Safe
2026-03-17 10:52:17 UTC,14,19,17.39,1890.2,30.3,61.7,Safe
2026-03-17 10:52:27 UTC,11,17,17.48,1895.52,30.3,61.6,Safe
2026-03-17 10:52:37 UTC,10,15,18.26,1908.83,30.3,61.6,Safe
2026-03-17 10:52:47 UTC,12,17,17.23,1895.52,30.4,61.7,Safe
2026-03-17 10:52:57 UTC,12,17,18.17,1908.83,30.4,61.8,Safe
2026-03-17 10:53:07 UTC,12,17,17.23,1892.86,30.4,61.9,Safe
2026-03-17 10:53:17 UTC,13,18,18.26,1911.49,30.4,62.0,Safe
2026-03-17 10:53:27 UTC,12,17,17.34,1895.52,30.4,61.9,Safe
2026-03-17 10:53:37 UTC,12,16,18.22,1908.83,30.4,61.9,Safe
2026-03-17 10:53:47 UTC,11,16,17.11,1890.2,30.4,62.0,Safe
2026-03-17 10:53:57 UTC,9,13,18.22,1908.83,30.4,62.0,Safe
2026-03-17 10:54:07 UTC,9,13,18.05,1900.85,30.4,62.1,Safe
2026-03-17 10:54:17 UTC,10,12,17.51,1898.19,30.4,62.0,Safe
2026-03-17 10:54:27 UTC,11,12,18.14,1906.17,30.4,62.1,Safe
2026-03-17 10:54:37 UTC,12,14,17.48,1898.19,30.4,62.2,Safe
2026-03-17 10:54:47 UTC,10,13,18.34,1908.83,30.4,62.2,Safe
2026-03-17 10:54:57 UTC,9,15,17.43,1892.86,30.5,62.1,Safe
2026-03-17 10:55:07 UTC,10,14,18.26,1908.83,30.5,62.1,Safe
2026-03-17 10:55:17 UTC,9,12,17.07,1895.52,30.5,62.0,Safe
2026-03-17 10:55:27 UTC,9,11,18.14,1903.5,30.5,62.0,Safe
2026-03-17 10:55:37 UTC,8,9,17.34,1892.86,30.5,62.0,Safe
2026-03-17 10:55:47 UTC,9,11,18.31,1908.83,30.5,62.0,Safe
2026-03-17 10:55:57 UTC,8,11,17.56,1895.52,30.5,62.1,Safe
2026-03-17 10:56:07 UTC,6,8,18.22,1906.17,30.5,62.2,Safe
2026-03-17 10:56:17 UTC,7,9,18.17,1908.83,30.5,62.2,Safe
2026-03-17 10:56:27 UTC,8,9,17.48,1895.52,30.5,62.2,Safe
2026-03-17 10:56:37 UTC,8,10,18.22,1908.83,30.5,62.3,Safe
2026-03-17 10:56:47 UTC,9,11,17.43,1892.86,30.5,62.4,Safe
2026-03-17 10:56:57 UTC,9,9,18.22,1908.83,30.6,62.4,Safe
2026-03-17 10:57:07 UTC,9,10,17.03,1887.53,30.6,62.5,Safe
2026-03-17 10:57:17 UTC,9,13,18.38,1908.83,30.6,62.5,Safe
2026-03-17 10:57:27 UTC,9,13,17.43,1895.52,30.6,62.5,Safe
2026-03-17 10:57:37 UTC,9,13,18.22,1908.83,30.6,62.6,Safe
2026-03-17 10:57:47 UTC,9,13,18.22,1908.83,30.6,62.6,Safe
2026-03-17 10:57:57 UTC,11,14,18.34,1908.83,30.6,62.7,Safe
2026-03-17 10:58:07 UTC,12,15,18.09,1900.85,30.6,62.7,Safe
2026-03-17 10:58:17 UTC,9,15,17.48,1895.52,30.7,62.7,Safe
2026-03-17 10:58:27 UTC,9,13,18.38,1908.83,30.7,62.7,Safe
2026-03-17 10:58:37 UTC,9,12,17.07,1887.53,30.6,62.7,Safe
2026-03-17 10:58:47 UTC,8,12,18.43,1908.83,30.7,62.7,Safe
2026-03-17 10:58:57 UTC,8,14,17.39,1892.86,30.7,62.7,Safe
2026-03-17 10:59:07 UTC,8,11,18.61,1911.49,30.7,62.6,Safe
2026-03-17 10:59:17 UTC,9,12,17.51,1892.86,30.7,62.6,Safe
2026-03-17 10:59:27 UTC,9,12,18.55,1908.83,30.7,62.6,Safe
2026-03-17 10:59:37 UTC,8,10,17.48,1895.52,30.7,62.5,Safe
2026-03-17 10:59:47 UTC,6,7,18.47,1908.83,30.7,62.6,Safe
2026-03-17 10:59:57 UTC,7,9,18.38,1908.83,30.7,62.6,Safe
2026-03-17 11:00:07 UTC,8,10,17.2,1890.2,30.7,62.6,Safe
2026-03-17 11:00:17 UTC,7,10,18.34,1908.83,30.7,62.6,Safe
2026-03-17 11:00:27 UTC,6,9,17.51,1892.86,30.7,62.6,Safe
2026-03-17 11:00:37 UTC,5,7,18.34,1908.83,30.7,62.6,Safe
2026-03-17 11:00:47 UTC,6,9,17.51,1898.19,30.7,62.5,Safe
2026-03-17 11:00:57 UTC,7,10,18.09,1908.83,30.7,62.3,Safe
2026-03-17 11:01:07 UTC,7,9,17.51,1892.86,30.7,62.2,Safe
2026-03-17 11:01:17 UTC,6,8,18.26,1908.83,30.7,62.0,Safe
2026-03-17 11:01:27 UTC,7,9,18.26,1903.5,30.7,61.8,Safe
2026-03-17 11:01:37 UTC,7,10,18.26,1908.83,30.7,61.7,Safe
2026-03-17 11:01:47 UTC,7,10,18.05,1906.17,30.7,61.6,Safe
2026-03-17 11:01:57 UTC,6,7,17.56,1895.52,30.7,61.5,Safe
2026-03-17 11:02:07 UTC,6,7,17.97,1903.5,30.7,61.4,Safe
2026-03-17 11:02:17 UTC,8,10,17.51,1898.19,30.7,61.5,Safe
2026-03-17 11:02:27 UTC,8,9,18.26,1911.49,30.7,61.6,Safe
2026-03-17 11:02:37 UTC,6,10,17.51,1898.19,30.7,61.6,Safe
2026-03-17 11:02:47 UTC,6,10,18.14,1908.83,30.7,61.6,Safe
2026-03-17 11:02:57 UTC,7,11,17.48,1898.19,30.7,61.7,Safe
2026-03-17 11:03:07 UTC,8,11,18.14,1908.83,30.7,61.6,Safe
2026-03-17 11:03:17 UTC,8,8,17.28,1892.86,30.7,61.6,Safe
2026-03-17 11:03:27 UTC,8,8,18.09,1903.5,30.7,61.6,Safe
2026-03-17 11:03:37 UTC,8,9,18.14,1908.83,30.7,61.6,Safe
2026-03-17 11:03:47 UTC,9,10,17.51,1898.19,30.7,61.5,Safe
2026-03-17 11:03:57 UTC,8,8,18.38,1908.83,30.7,61.6,Safe
2026-03-17 11:04:07 UTC,7,7,17.51,1898.19,30.7,61.6,Safe
2026-03-17 11:04:17 UTC,9,11,18.05,1906.17,30.7,61.7,Safe
2026-03-17 11:04:27 UTC,9,11,17.34,1892.86,30.7,61.7,Safe
2026-03-17 11:04:37 UTC,9,12,18.61,1914.15,30.7,61.7,Safe
2026-03-17 11:04:47 UTC,9,12,17.63,1900.85,30.7,61.7,Safe
2026-03-17 11:04:57 UTC,8,9,18.7,1914.15,30.7,61.7,Safe
2026-03-17 11:05:07 UTC,7,9,18.7,1916.82,30.7,61.6,Safe
2026-03-17 11:05:17 UTC,8,8,18.61,1914.15,30.7,61.6,Safe
2026-03-17 11:05:27 UTC,8,8,18.52,1914.15,30.7,61.6,Safe
2026-03-17 11:05:37 UTC,9,9,17.76,1903.5,30.7,61.7,Safe
2026-03-17 11:05:47 UTC,9,10,18.38,1916.82,30.7,61.7,Safe
2026-03-17 11:05:57 UTC,9,12,17.59,1900.85,30.7,61.7,Safe
2026-03-17 11:06:07 UTC,10,13,18.64,1916.82,30.7,61.8,Safe
2026-03-17 11:06:17 UTC,10,12,17.48,1900.85,30.7,61.7,Safe
2026-03-17 11:06:27 UTC,8,12,18.31,1908.83,30.7,61.7,Safe
2026-03-17 11:06:37 UTC,7,12,17.76,1906.17,30.7,61.8,Safe
2026-03-17 11:06:47 UTC,7,9,18.7,1914.15,30.7,61.7,Safe
2026-03-17 11:06:57 UTC,8,10,17.71,1900.85,30.7,61.7,Safe
2026-03-17 11:07:07 UTC,8,9,17.68,1900.85,30.7,61.7,Safe
2026-03-17 11:07:17 UTC,9,11,18.61,1916.82,30.7,61.7,Safe
2026-03-17 11:07:27 UTC,8,8,17.56,1900.85,30.7,61.6,Safe
2026-03-17 11:07:37 UTC,8,9,18.7,1916.82,30.7,61.6,Safe
2026-03-17 11:07:47 UTC,9,10,17.28,1895.52,30.7,61.6,Safe
2026-03-17 11:07:57 UTC,9,10,18.64,1916.82,30.7,61.5,Safe
2026-03-17 11:08:07 UTC,10,11,17.76,1900.85,30.7,61.5,Safe
2026-03-17 11:08:17 UTC,9,10,18.86,1916.82,30.7,61.5,Safe
2026-03-17 11:08:27 UTC,9,10,17.63,1900.85,30.7,61.6,Safe
2026-03-17 11:08:37 UTC,10,13,18.26,1911.49,30.7,61.5,Safe
2026-03-17 11:08:47 UTC,9,12,18.7,1916.82,30.7,61.5,Safe
2026-03-17 11:08:57 UTC,10,10,17.76,1898.19,30.7,61.4,Safe
2026-03-17 11:09:07 UTC,11,13,18.7,1908.83,30.7,61.4,Safe
2026-03-17 11:09:17 UTC,12,15,18.05,1903.5,30.7,61.4,Safe
2026-03-17 11:09:27 UTC,12,17,18.55,1914.15,30.8,61.3,Safe
2026-03-17 11:09:37 UTC,13,17,17.68,1900.85,30.8,61.3,Safe
2026-03-17 11:09:47 UTC,13,18,18.55,1911.49,30.8,61.3,Safe
2026-03-17 11:09:57 UTC,12,17,17.68,1898.19,30.8,61.3,Safe
2026-03-17 11:10:07 UTC,10,16,18.43,1914.15,30.8,61.4,Safe
2026-03-17 11:10:17 UTC,8,14,17.23,1892.86,30.8,61.4,Safe
2026-03-17 11:10:27 UTC,8,11,18.61,1916.82,30.8,61.3,Safe
2026-03-17 11:10:37 UTC,9,14,17.71,1903.5,30.8,61.3,Safe
2026-03-17 11:10:47 UTC,12,15,17.48,1898.19,30.8,61.3,Safe
2026-03-17 11:10:57 UTC,11,15,18.7,1916.82,30.8,61.3,Safe
2026-03-17 11:11:07 UTC,9,11,17.93,1903.5,30.8,61.3,Safe
2026-03-17 11:11:17 UTC,9,9,18.77,1914.15,30.8,61.4,Safe
2026-03-17 11:11:27 UTC,9,10,17.71,1903.5,30.8,61.3,Safe
2026-03-17 11:11:37 UTC,10,10,18.55,1916.82,30.8,61.4,Safe
2026-03-17 11:11:47 UTC,8,8,17.59,1903.5,30.8,61.4,Safe
2026-03-17 11:11:57 UTC,7,8,18.82,1916.82,30.8,61.4,Safe
2026-03-17 11:12:07 UTC,8,8,17.85,1903.5,30.8,61.4,Safe
2026-03-17 11:12:17 UTC,7,8,18.17,1908.83,30.8,61.4,Safe
2026-03-17 11:12:27 UTC,6,7,18.61,1914.15,30.9,61.3,Safe
2026-03-17 11:12:37 UTC,7,8,17.59,1900.85,30.8,61.3,Safe
2026-03-17 11:12:47 UTC,8,9,18.55,1911.49,30.9,61.3,Safe
2026-03-17 11:12:57 UTC,9,9,17.93,1906.17,30.9,61.3,Safe
2026-03-17 11:13:07 UTC,8,8,18.61,1914.15,30.9,61.2,Safe
2026-03-17 11:13:17 UTC,8,10,17.48,1898.19,30.9,61.2,Safe
2026-03-17 11:13:27 UTC,8,12,18.7,1911.49,30.9,61.1,Safe
2026-03-17 11:13:37 UTC,9,13,17.39,1898.19,30.9,61.0,Safe
2026-03-17 11:13:47 UTC,10,15,18.17,1908.83,30.9,60.7,Safe
2026-03-17 11:13:57 UTC,11,16,18.61,1911.49,30.8,60.6,Safe
2026-03-17 11:14:07 UTC,11,17,18.43,1911.49,30.9,60.5,Safe
2026-03-17 11:14:17 UTC,12,17,18.14,1908.83,30.9,60.5,Safe
2026-03-17 11:14:27 UTC,12,17,17.63,1900.85,30.9,60.5,Safe
2026-03-17 11:14:37 UTC,12,18,18.52,1911.49,30.9,60.6,Safe
2026-03-17 11:14:47 UTC,12,18,17.63,1898.19,30.9,60.6,Safe
2026-03-17 11:14:57 UTC,10,18,18.55,1911.49,30.9,60.6,Safe
2026-03-17 11:15:07 UTC,12,17,17.59,1898.19,30.9,60.6,Safe
2026-03-17 11:15:17 UTC,10,15,18.14,1903.5,30.9,60.6,Safe
2026-03-17 11:15:27 UTC,11,15,17.59,1895.52,30.9,60.5,Safe
2026-03-17 11:15:37 UTC,11,14,18.43,1911.49,30.9,60.5,Safe
2026-03-17 11:15:47 UTC,13,15,17.63,1898.19,30.9,60.5,Safe
2026-03-17 11:15:57 UTC,15,16,18.43,1908.83,30.9,60.5,Safe
2026-03-17 11:16:07 UTC,13,15,18.38,1911.49,30.9,60.4,Safe
2026-03-17 11:16:17 UTC,11,13,17.68,1898.19,30.9,60.4,Safe
2026-03-17 11:16:27 UTC,9,13,18.52,1911.49,30.9,60.4,Safe
2026-03-17 11:16:37 UTC,9,13,17.59,1898.19,30.9,60.4,Safe
2026-03-17 11:16:47 UTC,11,16,18.38,1911.49,30.9,60.2,Safe
2026-03-17 11:16:57 UTC,12,19,17.28,1892.86,30.9,60.3,Safe
2026-03-17 11:17:07 UTC,15,20,18.17,1903.5,30.9,60.3,Safe
2026-03-17 11:17:17 UTC,16,20,17.59,1898.19,30.9,60.2,Safe
2026-03-17 11:17:27 UTC,16,20,18.31,1908.83,30.9,60.1,Safe
2026-03-17 11:17:37 UTC,17,22,18.17,1908.83,30.9,60.2,Safe
2026-03-17 11:17:47 UTC,18,23,18.38,1908.83,30.9,60.3,Safe
2026-03-17 11:17:57 UTC,19,23,18.61,1908.83,30.9,60.2,Safe
2026-03-17 11:18:07 UTC,19,22,17.28,1890.2,31.0,60.2,Safe
2026-03-17 11:18:17 UTC,17,22,18.52,1911.49,31.0,60.2,Safe
2026-03-17 11:18:27 UTC,17,21,17.59,1898.19,30.9,60.2,Safe
2026-03-17 11:18:37 UTC,17,20,18.05,1908.83,31.0,60.2,Safe
2026-03-17 11:18:47 UTC,17,18,17.51,1895.52,30.9,60.2,Safe
2026-03-17 11:18:57 UTC,17,18,18.34,1911.49,30.9,60.2,Safe
2026-03-17 11:19:07 UTC,17,18,17.63,1898.19,30.9,60.2,Safe
2026-03-17 11:19:17 UTC,17,19,18.55,1911.49,30.9,60.2,Safe
2026-03-17 11:19:27 UTC,18,20,17.51,1895.52,30.9,60.2,Safe
2026-03-17 11:19:37 UTC,18,21,18.26,1908.83,30.9,59.9,Safe
2026-03-17 11:19:47 UTC,19,21,18.52,1908.83,30.9,59.6,Safe
2026-03-17 11:19:57 UTC,18,20,17.56,1892.86,30.9,59.6,Safe
2026-03-17 11:20:07 UTC,18,19,18.38,1911.49,30.9,59.5,Safe
2026-03-17 11:20:17 UTC,17,17,17.51,1895.52,30.9,59.5,Safe
2026-03-17 11:20:27 UTC,17,17,18.34,1908.83,30.9,59.6,Safe
2026-03-17 11:20:37 UTC,17,17,17.43,1892.86,30.9,59.6,Safe
2026-03-17 11:20:47 UTC,18,18,18.31,1908.83,30.9,59.4,Safe
2026-03-17 11:20:57 UTC,17,17,17.28,1892.86,30.9,59.1,Safe
2026-03-17 11:21:07 UTC,13,14,18.22,1908.83,30.9,59.1,Safe
2026-03-17 11:21:17 UTC,11,15,18.34,1908.83,30.9,59.2,Safe
2026-03-17 11:21:27 UTC,10,15,18.14,1906.17,30.9,59.2,Safe
2026-03-17 11:21:37 UTC,9,14,18.14,1900.85,30.9,59.1,Safe
2026-03-17 11:21:47 UTC,7,10,17.48,1892.86,30.9,59.2,Safe
2026-03-17 11:21:57 UTC,9,9,18.31,1908.83,30.9,59.1,Safe
2026-03-17 11:22:07 UTC,10,10,17.43,1895.52,30.9,58.9,Safe
2026-03-17 11:22:17 UTC,9,9,18.26,1908.83,30.9,58.9,Safe
2026-03-17 11:22:27 UTC,9,9,17.43,1892.86,30.9,59.1,Safe
2026-03-17 11:22:37 UTC,8,11,18.14,1906.17,30.8,59.3,Safe
2026-03-17 11:22:47 UTC,9,12,17.51,1892.86,30.9,59.5,Safe
2026-03-17 11:22:57 UTC,9,13,18.14,1906.17,30.8,59.6,Safe
2026-03-17 11:23:07 UTC,8,11,17.43,1892.86,30.8,59.7,Safe
2026-03-17 11:23:17 UTC,6,8,18.14,1903.5,30.8,59.8,Safe
2026-03-17 11:23:27 UTC,8,9,18.14,1903.5,30.8,59.8,Safe
2026-03-17 11:23:37 UTC,10,12,17.51,1895.52,30.8,60.0,Safe
2026-03-17 11:23:47 UTC,11,13,18.34,1908.83,30.8,60.3,Safe
2026-03-17 11:23:57 UTC,10,11,17.28,1890.2,30.8,60.7,Safe
2026-03-17 11:24:07 UTC,9,11,18.38,1911.49,30.8,60.6,Safe
2026-03-17 11:24:17 UTC,9,10,17.48,1895.52,30.8,60.5,Safe
2026-03-17 11:24:27 UTC,9,10,18.31,1911.49,30.8,60.4,Safe
2026-03-17 11:24:37 UTC,10,11,17.56,1898.19,30.8,60.4,Safe
2026-03-17 11:24:47 UTC,10,11,18.14,1906.17,30.8,60.5,Safe
2026-03-17 11:24:57 UTC,11,13,18.43,1914.15,30.8,60.4,Safe
2026-03-17 11:25:07 UTC,13,15,17.56,1895.52,30.8,60.5,Safe
2026-03-17 11:25:17 UTC,9,12,18.05,1906.17,30.8,60.5,Safe
2026-03-17 11:25:27 UTC,7,10,17.48,1898.19,30.8,60.4,Safe
2026-03-17 11:25:37 UTC,9,10,18.43,1911.49,30.8,60.3,Safe
2026-03-17 11:25:47 UTC,8,8,17.51,1898.19,30.8,60.3,Safe
2026-03-17 11:25:57 UTC,7,10,18.61,1908.83,30.8,60.5,Safe
2026-03-17 11:26:07 UTC,8,10,17.68,1895.52,30.8,60.6,Safe
2026-03-17 11:26:17 UTC,10,10,18.31,1908.83,30.8,60.9,Safe
2026-03-17 11:26:27 UTC,10,10,17.59,1898.19,30.8,60.9,Safe
2026-03-17 11:26:37 UTC,10,10,18.14,1908.83,30.8,61.1,Safe
2026-03-17 11:26:47 UTC,8,9,17.48,1895.52,30.8,60.8,Safe
2026-03-17 11:26:57 UTC,10,10,17.68,1895.52,30.8,60.7,Safe
2026-03-17 11:27:07 UTC,10,10,18.43,1914.15,30.8,60.6,Safe
2026-03-17 11:27:17 UTC,10,10,17.51,1898.19,30.8,60.7,Safe
2026-03-17 11:27:27 UTC,10,11,18.38,1911.49,30.8,60.6,Safe
2026-03-17 11:27:37 UTC,9,9,17.39,1898.19,30.8,60.5,Safe
2026-03-17 11:27:47 UTC,9,10,18.55,1911.49,30.8,60.5,Safe
2026-03-17 11:27:57 UTC,10,12,17.28,1892.86,30.8,60.5,Safe
2026-03-17 11:28:07 UTC,10,12,18.55,1911.49,30.8,60.7,Safe
2026-03-17 11:28:17 UTC,9,10,17.63,1895.52,30.9,60.7,Safe
2026-03-17 11:28:27 UTC,8,9,18.34,1908.83,30.8,60.7,Safe
2026-03-17 11:28:37 UTC,9,10,18.14,1906.17,30.9,60.7,Safe
2026-03-17 11:28:47 UTC,9,11,17.68,1898.19,30.9,60.6,Safe
2026-03-17 11:28:57 UTC,8,9,18.38,1908.83,30.9,60.5,Safe
2026-03-17 11:29:07 UTC,7,9,17.68,1898.19,30.9,60.4,Safe
2026-03-17 11:29:17 UTC,8,8,18.34,1908.83,30.9,60.3,Safe
2026-03-17 11:29:27 UTC,8,8,17.51,1898.19,30.9,60.3,Safe
2026-03-17 11:29:37 UTC,7,8,18.38,1911.49,30.9,60.2,Safe
2026-03-17 11:29:47 UTC,8,8,17.39,1898.19,30.9,60.1,Safe
2026-03-17 11:29:57 UTC,7,7,18.31,1911.49,30.9,60.0,Safe
2026-03-17 11:30:07 UTC,7,8,17.11,1895.52,30.9,60.0,Safe
2026-03-17 11:30:17 UTC,7,10,18.38,1908.83,30.9,60.3,Safe
2026-03-17 11:30:27 UTC,7,11,17.39,1892.86,30.9,60.6,Safe
2026-03-17 11:30:37 UTC,7,12,17.56,1898.19,30.9,60.7,Safe
2026-03-17 11:30:47 UTC,9,12,18.61,1911.49,30.9,60.7,Safe
2026-03-17 11:30:57 UTC,7,11,17.56,1898.19,30.9,60.6,Safe
2026-03-17 11:31:07 UTC,7,10,18.14,1908.83,30.9,60.5,Safe
2026-03-17 11:31:17 UTC,7,9,17.68,1898.19,31.0,60.7,Safe
2026-03-17 11:31:27 UTC,8,9,18.38,1914.15,30.9,60.8,Safe
2026-03-17 11:31:37 UTC,9,10,17.63,1898.19,30.9,60.9,Safe
2026-03-17 11:31:47 UTC,8,10,18.43,1911.49,30.9,60.8,Safe
2026-03-17 11:31:57 UTC,7,7,17.68,1900.85,31.0,60.7,Safe
2026-03-17 11:32:07 UTC,7,7,18.55,1911.49,31.0,60.6,Safe
2026-03-17 11:32:17 UTC,7,7,18.43,1911.49,31.0,60.5,Safe
2026-03-17 11:32:27 UTC,7,8,16.98,1890.2,31.0,60.5,Safe
2026-03-17 11:32:37 UTC,8,8,18.14,1908.83,31.0,60.5,Safe
2026-03-17 11:32:47 UTC,8,9,17.51,1898.19,31.0,60.5,Safe
2026-03-17 11:32:57 UTC,7,8,18.31,1914.15,31.0,60.6,Safe
2026-03-17 11:33:07 UTC,6,8,17.11,1892.86,31.0,60.8,Safe
2026-03-17 11:33:17 UTC,6,7,18.43,1911.49,31.0,60.9,Safe
2026-03-17 11:33:27 UTC,8,8,17.59,1898.19,31.0,60.9,Safe
2026-03-17 11:33:37 UTC,8,8,18.52,1911.49,31.0,61.0,Safe
2026-03-17 11:33:47 UTC,8,9,18.17,1911.49,31.1,61.0,Safe
2026-03-17 11:33:57 UTC,8,8,18.52,1911.49,31.1,61.1,Safe
2026-03-17 11:34:07 UTC,7,7,17.56,1898.19,31.1,61.0,Safe
2026-03-17 11:34:17 UTC,6,7,17.68,1900.85,31.1,61.0,Safe
2026-03-17 11:34:27 UTC,7,10,18.31,1911.49,31.1,61.0,Safe
2026-03-17 11:34:37 UTC,6,9,17.48,1895.52,31.1,61.1,Safe
2026-03-17 11:34:47 UTC,7,8,18.52,1911.49,31.1,61.1,Safe
2026-03-17 11:34:57 UTC,7,7,17.28,1895.52,31.1,61.1,Safe
2026-03-17 11:35:07 UTC,7,8,18.26,1908.83,31.1,61.0,Safe
2026-03-17 11:35:17 UTC,5,7,17.68,1898.19,31.1,61.1,Safe
2026-03-17 11:35:27 UTC,8,9,18.38,1914.15,31.1,61.1,Safe
2026-03-17 11:35:37 UTC,8,12,17.59,1898.19,31.1,61.2,Safe
2026-03-17 11:35:47 UTC,7,9,18.52,1914.15,31.1,61.1,Safe
2026-03-17 11:35:57 UTC,8,10,18.61,1911.49,31.2,61.2,Safe
2026-03-17 11:36:07 UTC,9,9,17.11,1895.52,31.2,61.1,Safe
2026-03-17 11:36:17 UTC,8,8,18.43,1914.15,31.2,61.2,Safe
2026-03-17 11:36:27 UTC,6,8,17.23,1892.86,31.2,61.2,Safe
2026-03-17 11:36:37 UTC,7,8,18.26,1914.15,31.2,61.2,Safe
2026-03-17 11:36:47 UTC,7,9,17.71,1900.85,31.2,61.2,Safe
2026-03-17 11:36:57 UTC,9,10,18.55,1914.15,31.2,61.2,Safe
2026-03-17 11:37:07 UTC,7,9,17.59,1903.5,31.2,61.2,Safe
2026-03-17 11:37:17 UTC,7,9,18.22,1908.83,31.2,61.2,Safe
2026-03-17 11:37:27 UTC,7,8,18.55,1916.82,31.2,61.2,Safe
2026-03-17 11:37:37 UTC,8,10,18.31,1911.49,31.2,61.2,Safe
2026-03-17 11:37:47 UTC,7,11,18.47,1911.49,31.2,61.1,Safe
2026-03-17 11:37:57 UTC,9,13,17.51,1900.85,31.2,61.1,Safe
2026-03-17 11:38:07 UTC,9,13,18.61,1911.49,31.2,61.0,Safe
2026-03-17 11:38:17 UTC,7,13,17.23,1895.52,31.2,61.1,Safe
2026-03-17 11:38:27 UTC,7,10,18.52,1911.49,31.2,61.0,Safe
2026-03-17 11:38:37 UTC,8,8,17.85,1900.85,31.2,61.2,Safe
2026-03-17 11:38:47 UTC,8,9,18.52,1908.83,31.2,61.0,Safe
2026-03-17 11:38:57 UTC,7,9,17.48,1895.52,31.2,61.0,Safe
2026-03-17 11:39:07 UTC,6,9,18.64,1908.83,31.2,61.0,Safe
2026-03-17 11:39:17 UTC,7,7,17.63,1900.85,31.2,61.0,Safe
2026-03-17 11:39:27 UTC,7,9,18.43,1908.83,31.2,61.0,Safe
2026-03-17 11:39:37 UTC,8,12,18.7,1911.49,31.2,61.0,Safe
2026-03-17 11:39:47 UTC,10,15,17.56,1898.19,31.2,60.9,Safe
2026-03-17 11:39:57 UTC,8,13,18.22,1908.83,31.2,60.8,Safe
2026-03-17 11:40:07 UTC,8,10,17.63,1900.85,31.2,60.8,Safe
2026-03-17 11:40:17 UTC,8,8,18.43,1908.83,31.2,60.9,Safe
2026-03-17 11:40:27 UTC,6,6,17.63,1898.19,31.2,60.8,Safe
2026-03-17 11:40:37 UTC,7,7,18.17,1908.83,31.2,60.7,Safe
2026-03-17 11:40:47 UTC,7,8,17.59,1898.19,31.2,60.7,Safe
2026-03-17 11:40:57 UTC,8,8,18.26,1911.49,31.1,60.7,Safe
2026-03-17 11:41:07 UTC,7,10,18.14,1908.83,31.1,60.7,Safe
2026-03-17 11:41:17 UTC,8,12,18.34,1911.49,31.1,60.7,Safe
2026-03-17 11:41:27 UTC,10,12,18.14,1906.17,31.2,60.7,Safe
2026-03-17 11:41:37 UTC,10,12,17.51,1898.19,31.2,60.6,Safe
2026-03-17 11:41:47 UTC,10,13,18.43,1914.15,31.1,60.5,Safe
2026-03-17 11:41:57 UTC,9,11,17.23,1890.2,31.1,60.4,Safe
2026-03-17 11:42:07 UTC,9,12,18.14,1906.17,31.2,60.4,Safe
2026-03-17 11:42:17 UTC,9,12,17.51,1895.52,31.1,60.3,Safe
2026-03-17 11:42:27 UTC,10,10,18.26,1911.49,31.1,60.2,Safe
2026-03-17 11:42:37 UTC,11,12,17.2,1895.52,31.1,60.1,Safe
2026-03-17 11:42:47 UTC,12,13,18.14,1908.83,31.1,60.2,Safe
2026-03-17 11:42:57 UTC,12,14,17.68,1898.19,31.1,60.2,Safe
2026-03-17 11:43:07 UTC,11,16,18.52,1911.49,31.1,60.2,Safe
2026-03-17 11:43:17 UTC,12,17,18.47,1908.83,31.1,60.2,Safe
2026-03-17 11:43:27 UTC,10,15,17.03,1892.86,31.1,60.3,Safe
2026-03-17 11:43:37 UTC,11,18,18.22,1908.83,31.1,60.3,Safe
2026-03-17 11:43:47 UTC,12,19,17.59,1898.19,31.1,60.3,Safe
2026-03-17 11:43:57 UTC,14,18,18.43,1911.49,31.1,60.4,Safe
2026-03-17 11:44:07 UTC,15,18,17.23,1890.2,31.1,60.4,Safe
2026-03-17 11:44:17 UTC,15,20,18.09,1906.17,31.1,60.4,Safe
2026-03-17 11:44:27 UTC,15,20,17.56,1895.52,31.1,60.4,Safe
2026-03-17 11:44:37 UTC,15,21,18.55,1908.83,31.1,60.4,Safe
2026-03-17 11:44:47 UTC,15,19,18.52,1908.83,31.1,60.4,Safe
2026-03-17 11:44:57 UTC,14,17,18.55,1908.83,31.1,60.4,Safe
2026-03-17 11:45:07 UTC,14,20,18.17,1908.83,31.1,60.4,Safe
2026-03-17 11:45:17 UTC,14,18,17.39,1895.52,31.1,60.4,Safe
2026-03-17 11:45:27 UTC,17,21,18.47,1911.49,31.1,60.4,Safe
2026-03-17 11:45:37 UTC,19,21,17.56,1898.19,31.1,60.4,Safe
2026-03-17 11:45:47 UTC,19,21,18.34,1908.83,31.1,60.5,Safe
2026-03-17 11:45:57 UTC,18,21,17.76,1898.19,31.1,60.3,Safe
2026-03-17 11:46:07 UTC,18,20,18.43,1911.49,31.1,60.3,Safe
2026-03-17 11:46:17 UTC,20,22,17.59,1895.52,31.1,60.3,Safe
2026-03-17 11:46:27 UTC,20,24,18.26,1911.49,31.1,60.2,Safe
2026-03-17 11:46:37 UTC,20,23,17.34,1898.19,31.1,60.2,Safe
2026-03-17 11:46:47 UTC,21,24,18.31,1908.83,31.1,60.0,Safe
2026-03-17 11:46:57 UTC,21,24,16.84,1908.83,31.1,59.9,Safe
2026-03-17 11:47:07 UTC,21,25,17.39,1898.19,31.1,60.0,Safe
2026-03-17 11:47:17 UTC,21,26,18.34,1908.83,31.1,60.0,Safe
2026-03-17 11:47:27 UTC,22,27,17.39,1892.86,31.1,59.9,Safe
2026-03-17 11:47:37 UTC,23,26,18.22,1908.83,31.1,59.8,Safe
2026-03-17 11:47:47 UTC,23,29,17.39,1890.2,31.1,59.8,Safe
2026-03-17 11:47:57 UTC,24,27,18.22,1911.49,31.1,59.8,Safe
2026-03-17 11:48:07 UTC,23,26,17.51,1898.19,31.1,59.9,Safe
2026-03-17 11:48:17 UTC,25,27,18.14,1908.83,31.1,59.6,Safe
2026-03-17 11:48:27 UTC,27,30,18.26,1908.83,31.1,59.7,Safe
2026-03-17 11:48:37 UTC,27,32,18.47,1908.83,31.1,59.7,Safe
2026-03-17 11:48:47 UTC,26,30,18.34,1908.83,31.1,59.8,Safe
2026-03-17 11:48:57 UTC,26,29,17.15,1898.19,31.1,59.7,Safe
2026-03-17 11:49:07 UTC,28,30,18.22,1906.17,31.1,59.7,Safe
2026-03-17 11:49:17 UTC,29,32,17.48,1895.52,31.1,59.7,Safe
2026-03-17 11:49:27 UTC,31,35,18.0,1903.5,31.1,59.7,Safe
2026-03-17 11:49:37 UTC,31,35,17.56,1895.52,31.1,59.6,Safe
2026-03-17 11:49:47 UTC,30,32,18.34,1908.83,31.1,59.7,Safe
2026-03-17 11:49:57 UTC,30,33,17.34,1895.52,31.1,59.7,Safe
2026-03-17 11:50:07 UTC,29,31,18.0,1903.5,31.1,59.7,Safe
2026-03-17 11:50:17 UTC,30,34,17.51,1895.52,31.1,59.7,Safe
2026-03-17 11:50:27 UTC,30,34,18.31,1908.83,31.1,59.7,Safe
2026-03-17 11:50:37 UTC,29,33,18.22,1908.83,31.1,59.6,Safe
2026-03-17 11:50:47 UTC,29,32,17.48,1895.52,31.1,59.7,Safe
2026-03-17 11:50:57 UTC,27,32,18.26,1908.83,31.1,59.7,Safe
2026-03-17 11:51:07 UTC,26,30,17.39,1895.52,31.1,59.7,Safe
2026-03-17 11:51:17 UTC,28,30,18.26,1908.83,31.1,59.8,Safe
2026-03-17 11:51:27 UTC,29,32,16.84,1887.53,31.1,59.9,Safe
2026-03-17 11:51:37 UTC,30,31,18.17,1908.83,31.1,59.9,Safe
2026-03-17 11:51:47 UTC,30,32,17.48,1895.52,31.1,59.9,Safe
2026-03-17 11:51:57 UTC,29,32,18.26,1908.83,31.1,60.1,Safe
2026-03-17 11:52:07 UTC,29,34,18.26,1908.83,31.1,60.0,Safe
2026-03-17 11:52:17 UTC,29,36,18.22,1908.83,31.1,60.1,Safe
2026-03-17 11:52:27 UTC,30,34,18.14,1908.83,31.1,60.0,Safe
2026-03-17 11:52:37 UTC,29,31,17.11,1890.2,31.1,59.9,Safe
2026-03-17 11:52:47 UTC,30,30,18.31,1908.83,31.0,60.0,Safe
2026-03-17 11:52:57 UTC,30,30,17.51,1895.52,31.0,60.0,Safe
2026-03-17 11:53:07 UTC,29,31,18.26,1908.83,31.0,59.9,Safe
2026-03-17 11:53:17 UTC,29,32,17.48,1895.52,31.0,60.0,Safe
2026-03-17 11:53:27 UTC,29,32,18.14,1908.83,31.0,60.1,Safe
2026-03-17 11:53:37 UTC,28,33,17.11,1895.52,31.0,60.1,Safe
2026-03-17 11:53:47 UTC,30,35,18.14,1908.83,31.0,60.1,Safe
2026-03-17 11:53:57 UTC,30,34,17.48,1892.86,31.1,60.1,Safe
2026-03-17 11:54:07 UTC,30,33,18.14,1908.83,31.0,60.0,Safe
2026-03-17 11:54:17 UTC,30,34,18.34,1908.83,31.0,60.0,Safe
2026-03-17 11:54:27 UTC,31,33,17.48,1895.52,31.0,60.0,Safe
2026-03-17 11:54:37 UTC,30,32,18.14,1908.83,31.0,60.0,Safe
2026-03-17 11:54:47 UTC,30,35,17.23,1892.86,31.0,60.1,Safe
2026-03-17 11:54:57 UTC,31,37,18.14,1908.83,31.0,60.0,Safe
2026-03-17 11:55:07 UTC,32,36,17.43,1895.52,31.0,60.1,Safe
2026-03-17 11:55:17 UTC,32,38,18.34,1908.83,31.0,60.1,Safe
2026-03-17 11:55:27 UTC,31,35,17.39,1898.19,31.0,60.2,Safe
2026-03-17 11:55:37 UTC,32,34,17.93,1906.17,31.0,60.2,Safe
2026-03-17 11:55:47 UTC,31,34,18.22,1908.83,31.0,60.2,Safe
2026-03-17 11:55:57 UTC,31,36,18.26,1908.83,31.0,60.2,Safe
2026-03-17 11:56:07 UTC,32,37,18.0,1906.17,31.0,60.2,Safe
2026-03-17 11:56:17 UTC,30,35,17.23,1892.86,31.0,60.2,Safe
2026-03-17 11:56:27 UTC,31,35,18.14,1908.83,31.0,60.2,Safe
2026-03-17 11:56:37 UTC,30,34,17.43,1892.86,31.0,60.2,Safe
2026-03-17 11:56:47 UTC,31,33,18.31,1908.83,31.0,60.2,Safe
2026-03-17 11:56:57 UTC,31,36,17.39,1895.52,31.0,60.2,Safe
2026-03-17 11:57:07 UTC,31,36,18.22,1911.49,31.0,60.2,Safe
2026-03-17 11:57:17 UTC,32,37,17.23,1898.19,31.0,60.2,Safe
2026-03-17 11:57:27 UTC,32,36,18.22,1908.83,31.0,60.2,Safe
2026-03-17 11:57:37 UTC,32,35,17.23,1890.2,31.0,60.2,Safe
2026-03-17 11:57:47 UTC,32,35,18.22,1908.83,31.0,60.2,Safe
2026-03-17 11:57:57 UTC,33,36,18.34,1911.49,31.0,60.1,Safe
2026-03-17 11:58:07 UTC,32,36,17.28,1895.52,31.0,60.1,Safe
2026-03-17 11:58:17 UTC,32,36,17.97,1903.5,31.0,60.1,Safe
2026-03-17 11:58:27 UTC,32,39,17.34,1895.52,31.0,60.2,Safe
2026-03-17 11:58:37 UTC,32,38,18.22,1908.83,31.0,60.2,Safe
2026-03-17 11:58:47 UTC,31,36,17.56,1895.52,31.0,60.2,Safe
2026-03-17 11:58:57 UTC,31,34,18.34,1911.49,31.0,60.2,Safe
2026-03-17 11:59:07 UTC,31,35,17.48,1895.52,31.0,60.2,Safe
2026-03-17 11:59:17 UTC,32,37,18.17,1908.83,31.0,60.1,Safe
2026-03-17 11:59:27 UTC,32,37,18.22,1908.83,31.0,60.2,Safe
2026-03-17 11:59:37 UTC,32,39,18.14,1908.83,31.0,60.2,Safe
2026-03-17 11:59:47 UTC,32,37,18.38,1908.83,31.0,60.3,Safe
2026-03-17 11:59:57 UTC,32,36,17.03,1892.86,31.0,60.3,Safe
2026-03-17 12:00:07 UTC,31,35,18.34,1908.83,31.0,60.3,Safe
2026-03-17 12:00:17 UTC,31,36,17.39,1895.52,31.0,60.3,Safe
2026-03-17 12:00:27 UTC,33,36,18.14,1908.83,31.0,60.3,Safe
2026-03-17 12:00:37 UTC,32,36,17.28,1890.2,31.0,60.3,Safe
2026-03-17 12:00:47 UTC,31,34,18.47,1908.83,31.0,60.4,Safe
2026-03-17 12:00:57 UTC,30,34,17.56,1895.52,31.0,60.4,Safe
2026-03-17 12:01:07 UTC,32,36,18.14,1908.83,31.0,60.4,Safe
2026-03-17 12:01:17 UTC,32,35,17.28,1892.86,31.0,60.3,Safe
2026-03-17 12:01:27 UTC,31,34,18.38,1911.49,31.0,60.5,Safe
2026-03-17 12:01:37 UTC,31,35,18.43,1908.83,31.0,60.4,Safe
2026-03-17 12:01:47 UTC,32,35,17.03,1890.2,31.0,60.4,Safe
2026-03-17 12:01:57 UTC,32,38,18.17,1908.83,31.0,60.4,Safe
2026-03-17 12:02:07 UTC,32,37,16.87,1890.2,31.0,60.5,Safe
2026-03-17 12:02:17 UTC,32,36,18.55,1908.83,31.0,60.5,Safe
2026-03-17 12:02:27 UTC,31,35,17.23,1898.19,31.0,60.5,Safe
2026-03-17 12:02:37 UTC,31,35,18.34,1911.49,31.0,60.5,Safe
2026-03-17 12:02:47 UTC,32,34,16.95,1890.2,31.0,60.5,Safe
2026-03-17 12:02:57 UTC,31,34,18.14,1908.83,31.0,60.4,Safe
2026-03-17 12:03:07 UTC,32,37,17.93,1903.5,31.0,60.5,Safe
2026-03-17 12:03:17 UTC,32,38,17.28,1890.2,31.0,60.4,Safe
2026-03-17 12:03:27 UTC,31,36,18.38,1908.83,31.0,60.5,Safe
2026-03-17 12:03:37 UTC,31,36,17.56,1898.19,31.0,60.5,Safe
2026-03-17 12:03:47 UTC,32,37,18.38,1908.83,31.1,60.5,Safe
2026-03-17 12:03:57 UTC,32,37,17.39,1895.52,31.0,60.5,Safe
2026-03-17 12:04:07 UTC,32,37,18.22,1911.49,31.1,60.6,Safe
2026-03-17 12:04:17 UTC,32,38,17.56,1898.19,31.1,60.7,Safe
2026-03-17 12:04:27 UTC,32,37,18.17,1908.83,31.1,60.7,Safe
2026-03-17 12:04:37 UTC,32,37,18.17,1906.17,31.1,60.6,Safe
2026-03-17 12:04:47 UTC,32,36,18.34,1908.83,31.0,60.6,Safe
2026-03-17 12:04:57 UTC,32,37,17.43,1898.19,31.1,60.6,Safe
2026-03-17 12:05:07 UTC,32,38,17.43,1898.19,31.0,60.6,Safe
2026-03-17 12:05:17 UTC,32,37,18.34,1911.49,31.1,60.6,Safe
2026-03-17 12:05:27 UTC,32,38,17.56,1898.19,31.1,60.6,Safe
2026-03-17 12:05:37 UTC,33,39,18.26,1908.83,31.0,60.5,Safe
2026-03-17 12:05:47 UTC,32,37,17.28,1895.52,31.0,60.7,Safe
2026-03-17 12:05:57 UTC,31,37,18.22,1908.83,31.0,60.6,Safe
2026-03-17 12:06:07 UTC,32,36,17.51,1895.52,31.0,60.6,Safe
2026-03-17 12:06:17 UTC,32,36,18.26,1911.49,31.0,60.6,Safe
2026-03-17 12:06:27 UTC,32,38,17.48,1895.52,31.0,60.6,Safe
2026-03-17 12:06:37 UTC,33,39,18.38,1908.83,31.0,60.6,Safe
2026-03-17 12:06:47 UTC,32,39,18.22,1906.17,31.0,60.5,Safe
2026-03-17 12:06:57 UTC,32,38,17.03,1890.2,31.0,60.5,Safe
2026-03-17 12:07:07 UTC,32,39,18.14,1906.17,31.0,60.6,Safe
2026-03-17 12:07:17 UTC,32,41,17.56,1898.19,31.0,60.6,Safe
2026-03-17 12:07:27 UTC,32,41,18.34,1908.83,31.0,60.7,Safe
2026-03-17 12:07:37 UTC,33,42,17.34,1892.86,31.0,60.5,Safe
2026-03-17 12:07:47 UTC,33,41,18.34,1908.83,31.0,60.7,Safe
2026-03-17 12:07:57 UTC,33,39,17.28,1890.2,31.0,60.6,Safe
2026-03-17 12:08:07 UTC,33,39,18.22,1908.83,31.0,60.6,Safe
2026-03-17 12:08:17 UTC,32,38,18.14,1906.17,31.0,60.6,Safe
2026-03-17 12:08:27 UTC,32,37,18.14,1908.83,31.0,60.6,Safe
2026-03-17 12:08:37 UTC,32,37,17.34,1895.52,31.0,60.5,Safe
2026-03-17 12:08:47 UTC,32,35,17.48,1892.86,31.0,60.5,Safe
2026-03-17 12:08:57 UTC,32,36,18.38,1908.83,31.0,60.5,Safe
2026-03-17 12:09:07 UTC,32,39,17.43,1895.52,31.0,60.5,Safe
2026-03-17 12:09:17 UTC,32,39,18.26,1908.83,31.0,60.5,Safe
2026-03-17 12:09:27 UTC,32,38,17.34,1892.86,31.0,60.5,Safe
2026-03-17 12:09:37 UTC,32,37,18.14,1903.5,31.0,60.6,Safe
2026-03-17 12:09:47 UTC,32,34,17.39,1895.52,31.1,60.6,Safe
2026-03-17 12:09:57 UTC,32,34,18.34,1908.83,31.0,60.6,Safe
2026-03-17 12:10:07 UTC,32,34,17.43,1898.19,31.1,60.7,Safe
2026-03-17 12:10:17 UTC,32,35,18.0,1900.85,31.1,60.7,Safe
2026-03-17 12:10:27 UTC,31,35,18.34,1908.83,31.1,60.6,Safe
2026-03-17 12:10:37 UTC,32,37,16.92,1890.2,31.1,60.6,Safe
2026-03-17 12:10:47 UTC,32,38,18.26,1908.83,31.1,60.7,Safe
2026-03-17 12:10:57 UTC,33,38,17.48,1895.52,31.1,60.7,Safe
2026-03-17 12:11:07 UTC,32,38,18.38,1908.83,31.1,60.7,Safe
2026-03-17 12:11:17 UTC,32,37,17.34,1892.86,31.1,60.7,Safe
2026-03-17 12:11:27 UTC,32,37,18.22,1908.83,31.1,60.7,Safe
2026-03-17 12:11:37 UTC,32,35,17.39,1895.52,31.1,60.8,Safe
2026-03-17 12:11:47 UTC,31,36,18.22,1908.83,31.1,60.7,Safe
2026-03-17 12:11:57 UTC,32,37,18.43,1908.83,31.1,60.7,Safe
2026-03-17 12:12:07 UTC,32,36,18.14,1906.17,31.1,60.9,Safe
2026-03-17 12:12:17 UTC,32,37,18.0,1906.17,31.1,60.7,Safe
2026-03-17 12:12:27 UTC,32,38,17.48,1895.52,31.1,60.8,Safe
2026-03-17 12:12:37 UTC,32,37,18.09,1903.5,31.1,60.7,Safe
2026-03-17 12:12:47 UTC,32,35,17.43,1898.19,31.1,60.6,Safe
2026-03-17 12:12:57 UTC,32,37,18.43,1908.83,31.1,60.6,Safe
2026-03-17 12:13:07 UTC,32,38,17.48,1898.19,31.1,60.6,Safe
2026-03-17 12:13:17 UTC,32,37,18.22,1908.83,31.1,60.5,Safe
2026-03-17 12:13:27 UTC,32,37,17.31,1898.19,31.1,60.6,Safe
2026-03-17 12:13:37 UTC,30,36,18.14,1906.17,31.1,60.7,Safe
2026-03-17 12:13:47 UTC,30,35,17.48,1898.19,31.1,60.6,Safe
2026-03-17 12:13:57 UTC,30,36,18.26,1908.83,31.1,60.7,Safe
2026-03-17 12:14:07 UTC,31,34,18.26,1908.83,31.1,60.8,Safe
2026-03-17 12:14:17 UTC,32,36,17.48,1898.19,31.1,60.7,Safe
2026-03-17 12:14:27 UTC,31,37,18.17,1908.83,31.1,60.8,Safe
2026-03-17 12:14:37 UTC,30,38,17.28,1895.52,31.1,60.8,Safe
2026-03-17 12:14:47 UTC,30,37,18.17,1908.83,31.2,60.8,Safe
2026-03-17 12:14:57 UTC,30,35,17.39,1892.86,31.1,60.8,Safe
2026-03-17 12:15:07 UTC,30,34,18.26,1908.83,31.2,60.8,Safe
2026-03-17 12:15:17 UTC,30,34,17.43,1895.52,31.2,60.8,Safe
2026-03-17 12:15:27 UTC,32,35,17.88,1903.5,31.1,60.8,Safe
2026-03-17 12:15:37 UTC,32,34,18.09,1906.17,31.2,60.8,Safe
2026-03-17 12:15:47 UTC,31,34,18.14,1911.49,31.1,60.8,Safe
2026-03-17 12:15:57 UTC,30,36,18.14,1908.83,31.1,60.8,Safe
2026-03-17 12:16:07 UTC,31,35,17.28,1895.52,31.2,60.9,Safe
2026-03-17 12:16:17 UTC,31,36,18.14,1908.83,31.1,61.0,Safe
2026-03-17 12:16:27 UTC,32,37,17.39,1898.19,31.2,60.9,Safe
2026-03-17 12:16:37 UTC,30,37,18.26,1908.83,31.2,61.0,Safe
2026-03-17 12:16:47 UTC,30,37,17.48,1895.52,31.2,61.0,Safe
2026-03-17 12:16:57 UTC,30,37,18.26,1908.83,31.2,61.0,Safe
2026-03-17 12:17:07 UTC,30,34,17.48,1895.52,31.2,61.0,Safe
2026-03-17 12:17:17 UTC,30,35,18.22,1908.83,31.2,60.9,Safe
2026-03-17 12:17:27 UTC,32,36,17.39,1892.86,31.2,61.0,Safe
2026-03-17 12:17:37 UTC,32,37,17.48,1898.19,31.2,61.0,Safe
2026-03-17 12:17:47 UTC,32,38,18.22,1908.83,31.2,61.0,Safe
2026-03-17 12:17:57 UTC,32,36,17.56,1895.52,31.2,61.0,Safe
2026-03-17 12:18:07 UTC,32,35,18.26,1908.83,31.2,61.0,Safe
2026-03-17 12:18:17 UTC,30,35,17.56,1898.19,31.2,61.0,Safe
2026-03-17 12:18:27 UTC,31,35,18.22,1908.83,31.2,61.1,Safe
2026-03-17 12:18:37 UTC,31,34,17.34,1892.86,31.2,61.0,Safe
2026-03-17 12:18:47 UTC,30,33,18.38,1908.83,31.2,61.0,Safe
2026-03-17 12:18:57 UTC,31,34,17.59,1898.19,31.2,61.1,Safe
2026-03-17 12:19:07 UTC,30,33,18.34,1908.83,31.2,61.1,Safe
2026-03-17 12:19:17 UTC,30,33,18.14,1908.83,31.2,61.1,Safe
2026-03-17 12:19:27 UTC,31,35,17.11,1890.2,31.2,61.1,Safe
2026-03-17 12:19:37 UTC,32,37,18.34,1908.83,31.2,61.0,Safe
2026-03-17 12:19:47 UTC,32,37,17.51,1895.52,31.2,61.0,Safe
2026-03-17 12:19:57 UTC,31,36,18.26,1908.83,31.2,61.0,Safe
2026-03-17 12:20:07 UTC,31,36,17.39,1895.52,31.3,61.0,Safe
2026-03-17 12:20:17 UTC,31,35,18.14,1908.83,31.3,61.0,Safe
2026-03-17 12:20:27 UTC,31,38,17.43,1895.52,31.2,61.0,Safe
2026-03-17 12:20:37 UTC,31,38,18.34,1908.83,31.2,61.0,Safe
2026-03-17 12:20:47 UTC,30,36,17.59,1898.19,31.2,61.0,Safe
2026-03-17 12:20:57 UTC,31,34,18.22,1911.49,31.2,61.0,Safe
2026-03-17 12:21:07 UTC,32,35,17.59,1895.52,31.3,61.0,Safe
2026-03-17 12:21:17 UTC,32,36,17.48,1898.19,31.3,61.0,Safe
2026-03-17 12:21:27 UTC,30,35,18.47,1908.83,31.3,60.9,Safe
2026-03-17 12:21:37 UTC,30,36,17.31,1895.52,31.3,60.9,Safe
2026-03-17 12:21:47 UTC,31,36,18.31,1908.83,31.2,60.8,Safe
2026-03-17 12:21:57 UTC,32,37,17.2,1890.2,31.3,60.8,Safe
2026-03-17 12:22:07 UTC,31,38,18.31,1908.83,31.2,60.7,Safe
2026-03-17 12:22:17 UTC,31,37,17.39,1895.52,31.3,60.8,Safe
2026-03-17 12:22:27 UTC,32,35,18.31,1908.83,31.3,60.8,Safe
2026-03-17 12:22:37 UTC,32,37,17.43,1895.52,31.2,60.9,Safe
2026-03-17 12:22:47 UTC,32,38,18.22,1906.17,31.3,60.9,Safe
2026-03-17 12:22:57 UTC,32,37,18.34,1908.83,31.3,60.9,Safe
2026-03-17 12:23:07 UTC,33,37,17.39,1895.52,31.3,60.9,Safe
2026-03-17 12:23:17 UTC,32,38,18.34,1908.83,31.3,60.9,Safe
2026-03-17 12:23:27 UTC,32,39,17.03,1887.53,31.3,60.9,Safe
2026-03-17 12:23:37 UTC,32,39,18.17,1908.83,31.3,60.9,Safe
2026-03-17 12:23:47 UTC,30,37,17.48,1895.52,31.3,60.9,Safe
2026-03-17 12:23:57 UTC,30,35,18.26,1908.83,31.3,60.9,Safe
2026-03-17 12:24:07 UTC,30,31,17.23,1892.86,31.3,61.0,Safe
2026-03-17 12:24:17 UTC,29,31,18.14,1906.17,31.3,61.0,Safe
2026-03-17 12:24:27 UTC,29,30,18.14,1908.83,31.3,61.0,Safe
2026-03-17 12:24:37 UTC,29,33,18.22,1908.83,31.3,61.0,Safe
2026-03-17 12:24:47 UTC,31,36,17.48,1892.86,31.3,60.8,Safe
2026-03-17 12:24:57 UTC,30,35,17.11,1887.53,31.3,60.8,Safe
2026-03-17 12:25:07 UTC,31,34,18.34,1908.83,31.3,60.7,Safe
2026-03-17 12:25:17 UTC,31,33,17.31,1898.19,31.3,60.7,Safe
2026-03-17 12:25:27 UTC,32,34,18.14,1908.83,31.3,60.8,Safe
2026-03-17 12:25:37 UTC,32,35,17.34,1892.86,31.3,60.7,Safe
2026-03-17 12:25:47 UTC,32,35,18.14,1906.17,31.3,60.8,Safe
2026-03-17 12:25:57 UTC,32,35,17.51,1895.52,31.3,60.7,Safe
2026-03-17 12:26:07 UTC,32,37,18.43,1908.83,31.3,60.6,Safe
2026-03-17 12:26:17 UTC,33,39,17.39,1892.86,31.3,60.6,Safe
2026-03-17 12:26:27 UTC,33,38,18.14,1908.83,31.3,60.5,Safe
2026-03-17 12:26:37 UTC,34,41,18.22,1906.17,31.3,60.6,Safe
2026-03-17 12:26:47 UTC,33,39,16.95,1887.53,31.3,60.5,Safe
2026-03-17 12:26:57 UTC,32,38,18.22,1906.17,31.3,60.5,Safe
2026-03-17 12:27:07 UTC,32,40,17.48,1895.52,31.3,60.5,Safe
2026-03-17 12:27:17 UTC,31,37,18.22,1908.83,31.3,60.5,Safe
2026-03-17 12:27:27 UTC,31,36,17.48,1898.19,31.3,60.5,Safe
2026-03-17 12:27:37 UTC,31,34,18.17,1908.83,31.3,60.4,Safe
2026-03-17 12:27:47 UTC,31,34,17.03,1892.86,31.3,60.4,Safe
2026-03-17 12:27:57 UTC,31,35,18.34,1908.83,31.3,60.4,Safe
2026-03-17 12:28:07 UTC,31,36,18.31,1908.83,31.3,60.3,Safe
2026-03-17 12:28:17 UTC,32,38,17.51,1895.52,31.4,60.3,Safe
2026-03-17 12:28:27 UTC,31,35,18.26,1908.83,31.4,60.4,Safe
2026-03-17 12:28:37 UTC,31,36,17.34,1898.19,31.3,60.2,Safe
2026-03-17 12:28:47 UTC,31,37,18.14,1900.85,31.4,60.4,Safe
2026-03-17 12:28:57 UTC,31,36,17.56,1898.19,31.3,60.5,Safe
2026-03-17 12:29:07 UTC,31,35,18.09,1906.17,31.4,60.5,Safe
2026-03-17 12:29:17 UTC,30,35,17.48,1898.19,31.4,60.5,Safe
2026-03-17 12:29:27 UTC,30,35,18.0,1903.5,31.4,60.5,Safe
2026-03-17 12:29:37 UTC,31,34,18.14,1908.83,31.4,60.6,Safe
2026-03-17 12:29:47 UTC,32,35,18.22,1908.83,31.4,60.5,Safe
2026-03-17 12:29:57 UTC,32,36,17.2,1892.86,31.4,60.4,Safe
2026-03-17 12:30:07 UTC,32,36,16.84,1887.53,31.4,60.5,Safe
2026-03-17 12:30:17 UTC,31,35,18.31,1908.83,31.4,60.5,Safe
2026-03-17 12:30:27 UTC,31,35,17.51,1892.86,31.4,60.6,Safe
2026-03-17 12:30:37 UTC,32,38,18.31,1908.83,31.4,60.6,Safe
2026-03-17 12:30:47 UTC,32,38,17.43,1895.52,31.4,60.6,Safe
2026-03-17 12:30:57 UTC,32,40,18.17,1908.83,31.4,60.7,Safe
2026-03-17 12:31:07 UTC,33,41,17.48,1895.52,31.4,60.8,Safe
2026-03-17 12:31:17 UTC,32,41,18.0,1906.17,31.4,60.9,Safe
2026-03-17 12:31:27 UTC,32,40,17.31,1895.52,31.4,60.8,Safe
2026-03-17 12:31:37 UTC,32,39,18.17,1908.83,31.4,60.9,Safe
2026-03-17 12:31:47 UTC,33,39,18.22,1908.83,31.4,60.9,Safe
2026-03-17 12:31:57 UTC,33,39,17.31,1890.2,31.4,61.0,Safe
2026-03-17 12:32:07 UTC,33,40,18.31,1908.83,31.4,60.9,Safe
2026-03-17 12:32:17 UTC,32,38,17.03,1887.53,31.4,60.9,Safe
2026-03-17 12:32:27 UTC,31,39,17.88,1906.17,31.4,61.0,Safe
2026-03-17 12:32:37 UTC,30,39,17.03,1887.53,31.4,61.0,Safe
2026-03-17 12:32:47 UTC,30,40,17.97,1903.5,31.4,61.0,Safe
2026-03-17 12:32:57 UTC,32,40,17.43,1895.52,31.4,61.0,Safe
2026-03-17 12:33:07 UTC,32,42,18.26,1908.83,31.4,61.0,Safe
2026-03-17 12:33:17 UTC,32,41,18.17,1903.5,31.4,61.0,Safe
2026-03-17 12:33:27 UTC,32,39,18.43,1908.83,31.4,61.0,Safe
2026-03-17 12:33:37 UTC,32,38,18.17,1908.83,31.4,61.0,Safe
2026-03-17 12:33:47 UTC,30,38,17.34,1892.86,31.4,61.0,Safe
2026-03-17 12:33:57 UTC,30,38,18.34,1906.17,31.4,61.0,Safe
2026-03-17 12:34:07 UTC,31,38,17.34,1890.2,31.4,61.0,Safe
2026-03-17 12:34:17 UTC,32,38,18.34,1908.83,31.4,61.0,Safe
2026-03-17 12:34:27 UTC,32,40,17.48,1895.52,31.4,61.0,Safe
2026-03-17 12:34:37 UTC,31,38,18.14,1908.83,31.4,61.0,Safe
2026-03-17 12:34:47 UTC,32,38,17.03,1890.2,31.4,61.0,Safe
2026-03-17 12:34:57 UTC,32,39,18.17,1908.83,31.4,61.0,Safe
2026-03-17 12:35:07 UTC,31,38,17.59,1895.52,31.4,61.0,Safe
2026-03-17 12:35:17 UTC,30,37,17.51,1892.86,31.4,61.0,Safe
2026-03-17 12:35:27 UTC,30,38,18.22,1908.83,31.5,61.0,Safe
2026-03-17 12:35:37 UTC,32,39,17.31,1892.86,31.5,61.0,Safe
2026-03-17 12:35:47 UTC,32,39,18.22,1908.83,31.4,61.0,Safe
2026-03-17 12:35:57 UTC,30,39,16.95,1887.53,31.4,60.9,Safe
2026-03-17 12:36:07 UTC,30,37,18.22,1908.83,31.5,60.9,Safe
2026-03-17 12:36:17 UTC,29,37,17.48,1892.86,31.5,60.9,Safe
2026-03-17 12:36:27 UTC,30,36,18.26,1908.83,31.5,60.9,Safe
2026-03-17 12:36:37 UTC,28,32,17.43,1898.19,31.5,60.9,Safe
2026-03-17 12:36:47 UTC,30,33,18.22,1908.83,31.5,60.8,Safe
2026-03-17 12:36:57 UTC,30,34,18.17,1908.83,31.5,60.8,Safe
2026-03-17 12:37:07 UTC,30,37,17.34,1892.86,31.5,60.7,Safe
2026-03-17 12:37:17 UTC,30,37,18.17,1908.83,31.5,60.7,Safe
2026-03-17 12:37:27 UTC,30,35,17.2,1895.52,31.5,60.6,Safe
2026-03-17 12:37:37 UTC,29,34,18.14,1906.17,31.5,60.7,Safe
2026-03-17 12:37:47 UTC,29,36,17.34,1895.52,31.5,60.4,Safe
2026-03-17 12:37:57 UTC,30,36,18.09,1903.5,31.5,60.3,Safe
2026-03-17 12:38:07 UTC,31,35,17.31,1895.52,31.5,60.2,Safe
2026-03-17 12:38:17 UTC,29,31,18.05,1900.85,31.5,60.1,Safe
2026-03-17 12:38:27 UTC,30,31,18.14,1908.83,31.5,60.2,Safe
2026-03-17 12:38:37 UTC,30,32,18.14,1906.17,31.5,59.7,Safe
2026-03-17 12:38:47 UTC,32,33,17.15,1890.2,31.5,59.6,Safe
2026-03-17 12:38:57 UTC,31,34,17.23,1890.2,31.4,59.6,Safe
2026-03-17 12:39:07 UTC,31,34,17.71,1900.85,31.5,59.7,Safe
2026-03-17 12:39:17 UTC,31,34,17.28,1890.2,31.5,59.7,Safe
2026-03-17 12:39:27 UTC,30,34,18.22,1906.17,31.4,59.8,Safe
2026-03-17 12:39:37 UTC,29,34,17.11,1892.86,31.5,59.7,Safe
2026-03-17 12:39:47 UTC,28,36,18.14,1906.17,31.5,59.7,Safe
2026-03-17 12:39:57 UTC,29,35,17.23,1892.86,31.5,59.8,Safe
2026-03-17 12:40:07 UTC,30,33,18.14,1906.17,31.4,59.7,Safe
2026-03-17 12:40:17 UTC,29,33,17.34,1892.86,31.4,59.6,Safe
2026-03-17 12:40:27 UTC,29,33,18.17,1906.17,31.4,59.6,Safe
2026-03-17 12:40:37 UTC,29,32,18.14,1908.83,31.4,59.6,Safe
2026-03-17 12:40:47 UTC,30,32,17.34,1895.52,31.5,59.6,Safe
2026-03-17 12:40:57 UTC,28,32,18.17,1908.83,31.5,59.3,Safe
2026-03-17 12:41:07 UTC,27,34,17.31,1892.86,31.4,59.3,Safe
2026-03-17 12:41:17 UTC,27,34,18.17,1906.17,31.4,59.3,Safe
2026-03-17 12:41:27 UTC,28,33,17.39,1892.86,31.4,59.3,Safe
2026-03-17 12:41:37 UTC,30,35,18.14,1906.17,31.4,59.3,Safe
2026-03-17 12:41:47 UTC,30,36,17.28,1890.2,31.4,59.3,Safe
2026-03-17 12:41:57 UTC,29,33,18.14,1903.5,31.4,59.2,Safe
2026-03-17 12:42:07 UTC,28,31,18.0,1906.17,31.4,59.2,Safe
2026-03-17 12:42:17 UTC,28,30,18.14,1908.83,31.4,59.2,Safe
2026-03-17 12:42:27 UTC,30,32,18.14,1903.5,31.4,59.3,Safe
2026-03-17 12:42:37 UTC,30,34,17.23,1887.53,31.4,59.3,Safe
2026-03-17 12:42:47 UTC,29,33,18.14,1906.17,31.4,59.3,Safe
2026-03-17 12:42:57 UTC,28,32,17.11,1890.2,31.4,59.4,Safe
2026-03-17 12:43:07 UTC,27,30,18.14,1906.17,31.4,59.4,Safe
2026-03-17 12:43:17 UTC,27,28,17.07,1887.53,31.4,59.4,Safe
2026-03-17 12:43:27 UTC,27,30,18.14,1906.17,31.5,59.5,Safe
2026-03-17 12:43:37 UTC,27,31,17.2,1890.2,31.4,59.5,Safe
2026-03-17 12:43:47 UTC,26,31,18.14,1906.17,31.4,59.5,Safe
2026-03-17 12:43:57 UTC,26,29,17.28,1890.2,31.4,59.4,Safe
2026-03-17 12:44:07 UTC,28,30,17.23,1890.2,31.4,59.5,Safe
2026-03-17 12:44:17 UTC,28,31,18.09,1903.5,31.4,59.5,Safe
2026-03-17 12:44:27 UTC,29,31,17.11,1890.2,31.5,59.5,Safe
2026-03-17 12:44:37 UTC,28,30,17.93,1900.85,31.5,59.5,Safe
2026-03-17 12:44:47 UTC,28,30,17.07,1887.53,31.5,59.5,Safe
2026-03-17 12:44:57 UTC,27,32,18.09,1903.5,31.5,59.5,Safe
2026-03-17 12:45:07 UTC,27,32,17.2,1890.2,31.5,59.6,Safe
2026-03-17 12:45:17 UTC,28,34,18.14,1906.17,31.5,59.6,Safe
2026-03-17 12:45:27 UTC,27,33,17.28,1892.86,31.5,59.7,Safe
2026-03-17 12:45:37 UTC,26,30,18.14,1906.17,31.5,59.6,Safe
2026-03-17 12:45:47 UTC,26,27,18.14,1903.5,31.5,59.6,Safe
2026-03-17 12:45:57 UTC,25,29,17.07,1890.2,31.5,59.7,Safe
2026-03-17 12:46:07 UTC,24,27,18.22,1908.83,31.5,59.8,Safe
2026-03-17 12:46:17 UTC,26,30,17.34,1890.2,31.5,59.9,Safe
2026-03-17 12:46:27 UTC,26,30,18.14,1908.83,31.6,59.8,Safe
2026-03-17 12:46:37 UTC,26,28,17.39,1892.86,31.6,59.9,Safe
2026-03-17 12:46:47 UTC,26,30,17.68,1900.85,31.6,60.1,Safe
2026-03-17 12:46:57 UTC,25,31,16.84,1887.53,31.6,60.1,Safe
2026-03-17 12:47:07 UTC,25,30,18.14,1906.17,31.6,60.2,Safe
2026-03-17 12:47:17 UTC,26,32,17.76,1898.19,31.6,60.1,Safe
2026-03-17 12:47:27 UTC,25,29,18.14,1908.83,31.6,60.0,Safe
2026-03-17 12:47:37 UTC,26,30,17.03,1887.53,31.6,59.9,Safe
2026-03-17 12:47:47 UTC,28,32,17.34,1895.52,31.6,59.8,Safe
2026-03-17 12:47:57 UTC,27,30,17.85,1900.85,31.6,59.9,Safe
2026-03-17 12:48:07 UTC,26,31,17.23,1887.53,31.6,59.9,Safe
2026-03-17 12:48:17 UTC,24,29,17.71,1898.19,31.6,60.0,Safe
2026-03-17 12:48:27 UTC,25,26,17.2,1890.2,31.6,60.0,Safe
2026-03-17 12:48:37 UTC,25,27,18.22,1903.5,31.6,59.9,Safe
2026-03-17 12:48:47 UTC,25,28,17.15,1890.2,31.6,59.9,Safe
2026-03-17 12:48:57 UTC,24,28,17.23,1890.2,31.6,59.7,Safe
2026-03-17 12:49:07 UTC,25,30,17.28,1892.86,31.6,59.6,Safe
2026-03-17 12:49:17 UTC,26,29,18.14,1906.17,31.6,59.6,Safe
2026-03-17 12:49:27 UTC,24,28,18.14,1906.17,31.6,59.5,Safe
2026-03-17 12:49:37 UTC,24,29,17.43,1890.2,31.6,59.5,Safe
2026-03-17 12:49:47 UTC,26,29,18.14,1903.5,31.6,59.4,Safe
2026-03-17 12:49:57 UTC,26,30,17.28,1890.2,31.6,59.4,Safe
2026-03-17 12:50:07 UTC,27,28,18.14,1906.17,31.6,59.3,Safe
2026-03-17 12:50:17 UTC,26,26,17.28,1887.53,31.6,59.4,Safe
2026-03-17 12:50:27 UTC,27,27,18.22,1906.17,31.6,59.3,Safe
2026-03-17 12:50:37 UTC,25,27,16.87,1887.53,31.6,59.2,Safe
2026-03-17 12:50:47 UTC,26,29,18.14,1906.17,31.6,59.2,Safe
2026-03-17 12:50:57 UTC,26,28,18.14,1900.85,31.6,59.1,Safe
2026-03-17 12:51:07 UTC,26,28,17.28,1892.86,31.6,59.1,Safe
2026-03-17 12:51:17 UTC,24,27,18.05,1903.5,31.6,59.2,Safe
2026-03-17 12:51:27 UTC,24,26,17.28,1890.2,31.6,59.2,Safe
2026-03-17 12:51:37 UTC,22,25,17.63,1898.19,31.6,59.2,Safe
2026-03-17 12:51:47 UTC,23,26,17.23,1890.2,31.6,59.4,Safe
2026-03-17 12:51:57 UTC,24,26,18.14,1908.83,31.6,59.5,Safe
2026-03-17 12:52:07 UTC,24,25,17.34,1890.2,31.6,59.6,Safe
2026-03-17 12:52:17 UTC,26,27,17.88,1900.85,31.6,59.7,Safe
2026-03-17 12:52:27 UTC,26,29,17.28,1892.86,31.6,59.7,Safe
2026-03-17 12:52:37 UTC,26,28,18.14,1906.17,31.6,59.7,Safe
2026-03-17 12:52:47 UTC,25,26,17.23,1887.53,31.6,59.7,Safe
2026-03-17 12:52:57 UTC,23,23,17.11,1890.2,31.6,59.7,Safe
2026-03-17 12:53:07 UTC,24,25,18.17,1903.5,31.6,59.8,Safe
2026-03-17 12:53:17 UTC,25,28,17.03,1887.53,31.6,60.1,Safe
2026-03-17 12:53:27 UTC,25,27,18.14,1908.83,31.6,60.3,Safe
2026-03-17 12:53:37 UTC,24,28,17.2,1890.2,31.6,60.3,Safe
2026-03-17 12:53:47 UTC,24,29,18.14,1906.17,31.6,60.4,Safe
2026-03-17 12:53:57 UTC,23,29,17.2,1890.2,31.6,60.5,Safe
2026-03-17 12:54:07 UTC,23,28,17.85,1900.85,31.7,60.5,Safe
2026-03-17 12:54:17 UTC,24,28,17.11,1887.53,31.7,60.5,Safe
2026-03-17 12:54:27 UTC,26,27,18.17,1906.17,31.7,60.5,Safe
2026-03-17 12:54:37 UTC,25,26,18.17,1908.83,31.7,60.5,Safe
2026-03-17 12:54:47 UTC,23,24,17.31,1890.2,31.7,60.6,Safe
2026-03-17 12:54:57 UTC,24,25,18.17,1906.17,31.7,60.7,Safe
2026-03-17 12:55:07 UTC,24,25,17.31,1890.2,31.7,60.6,Safe
2026-03-17 12:55:17 UTC,24,25,18.14,1906.17,31.7,60.6,Safe
2026-03-17 12:55:27 UTC,24,26,17.39,1895.52,31.7,60.6,Safe
2026-03-17 12:55:37 UTC,24,26,18.14,1903.5,31.7,60.5,Safe
2026-03-17 12:55:47 UTC,22,23,17.23,1892.86,31.7,60.5,Safe
2026-03-17 12:55:57 UTC,23,24,18.14,1903.5,31.8,60.6,Safe
2026-03-17 12:56:07 UTC,24,25,18.14,1903.5,31.8,60.5,Safe
2026-03-17 12:56:17 UTC,24,25,18.14,1906.17,31.8,60.5,Safe
2026-03-17 12:56:27 UTC,24,25,17.39,1892.86,31.8,60.4,Safe
2026-03-17 12:56:37 UTC,25,27,17.03,1890.2,31.8,60.3,Safe
2026-03-17 12:56:47 UTC,25,27,18.14,1908.83,31.8,60.4,Safe
2026-03-17 12:56:57 UTC,24,26,17.48,1895.52,31.8,60.3,Safe
2026-03-17 12:57:07 UTC,23,25,18.26,1908.83,31.8,60.2,Safe
2026-03-17 12:57:17 UTC,24,28,17.34,1890.2,31.8,60.1,Safe
2026-03-17 12:57:27 UTC,24,27,17.85,1898.19,31.8,60.0,Safe
2026-03-17 12:57:37 UTC,26,27,16.95,1887.53,31.8,60.0,Safe
2026-03-17 12:57:47 UTC,26,26,18.17,1906.17,31.8,60.1,Safe
2026-03-17 12:57:57 UTC,25,26,17.48,1895.52,31.8,60.0,Safe
2026-03-17 12:58:07 UTC,24,26,18.26,1908.83,31.9,59.9,Safe
2026-03-17 12:58:17 UTC,23,23,18.22,1906.17,31.9,59.8,Safe
2026-03-17 12:58:27 UTC,24,25,16.92,1887.53,31.9,59.8,Safe
2026-03-17 12:58:37 UTC,24,27,18.31,1906.17,31.9,59.7,Safe
2026-03-17 12:58:47 UTC,24,27,17.23,1890.2,31.9,59.7,Safe
2026-03-17 12:58:57 UTC,24,25,18.22,1908.83,31.9,59.6,Safe
2026-03-17 12:59:07 UTC,24,27,17.43,1890.2,31.9,59.6,Safe
2026-03-17 12:59:17 UTC,24,29,18.14,1906.17,31.9,59.4,Safe
2026-03-17 12:59:27 UTC,24,29,17.28,1890.2,31.9,59.4,Safe
2026-03-17 12:59:37 UTC,24,27,18.14,1903.5,31.9,59.3,Safe
2026-03-17 12:59:47 UTC,23,26,18.17,1906.17,31.9,59.2,Safe
2026-03-17 12:59:57 UTC,23,26,18.17,1906.17,31.9,59.1,Safe
2026-03-17 13:00:07 UTC,23,26,18.26,1908.83,31.9,59.2,Safe
2026-03-17 13:00:17 UTC,22,27,17.28,1887.53,31.9,59.2,Safe
2026-03-17 13:00:27 UTC,21,27,18.26,1908.83,31.9,59.2,Safe
2026-03-17 13:00:37 UTC,23,28,16.92,1887.53,31.9,59.2,Safe
2026-03-17 13:00:47 UTC,22,27,18.14,1906.17,31.9,59.2,Safe
2026-03-17 13:00:57 UTC,21,24,17.48,1890.2,31.9,59.1,Safe
2026-03-17 13:01:07 UTC,23,25,18.14,1903.5,31.9,59.1,Safe
2026-03-17 13:01:17 UTC,23,26,17.39,1890.2,31.9,59.2,Safe
2026-03-17 13:01:27 UTC,24,25,18.14,1906.17,31.9,59.1,Safe
2026-03-17 13:01:37 UTC,23,26,17.48,1890.2,31.9,59.0,Safe
2026-03-17 13:01:47 UTC,22,25,17.28,1890.2,31.9,59.0,Safe
2026-03-17 13:01:57 UTC,22,25,18.14,1906.17,31.9,58.9,Safe
2026-03-17 13:02:07 UTC,22,24,17.34,1890.2,31.9,58.9,Safe
2026-03-17 13:02:17 UTC,23,25,18.14,1906.17,31.8,59.0,Safe
2026-03-17 13:02:27 UTC,21,24,17.07,1890.2,31.9,59.0,Safe
2026-03-17 13:02:37 UTC,21,25,18.22,1908.83,31.9,59.0,Safe
2026-03-17 13:02:47 UTC,22,24,17.28,1892.86,31.9,59.1,Safe
2026-03-17 13:02:57 UTC,21,22,17.68,1900.85,31.9,59.0,Safe
2026-03-17 13:03:07 UTC,22,23,17.23,1890.2,31.9,58.9,Safe
2026-03-17 13:03:17 UTC,21,23,18.17,1900.85,31.8,58.9,Safe
2026-03-17 13:03:27 UTC,21,24,18.17,1906.17,31.9,58.8,Safe
2026-03-17 13:03:37 UTC,21,23,16.84,1884.88,31.8,58.8,Safe
2026-03-17 13:03:47 UTC,21,23,17.88,1900.85,31.8,58.9,Safe
2026-03-17 13:03:57 UTC,20,23,17.11,1890.2,31.9,58.9,Safe
2026-03-17 13:04:07 UTC,19,21,18.14,1906.17,31.8,58.9,Safe
2026-03-17 13:04:17 UTC,19,22,16.87,1884.88,31.8,58.9,Safe
2026-03-17 13:04:27 UTC,18,22,18.14,1906.17,31.8,58.9,Safe
2026-03-17 13:04:37 UTC,19,23,16.98,1890.2,31.8,58.9,Safe
2026-03-17 13:04:47 UTC,20,23,18.31,1906.17,31.8,58.9,Safe
2026-03-17 13:04:57 UTC,21,24,18.14,1908.83,31.8,59.0,Safe
2026-03-17 13:05:07 UTC,22,23,17.93,1900.85,31.8,59.0,Safe
2026-03-17 13:05:17 UTC,21,22,18.14,1906.17,31.8,59.1,Safe
2026-03-17 13:05:27 UTC,22,23,17.43,1892.86,31.8,59.1,Safe
2026-03-17 13:05:37 UTC,23,26,18.17,1903.5,31.8,59.2,Safe
2026-03-17 13:05:47 UTC,22,25,17.34,1892.86,31.8,59.2,Safe
2026-03-17 13:05:57 UTC,21,22,18.14,1906.17,31.8,59.3,Safe
2026-03-17 13:06:07 UTC,19,21,17.07,1887.53,31.8,59.3,Safe
2026-03-17 13:06:17 UTC,21,24,18.22,1906.17,31.8,59.2,Safe
2026-03-17 13:06:27 UTC,20,23,16.84,1884.88,31.8,59.1,Safe
2026-03-17 13:06:37 UTC,22,24,18.14,1906.17,31.8,59.0,Safe
2026-03-17 13:06:47 UTC,19,20,17.28,1890.2,31.8,59.0,Safe
2026-03-17 13:06:57 UTC,21,22,18.14,1906.17,31.8,59.1,Safe
2026-03-17 13:07:07 UTC,23,24,17.97,1900.85,31.8,59.2,Safe
2026-03-17 13:07:17 UTC,21,22,17.28,1890.2,31.8,59.1,Safe
2026-03-17 13:07:27 UTC,21,26,18.0,1903.5,31.8,59.1,Safe
2026-03-17 13:07:37 UTC,23,25,17.11,1890.2,31.8,59.0,Safe
2026-03-17 13:07:47 UTC,22,22,18.05,1906.17,31.8,59.0,Safe
2026-03-17 13:07:57 UTC,21,21,17.07,1887.53,31.8,59.0,Safe
2026-03-17 13:08:07 UTC,21,22,18.09,1908.83,31.8,59.0,Safe
2026-03-17 13:08:17 UTC,20,21,16.87,1887.53,31.8,59.0,Safe
2026-03-17 13:08:27 UTC,20,21,18.0,1903.5,31.8,59.0,Safe
2026-03-17 13:08:37 UTC,20,22,18.14,1900.85,31.7,59.0,Safe
2026-03-17 13:08:47 UTC,20,23,17.28,1890.2,31.8,59.0,Safe
2026-03-17 13:08:57 UTC,19,22,18.22,1906.17,31.7,59.1,Safe
2026-03-17 13:09:07 UTC,19,21,16.84,1884.88,31.8,59.1,Safe
2026-03-17 13:09:17 UTC,19,21,17.88,1900.85,31.8,59.3,Safe
2026-03-17 13:09:27 UTC,21,22,17.28,1890.2,31.7,59.2,Safe
2026-03-17 13:09:37 UTC,21,23,18.14,1908.83,31.7,59.2,Safe
2026-03-17 13:09:47 UTC,20,22,17.34,1890.2,31.7,59.3,Safe
2026-03-17 13:09:57 UTC,19,21,18.22,1906.17,31.7,59.3,Safe
2026-03-17 13:10:07 UTC,20,23,17.43,1890.2,31.8,59.3,Safe
2026-03-17 13:10:17 UTC,19,22,18.14,1906.17,31.7,59.3,Safe
2026-03-17 13:10:27 UTC,18,21,17.07,1890.2,31.7,59.4,Safe
2026-03-17 13:10:37 UTC,17,20,17.23,1890.2,31.7,59.5,Safe
2026-03-17 13:10:47 UTC,18,20,18.14,1906.17,31.7,59.6,Safe
2026-03-17 13:10:57 UTC,16,18,17.23,1892.86,31.7,59.5,Safe
2026-03-17 13:11:07 UTC,17,19,18.14,1906.17,31.7,59.6,Safe
2026-03-17 13:11:17 UTC,17,20,16.79,1887.53,31.7,59.5,Safe
2026-03-17 13:11:27 UTC,17,20,18.0,1900.85,31.7,59.7,Safe
2026-03-17 13:11:37 UTC,19,21,17.23,1892.86,31.7,59.7,Safe
2026-03-17 13:11:47 UTC,19,20,18.22,1906.17,31.7,59.7,Safe
2026-03-17 13:11:57 UTC,19,20,17.39,1892.86,31.7,59.7,Safe
2026-03-17 13:12:07 UTC,19,20,18.14,1906.17,31.7,59.7,Safe
2026-03-17 13:12:17 UTC,19,20,18.09,1903.5,31.7,59.8,Safe
2026-03-17 13:12:27 UTC,19,21,17.23,1892.86,31.7,59.7,Safe
2026-03-17 13:12:37 UTC,20,21,18.14,1908.83,31.7,59.7,Safe
2026-03-17 13:12:47 UTC,18,19,17.34,1890.2,31.7,59.7,Safe
2026-03-17 13:12:57 UTC,19,20,18.14,1906.17,31.7,59.8,Safe
2026-03-17 13:13:07 UTC,18,18,17.31,1890.2,31.7,59.7,Safe
2026-03-17 13:13:17 UTC,19,20,18.22,1908.83,31.7,59.7,Safe
2026-03-17 13:13:27 UTC,19,21,17.23,1892.86,31.7,59.7,Safe
2026-03-17 13:13:37 UTC,18,19,18.14,1908.83,31.7,59.7,Safe
2026-03-17 13:13:47 UTC,18,19,18.34,1908.83,31.7,59.8,Safe
2026-03-17 13:13:57 UTC,19,21,18.14,1900.85,31.7,59.8,Safe
2026-03-17 13:14:07 UTC,19,21,18.14,1903.5,31.7,59.8,Safe
2026-03-17 13:14:17 UTC,18,21,17.23,1887.53,31.7,59.9,Safe
2026-03-17 13:14:27 UTC,18,20,18.14,1903.5,31.7,59.9,Safe
2026-03-17 13:14:37 UTC,17,20,17.28,1890.2,31.8,59.9,Safe
2026-03-17 13:14:47 UTC,19,20,18.17,1906.17,31.8,59.9,Safe
2026-03-17 13:14:57 UTC,20,21,17.48,1892.86,31.7,59.9,Safe
2026-03-17 13:15:07 UTC,18,20,18.34,1906.17,31.7,59.9,Safe
2026-03-17 13:15:17 UTC,19,21,17.23,1887.53,31.7,59.9,Safe
2026-03-17 13:15:27 UTC,19,21,18.14,1908.83,31.8,59.9,Safe
2026-03-17 13:15:37 UTC,20,23,17.48,1895.52,31.7,59.9,Safe
2026-03-17 13:15:47 UTC,19,22,17.85,1900.85,31.8,59.9,Safe
2026-03-17 13:15:57 UTC,21,24,18.14,1906.17,31.7,60.0,Safe
2026-03-17 13:16:07 UTC,21,26,16.87,1884.88,31.7,59.9,Safe
2026-03-17 13:16:17 UTC,22,25,18.14,1906.17,31.7,59.9,Safe
2026-03-17 13:16:27 UTC,21,24,17.48,1895.52,31.8,59.9,Safe
2026-03-17 13:16:37 UTC,20,23,18.14,1908.83,31.7,60.0,Safe
2026-03-17 13:16:47 UTC,17,22,17.2,1892.86,31.7,59.9,Safe
2026-03-17 13:16:57 UTC,19,23,18.14,1906.17,31.7,60.0,Safe
2026-03-17 13:17:07 UTC,19,21,17.34,1892.86,31.8,60.0,Safe
2026-03-17 13:17:17 UTC,17,18,18.14,1908.83,31.7,60.0,Safe
2026-03-17 13:17:27 UTC,18,20,17.85,1900.85,31.7,60.0,Safe
2026-03-17 13:17:37 UTC,19,21,18.26,1908.83,31.7,60.1,Safe
2026-03-17 13:17:47 UTC,19,23,18.14,1906.17,31.7,60.1,Safe
2026-03-17 13:17:57 UTC,19,21,16.84,1887.53,31.7,60.2,Safe
2026-03-17 13:18:07 UTC,19,20,18.26,1908.83,31.7,60.2,Safe
2026-03-17 13:18:17 UTC,19,20,17.31,1892.86,31.8,60.2,Safe
2026-03-17 13:18:27 UTC,20,21,17.93,1903.5,31.7,60.2,Safe
2026-03-17 13:18:37 UTC,20,20,17.28,1895.52,31.7,60.3,Safe
2026-03-17 13:18:47 UTC,19,20,18.14,1908.83,31.8,60.3,Safe
2026-03-17 13:18:57 UTC,19,20,17.03,1887.53,31.7,60.3,Safe
2026-03-17 13:19:07 UTC,21,22,18.14,1908.83,31.7,60.3,Safe
2026-03-17 13:19:17 UTC,20,22,17.31,1895.52,31.7,60.4,Safe
2026-03-17 13:19:27 UTC,19,21,18.14,1906.17,31.8,60.3,Safe
2026-03-17 13:19:37 UTC,19,20,18.26,1906.17,31.7,60.3,Safe
2026-03-17 13:19:47 UTC,18,20,17.51,1895.52,31.8,60.4,Safe
2026-03-17 13:19:57 UTC,19,21,18.22,1908.83,31.7,60.4,Safe
2026-03-17 13:20:07 UTC,19,19,17.31,1892.86,31.7,60.4,Safe
2026-03-17 13:20:17 UTC,18,20,17.93,1903.5,31.7,60.3,Safe
2026-03-17 13:20:27 UTC,19,21,17.34,1895.52,31.7,60.4,Safe
2026-03-17 13:20:37 UTC,19,21,18.14,1908.83,31.7,60.4,Safe
2026-03-17 13:20:47 UTC,19,21,17.28,1895.52,31.7,60.4,Safe
2026-03-17 13:20:57 UTC,19,24,18.22,1906.17,31.7,60.4,Safe
2026-03-17 13:21:07 UTC,18,22,18.17,1908.83,31.7,60.5,Safe
2026-03-17 13:21:17 UTC,19,22,17.34,1895.52,31.7,60.5,Safe
2026-03-17 13:21:27 UTC,20,21,18.17,1908.83,31.7,60.4,Safe
2026-03-17 13:21:37 UTC,19,22,17.23,1892.86,31.7,60.4,Safe
2026-03-17 13:21:47 UTC,18,22,18.22,1908.83,31.8,60.4,Safe
2026-03-17 13:21:57 UTC,18,23,17.39,1895.52,31.8,60.4,Safe
2026-03-17 13:22:07 UTC,19,24,18.31,1908.83,31.8,60.4,Safe
2026-03-17 13:22:17 UTC,20,24,17.28,1895.52,31.8,60.5,Safe
2026-03-17 13:22:27 UTC,18,19,18.17,1908.83,31.8,60.5,Safe
2026-03-17 13:22:37 UTC,18,20,18.14,1908.83,31.8,60.6,Safe
2026-03-17 13:22:47 UTC,15,19,18.14,1906.17,31.8,60.5,Safe
2026-03-17 13:22:57 UTC,17,19,17.03,1887.53,31.8,60.5,Safe
2026-03-17 13:23:07 UTC,17,19,17.03,1887.53,31.8,60.4,Safe
2026-03-17 13:23:17 UTC,17,19,18.22,1908.83,31.8,60.5,Safe
2026-03-17 13:23:27 UTC,17,18,17.43,1890.2,31.8,60.5,Safe
2026-03-17 13:23:37 UTC,17,21,18.14,1908.83,31.8,60.5,Safe
2026-03-17 13:23:47 UTC,19,21,17.48,1892.86,31.8,60.6,Safe
2026-03-17 13:23:57 UTC,19,21,18.22,1906.17,31.8,60.6,Safe
2026-03-17 13:24:07 UTC,17,19,17.39,1892.86,31.9,60.6,Safe
2026-03-17 13:24:17 UTC,16,19,18.14,1908.83,31.8,60.6,Safe
2026-03-17 13:24:27 UTC,16,20,17.39,1892.86,31.8,60.6,Safe
2026-03-17 13:24:37 UTC,15,20,18.14,1908.83,31.9,60.6,Safe
2026-03-17 13:24:47 UTC,16,19,18.22,1908.83,31.9,60.6,Safe
2026-03-17 13:24:57 UTC,16,19,17.43,1892.86,31.9,60.5,Safe
2026-03-17 13:25:07 UTC,17,20,18.34,1906.17,31.9,60.6,Safe
2026-03-17 13:25:17 UTC,16,18,17.48,1890.2,31.9,60.5,Safe
2026-03-17 13:25:27 UTC,16,18,18.14,1908.83,31.9,60.4,Safe
2026-03-17 13:25:37 UTC,16,18,17.15,1887.53,31.9,60.5,Safe
2026-03-17 13:25:47 UTC,14,19,18.22,1908.83,31.9,60.3,Safe
2026-03-17 13:25:57 UTC,13,18,17.34,1890.2,31.9,60.3,Safe
2026-03-17 13:26:07 UTC,10,16,18.14,1906.17,31.9,60.3,Safe
2026-03-17 13:26:17 UTC,12,16,18.14,1906.17,31.9,60.2,Safe
2026-03-17 13:26:27 UTC,13,17,18.17,1908.83,31.9,60.3,Safe
2026-03-17 13:26:37 UTC,11,16,18.14,1908.83,31.9,60.3,Safe
2026-03-17 13:26:47 UTC,11,16,17.28,1890.2,31.9,60.3,Safe
2026-03-17 13:26:57 UTC,10,16,18.17,1906.17,31.9,60.3,Safe
2026-03-17 13:27:07 UTC,10,15,17.31,1892.86,31.9,60.3,Safe
2026-03-17 13:27:17 UTC,9,14,18.14,1906.17,31.9,60.1,Safe
2026-03-17 13:27:27 UTC,10,15,17.07,1890.2,31.9,60.1,Safe
2026-03-17 13:27:37 UTC,9,14,17.71,1900.85,31.9,60.0,Safe
2026-03-17 13:27:47 UTC,10,15,17.39,1892.86,31.9,60.1,Safe
2026-03-17 13:27:57 UTC,10,16,18.17,1903.5,31.9,60.1,Safe
2026-03-17 13:28:07 UTC,7,12,17.43,1890.2,31.9,60.1,Safe
2026-03-17 13:28:17 UTC,7,11,18.17,1906.17,31.9,60.2,Safe
2026-03-17 13:28:27 UTC,9,13,18.14,1908.83,31.9,60.3,Safe
2026-03-17 13:28:37 UTC,9,13,17.48,1892.86,31.9,60.2,Safe
2026-03-17 13:28:47 UTC,8,10,18.14,1906.17,31.9,60.3,Safe
2026-03-17 13:28:57 UTC,8,9,17.39,1892.86,31.9,60.3,Safe
2026-03-17 13:29:07 UTC,8,8,18.31,1906.17,31.9,60.4,Safe
2026-03-17 13:29:17 UTC,9,9,17.39,1890.2,31.9,60.4,Safe
2026-03-17 13:29:27 UTC,8,8,18.14,1906.17,31.9,60.3,Safe
2026-03-17 13:29:37 UTC,7,8,16.95,1887.53,31.9,60.4,Safe
2026-03-17 13:29:47 UTC,7,7,18.14,1906.17,31.8,60.3,Safe
2026-03-17 13:29:57 UTC,7,7,18.14,1903.5,31.9,60.3,Safe
2026-03-17 13:30:07 UTC,7,8,18.14,1906.17,31.9,60.3,Safe
2026-03-17 13:30:17 UTC,8,8,17.85,1898.19,31.9,60.3,Safe
2026-03-17 13:30:27 UTC,6,6,17.11,1890.2,31.9,60.3,Safe
2026-03-17 13:30:37 UTC,6,6,18.17,1906.17,31.9,60.3,Safe
2026-03-17 13:30:47 UTC,7,8,17.31,1890.2,31.9,60.4,Safe
2026-03-17 13:30:57 UTC,6,7,17.76,1900.85,31.9,60.4,Safe
2026-03-17 13:31:07 UTC,7,7,17.39,1892.86,31.9,60.4,Safe
2026-03-17 13:31:17 UTC,8,9,18.17,1906.17,31.9,60.6,Safe
2026-03-17 13:31:27 UTC,7,7,17.23,1890.2,31.9,60.4,Safe
2026-03-17 13:31:37 UTC,6,6,18.17,1906.17,31.9,60.6,Safe
2026-03-17 13:31:47 UTC,6,7,17.28,1890.2,31.9,60.5,Safe
2026-03-17 13:31:57 UTC,7,9,17.23,1887.53,31.9,60.6,Safe
2026-03-17 13:32:07 UTC,5,6,18.26,1903.5,31.9,60.6,Safe
2026-03-17 13:32:17 UTC,4,5,17.11,1890.2,31.9,60.6,Safe
2026-03-17 13:32:27 UTC,5,6,17.93,1900.85,31.9,60.6,Safe
2026-03-17 13:32:37 UTC,5,5,17.39,1892.86,31.9,60.6,Safe
2026-03-17 13:32:47 UTC,5,5,18.14,1906.17,31.9,60.7,Safe
2026-03-17 13:32:57 UTC,5,6,17.43,1892.86,31.9,60.7,Safe
2026-03-17 13:33:07 UTC,6,6,18.14,1906.17,31.9,60.6,Safe
2026-03-17 13:33:17 UTC,6,6,17.23,1887.53,31.9,60.4,Safe
2026-03-17 13:33:27 UTC,6,6,18.05,1908.83,31.9,60.4,Safe
2026-03-17 13:33:37 UTC,5,5,17.88,1903.5,31.9,60.3,Safe
2026-03-17 13:33:47 UTC,5,5,17.28,1890.2,31.9,60.3,Safe
2026-03-17 13:33:57 UTC,5,5,18.14,1900.85,31.9,60.4,Safe
2026-03-17 13:34:07 UTC,5,5,17.23,1890.2,31.9,60.3,Safe
2026-03-17 13:34:17 UTC,5,5,18.17,1906.17,31.8,60.4,Safe
2026-03-17 13:34:27 UTC,5,5,17.28,1890.2,31.8,60.4,Safe
2026-03-17 13:34:37 UTC,5,5,18.14,1906.17,31.9,60.3,Safe
2026-03-17 13:34:47 UTC,6,6,17.28,1890.2,31.8,60.3,Safe
2026-03-17 13:34:57 UTC,5,7,18.17,1903.5,31.9,60.3,Safe
2026-03-17 13:35:07 UTC,5,7,18.14,1906.17,31.8,60.4,Safe
2026-03-17 13:35:17 UTC,5,5,18.17,1906.17,31.8,60.4,Safe
2026-03-17 13:35:27 UTC,3,3,17.28,1887.53,31.8,60.4,Safe
2026-03-17 13:35:37 UTC,4,4,17.23,1890.2,31.8,60.4,Safe
2026-03-17 13:35:47 UTC,4,4,18.0,1900.85,31.9,60.4,Safe
2026-03-17 13:35:57 UTC,5,5,17.31,1887.53,31.9,60.4,Safe
2026-03-17 13:36:07 UTC,3,3,18.17,1903.5,31.8,60.5,Safe
2026-03-17 13:36:17 UTC,5,6,17.23,1887.53,31.8,60.5,Safe
2026-03-17 13:36:27 UTC,4,6,17.85,1898.19,31.8,60.6,Safe
2026-03-17 13:36:37 UTC,4,4,17.11,1890.2,31.9,60.7,Safe
2026-03-17 13:36:47 UTC,2,2,18.05,1906.17,31.8,60.8,Safe
2026-03-17 13:36:57 UTC,3,5,17.28,1890.2,31.8,61.1,Safe
2026-03-17 13:37:07 UTC,4,4,18.14,1903.5,31.8,61.4,Safe
2026-03-17 13:37:17 UTC,4,4,18.14,1903.5,31.8,61.4,Safe
2026-03-17 13:37:27 UTC,4,4,17.34,1892.86,31.8,61.3,Safe
2026-03-17 13:37:37 UTC,5,6,18.14,1906.17,31.8,61.4,Safe
2026-03-17 13:37:47 UTC,5,5,17.23,1890.2,31.8,61.4,Safe
2026-03-17 13:37:57 UTC,5,5,18.14,1906.17,31.8,61.4,Safe
2026-03-17 13:38:07 UTC,4,5,17.23,1890.2,31.8,61.4,Safe
2026-03-17 13:38:17 UTC,5,6,18.05,1903.5,31.8,61.5,Safe
2026-03-17 13:38:27 UTC,5,7,17.03,1887.53,31.8,61.6,Safe
2026-03-17 13:38:37 UTC,5,5,18.17,1903.5,31.8,61.5,Safe
2026-03-17 13:38:47 UTC,4,6,18.14,1906.17,31.8,61.6,Safe
2026-03-17 13:38:57 UTC,3,5,18.14,1906.17,31.8,61.6,Safe
2026-03-17 13:39:07 UTC,5,6,17.34,1890.2,31.8,61.6,Safe
2026-03-17 13:39:17 UTC,5,7,17.15,1887.53,31.8,61.7,Safe
2026-03-17 13:39:27 UTC,4,6,18.14,1906.17,31.8,61.6,Safe
2026-03-17 13:39:37 UTC,4,6,17.23,1892.86,31.8,61.7,Safe
2026-03-17 13:39:47 UTC,4,7,18.0,1906.17,31.8,61.9,Safe
2026-03-17 13:39:57 UTC,3,5,17.28,1890.2,31.8,62.0,Safe
2026-03-17 13:40:07 UTC,4,6,18.14,1906.17,31.8,62.0,Safe
2026-03-17 13:40:17 UTC,4,5,17.07,1890.2,31.7,61.8,Safe
2026-03-17 13:40:27 UTC,4,5,18.14,1906.17,31.7,61.9,Safe
2026-03-17 13:40:37 UTC,3,3,17.07,1887.53,31.7,62.0,Safe
2026-03-17 13:40:47 UTC,2,4,18.09,1900.85,31.7,61.9,Safe
2026-03-17 13:40:57 UTC,2,3,18.14,1906.17,31.7,61.9,Safe
2026-03-17 13:41:07 UTC,3,5,17.34,1895.52,31.7,61.9,Safe
2026-03-17 13:41:17 UTC,3,5,18.14,1906.17,31.7,61.9,Safe
2026-03-17 13:41:27 UTC,2,4,16.84,1887.53,31.7,61.9,Safe
2026-03-17 13:41:37 UTC,2,5,18.0,1898.19,31.7,61.8,Safe
2026-03-17 13:41:47 UTC,4,5,17.15,1887.53,31.7,61.9,Safe
2026-03-17 13:41:57 UTC,2,2,17.93,1900.85,31.7,61.9,Safe
2026-03-17 13:42:07 UTC,3,3,17.23,1887.53,31.7,62.0,Safe
2026-03-17 13:42:17 UTC,2,3,18.17,1906.17,31.7,62.0,Safe
2026-03-17 13:42:27 UTC,3,4,18.14,1906.17,31.7,62.0,Safe
2026-03-17 13:42:37 UTC,3,3,18.14,1906.17,31.7,62.0,Safe
2026-03-17 13:42:47 UTC,4,5,17.07,1892.86,31.7,62.1,Safe
2026-03-17 13:42:57 UTC,4,5,17.07,1890.2,31.7,62.1,Safe
2026-03-17 13:43:07 UTC,3,4,18.14,1906.17,31.7,62.2,Safe
2026-03-17 13:43:17 UTC,2,3,16.95,1887.53,31.7,62.2,Safe
2026-03-17 13:43:27 UTC,2,2,17.93,1900.85,31.7,62.3,Safe
2026-03-17 13:43:37 UTC,3,4,17.11,1890.2,31.7,62.3,Safe
2026-03-17 13:43:47 UTC,3,4,17.63,1898.19,31.7,62.3,Safe
2026-03-17 13:43:57 UTC,3,4,17.2,1892.86,31.7,62.3,Safe
2026-03-17 13:44:07 UTC,2,3,18.14,1906.17,31.7,62.5,Safe
2026-03-17 13:44:17 UTC,4,4,17.2,1890.2,31.7,63.0,Safe
2026-03-17 13:44:27 UTC,3,4,18.26,1906.17,31.7,62.9,Safe
2026-03-17 13:44:37 UTC,5,8,18.14,1908.83,31.7,62.9,Safe
2026-03-17 13:44:47 UTC,4,6,16.84,1887.53,31.7,62.8,Safe
2026-03-17 13:44:57 UTC,3,5,18.14,1906.17,31.7,62.8,Safe
2026-03-17 13:45:07 UTC,3,3,17.39,1892.86,31.8,62.7,Safe
2026-03-17 13:45:17 UTC,3,3,17.68,1898.19,31.7,62.7,Safe
2026-03-17 13:45:27 UTC,3,3,17.34,1892.86,31.7,62.5,Safe
2026-03-17 13:45:37 UTC,3,3,18.14,1906.17,31.7,62.5,Safe
2026-03-17 13:45:47 UTC,3,4,17.03,1887.53,31.7,62.4,Safe
2026-03-17 13:45:57 UTC,3,4,18.14,1900.85,31.7,62.4,Safe
2026-03-17 13:46:07 UTC,3,3,18.14,1900.85,31.7,62.3,Safe
2026-03-17 13:46:17 UTC,2,3,18.14,1906.17,31.7,62.4,Safe
2026-03-17 13:46:27 UTC,2,6,18.14,1906.17,31.7,62.3,Safe
2026-03-17 13:46:37 UTC,3,7,17.11,1890.2,31.7,62.3,Safe
2026-03-17 13:46:47 UTC,3,5,17.88,1900.85,31.7,62.2,Safe
2026-03-17 13:46:57 UTC,2,4,17.23,1890.2,31.8,62.2,Safe
2026-03-17 13:47:07 UTC,2,2,17.56,1898.19,31.7,62.2,Safe
2026-03-17 13:47:17 UTC,1,1,16.98,1890.2,31.7,62.2,Safe
2026-03-17 13:47:27 UTC,2,4,18.14,1906.17,31.7,62.2,Safe
2026-03-17 13:47:37 UTC,3,6,17.2,1890.2,31.7,62.3,Safe
2026-03-17 13:47:47 UTC,4,6,18.17,1908.83,31.7,62.2,Safe
2026-03-17 13:47:57 UTC,3,4,17.15,1890.2,31.7,62.1,Safe
2026-03-17 13:48:07 UTC,3,3,17.03,1890.2,31.7,62.0,Safe
2026-03-17 13:48:17 UTC,3,3,18.09,1903.5,31.7,62.1,Safe
2026-03-17 13:48:27 UTC,3,3,17.28,1890.2,31.7,62.1,Safe
2026-03-17 13:48:37 UTC,3,4,18.05,1906.17,31.7,62.0,Safe
2026-03-17 13:48:47 UTC,3,4,17.11,1887.53,31.7,62.1,Safe
2026-03-17 13:48:57 UTC,2,3,18.0,1903.5,31.7,62.0,Safe
2026-03-17 13:49:07 UTC,3,4,17.11,1890.2,31.7,62.1,Safe
2026-03-17 13:49:17 UTC,3,5,18.14,1903.5,31.7,62.1,Safe
2026-03-17 13:49:27 UTC,2,3,17.11,1890.2,31.6,62.0,Safe
2026-03-17 13:49:37 UTC,1,2,17.97,1900.85,31.6,62.0,Safe
2026-03-17 13:49:47 UTC,1,2,18.14,1903.5,31.6,62.0,Safe
2026-03-17 13:49:57 UTC,2,3,17.2,1890.2,31.6,62.0,Safe
2026-03-17 13:50:07 UTC,2,2,18.09,1903.5,31.6,62.1,Safe
2026-03-17 13:50:17 UTC,3,3,17.03,1887.53,31.6,62.1,Safe
2026-03-17 13:50:27 UTC,3,4,17.59,1898.19,31.6,62.1,Safe
2026-03-17 13:50:37 UTC,2,3,17.34,1892.86,31.6,62.1,Safe
2026-03-17 13:50:47 UTC,2,2,18.14,1903.5,31.6,62.1,Safe
2026-03-17 13:50:57 UTC,3,4,16.84,1887.53,31.6,62.2,Safe
2026-03-17 13:51:07 UTC,3,3,18.14,1906.17,31.6,62.1,Safe
2026-03-17 13:51:17 UTC,2,2,17.8,1898.19,31.6,62.1,Safe
2026-03-17 13:51:27 UTC,1,2,18.14,1903.5,31.6,62.1,Safe
2026-03-17 13:51:37 UTC,1,1,16.98,1890.2,31.5,62.0,Safe
2026-03-17 13:51:47 UTC,2,2,16.98,1887.53,31.5,62.0,Safe
2026-03-17 13:51:57 UTC,0,2,18.09,1906.17,31.5,62.0,Safe
2026-03-17 13:52:07 UTC,1,3,16.76,1887.53,31.5,62.0,Safe
2026-03-17 13:52:17 UTC,1,2,18.14,1900.85,31.5,61.9,Safe
2026-03-17 13:52:27 UTC,1,2,17.15,1887.53,31.5,62.0,Safe
2026-03-17 13:52:37 UTC,1,2,18.0,1906.17,31.4,62.0,Safe
2026-03-17 13:52:47 UTC,1,2,16.98,1890.2,31.4,62.0,Safe
2026-03-17 13:52:57 UTC,1,3,18.14,1903.5,31.4,62.0,Safe
2026-03-17 13:53:07 UTC,2,3,17.11,1890.2,31.4,62.1,Safe
2026-03-17 13:53:17 UTC,2,2,17.56,1898.19,31.5,62.1,Safe
2026-03-17 13:53:27 UTC,2,2,18.09,1900.85,31.4,62.1,Safe
2026-03-17 13:53:37 UTC,2,2,17.23,1887.53,31.4,62.1,Safe
2026-03-17 13:53:47 UTC,2,3,17.97,1906.17,31.4,62.1,Safe
2026-03-17 13:53:57 UTC,1,2,17.2,1890.2,31.4,62.1,Safe
2026-03-17 13:54:07 UTC,1,1,18.14,1906.17,31.4,62.1,Safe
2026-03-17 13:54:17 UTC,1,1,16.84,1884.88,31.4,62.1,Safe
2026-03-17 13:54:27 UTC,2,2,18.14,1906.17,31.3,62.1,Safe
2026-03-17 13:54:37 UTC,3,3,17.03,1887.53,31.3,62.2,Safe
2026-03-17 13:54:47 UTC,2,2,18.14,1900.85,31.3,62.1,Safe
2026-03-17 13:54:57 UTC,2,3,18.09,1903.5,31.3,62.1,Safe
2026-03-17 13:55:07 UTC,2,3,18.14,1906.17,31.3,62.3,Safe
2026-03-17 13:55:17 UTC,2,2,18.14,1906.17,31.3,62.3,Safe
2026-03-17 13:55:27 UTC,2,2,17.23,1890.2,31.3,62.2,Safe
2026-03-17 13:55:37 UTC,3,3,18.09,1906.17,31.3,62.4,Safe
2026-03-17 13:55:47 UTC,3,4,16.95,1887.53,31.3,62.3,Safe
2026-03-17 13:55:57 UTC,2,4,18.05,1903.5,31.3,62.4,Safe
2026-03-17 13:56:07 UTC,2,3,17.2,1887.53,31.3,62.4,Safe
2026-03-17 13:56:17 UTC,2,3,18.14,1906.17,31.3,62.4,Safe
2026-03-17 13:56:27 UTC,2,3,17.2,1890.2,31.3,62.5,Safe
2026-03-17 13:56:37 UTC,1,2,18.14,1903.5,31.3,62.5,Safe
2026-03-17 13:56:47 UTC,2,2,17.03,1887.53,31.3,62.4,Safe
2026-03-17 13:56:57 UTC,1,1,17.23,1892.86,31.3,62.4,Safe
2026-03-17 13:57:07 UTC,2,2,18.14,1906.17,31.3,62.4,Safe
2026-03-17 13:57:17 UTC,3,4,16.87,1884.88,31.3,62.4,Safe
2026-03-17 13:57:27 UTC,3,4,18.14,1906.17,31.3,62.4,Safe
2026-03-17 13:57:37 UTC,2,3,17.11,1887.53,31.3,62.4,Safe
2026-03-17 13:57:47 UTC,1,1,18.14,1903.5,31.3,62.4,Safe
2026-03-17 13:57:57 UTC,1,2,16.84,1884.88,31.2,62.4,Safe
2026-03-17 13:58:07 UTC,3,5,17.63,1898.19,31.3,62.4,Safe
2026-03-17 13:58:17 UTC,4,6,16.92,1884.88,31.2,62.4,Safe
2026-03-17 13:58:27 UTC,2,3,18.09,1903.5,31.3,62.4,Safe
2026-03-17 13:58:37 UTC,2,2,18.14,1906.17,31.3,62.4,Safe
2026-03-17 13:58:47 UTC,2,3,17.2,1887.53,31.3,62.4,Safe
2026-03-17 13:58:57 UTC,2,3,17.68,1898.19,31.2,62.4,Safe
2026-03-17 13:59:07 UTC,2,3,17.03,1890.2,31.2,62.4,Safe
2026-03-17 13:59:17 UTC,2,4,18.05,1903.5,31.2,62.4,Safe
2026-03-17 13:59:27 UTC,3,4,17.31,1892.86,31.3,62.4,Safe
2026-03-17 13:59:37 UTC,2,3,18.14,1906.17,31.3,62.4,Safe
2026-03-17 13:59:47 UTC,3,3,17.03,1890.2,31.3,62.4,Safe
2026-03-17 13:59:57 UTC,2,3,17.51,1906.17,31.3,62.4,Safe
2026-03-17 14:00:07 UTC,3,3,18.14,1906.17,31.3,62.4,Safe
2026-03-17 14:00:17 UTC,3,4,17.88,1903.5,31.3,62.4,Safe
2026-03-17 14:00:27 UTC,3,4,17.93,1900.85,31.3,62.4,Safe
2026-03-17 14:00:37 UTC,3,3,16.84,1887.53,31.3,62.4,Safe
2026-03-17 14:00:47 UTC,2,2,17.93,1900.85,31.3,62.4,Safe
2026-03-17 14:00:57 UTC,3,3,16.95,1890.2,31.3,62.3,Safe
2026-03-17 14:01:07 UTC,3,5,18.0,1906.17,31.3,62.4,Safe
2026-03-17 14:01:17 UTC,3,3,17.2,1890.2,31.3,62.4,Safe
2026-03-17 14:01:27 UTC,4,4,18.09,1906.17,31.3,62.3,Safe
2026-03-17 14:01:37 UTC,3,3,16.84,1887.53,31.3,62.4,Safe
2026-03-17 14:01:47 UTC,3,4,17.85,1900.85,31.3,62.4,Safe
2026-03-17 14:01:57 UTC,3,4,17.07,1887.53,31.3,62.5,Safe
2026-03-17 14:02:07 UTC,4,4,18.14,1903.5,31.3,62.6,Safe
2026-03-17 14:02:17 UTC,3,3,18.09,1903.5,31.3,62.6,Safe
2026-03-17 14:02:27 UTC,3,4,17.15,1887.53,31.3,62.6,Safe
2026-03-17 14:02:37 UTC,3,4,18.14,1903.5,31.3,62.6,Safe
2026-03-17 14:02:47 UTC,4,5,17.23,1890.2,31.3,62.7,Safe
2026-03-17 14:02:57 UTC,3,4,17.76,1898.19,31.2,62.7,Safe
2026-03-17 14:03:07 UTC,3,3,17.31,1890.2,31.2,62.8,Safe
2026-03-17 14:03:17 UTC,3,4,18.14,1906.17,31.2,62.8,Safe
2026-03-17 14:03:27 UTC,2,4,16.87,1887.53,31.2,62.8,Safe
2026-03-17 14:03:37 UTC,2,3,18.14,1903.5,31.2,62.8,Safe
2026-03-17 14:03:47 UTC,1,2,18.05,1903.5,31.2,62.8,Safe
2026-03-17 14:03:57 UTC,2,3,17.15,1887.53,31.2,62.9,Safe
2026-03-17 14:04:07 UTC,2,4,18.09,1903.5,31.2,63.0,Safe
2026-03-17 14:04:17 UTC,3,4,17.2,1890.2,31.2,63.0,Safe
2026-03-17 14:04:27 UTC,3,3,18.14,1906.17,31.2,63.0,Safe
2026-03-17 14:04:37 UTC,3,3,16.84,1884.88,31.2,62.9,Safe
2026-03-17 14:04:47 UTC,3,3,18.14,1903.5,31.2,63.0,Safe
2026-03-17 14:04:57 UTC,2,2,17.23,1890.2,31.2,63.0,Safe
2026-03-17 14:05:07 UTC,1,3,17.56,1898.19,31.2,63.0,Safe
2026-03-17 14:05:17 UTC,2,3,17.07,1890.2,31.2,63.1,Safe
2026-03-17 14:05:27 UTC,3,4,17.88,1906.17,31.2,63.0,Safe
2026-03-17 14:05:37 UTC,3,4,17.2,1887.53,31.2,63.0,Safe
2026-03-17 14:05:47 UTC,1,1,17.28,1887.53,31.2,63.0,Safe
2026-03-17 14:05:57 UTC,2,4,18.05,1908.83,31.2,63.0,Safe
2026-03-17 14:06:07 UTC,2,4,17.11,1890.2,31.2,63.0,Safe
2026-03-17 14:06:17 UTC,3,3,18.0,1906.17,31.2,63.0,Safe
2026-03-17 14:06:27 UTC,3,4,17.07,1890.2,31.2,63.0,Safe
2026-03-17 14:06:37 UTC,2,6,18.14,1908.83,31.2,63.0,Safe
2026-03-17 14:06:47 UTC,2,6,17.11,1890.2,31.2,62.9,Safe
2026-03-17 14:06:57 UTC,1,6,18.05,1903.5,31.2,62.9,Safe
2026-03-17 14:07:07 UTC,0,3,17.15,1890.2,31.2,62.9,Safe
2026-03-17 14:07:17 UTC,1,3,18.09,1903.5,31.2,62.9,Safe
2026-03-17 14:07:27 UTC,3,4,18.05,1903.5,31.2,62.9,Safe
2026-03-17 14:07:37 UTC,4,5,17.28,1890.2,31.2,62.9,Safe
2026-03-17 14:07:47 UTC,3,3,18.0,1906.17,31.2,62.9,Safe
2026-03-17 14:07:57 UTC,3,3,17.07,1890.2,31.2,62.9,Safe
2026-03-17 14:08:07 UTC,2,3,17.71,1898.19,31.2,62.8,Safe
2026-03-17 14:08:17 UTC,2,3,17.23,1890.2,31.2,62.8,Safe
2026-03-17 14:08:27 UTC,2,2,18.14,1908.83,31.2,62.8,Safe
2026-03-17 14:08:37 UTC,1,3,17.28,1890.2,31.2,62.8,Safe
2026-03-17 14:08:47 UTC,1,1,18.09,1906.17,31.1,62.8,Safe
2026-03-17 14:08:57 UTC,1,2,17.71,1900.85,31.2,62.8,Safe
2026-03-17 14:09:07 UTC,1,1,17.88,1898.19,31.2,62.8,Safe
2026-03-17 14:09:17 UTC,1,1,17.28,1890.2,31.2,62.8,Safe
2026-03-17 14:09:27 UTC,1,1,17.23,1887.53,31.2,62.8,Safe
2026-03-17 14:09:37 UTC,2,2,18.05,1903.5,31.2,62.8,Safe
2026-03-17 14:09:47 UTC,1,3,17.2,1892.86,31.2,62.8,Safe
2026-03-17 14:09:57 UTC,1,3,18.0,1903.5,31.2,62.7,Safe
2026-03-17 14:10:07 UTC,1,3,17.07,1887.53,31.2,62.8,Safe
2026-03-17 14:10:17 UTC,1,2,18.09,1903.5,31.2,62.7,Safe
2026-03-17 14:10:27 UTC,2,2,17.28,1890.2,31.2,62.7,Safe
2026-03-17 14:10:37 UTC,2,3,17.85,1900.85,31.2,62.7,Safe
2026-03-17 14:10:47 UTC,2,3,17.15,1890.2,31.2,62.7,Safe
2026-03-17 14:10:57 UTC,2,2,18.14,1903.5,31.2,62.7,Safe
2026-03-17 14:11:07 UTC,3,3,17.93,1906.17,31.2,62.7,Safe
2026-03-17 14:11:17 UTC,3,4,16.95,1887.53,31.2,62.7,Safe
2026-03-17 14:11:27 UTC,2,3,17.68,1898.19,31.2,62.8,Safe
2026-03-17 14:11:37 UTC,2,3,16.87,1887.53,31.2,62.7,Safe
2026-03-17 14:11:47 UTC,7,7,20.55,1938.11,30.4,65.8,Safe
2026-03-17 14:11:57 UTC,5,10,19.34,1916.82,30.4,65.9,Safe
2026-03-17 14:12:07 UTC,5,6,20.03,1930.12,30.4,66.1,Safe
2026-03-17 14:12:17 UTC,5,7,19.53,1919.48,30.4,66.2,Safe
2026-03-17 14:12:27 UTC,5,6,20.22,1935.45,30.4,66.4,Safe
2026-03-17 14:12:37 UTC,5,5,19.53,1922.14,30.4,66.3,Safe
2026-03-17 14:12:47 UTC,5,7,20.4,1938.11,30.3,66.4,Safe
2026-03-17 14:12:57 UTC,5,8,19.4,1919.48,30.3,66.6,Safe
2026-03-17 14:13:07 UTC,6,6,20.49,1935.45,30.3,66.6,Safe
2026-03-17 14:13:17 UTC,6,6,20.07,1932.79,30.3,66.6,Safe
2026-03-17 14:13:27 UTC,5,5,20.4,1938.11,30.3,66.7,Safe
2026-03-17 14:13:37 UTC,4,4,20.36,1935.45,30.3,66.7,Safe
2026-03-17 14:13:47 UTC,3,3,19.25,1919.48,30.3,66.8,Safe
2026-03-17 14:13:57 UTC,3,5,20.4,1932.79,30.3,66.8,Safe
2026-03-17 14:14:07 UTC,3,6,18.82,1914.15,30.3,66.8,Safe
2026-03-17 14:14:17 UTC,4,6,20.4,1938.11,30.3,66.8,Safe
2026-03-17 14:14:27 UTC,4,5,19.4,1924.81,30.3,66.8,Safe
2026-03-17 14:14:37 UTC,4,5,20.13,1930.12,30.3,66.8,Safe
2026-03-17 14:14:47 UTC,4,5,19.31,1922.14,30.2,66.8,Safe
2026-03-17 14:14:57 UTC,4,5,20.49,1940.77,30.2,66.8,Safe
2026-03-17 14:15:07 UTC,2,4,19.4,1919.48,30.3,66.8,Safe
2026-03-17 14:15:17 UTC,2,5,20.36,1930.12,30.3,67.0,Safe
2026-03-17 14:15:27 UTC,4,6,20.73,1940.77,30.2,67.0,Safe
2026-03-17 14:15:37 UTC,4,5,19.53,1919.48,30.3,67.0,Safe
2026-03-17 14:15:47 UTC,3,7,20.59,1940.77,30.3,67.0,Safe
2026-03-17 14:15:57 UTC,6,10,19.4,1927.46,30.3,66.9,Safe
2026-03-17 14:16:07 UTC,7,14,20.78,1938.11,30.3,66.9,Safe
2026-03-17 14:16:17 UTC,8,13,19.44,1922.14,30.3,66.8,Safe
2026-03-17 14:16:27 UTC,8,16,20.49,1940.77,30.3,66.7,Safe
2026-03-17 14:16:37 UTC,10,24,19.44,1922.14,30.3,66.7,Safe
2026-03-17 14:16:47 UTC,13,31,20.59,1938.11,30.4,66.6,Safe
2026-03-17 14:16:57 UTC,14,38,20.59,1940.77,30.4,66.6,Safe
2026-03-17 14:17:07 UTC,17,42,19.53,1924.81,30.4,66.6,Safe
2026-03-17 14:17:17 UTC,16,40,20.13,1932.79,30.4,66.7,Safe
2026-03-17 14:17:27 UTC,20,42,19.53,1924.81,30.4,66.9,Safe
2026-03-17 14:17:37 UTC,19,41,20.36,1938.11,30.4,67.1,Safe
2026-03-17 14:17:47 UTC,20,41,19.22,1919.48,30.4,67.1,Safe
2026-03-17 14:17:57 UTC,21,45,20.59,1940.77,30.4,67.1,Safe
2026-03-17 14:18:07 UTC,22,44,18.95,1916.82,30.4,67.2,Safe
2026-03-17 14:18:17 UTC,21,44,20.55,1940.77,30.4,66.9,Safe
2026-03-17 14:18:27 UTC,21,41,19.44,1922.14,30.4,67.0,Safe
2026-03-17 14:18:37 UTC,20,38,20.26,1938.11,30.4,67.0,Safe
2026-03-17 14:18:47 UTC,20,36,19.25,1924.81,30.4,67.0,Safe
2026-03-17 14:18:57 UTC,18,33,19.31,1922.14,30.4,67.1,Safe
2026-03-17 14:19:07 UTC,14,27,20.45,1938.11,30.3,67.0,Safe
2026-03-17 14:19:17 UTC,11,28,18.95,1922.14,30.3,67.0,Safe
2026-03-17 14:19:27 UTC,9,25,19.94,1930.12,30.3,66.9,Safe
2026-03-17 14:19:37 UTC,9,21,19.13,1922.14,30.3,67.0,Safe
2026-03-17 14:19:47 UTC,7,19,20.4,1938.11,30.2,67.0,Safe
2026-03-17 14:19:57 UTC,7,21,19.31,1922.14,30.2,66.9,Safe
2026-03-17 14:20:07 UTC,7,20,20.45,1938.11,30.2,67.0,Safe
2026-03-17 14:20:17 UTC,6,16,19.47,1922.14,30.2,67.0,Safe
2026-03-17 14:20:27 UTC,5,14,20.65,1938.11,30.2,67.0,Safe
2026-03-17 14:20:37 UTC,6,16,20.4,1938.11,30.2,67.0,Safe
2026-03-17 14:20:47 UTC,7,16,19.44,1919.48,30.2,66.8,Safe
2026-03-17 14:20:57 UTC,5,15,20.4,1938.11,30.3,66.8,Safe
2026-03-17 14:21:07 UTC,4,14,19.31,1919.48,30.3,66.7,Safe
2026-03-17 14:21:17 UTC,5,14,20.73,1938.11,30.2,66.7,Safe
2026-03-17 14:21:27 UTC,5,13,19.34,1919.48,30.3,66.7,Safe
2026-03-17 14:21:37 UTC,4,10,20.07,1932.79,30.3,66.7,Safe
2026-03-17 14:21:47 UTC,4,8,18.82,1914.15,30.3,66.6,Safe
2026-03-17 14:21:57 UTC,4,10,20.26,1932.79,30.3,66.6,Safe
2026-03-17 14:22:07 UTC,4,6,19.09,1914.15,30.2,66.6,Safe
2026-03-17 14:22:17 UTC,5,7,20.55,1938.11,30.3,66.6,Safe
2026-03-17 14:22:27 UTC,4,6,19.44,1919.48,30.3,66.6,Safe
2026-03-17 14:22:37 UTC,4,6,19.4,1922.14,30.2,66.5,Safe
2026-03-17 14:22:47 UTC,4,5,20.55,1940.77,30.3,66.5,Safe
2026-03-17 14:22:57 UTC,4,6,18.91,1916.82,30.3,66.6,Safe
2026-03-17 14:23:07 UTC,5,5,20.55,1940.77,30.3,66.6,Safe
2026-03-17 14:23:17 UTC,5,6,19.44,1922.14,30.3,66.6,Safe
2026-03-17 14:23:27 UTC,4,7,20.07,1930.12,30.3,66.6,Safe
2026-03-17 14:23:37 UTC,2,5,19.13,1916.82,30.3,66.6,Safe
2026-03-17 14:23:47 UTC,4,6,20.49,1938.11,30.3,66.6,Safe
2026-03-17 14:23:57 UTC,4,6,19.31,1919.48,30.2,66.6,Safe
2026-03-17 14:24:07 UTC,5,6,20.55,1938.11,30.3,66.6,Safe
2026-03-17 14:24:17 UTC,5,6,20.49,1935.45,30.3,66.7,Safe
2026-03-17 14:24:27 UTC,3,5,18.91,1914.15,30.3,66.6,Safe
2026-03-17 14:24:37 UTC,3,4,20.55,1938.11,30.3,66.6,Safe
2026-03-17 14:24:47 UTC,2,4,19.53,1922.14,30.3,66.6,Safe
2026-03-17 14:24:57 UTC,3,4,19.88,1932.79,30.3,66.6,Safe
2026-03-17 14:25:07 UTC,4,4,19.22,1919.48,30.3,66.6,Safe
2026-03-17 14:25:17 UTC,5,6,20.49,1940.77,30.3,66.6,Safe
2026-03-17 14:25:27 UTC,4,5,19.22,1919.48,30.3,66.7,Safe
2026-03-17 14:25:37 UTC,4,6,19.84,1930.12,30.3,66.7,Safe
2026-03-17 14:25:47 UTC,4,11,20.49,1938.11,30.3,66.7,Safe
2026-03-17 14:25:57 UTC,4,7,20.4,1935.45,30.3,66.7,Safe
2026-03-17 14:26:07 UTC,3,5,18.95,1914.15,30.3,66.8,Safe
2026-03-17 14:26:17 UTC,4,5,19.13,1919.48,30.3,66.8,Safe
2026-03-17 14:26:27 UTC,4,4,20.45,1935.45,30.3,66.8,Safe
2026-03-17 14:26:37 UTC,4,5,19.47,1922.14,30.3,66.8,Safe
2026-03-17 14:26:47 UTC,5,6,20.45,1938.11,30.3,66.8,Safe
2026-03-17 14:26:57 UTC,4,6,19.53,1922.14,30.3,66.8,Safe
2026-03-17 14:27:07 UTC,3,4,20.03,1930.12,30.3,66.7,Safe
2026-03-17 14:27:17 UTC,3,5,19.44,1922.14,30.3,66.7,Safe
2026-03-17 14:27:27 UTC,4,4,19.98,1930.12,30.3,66.8,Safe
2026-03-17 14:27:37 UTC,4,4,19.4,1924.81,30.3,66.8,Safe
2026-03-17 14:27:47 UTC,3,3,20.3,1938.11,30.3,66.8,Safe
2026-03-17 14:27:57 UTC,3,6,20.4,1938.11,30.3,66.7,Safe
2026-03-17 14:28:07 UTC,4,6,19.31,1922.14,30.3,66.8,Safe
2026-03-17 14:28:17 UTC,4,5,20.4,1938.11,30.3,66.7,Safe
2026-03-17 14:28:27 UTC,4,5,19.31,1922.14,30.3,66.7,Safe
2026-03-17 14:28:37 UTC,4,5,20.55,1940.77,30.3,66.6,Safe
2026-03-17 14:28:47 UTC,5,6,19.53,1922.14,30.3,66.6,Safe
2026-03-17 14:28:57 UTC,3,6,20.17,1932.79,30.3,66.6,Safe
2026-03-17 14:29:07 UTC,3,5,19.34,1922.14,30.3,66.6,Safe
2026-03-17 14:29:17 UTC,4,5,20.49,1935.45,30.3,66.6,Safe
2026-03-17 14:29:27 UTC,4,4,20.59,1940.77,30.3,66.5,Safe
2026-03-17 14:29:37 UTC,3,4,20.26,1938.11,30.3,66.5,Safe
2026-03-17 14:29:47 UTC,4,5,20.45,1946.09,30.3,66.5,Safe
2026-03-17 14:29:57 UTC,3,4,19.44,1922.14,30.3,66.5,Safe
2026-03-17 14:30:07 UTC,4,6,20.22,1935.45,30.3,66.4,Safe
2026-03-17 14:30:17 UTC,4,6,19.31,1924.81,30.3,66.5,Safe
2026-03-17 14:30:27 UTC,3,5,20.45,1938.11,30.4,66.4,Safe
2026-03-17 14:30:37 UTC,3,4,19.4,1922.14,30.4,66.4,Safe
2026-03-17 14:30:47 UTC,3,3,20.45,1940.77,30.4,66.4,Safe
2026-03-17 14:30:57 UTC,3,3,19.09,1916.82,30.4,66.4,Safe
2026-03-17 14:31:07 UTC,4,5,20.69,1938.11,30.4,66.4,Safe
2026-03-17 14:31:17 UTC,3,4,19.4,1922.14,30.4,66.5,Safe
2026-03-17 14:31:27 UTC,2,4,20.49,1938.11,30.4,66.4,Safe
2026-03-17 14:31:37 UTC,2,3,20.4,1940.77,30.4,66.3,Safe
2026-03-17 14:31:47 UTC,2,3,18.82,1916.82,30.4,66.4,Safe
2026-03-17 14:31:57 UTC,4,5,20.17,1932.79,30.4,66.4,Safe
2026-03-17 14:32:07 UTC,4,4,19.53,1922.14,30.4,66.4,Safe
2026-03-17 14:32:17 UTC,4,4,20.26,1932.79,30.4,66.3,Safe
2026-03-17 14:32:27 UTC,3,3,19.53,1919.48,30.4,66.3,Safe
2026-03-17 14:32:37 UTC,1,1,20.73,1938.11,30.4,66.2,Safe
2026-03-17 14:32:47 UTC,2,2,19.09,1919.48,30.4,66.3,Safe
2026-03-17 14:32:57 UTC,4,4,20.73,1940.77,30.4,66.3,Safe
2026-03-17 14:33:07 UTC,4,4,20.55,1938.11,30.4,66.2,Safe
2026-03-17 14:33:17 UTC,4,4,20.69,1932.79,30.5,66.3,Safe
2026-03-17 14:33:27 UTC,4,4,20.55,1938.11,30.5,66.3,Safe
2026-03-17 14:33:37 UTC,4,5,19.56,1922.14,30.5,66.3,Safe
2026-03-17 14:33:47 UTC,4,5,20.55,1938.11,30.4,66.2,Safe
2026-03-17 14:33:57 UTC,4,5,19.22,1916.82,30.5,66.2,Safe
2026-03-17 14:34:07 UTC,3,4,20.17,1930.12,30.5,66.2,Safe
2026-03-17 14:34:17 UTC,4,4,19.47,1922.14,30.5,66.2,Safe
2026-03-17 14:34:27 UTC,3,4,20.49,1938.11,30.5,66.1,Safe
2026-03-17 14:34:37 UTC,3,4,19.47,1924.81,30.4,66.1,Safe
2026-03-17 14:34:47 UTC,3,4,20.49,1938.11,30.5,66.1,Safe
2026-03-17 14:34:57 UTC,2,2,19.47,1922.14,30.5,66.1,Safe
2026-03-17 14:35:07 UTC,3,3,19.53,1924.81,30.5,66.1,Safe
2026-03-17 14:35:17 UTC,4,4,20.78,1940.77,30.5,66.1,Safe
2026-03-17 14:35:27 UTC,3,3,19.44,1919.48,30.5,66.1,Safe
2026-03-17 14:35:37 UTC,4,4,20.59,1940.77,30.5,66.0,Safe
2026-03-17 14:35:47 UTC,3,4,19.53,1922.14,30.5,66.0,Safe
2026-03-17 14:35:57 UTC,3,4,20.73,1940.77,30.5,66.0,Safe
2026-03-17 14:36:07 UTC,3,3,19.53,1922.14,30.5,66.0,Safe
2026-03-17 14:36:17 UTC,4,5,20.59,1940.77,30.5,65.9,Safe
2026-03-17 14:36:27 UTC,3,5,19.53,1919.48,30.5,65.9,Safe
2026-03-17 14:36:37 UTC,4,5,20.82,1940.77,30.5,66.0,Safe
2026-03-17 14:36:47 UTC,3,5,20.36,1932.79,30.5,65.9,Safe
2026-03-17 14:36:57 UTC,3,4,19.53,1922.14,30.5,66.0,Safe
2026-03-17 14:37:07 UTC,3,4,20.55,1940.77,30.6,66.0,Safe
2026-03-17 14:37:17 UTC,3,4,19.53,1922.14,30.6,66.0,Safe
2026-03-17 14:37:27 UTC,3,5,20.69,1940.77,30.6,66.0,Safe
2026-03-17 14:37:37 UTC,3,5,19.53,1922.14,30.6,65.9,Safe
2026-03-17 14:37:47 UTC,2,4,20.69,1938.11,30.6,65.8,Safe
2026-03-17 14:37:57 UTC,2,4,19.4,1919.48,30.6,65.9,Safe
2026-03-17 14:38:07 UTC,2,3,20.59,1940.77,30.6,65.8,Safe
2026-03-17 14:38:17 UTC,3,3,20.49,1940.77,30.6,65.9,Safe
2026-03-17 14:38:27 UTC,5,5,19.47,1922.14,30.6,65.9,Safe
2026-03-17 14:38:37 UTC,5,5,20.4,1938.11,30.6,65.7,Safe
2026-03-17 14:38:47 UTC,3,3,19.34,1919.48,30.6,65.9,Safe
2026-03-17 14:38:57 UTC,3,3,20.49,1940.77,30.5,65.8,Safe
2026-03-17 14:39:07 UTC,4,4,19.31,1927.46,30.5,65.9,Safe
2026-03-17 14:39:17 UTC,4,4,20.13,1930.12,30.5,65.8,Safe
2026-03-17 14:39:27 UTC,4,4,19.53,1922.14,30.5,65.9,Safe
2026-03-17 14:39:37 UTC,4,4,20.73,1940.77,30.5,65.9,Safe
2026-03-17 14:39:47 UTC,4,4,19.47,1919.48,30.5,65.9,Safe
2026-03-17 14:39:57 UTC,4,4,20.45,1940.77,30.5,65.9,Safe
2026-03-17 14:40:07 UTC,3,4,19.25,1919.48,30.5,65.9,Safe
2026-03-17 14:40:17 UTC,4,6,19.31,1919.48,30.5,65.9,Safe
2026-03-17 14:40:27 UTC,4,6,20.55,1940.77,30.5,65.9,Safe
2026-03-17 14:40:37 UTC,4,5,19.53,1927.46,30.5,65.9,Safe
2026-03-17 14:40:47 UTC,4,5,20.3,1938.11,30.5,66.0,Safe
2026-03-17 14:40:57 UTC,3,3,19.4,1922.14,30.5,65.9,Safe
2026-03-17 14:41:07 UTC,4,5,20.65,1938.11,30.5,65.9,Safe
2026-03-17 14:41:17 UTC,5,5,19.44,1919.48,30.5,65.9,Safe
2026-03-17 14:41:27 UTC,4,5,20.26,1938.11,30.5,65.9,Safe
2026-03-17 14:41:37 UTC,4,5,19.31,1919.48,30.5,66.0,Safe
2026-03-17 14:41:47 UTC,5,5,20.26,1932.79,30.5,65.9,Safe
2026-03-17 14:41:57 UTC,4,5,20.3,1938.11,30.5,65.9,Safe
2026-03-17 14:42:07 UTC,5,5,19.47,1922.14,30.5,66.0,Safe
2026-03-17 14:42:17 UTC,5,5,20.45,1938.11,30.5,66.1,Safe
2026-03-17 14:42:27 UTC,5,6,19.44,1922.14,30.5,66.2,Safe
2026-03-17 14:42:37 UTC,5,6,20.59,1938.11,30.6,66.3,Safe
2026-03-17 14:42:47 UTC,5,7,19.31,1919.48,30.5,66.3,Safe
2026-03-17 14:42:57 UTC,4,6,20.73,1940.77,30.5,66.3,Safe
2026-03-17 14:43:07 UTC,4,9,19.44,1922.14,30.5,66.3,Safe
2026-03-17 14:43:17 UTC,4,10,20.55,1938.11,30.5,66.4,Safe
2026-03-17 14:43:27 UTC,4,7,20.59,1940.77,30.5,66.4,Safe
2026-03-17 14:43:37 UTC,5,7,20.73,1938.11,30.5,66.4,Safe
2026-03-17 14:43:47 UTC,6,9,20.59,1940.77,30.6,66.4,Safe
2026-03-17 14:43:57 UTC,7,7,18.95,1919.48,30.5,66.4,Safe
2026-03-17 14:44:07 UTC,6,6,20.69,1938.11,30.5,66.5,Safe
2026-03-17 14:44:17 UTC,7,7,19.47,1924.81,30.6,66.6,Safe
2026-03-17 14:44:27 UTC,6,7,20.26,1932.79,30.6,66.8,Safe
2026-03-17 14:44:37 UTC,6,9,19.47,1922.14,30.6,66.7,Safe
2026-03-17 14:44:47 UTC,6,9,20.55,1940.77,30.6,66.8,Safe
2026-03-17 14:44:57 UTC,6,6,19.53,1919.48,30.6,66.8,Safe
2026-03-17 14:45:07 UTC,4,6,20.55,1938.11,30.6,66.8,Safe
2026-03-17 14:45:17 UTC,6,9,19.22,1922.14,30.6,66.9,Safe
2026-03-17 14:45:27 UTC,6,7,20.59,1940.77,30.6,66.9,Safe
2026-03-17 14:45:37 UTC,4,6,20.55,1940.77,30.6,66.9,Safe
2026-03-17 14:45:47 UTC,6,7,19.53,1922.14,30.6,67.0,Safe
2026-03-17 14:45:57 UTC,5,9,20.88,1940.77,30.6,67.0,Safe
2026-03-17 14:46:07 UTC,5,6,19.53,1924.81,30.6,67.0,Safe
2026-03-17 14:46:17 UTC,5,5,20.49,1935.45,30.6,67.0,Safe
2026-03-17 14:46:27 UTC,5,6,19.53,1924.81,30.6,67.0,Safe
2026-03-17 14:46:37 UTC,5,6,20.78,1940.77,30.6,67.0,Safe
2026-03-17 14:46:47 UTC,6,7,19.53,1922.14,30.6,67.0,Safe
2026-03-17 14:46:57 UTC,7,7,20.88,1940.77,30.6,67.0,Safe
2026-03-17 14:47:07 UTC,6,6,20.73,1940.77,30.6,67.0,Safe
2026-03-17 14:47:17 UTC,6,7,19.56,1924.81,30.6,66.9,Safe
2026-03-17 14:47:27 UTC,4,7,20.69,1943.43,30.6,66.9,Safe
2026-03-17 14:47:37 UTC,5,7,19.53,1927.46,30.6,66.9,Safe
2026-03-17 14:47:47 UTC,6,6,20.55,1940.77,30.6,66.9,Safe
2026-03-17 14:47:57 UTC,5,6,19.04,1922.14,30.6,66.8,Safe
2026-03-17 14:48:07 UTC,6,8,20.69,1940.77,30.6,66.8,Safe
2026-03-17 14:48:17 UTC,7,11,19.53,1927.46,30.6,66.8,Safe
2026-03-17 14:48:27 UTC,6,12,20.59,1940.77,30.6,66.8,Safe
2026-03-17 14:48:37 UTC,7,13,19.16,1922.14,30.6,66.8,Safe
2026-03-17 14:48:47 UTC,8,11,20.82,1940.77,30.6,66.8,Safe
2026-03-17 14:48:57 UTC,7,10,19.47,1924.81,30.6,66.7,Safe
2026-03-17 14:49:07 UTC,7,12,19.62,1930.12,30.6,66.7,Safe
2026-03-17 14:49:17 UTC,10,13,20.82,1940.77,30.6,66.8,Safe
2026-03-17 14:49:27 UTC,7,9,19.44,1919.48,30.6,66.7,Safe
2026-03-17 14:49:37 UTC,8,10,20.73,1946.09,30.6,66.7,Safe
2026-03-17 14:49:47 UTC,6,8,19.53,1924.81,30.6,66.7,Safe
2026-03-17 14:49:57 UTC,6,10,20.3,1935.45,30.6,66.7,Safe
2026-03-17 14:50:07 UTC,7,8,19.62,1927.46,30.6,66.7,Safe
2026-03-17 14:50:17 UTC,7,7,20.98,1943.43,30.6,66.7,Safe
2026-03-17 14:50:27 UTC,6,9,19.53,1930.12,30.6,66.7,Safe
2026-03-17 14:50:37 UTC,5,7,20.98,1943.43,30.6,66.8,Safe
2026-03-17 14:50:47 UTC,8,10,20.78,1946.09,30.6,66.9,Safe
2026-03-17 14:50:57 UTC,6,7,19.81,1932.79,30.6,66.9,Safe
2026-03-17 14:51:07 UTC,5,6,21.02,1948.76,30.6,66.9,Safe
2026-03-17 14:51:17 UTC,6,9,19.75,1932.79,30.6,66.9,Safe
2026-03-17 14:51:27 UTC,7,10,20.59,1940.77,30.6,67.0,Safe
2026-03-17 14:51:37 UTC,7,8,19.47,1927.46,30.6,67.0,Safe
2026-03-17 14:51:47 UTC,6,6,20.88,1943.43,30.6,67.0,Safe
2026-03-17 14:51:57 UTC,7,8,19.75,1930.12,30.6,67.0,Safe
2026-03-17 14:52:07 UTC,5,6,21.02,1948.76,30.6,66.9,Safe
2026-03-17 14:52:17 UTC,4,6,21.16,1948.76,30.6,66.9,Safe
2026-03-17 14:52:27 UTC,5,6,20.78,1946.09,30.6,66.9,Safe
2026-03-17 14:52:37 UTC,5,6,19.71,1930.12,30.6,66.8,Safe
2026-03-17 14:52:47 UTC,7,7,19.84,1930.12,30.6,66.8,Safe
2026-03-17 14:52:57 UTC,7,9,20.98,1948.76,30.6,66.8,Safe
2026-03-17 14:53:07 UTC,7,8,19.81,1932.79,30.6,66.7,Safe
2026-03-17 14:53:17 UTC,4,6,21.02,1946.09,30.7,66.7,Safe
2026-03-17 14:53:27 UTC,7,9,19.81,1930.12,30.6,66.8,Safe
2026-03-17 14:53:37 UTC,6,7,20.55,1943.43,30.7,66.8,Safe
2026-03-17 14:53:47 UTC,6,8,19.66,1932.79,30.7,66.8,Safe
2026-03-17 14:53:57 UTC,5,6,20.88,1948.76,30.6,66.8,Safe
2026-03-17 14:54:07 UTC,5,6,19.53,1930.12,30.6,66.7,Safe
2026-03-17 14:54:17 UTC,5,6,21.02,1948.76,30.7,66.7,Safe
2026-03-17 14:54:27 UTC,4,6,20.36,1943.43,30.6,66.7,Safe
2026-03-17 14:54:37 UTC,6,7,19.75,1930.12,30.6,66.7,Safe
2026-03-17 14:54:47 UTC,6,11,20.69,1946.09,30.6,66.7,Safe
2026-03-17 14:54:57 UTC,5,10,19.81,1932.79,30.6,66.6,Safe
2026-03-17 14:55:07 UTC,5,10,20.92,1948.76,30.6,66.5,Safe
2026-03-17 14:55:17 UTC,6,9,19.62,1930.12,30.7,66.4,Safe
2026-03-17 14:55:27 UTC,6,11,20.92,1948.76,30.6,66.3,Safe
2026-03-17 14:55:37 UTC,8,11,19.53,1930.12,30.6,66.3,Safe
2026-03-17 14:55:47 UTC,7,12,20.88,1948.76,30.7,66.3,Safe
2026-03-17 14:55:57 UTC,7,11,20.92,1946.09,30.7,66.3,Safe
2026-03-17 14:56:07 UTC,7,10,21.02,1946.09,30.7,66.2,Safe
2026-03-17 14:56:17 UTC,6,6,20.92,1948.76,30.6,66.2,Safe
2026-03-17 14:56:27 UTC,7,7,19.53,1930.12,30.6,66.1,Safe
2026-03-17 14:56:37 UTC,6,7,20.92,1946.09,30.7,66.1,Safe
2026-03-17 14:56:47 UTC,6,7,19.22,1924.81,30.6,66.1,Safe
2026-03-17 14:56:57 UTC,6,6,21.02,1948.76,30.7,66.0,Safe
2026-03-17 14:57:07 UTC,6,7,19.56,1930.12,30.6,66.1,Safe
2026-03-17 14:57:17 UTC,6,6,20.78,1943.43,30.7,66.0,Safe
2026-03-17 14:57:27 UTC,6,6,19.53,1930.12,30.6,66.0,Safe
2026-03-17 14:57:37 UTC,5,7,20.73,1946.09,30.6,66.0,Safe
2026-03-17 14:57:47 UTC,7,8,19.56,1930.12,30.6,65.9,Safe
2026-03-17 14:57:57 UTC,8,11,20.55,1946.09,30.6,66.0,Safe
2026-03-17 14:58:07 UTC,7,9,20.98,1948.76,30.7,65.9,Safe
2026-03-17 14:58:17 UTC,9,9,19.53,1927.46,30.6,65.9,Safe
2026-03-17 14:58:27 UTC,6,6,21.02,1943.43,30.6,65.9,Safe
2026-03-17 14:58:37 UTC,7,8,19.62,1930.12,30.7,65.8,Safe
2026-03-17 14:58:47 UTC,6,7,20.98,1946.09,30.7,65.8,Safe
2026-03-17 14:58:57 UTC,5,7,19.53,1927.46,30.7,65.8,Safe
2026-03-17 14:59:07 UTC,7,11,20.73,1946.09,30.7,65.8,Safe
2026-03-17 14:59:17 UTC,8,11,19.53,1927.46,30.7,65.8,Safe
2026-03-17 14:59:27 UTC,7,8,20.92,1948.76,30.7,65.7,Safe
2026-03-17 14:59:37 UTC,7,8,20.4,1940.77,30.7,65.7,Safe
2026-03-17 14:59:47 UTC,7,10,20.78,1948.76,30.7,65.7,Safe
2026-03-17 14:59:57 UTC,11,11,20.78,1943.43,30.7,65.6,Safe
2026-03-17 15:00:07 UTC,10,10,19.71,1930.12,30.6,65.7,Safe
2026-03-17 15:00:17 UTC,8,8,21.02,1946.09,30.7,65.7,Safe
2026-03-17 15:00:27 UTC,7,11,19.66,1930.12,30.7,65.7,Safe
2026-03-17 15:00:37 UTC,7,10,20.92,1943.43,30.7,65.6,Safe
2026-03-17 15:00:47 UTC,7,11,19.98,1932.79,30.7,65.6,Safe
2026-03-17 15:00:57 UTC,8,10,20.45,1940.77,30.7,65.6,Safe
2026-03-17 15:01:07 UTC,8,8,19.53,1927.46,30.7,65.5,Safe
2026-03-17 15:01:17 UTC,8,10,21.02,1946.09,30.7,65.5,Safe
2026-03-17 15:01:27 UTC,10,11,19.56,1930.12,30.7,65.5,Safe
2026-03-17 15:01:37 UTC,10,11,21.02,1946.09,30.7,65.5,Safe
2026-03-17 15:01:47 UTC,8,12,20.49,1940.77,30.7,65.4,Safe
2026-03-17 15:01:57 UTC,9,11,19.75,1930.12,30.7,65.4,Safe
2026-03-17 15:02:07 UTC,7,8,20.78,1943.43,30.7,65.4,Safe
2026-03-17 15:02:17 UTC,8,8,19.98,1930.12,30.7,65.5,Safe
2026-03-17 15:02:27 UTC,6,6,21.08,1948.76,30.7,65.4,Safe
2026-03-17 15:02:37 UTC,9,10,19.75,1930.12,30.7,65.4,Safe
2026-03-17 15:02:47 UTC,8,9,20.82,1946.09,30.7,65.3,Safe
2026-03-17 15:02:57 UTC,8,8,19.53,1930.12,30.7,65.3,Safe
2026-03-17 15:03:07 UTC,7,8,21.02,1943.43,30.7,65.2,Safe
2026-03-17 15:03:17 UTC,6,7,20.88,1943.43,30.7,65.2,Safe
2026-03-17 15:03:27 UTC,5,10,20.78,1943.43,30.7,65.2,Safe
2026-03-17 15:03:37 UTC,6,9,21.02,1943.43,30.7,65.4,Safe
2026-03-17 15:03:47 UTC,6,8,20.36,1935.45,30.7,65.4,Safe
2026-03-17 15:03:57 UTC,7,8,20.73,1943.43,30.7,65.3,Safe
2026-03-17 15:04:07 UTC,6,7,19.66,1930.12,30.7,65.3,Safe
2026-03-17 15:04:17 UTC,6,7,20.49,1940.77,30.7,65.4,Safe
2026-03-17 15:04:27 UTC,7,8,19.66,1930.12,30.7,65.4,Safe
2026-03-17 15:04:37 UTC,7,8,20.88,1943.43,30.7,65.4,Safe
2026-03-17 15:04:47 UTC,7,7,19.47,1919.48,30.7,65.4,Safe
2026-03-17 15:04:57 UTC,7,7,20.78,1943.43,30.7,65.4,Safe
2026-03-17 15:05:07 UTC,7,8,19.62,1930.12,30.7,65.4,Safe
2026-03-17 15:05:17 UTC,8,11,20.55,1940.77,30.7,65.3,Safe
2026-03-17 15:05:27 UTC,6,11,20.92,1946.09,30.7,65.3,Safe
2026-03-17 15:05:37 UTC,6,11,19.53,1924.81,30.7,65.3,Safe
2026-03-17 15:05:47 UTC,7,10,20.78,1940.77,30.7,65.4,Safe
2026-03-17 15:05:57 UTC,9,9,19.62,1927.46,30.8,65.5,Safe
2026-03-17 15:06:07 UTC,7,10,20.82,1946.09,30.7,65.4,Safe
2026-03-17 15:06:17 UTC,8,10,19.53,1922.14,30.7,65.4,Safe
2026-03-17 15:06:27 UTC,10,12,20.98,1943.43,30.7,65.4,Safe
2026-03-17 15:06:37 UTC,7,10,19.62,1927.46,30.8,65.4,Safe
2026-03-17 15:06:47 UTC,7,10,20.59,1938.11,30.8,65.4,Safe
2026-03-17 15:06:57 UTC,6,7,21.02,1943.43,30.8,65.4,Safe
2026-03-17 15:07:07 UTC,6,6,19.62,1927.46,30.8,65.4,Safe
2026-03-17 15:07:17 UTC,6,6,20.73,1940.77,30.8,65.4,Safe
2026-03-17 15:07:27 UTC,6,6,19.62,1930.12,30.8,65.4,Safe
2026-03-17 15:07:37 UTC,6,7,21.02,1943.43,30.8,65.4,Safe
2026-03-17 15:07:47 UTC,6,6,19.22,1927.46,30.8,65.3,Safe
2026-03-17 15:07:57 UTC,5,6,21.02,1943.43,30.8,65.3,Safe
2026-03-17 15:08:07 UTC,5,7,19.75,1930.12,30.8,65.3,Safe
2026-03-17 15:08:17 UTC,6,7,20.36,1935.45,30.8,65.4,Safe
2026-03-17 15:08:27 UTC,6,7,19.75,1927.46,30.8,65.4,Safe
2026-03-17 15:08:37 UTC,6,8,20.59,1938.11,30.9,65.4,Safe
2026-03-17 15:08:47 UTC,7,11,19.25,1924.81,30.8,65.4,Safe
2026-03-17 15:08:57 UTC,8,11,20.98,1943.43,30.8,65.4,Safe
2026-03-17 15:09:07 UTC,10,11,20.98,1943.43,30.8,65.3,Safe
2026-03-17 15:09:17 UTC,10,11,19.25,1924.81,30.8,65.3,Safe
2026-03-17 15:09:27 UTC,7,7,20.59,1940.77,30.8,65.3,Safe
2026-03-17 15:09:37 UTC,6,7,19.75,1930.12,30.9,65.3,Safe
2026-03-17 15:09:47 UTC,7,8,20.98,1943.43,30.9,65.4,Safe
2026-03-17 15:09:57 UTC,6,6,19.62,1927.46,30.8,65.3,Safe
2026-03-17 15:10:07 UTC,7,7,20.88,1946.09,30.9,65.3,Safe
2026-03-17 15:10:17 UTC,7,7,19.75,1930.12,30.9,65.3,Safe
2026-03-17 15:10:27 UTC,7,7,20.92,1946.09,30.8,65.3,Safe
2026-03-17 15:10:37 UTC,6,7,20.82,1943.43,30.9,65.4,Safe
2026-03-17 15:10:47 UTC,7,7,20.59,1943.43,30.8,65.4,Safe
2026-03-17 15:10:57 UTC,7,10,20.69,1946.09,30.8,65.5,Safe
2026-03-17 15:11:07 UTC,6,7,19.53,1932.79,30.8,65.5,Safe
2026-03-17 15:11:17 UTC,6,9,20.98,1946.09,30.8,65.5,Safe
2026-03-17 15:11:27 UTC,6,9,19.53,1930.12,30.8,65.4,Safe
2026-03-17 15:11:37 UTC,6,7,20.82,1943.43,30.8,65.6,Safe
2026-03-17 15:11:47 UTC,6,7,19.34,1919.48,30.8,65.6,Safe
2026-03-17 15:11:57 UTC,7,8,20.88,1943.43,30.8,65.6,Safe
2026-03-17 15:12:07 UTC,8,10,19.56,1927.46,30.8,65.7,Safe
2026-03-17 15:12:17 UTC,9,9,20.03,1943.43,30.8,65.7,Safe
2026-03-17 15:12:27 UTC,7,8,19.53,1927.46,30.8,65.7,Safe
2026-03-17 15:12:37 UTC,7,8,19.81,1930.12,30.8,65.7,Safe
2026-03-17 15:12:47 UTC,7,9,20.92,1946.09,30.8,65.8,Safe
2026-03-17 15:12:57 UTC,7,11,19.84,1930.12,30.9,65.8,Safe
2026-03-17 15:13:07 UTC,8,11,20.73,1943.43,30.8,65.7,Safe
2026-03-17 15:13:17 UTC,6,11,19.71,1930.12,30.9,65.6,Safe
2026-03-17 15:13:27 UTC,8,10,20.69,1940.77,30.9,65.6,Safe
2026-03-17 15:13:37 UTC,7,7,19.53,1922.14,30.9,65.5,Safe
2026-03-17 15:13:47 UTC,7,7,20.98,1946.09,30.9,65.5,Safe
2026-03-17 15:13:57 UTC,7,10,19.66,1930.12,30.9,65.5,Safe
2026-03-17 15:14:07 UTC,7,7,21.02,1948.76,30.9,65.5,Safe
2026-03-17 15:14:17 UTC,8,8,20.88,1946.09,30.9,65.4,Safe
2026-03-17 15:14:27 UTC,10,10,19.53,1927.46,30.9,65.4,Safe
2026-03-17 15:14:37 UTC,8,8,20.49,1940.77,30.9,65.5,Safe
2026-03-17 15:14:47 UTC,8,11,19.53,1930.12,30.9,65.5,Safe
2026-03-17 15:14:57 UTC,8,12,21.56,1946.09,30.9,65.5,Safe
2026-03-17 15:15:07 UTC,8,10,19.66,1930.12,30.9,65.5,Safe
2026-03-17 15:15:17 UTC,9,11,20.92,1943.43,30.9,65.4,Safe
2026-03-17 15:15:27 UTC,9,11,19.66,1930.12,30.9,65.4,Safe
2026-03-17 15:15:37 UTC,8,8,20.98,1946.09,30.9,65.4,Safe
2026-03-17 15:15:47 UTC,8,8,19.71,1930.12,30.9,65.3,Safe
2026-03-17 15:15:57 UTC,8,10,20.78,1940.77,30.9,65.3,Safe
2026-03-17 15:16:07 UTC,7,7,19.56,1930.12,30.9,65.3,Safe
2026-03-17 15:16:17 UTC,7,8,19.56,1930.12,30.9,65.3,Safe
2026-03-17 15:16:27 UTC,6,8,20.92,1946.09,30.9,65.4,Safe
2026-03-17 15:16:37 UTC,7,12,19.81,1930.12,30.9,65.4,Safe
2026-03-17 15:16:47 UTC,6,11,20.82,1946.09,30.9,65.4,Safe
2026-03-17 15:16:57 UTC,5,8,19.84,1927.46,30.9,65.4,Safe
2026-03-17 15:17:07 UTC,7,8,20.3,1938.11,30.9,65.3,Safe
2026-03-17 15:17:17 UTC,7,8,19.56,1930.12,30.9,65.4,Safe
2026-03-17 15:17:27 UTC,7,10,20.59,1940.77,30.9,65.4,Safe
2026-03-17 15:17:37 UTC,7,12,19.62,1930.12,30.9,65.4,Safe
2026-03-17 15:17:47 UTC,7,11,20.92,1943.43,30.9,65.4,Safe
2026-03-17 15:17:57 UTC,8,10,20.88,1946.09,30.9,65.4,Safe
2026-03-17 15:18:07 UTC,8,8,19.66,1930.12,30.9,65.3,Safe
2026-03-17 15:18:17 UTC,11,11,20.78,1946.09,30.9,65.3,Safe
2026-03-17 15:18:27 UTC,9,9,19.13,1924.81,30.9,65.3,Safe
2026-03-17 15:18:37 UTC,8,8,20.88,1943.43,30.9,65.4,Safe
2026-03-17 15:18:47 UTC,8,10,19.62,1930.12,30.8,65.3,Safe
2026-03-17 15:18:57 UTC,8,8,20.73,1943.43,30.8,65.3,Safe
2026-03-17 15:19:07 UTC,8,8,19.66,1930.12,30.8,65.3,Safe
2026-03-17 15:19:17 UTC,8,10,20.73,1943.43,30.8,65.4,Safe
2026-03-17 15:19:27 UTC,9,10,19.53,1930.12,30.8,65.3,Safe
2026-03-17 15:19:37 UTC,7,11,20.59,1946.09,30.8,65.4,Safe
2026-03-17 15:19:47 UTC,6,8,19.53,1927.46,30.8,65.5,Safe
2026-03-17 15:19:57 UTC,7,8,19.53,1930.12,30.8,65.5,Safe
2026-03-17 15:20:07 UTC,7,7,20.98,1946.09,30.8,65.4,Safe
2026-03-17 15:20:17 UTC,7,8,19.53,1930.12,30.8,65.5,Safe
2026-03-17 15:20:27 UTC,8,10,20.98,1943.43,30.8,65.6,Safe
2026-03-17 15:20:37 UTC,8,8,19.47,1922.14,30.8,65.5,Safe
2026-03-17 15:20:47 UTC,7,9,20.69,1946.09,30.8,65.5,Safe
2026-03-17 15:20:57 UTC,8,11,19.66,1930.12,30.8,65.5,Safe
2026-03-17 15:21:07 UTC,10,12,20.55,1940.77,30.8,65.6,Safe
2026-03-17 15:21:17 UTC,8,11,19.31,1927.46,30.8,65.5,Safe
2026-03-17 15:21:27 UTC,11,11,20.92,1943.43,30.8,65.6,Safe
2026-03-17 15:21:37 UTC,10,11,20.49,1940.77,30.8,65.6,Safe
2026-03-17 15:21:47 UTC,7,10,19.13,1924.81,30.8,65.5,Safe
2026-03-17 15:21:57 UTC,8,11,20.82,1946.09,30.8,65.5,Safe
2026-03-17 15:22:07 UTC,10,12,19.62,1930.12,30.8,65.5,Safe
2026-03-17 15:22:17 UTC,11,13,20.73,1940.77,30.8,65.5,Safe
2026-03-17 15:22:27 UTC,10,12,19.53,1924.81,30.8,65.5,Safe
2026-03-17 15:22:37 UTC,8,10,20.55,1940.77,30.8,65.5,Safe
2026-03-17 15:22:47 UTC,10,10,19.13,1922.14,30.8,65.5,Safe
2026-03-17 15:22:57 UTC,10,10,20.55,1940.77,30.7,65.4,Safe
2026-03-17 15:23:07 UTC,10,11,20.88,1943.43,30.7,65.5,Safe
2026-03-17 15:23:17 UTC,10,12,20.92,1943.43,30.8,65.5,Safe
2026-03-17 15:23:27 UTC,10,13,19.62,1927.46,30.7,65.5,Safe
2026-03-17 15:23:37 UTC,11,14,19.09,1919.48,30.8,65.5,Safe
2026-03-17 15:23:47 UTC,12,15,20.88,1940.77,30.8,65.6,Safe
2026-03-17 15:23:57 UTC,12,15,19.62,1927.46,30.8,65.6,Safe
2026-03-17 15:24:07 UTC,10,14,20.73,1940.77,30.8,65.6,Safe
2026-03-17 15:24:17 UTC,8,12,19.56,1930.12,30.8,65.6,Safe
2026-03-17 15:24:27 UTC,8,11,20.92,1940.77,30.8,65.6,Safe
2026-03-17 15:24:37 UTC,10,11,19.31,1916.82,30.8,65.6,Safe
2026-03-17 15:24:47 UTC,11,11,20.73,1940.77,30.8,65.6,Safe
2026-03-17 15:24:57 UTC,11,13,19.62,1930.12,30.8,65.6,Safe
2026-03-17 15:25:07 UTC,12,13,20.78,1940.77,30.8,65.6,Safe
2026-03-17 15:25:17 UTC,12,13,20.78,1940.77,30.8,65.6,Safe
2026-03-17 15:25:27 UTC,12,12,19.66,1930.12,30.8,65.6,Safe
2026-03-17 15:25:37 UTC,14,14,20.73,1943.43,30.8,65.7,Safe
2026-03-17 15:25:47 UTC,15,17,19.47,1930.12,30.8,65.7,Safe
2026-03-17 15:25:57 UTC,19,22,20.73,1940.77,30.8,65.6,Safe
2026-03-17 15:26:07 UTC,20,21,19.44,1924.81,30.8,65.7,Safe
2026-03-17 15:26:17 UTC,25,26,20.26,1938.11,30.8,65.7,Safe
2026-03-17 15:26:27 UTC,28,28,19.22,1922.14,30.8,65.7,Safe
2026-03-17 15:26:37 UTC,32,34,20.73,1940.77,30.8,65.7,Safe
2026-03-17 15:26:47 UTC,33,37,20.78,1946.09,30.8,65.7,Safe
2026-03-17 15:26:57 UTC,35,40,20.92,1946.09,30.8,65.8,Safe
2026-03-17 15:27:07 UTC,36,43,20.45,1940.77,30.8,65.6,Safe
2026-03-17 15:27:17 UTC,36,46,19.31,1919.48,30.8,65.6,Safe
2026-03-17 15:27:27 UTC,36,46,20.98,1943.43,30.8,65.7,Safe
2026-03-17 15:27:37 UTC,40,50,19.56,1930.12,30.8,65.6,Safe
2026-03-17 15:27:47 UTC,42,54,20.59,1940.77,30.8,65.6,Safe
2026-03-17 15:27:57 UTC,45,57,19.62,1930.12,30.8,65.5,Safe
2026-03-17 15:28:07 UTC,46,60,20.78,1943.43,30.8,65.5,Safe
2026-03-17 15:28:17 UTC,49,63,19.53,1930.12,30.8,65.5,Safe
2026-03-17 15:28:27 UTC,49,64,20.4,1940.77,30.8,65.5,Safe
2026-03-17 15:28:37 UTC,49,64,19.22,1919.48,30.8,65.6,Safe
2026-03-17 15:28:47 UTC,50,63,20.98,1943.43,30.8,65.4,Safe
2026-03-17 15:28:57 UTC,52,64,20.82,1940.77,30.8,65.4,Caution
2026-03-17 15:29:07 UTC,53,67,19.62,1927.46,30.8,65.4,Caution
2026-03-17 15:29:17 UTC,53,67,20.78,1946.09,30.8,65.4,Caution
2026-03-17 15:29:27 UTC,52,68,19.44,1927.46,30.8,65.3,Caution
2026-03-17 15:29:37 UTC,52,67,20.26,1938.11,30.8,65.3,Caution
2026-03-17 15:29:47 UTC,51,68,19.22,1922.14,30.8,65.3,Caution
2026-03-17 15:29:57 UTC,50,67,20.82,1946.09,30.8,65.3,Safe
2026-03-17 15:30:07 UTC,51,67,19.4,1922.14,30.8,65.3,Caution
2026-03-17 15:30:17 UTC,51,66,20.88,1946.09,30.8,65.3,Caution
2026-03-17 15:30:27 UTC,51,64,20.73,1940.77,30.8,65.2,Caution
2026-03-17 15:30:37 UTC,49,63,20.88,1943.43,30.8,65.3,Safe
2026-03-17 15:30:47 UTC,50,63,20.88,1946.09,30.8,65.3,Safe
2026-03-17 15:30:57 UTC,50,63,19.53,1930.12,30.8,65.4,Safe
2026-03-17 15:31:07 UTC,51,64,20.4,1940.77,30.8,65.3,Caution
2026-03-17 15:31:17 UTC,50,63,19.13,1922.14,30.8,65.4,Safe
2026-03-17 15:31:27 UTC,49,63,20.82,1946.09,30.8,65.3,Safe
2026-03-17 15:31:37 UTC,51,66,19.56,1930.12,30.8,65.4,Caution
2026-03-17 15:31:47 UTC,50,66,20.69,1946.09,30.8,65.4,Safe
2026-03-17 15:31:57 UTC,50,64,19.53,1927.46,30.8,65.4,Safe
2026-03-17 15:32:07 UTC,49,63,20.78,1946.09,30.8,65.5,Safe
2026-03-17 15:32:17 UTC,47,60,19.53,1930.12,30.8,65.4,Safe
2026-03-17 15:32:27 UTC,46,60,20.88,1946.09,30.8,65.4,Safe
2026-03-17 15:32:37 UTC,46,59,20.55,1940.77,30.8,65.5,Safe
2026-03-17 15:32:47 UTC,46,56,19.53,1930.12,30.8,65.5,Safe
2026-03-17 15:32:57 UTC,46,57,20.92,1943.43,30.8,65.4,Safe
2026-03-17 15:33:07 UTC,45,55,19.66,1930.12,30.8,65.5,Safe
2026-03-17 15:33:17 UTC,44,57,20.82,1943.43,30.8,65.4,Safe
2026-03-17 15:33:27 UTC,44,56,19.84,1930.12,30.8,65.4,Safe
2026-03-17 15:33:37 UTC,43,56,20.45,1938.11,30.8,65.4,Safe
2026-03-17 15:33:47 UTC,43,54,19.75,1930.12,30.9,65.3,Safe
2026-03-17 15:33:57 UTC,44,55,20.98,1946.09,30.9,65.3,Safe
2026-03-17 15:34:07 UTC,43,54,20.59,1940.77,30.9,65.4,Safe
2026-03-17 15:34:17 UTC,42,55,20.4,1938.11,30.9,65.2,Safe
2026-03-17 15:34:27 UTC,42,55,20.82,1943.43,30.9,65.2,Safe
2026-03-17 15:34:37 UTC,43,54,19.66,1930.12,30.9,65.1,Safe
2026-03-17 15:34:47 UTC,43,52,20.92,1943.43,30.9,65.2,Safe
2026-03-17 15:34:57 UTC,43,51,19.53,1930.12,30.9,65.1,Safe
2026-03-17 15:35:07 UTC,44,53,20.82,1943.43,30.9,65.2,Safe
2026-03-17 15:35:17 UTC,44,54,19.71,1927.46,30.9,65.2,Safe
2026-03-17 15:35:27 UTC,44,53,20.55,1940.77,30.9,65.3,Safe
2026-03-17 15:35:37 UTC,44,56,19.56,1930.12,30.9,65.3,Safe
2026-03-17 15:35:47 UTC,46,57,20.98,1940.77,30.9,65.2,Safe
2026-03-17 15:35:57 UTC,47,59,19.66,1930.12,30.9,65.3,Safe
2026-03-17 15:36:07 UTC,47,61,19.62,1930.12,30.9,65.3,Safe
2026-03-17 15:36:17 UTC,47,62,21.02,1943.43,31.0,65.2,Safe
2026-03-17 15:36:27 UTC,46,59,19.62,1927.46,31.0,65.2,Safe
2026-03-17 15:36:37 UTC,47,61,20.98,1940.77,31.0,65.1,Safe
2026-03-17 15:36:47 UTC,48,60,19.66,1927.46,31.0,65.0,Safe
2026-03-17 15:36:57 UTC,48,61,20.98,1940.77,31.0,65.0,Safe
2026-03-17 15:37:07 UTC,48,62,20.03,1930.12,31.0,65.0,Safe
2026-03-17 15:37:17 UTC,47,59,20.98,1943.43,31.0,65.0,Safe
2026-03-17 15:37:27 UTC,48,60,19.56,1927.46,31.0,65.0,Safe
2026-03-17 15:37:37 UTC,49,61,20.98,1943.43,31.0,65.0,Safe
2026-03-17 15:37:47 UTC,50,63,20.88,1943.43,31.0,65.0,Safe
2026-03-17 15:37:57 UTC,50,62,19.75,1930.12,31.0,65.0,Safe
2026-03-17 15:38:07 UTC,51,65,20.88,1943.43,31.0,65.1,Caution
2026-03-17 15:38:17 UTC,53,68,19.62,1927.46,31.0,65.0,Caution
2026-03-17 15:38:27 UTC,55,72,20.78,1946.09,31.0,65.0,Caution
2026-03-17 15:38:37 UTC,56,74,19.66,1930.12,31.0,65.0,Caution
2026-03-17 15:38:47 UTC,58,76,20.92,1943.43,31.0,65.1,Caution
2026-03-17 15:38:57 UTC,60,77,19.71,1930.12,31.0,65.0,Caution
2026-03-17 15:39:07 UTC,64,79,20.92,1940.77,31.0,65.1,Caution
2026-03-17 15:39:17 UTC,68,83,20.92,1940.77,31.1,65.0,Caution
2026-03-17 15:39:27 UTC,70,84,21.02,1943.43,31.1,65.0,Caution
2026-03-17 15:39:37 UTC,68,82,19.75,1927.46,31.1,65.1,Caution
2026-03-17 15:39:47 UTC,67,83,20.4,1927.46,31.1,65.0,Caution
2026-03-17 15:39:57 UTC,70,84,20.55,1935.45,31.1,65.0,Caution
2026-03-17 15:40:07 UTC,71,87,19.66,1930.12,31.1,65.0,Caution
2026-03-17 15:40:17 UTC,71,85,20.49,1940.77,31.1,65.0,Caution
2026-03-17 15:40:27 UTC,69,84,19.31,1922.14,31.1,64.9,Caution
2026-03-17 15:40:37 UTC,66,82,20.55,1940.77,31.1,65.0,Caution
2026-03-17 15:40:47 UTC,67,82,19.66,1930.12,31.1,64.9,Caution
2026-03-17 15:40:57 UTC,66,83,20.73,1943.43,31.1,65.0,Caution
2026-03-17 15:41:07 UTC,66,81,19.56,1927.46,31.1,64.9,Caution
2026-03-17 15:41:17 UTC,68,84,21.02,1946.09,31.1,64.8,Caution
2026-03-17 15:41:27 UTC,70,84,20.88,1943.43,31.1,64.8,Caution
2026-03-17 15:41:37 UTC,69,85,19.44,1922.14,31.1,64.7,Caution
2026-03-17 15:41:47 UTC,69,82,21.02,1943.43,31.1,64.6,Caution
2026-03-17 15:41:57 UTC,70,83,19.62,1930.12,31.1,64.6,Caution
2026-03-17 15:42:07 UTC,68,83,20.55,1938.11,31.1,64.6,Caution
2026-03-17 15:42:17 UTC,67,83,19.66,1930.12,31.1,64.6,Caution
2026-03-17 15:42:27 UTC,68,83,20.98,1943.43,31.1,64.5,Caution
2026-03-17 15:42:37 UTC,68,83,19.31,1924.81,31.1,64.6,Caution
2026-03-17 15:42:47 UTC,68,81,20.98,1943.43,31.1,64.6,Caution
2026-03-17 15:42:57 UTC,64,80,20.49,1940.77,31.1,64.7,Caution
2026-03-17 15:43:07 UTC,62,80,20.65,1940.77,31.1,64.7,Caution
2026-03-17 15:43:17 UTC,60,77,20.88,1946.09,31.1,64.7,Caution
2026-03-17 15:43:27 UTC,58,74,19.62,1930.12,31.1,64.7,Caution
2026-03-17 15:43:37 UTC,58,75,20.82,1943.43,31.1,64.7,Caution
2026-03-17 15:43:47 UTC,57,76,19.66,1930.12,31.1,64.6,Caution
2026-03-17 15:43:57 UTC,57,74,20.69,1938.11,31.1,64.6,Caution
2026-03-17 15:44:07 UTC,57,74,19.62,1927.46,31.1,64.6,Caution
2026-03-17 15:44:17 UTC,55,70,20.78,1943.43,31.1,64.6,Caution
2026-03-17 15:44:27 UTC,54,69,19.31,1924.81,31.1,64.4,Caution
2026-03-17 15:44:37 UTC,54,70,20.98,1943.43,31.1,64.4,Caution
2026-03-17 15:44:47 UTC,53,67,19.56,1927.46,31.1,64.3,Caution
2026-03-17 15:44:57 UTC,52,68,20.98,1940.77,31.1,64.4,Caution
2026-03-17 15:45:07 UTC,52,66,20.98,1946.09,31.0,64.3,Caution
2026-03-17 15:45:17 UTC,52,67,19.75,1930.12,31.0,64.3,Caution
2026-03-17 15:45:27 UTC,51,66,20.88,1943.43,31.1,64.3,Caution
2026-03-17 15:45:37 UTC,50,67,20.03,1930.12,31.1,64.3,Safe
2026-03-17 15:45:47 UTC,49,67,20.92,1946.09,31.0,64.4,Safe
2026-03-17 15:45:57 UTC,49,64,19.56,1930.12,31.0,64.3,Safe
2026-03-17 15:46:07 UTC,50,63,20.69,1940.77,31.1,64.4,Safe
2026-03-17 15:46:17 UTC,49,62,19.13,1919.48,31.0,64.4,Safe
2026-03-17 15:46:27 UTC,47,62,20.78,1940.77,31.1,64.5,Safe
2026-03-17 15:46:37 UTC,47,62,20.92,1940.77,31.0,64.5,Safe
2026-03-17 15:46:47 UTC,48,61,20.88,1943.43,31.1,64.5,Safe
2026-03-17 15:46:57 UTC,47,63,20.45,1938.11,31.1,64.6,Safe
2026-03-17 15:47:07 UTC,48,62,19.53,1930.12,31.1,64.6,Safe
2026-03-17 15:47:17 UTC,47,60,20.4,1938.11,31.1,64.7,Safe
2026-03-17 15:47:27 UTC,45,60,19.66,1930.12,31.1,64.7,Safe
2026-03-17 15:47:37 UTC,45,61,20.88,1943.43,31.1,64.7,Safe
2026-03-17 15:47:47 UTC,44,58,19.31,1922.14,31.1,64.8,Safe
2026-03-17 15:47:57 UTC,44,58,20.92,1943.43,31.1,64.7,Safe
2026-03-17 15:48:07 UTC,45,59,19.31,1919.48,31.1,64.7,Safe
2026-03-17 15:48:17 UTC,46,59,20.36,1938.11,31.1,64.7,Safe
2026-03-17 15:48:27 UTC,46,59,19.62,1927.46,31.1,64.7,Safe
2026-03-17 15:48:37 UTC,48,59,20.3,1943.43,31.1,64.7,Safe
2026-03-17 15:48:47 UTC,46,58,20.92,1943.43,31.1,64.7,Safe
2026-03-17 15:48:57 UTC,46,58,19.53,1930.12,31.1,64.6,Safe
2026-03-17 15:49:07 UTC,46,59,20.65,1940.77,31.1,64.7,Safe
2026-03-17 15:49:17 UTC,46,58,19.71,1930.12,31.1,64.6,Safe
2026-03-17 15:49:27 UTC,46,59,20.78,1940.77,31.1,64.6,Safe
2026-03-17 15:49:37 UTC,44,57,19.25,1924.81,31.1,64.6,Safe
2026-03-17 15:49:47 UTC,43,57,21.02,1943.43,31.1,64.6,Safe
2026-03-17 15:49:57 UTC,44,56,19.62,1927.46,31.1,64.7,Safe
2026-03-17 15:50:07 UTC,44,55,20.92,1943.43,31.1,64.6,Safe
2026-03-17 15:50:17 UTC,43,54,20.98,1943.43,31.1,64.7,Safe
2026-03-17 15:50:27 UTC,43,54,20.82,1946.09,31.1,64.7,Safe
2026-03-17 15:50:37 UTC,44,56,20.49,1938.11,31.1,64.8,Safe
2026-03-17 15:50:47 UTC,44,56,19.66,1930.12,31.1,64.8,Safe
2026-03-17 15:50:57 UTC,46,60,20.98,1940.77,31.1,64.7,Safe
2026-03-17 15:51:07 UTC,48,61,19.53,1930.12,31.1,64.7,Safe
2026-03-17 15:51:17 UTC,48,61,20.88,1943.43,31.2,64.7,Safe
2026-03-17 15:51:27 UTC,47,60,19.56,1927.46,31.1,64.6,Safe
2026-03-17 15:51:37 UTC,47,62,20.88,1940.77,31.1,64.5,Safe
2026-03-17 15:51:47 UTC,48,60,19.81,1927.46,31.2,64.5,Safe
2026-03-17 15:51:57 UTC,48,62,20.55,1938.11,31.2,64.4,Safe
2026-03-17 15:52:07 UTC,48,61,19.62,1930.12,31.2,64.3,Safe
2026-03-17 15:52:17 UTC,47,58,19.62,1930.12,31.2,64.3,Safe
2026-03-17 15:52:27 UTC,47,59,20.88,1943.43,31.2,64.3,Safe
2026-03-17 15:52:37 UTC,46,58,19.44,1922.14,31.2,64.3,Safe
2026-03-17 15:52:47 UTC,46,57,20.69,1940.77,31.2,64.3,Safe
2026-03-17 15:52:57 UTC,46,59,19.53,1927.46,31.1,64.2,Safe
2026-03-17 15:53:07 UTC,46,59,20.98,1943.43,31.2,64.2,Safe
2026-03-17 15:53:17 UTC,46,58,19.44,1930.12,31.2,64.2,Safe
2026-03-17 15:53:27 UTC,47,60,20.98,1943.43,31.2,64.2,Safe
2026-03-17 15:53:37 UTC,45,60,19.66,1927.46,31.2,64.1,Safe
2026-03-17 15:53:47 UTC,46,61,21.02,1940.77,31.2,64.1,Safe
2026-03-17 15:53:57 UTC,45,59,20.92,1946.09,31.2,64.1,Safe
2026-03-17 15:54:07 UTC,45,57,19.56,1930.12,31.2,64.1,Safe
2026-03-17 15:54:17 UTC,44,56,20.98,1943.43,31.2,64.2,Safe
2026-03-17 15:54:27 UTC,44,56,19.31,1919.48,31.2,64.1,Safe
2026-03-17 15:54:37 UTC,44,55,20.88,1943.43,31.2,64.1,Safe
2026-03-17 15:54:47 UTC,43,55,19.22,1922.14,31.2,64.1,Safe
2026-03-17 15:54:57 UTC,43,56,20.92,1940.77,31.2,64.1,Safe
2026-03-17 15:55:07 UTC,43,54,19.62,1935.45,31.2,64.1,Safe
2026-03-17 15:55:17 UTC,44,54,20.88,1940.77,31.2,64.1,Safe
2026-03-17 15:55:27 UTC,44,54,20.59,1938.11,31.2,63.9,Safe
2026-03-17 15:55:37 UTC,43,53,20.88,1940.77,31.2,63.9,Safe
2026-03-17 15:55:47 UTC,43,54,19.56,1930.12,31.2,63.9,Safe
2026-03-17 15:55:57 UTC,42,54,19.56,1927.46,31.2,63.9,Safe
2026-03-17 15:56:07 UTC,42,53,20.88,1940.77,31.2,63.9,Safe
2026-03-17 15:56:17 UTC,43,54,19.34,1922.14,31.2,63.9,Safe
2026-03-17 15:56:27 UTC,42,53,20.55,1938.11,31.2,63.9,Safe
2026-03-17 15:56:37 UTC,43,54,19.62,1927.46,31.2,63.7,Safe
2026-03-17 15:56:47 UTC,44,54,20.55,1940.77,31.3,63.7,Safe
2026-03-17 15:56:57 UTC,45,55,19.53,1922.14,31.2,63.7,Safe
2026-03-17 15:57:07 UTC,46,58,21.02,1940.77,31.2,63.7,Safe
2026-03-17 15:57:17 UTC,47,57,19.66,1927.46,31.2,63.6,Safe
2026-03-17 15:57:27 UTC,47,58,20.73,1940.77,31.2,63.7,Safe
2026-03-17 15:57:37 UTC,47,58,20.98,1943.43,31.2,63.7,Safe
2026-03-17 15:57:47 UTC,47,57,19.53,1927.46,31.3,63.7,Safe
2026-03-17 15:57:57 UTC,46,57,21.02,1943.43,31.3,63.7,Safe
2026-03-17 15:58:07 UTC,46,58,19.75,1927.46,31.3,63.6,Safe
2026-03-17 15:58:17 UTC,46,57,20.36,1935.45,31.2,63.7,Safe
2026-03-17 15:58:27 UTC,46,58,19.81,1930.12,31.2,63.7,Safe
2026-03-17 15:58:37 UTC,45,56,21.08,1946.09,31.3,63.7,Safe
2026-03-17 15:58:47 UTC,44,57,19.62,1927.46,31.3,63.8,Safe
2026-03-17 15:58:57 UTC,46,58,20.92,1940.77,31.2,63.8,Safe
2026-03-17 15:59:07 UTC,44,55,20.88,1940.77,31.3,63.8,Safe
2026-03-17 15:59:17 UTC,44,55,20.36,1932.79,31.3,63.7,Safe
2026-03-17 15:59:27 UTC,44,55,19.66,1927.46,31.3,63.8,Safe
2026-03-17 15:59:37 UTC,44,55,19.56,1927.46,31.3,63.8,Safe
2026-03-17 15:59:47 UTC,43,55,21.02,1943.43,31.3,63.8,Safe
2026-03-17 15:59:57 UTC,42,56,19.53,1924.81,31.3,63.8,Safe
2026-03-17 16:00:07 UTC,42,55,19.98,1938.11,31.3,63.8,Safe
2026-03-17 16:00:17 UTC,42,54,19.71,1927.46,31.3,63.8,Safe
2026-03-17 16:00:27 UTC,43,54,20.55,1940.77,31.3,63.8,Safe
2026-03-17 16:00:37 UTC,42,54,20.26,1924.81,31.3,63.7,Safe
2026-03-17 16:00:47 UTC,42,54,20.88,1940.77,31.3,63.7,Safe
2026-03-17 16:00:57 UTC,44,54,19.53,1927.46,31.3,63.7,Safe
2026-03-17 16:01:07 UTC,44,54,20.59,1940.77,31.3,63.5,Safe
2026-03-17 16:01:17 UTC,43,55,20.49,1932.79,31.3,63.4,Safe
2026-03-17 16:01:27 UTC,45,58,19.62,1927.46,31.3,63.4,Safe
2026-03-17 16:01:37 UTC,43,54,20.92,1943.43,31.3,63.5,Safe
2026-03-17 16:01:47 UTC,41,52,19.4,1922.14,31.3,63.4,Safe
2026-03-17 16:01:57 UTC,43,52,20.78,1946.09,31.3,63.4,Safe
2026-03-17 16:02:07 UTC,42,52,19.4,1922.14,31.3,63.5,Safe
2026-03-17 16:02:17 UTC,42,51,20.69,1940.77,31.3,63.6,Safe
2026-03-17 16:02:27 UTC,42,51,19.62,1930.12,31.4,63.6,Safe
2026-03-17 16:02:37 UTC,42,51,20.98,1940.77,31.4,63.7,Safe
2026-03-17 16:02:47 UTC,41,48,20.69,1940.77,31.4,63.6,Safe
2026-03-17 16:02:57 UTC,41,50,20.88,1943.43,31.3,63.5,Safe
2026-03-17 16:03:07 UTC,41,49,19.53,1924.81,31.4,63.6,Safe
2026-03-17 16:03:17 UTC,39,48,19.53,1927.46,31.3,63.5,Safe
2026-03-17 16:03:27 UTC,40,50,20.98,1948.76,31.3,63.4,Safe
2026-03-17 16:03:37 UTC,38,47,19.53,1927.46,31.4,63.4,Safe
2026-03-17 16:03:47 UTC,36,46,20.82,1943.43,31.4,63.3,Safe
2026-03-17 16:03:57 UTC,36,46,19.53,1927.46,31.3,63.1,Safe
2026-03-17 16:04:07 UTC,36,44,20.07,1938.11,31.3,63.1,Safe
2026-03-17 16:04:17 UTC,37,42,19.56,1927.46,31.3,63.0,Safe
2026-03-17 16:04:27 UTC,36,43,21.02,1940.77,31.3,63.1,Safe
2026-03-17 16:04:37 UTC,35,42,19.31,1922.14,31.3,63.2,Safe
2026-03-17 16:04:47 UTC,34,39,20.73,1940.77,31.3,63.1,Safe
2026-03-17 16:04:57 UTC,34,39,20.69,1943.43,31.3,63.2,Safe
2026-03-17 16:05:07 UTC,35,36,19.09,1922.14,31.3,63.2,Safe
2026-03-17 16:05:17 UTC,35,37,20.88,1940.77,31.3,63.3,Safe
2026-03-17 16:05:27 UTC,33,35,19.47,1927.46,31.3,63.2,Safe
2026-03-17 16:05:37 UTC,33,37,20.22,1935.45,31.3,63.2,Safe
2026-03-17 16:05:47 UTC,33,37,19.62,1930.12,31.3,63.2,Safe
2026-03-17 16:05:57 UTC,33,36,20.4,1938.11,31.3,63.2,Safe
2026-03-17 16:06:07 UTC,33,37,19.4,1919.48,31.3,63.2,Safe
2026-03-17 16:06:17 UTC,32,36,20.98,1940.77,31.2,63.1,Safe
2026-03-17 16:06:27 UTC,30,35,20.49,1938.11,31.3,63.1,Safe
2026-03-17 16:06:37 UTC,33,37,20.65,1938.11,31.3,63.1,Safe
2026-03-17 16:06:47 UTC,31,35,20.55,1940.77,31.3,63.1,Safe
2026-03-17 16:06:57 UTC,30,34,19.62,1927.46,31.3,63.0,Safe
2026-03-17 16:07:07 UTC,29,34,20.78,1940.77,31.3,63.0,Safe
2026-03-17 16:07:17 UTC,28,33,19.53,1930.12,31.3,62.9,Safe
2026-03-17 16:07:27 UTC,32,34,21.02,1943.43,31.3,63.0,Safe
2026-03-17 16:07:37 UTC,30,32,19.56,1927.46,31.3,63.0,Safe
2026-03-17 16:07:47 UTC,29,33,20.92,1940.77,31.3,62.8,Safe
2026-03-17 16:07:57 UTC,29,30,19.4,1919.48,31.3,62.8,Safe
2026-03-17 16:08:07 UTC,28,30,20.4,1932.79,31.3,62.8,Safe
2026-03-17 16:08:17 UTC,29,32,19.25,1916.82,31.3,62.6,Safe
2026-03-17 16:08:27 UTC,31,32,20.59,1932.79,31.3,62.5,Safe
2026-03-17 16:08:37 UTC,29,32,21.02,1940.77,31.3,62.5,Safe
2026-03-17 16:08:47 UTC,28,31,19.66,1927.46,31.3,62.5,Safe
2026-03-17 16:08:57 UTC,27,30,20.78,1940.77,31.3,62.5,Safe
2026-03-17 16:09:07 UTC,28,30,19.56,1927.46,31.3,62.4,Safe
2026-03-17 16:09:17 UTC,27,32,20.82,1940.77,31.3,62.4,Safe
2026-03-17 16:09:27 UTC,28,33,19.53,1924.81,31.3,62.3,Safe
2026-03-17 16:09:37 UTC,27,32,20.78,1940.77,31.3,62.4,Safe
2026-03-17 16:09:47 UTC,26,30,19.62,1922.14,31.3,62.2,Safe
2026-03-17 16:09:57 UTC,26,27,20.82,1938.11,31.3,62.2,Safe
2026-03-17 16:10:07 UTC,26,26,20.73,1940.77,31.3,62.3,Safe
2026-03-17 16:10:17 UTC,26,28,20.59,1938.11,31.3,62.3,Safe
2026-03-17 16:10:27 UTC,25,26,20.3,1935.45,31.3,62.3,Safe
2026-03-17 16:10:37 UTC,24,25,19.62,1922.14,31.3,62.4,Safe
2026-03-17 16:10:47 UTC,22,25,20.73,1935.45,31.3,62.4,Safe
2026-03-17 16:10:57 UTC,22,27,19.62,1922.14,31.3,62.4,Safe
2026-03-17 16:11:07 UTC,22,26,20.69,1940.77,31.3,62.4,Safe
2026-03-17 16:11:17 UTC,23,26,18.86,1916.82,31.3,62.4,Safe
2026-03-17 16:11:27 UTC,24,28,20.73,1940.77,31.3,62.5,Safe
2026-03-17 16:11:37 UTC,23,27,19.53,1924.81,31.3,62.4,Safe
2026-03-17 16:11:47 UTC,23,25,20.59,1938.11,31.3,62.4,Safe
2026-03-17 16:11:57 UTC,22,25,19.53,1924.81,31.3,62.4,Safe
2026-03-17 16:12:07 UTC,24,27,19.47,1919.48,31.3,62.4,Safe
2026-03-17 16:12:17 UTC,25,27,20.4,1940.77,31.2,62.4,Safe
2026-03-17 16:12:27 UTC,26,29,19.4,1924.81,31.2,62.4,Safe
2026-03-17 16:12:37 UTC,25,26,20.59,1940.77,31.2,62.5,Safe
2026-03-17 16:12:47 UTC,23,25,19.4,1922.14,31.2,62.5,Safe
2026-03-17 16:12:57 UTC,23,24,21.08,1940.77,31.2,62.5,Safe
2026-03-17 16:13:07 UTC,23,25,18.91,1916.82,31.2,62.6,Safe
2026-03-17 16:13:17 UTC,24,25,20.73,1940.77,31.2,62.6,Safe
2026-03-17 16:13:27 UTC,24,25,19.47,1924.81,31.2,62.5,Safe
2026-03-17 16:13:37 UTC,25,26,20.45,1940.77,31.2,62.6,Safe
2026-03-17 16:13:47 UTC,24,28,20.82,1940.77,31.2,62.5,Safe
2026-03-17 16:13:57 UTC,23,27,19.09,1916.82,31.2,62.5,Safe
2026-03-17 16:14:07 UTC,22,23,20.88,1940.77,31.2,62.7,Safe
2026-03-17 16:14:17 UTC,21,24,19.53,1922.14,31.2,62.5,Safe
2026-03-17 16:14:27 UTC,20,24,20.22,1932.79,31.2,62.6,Safe
2026-03-17 16:14:37 UTC,23,24,19.53,1922.14,31.2,62.5,Safe
2026-03-17 16:14:47 UTC,23,25,20.55,1938.11,31.3,62.5,Safe
2026-03-17 16:14:57 UTC,23,24,19.53,1922.14,31.3,62.5,Safe
2026-03-17 16:15:07 UTC,22,23,20.73,1940.77,31.2,62.5,Safe
2026-03-17 16:15:17 UTC,22,23,20.82,1940.77,31.3,62.4,Safe
2026-03-17 16:15:27 UTC,22,24,19.25,1919.48,31.3,62.5,Safe
2026-03-17 16:15:37 UTC,23,25,20.73,1940.77,31.3,62.3,Safe
2026-03-17 16:15:47 UTC,24,27,19.53,1922.14,31.3,62.4,Safe
2026-03-17 16:15:57 UTC,25,30,20.69,1935.45,31.3,62.3,Safe
2026-03-17 16:16:07 UTC,25,31,19.53,1922.14,31.3,62.3,Safe
2026-03-17 16:16:17 UTC,25,30,20.78,1940.77,31.3,62.4,Safe
2026-03-17 16:16:27 UTC,26,30,19.53,1924.81,31.3,62.4,Safe
2026-03-17 16:16:37 UTC,25,27,20.82,1940.77,31.3,62.3,Safe
2026-03-17 16:16:47 UTC,23,24,20.3,1930.12,31.3,62.4,Safe
2026-03-17 16:16:57 UTC,23,25,20.92,1940.77,31.3,62.3,Safe
2026-03-17 16:17:07 UTC,24,24,19.53,1919.48,31.3,62.4,Safe
2026-03-17 16:17:17 UTC,25,26,19.53,1924.81,31.3,62.3,Safe
2026-03-17 16:17:27 UTC,25,26,20.78,1940.77,31.3,62.3,Safe
2026-03-17 16:17:37 UTC,29,31,19.53,1922.14,31.4,62.4,Safe
2026-03-17 16:17:47 UTC,32,37,20.59,1940.77,31.3,62.4,Safe
2026-03-17 16:17:57 UTC,35,41,19.44,1922.14,31.3,62.4,Safe
2026-03-17 16:18:07 UTC,36,45,20.69,1940.77,31.4,62.3,Safe
2026-03-17 16:18:17 UTC,38,46,19.22,1919.48,31.4,62.3,Safe
2026-03-17 16:18:27 UTC,39,49,20.69,1940.77,31.3,62.2,Safe
2026-03-17 16:18:37 UTC,42,52,19.53,1924.81,31.3,62.2,Safe
2026-03-17 16:18:47 UTC,42,54,20.73,1938.11,31.3,62.1,Safe
2026-03-17 16:18:57 UTC,42,54,20.69,1940.77,31.3,62.1,Safe
2026-03-17 16:19:07 UTC,42,54,19.53,1916.82,31.3,62.2,Safe
2026-03-17 16:19:17 UTC,42,53,20.22,1935.45,31.3,62.2,Safe
2026-03-17 16:19:27 UTC,42,52,19.0,1916.82,31.3,62.3,Safe
2026-03-17 16:19:37 UTC,42,50,20.55,1935.45,31.3,62.3,Safe
2026-03-17 16:19:47 UTC,40,49,19.53,1922.14,31.3,62.4,Safe
2026-03-17 16:19:57 UTC,41,52,20.69,1940.77,31.2,62.5,Safe
2026-03-17 16:20:07 UTC,40,52,19.53,1922.14,31.2,62.5,Safe
2026-03-17 16:20:17 UTC,41,53,20.3,1932.79,31.3,62.5,Safe
2026-03-17 16:20:27 UTC,40,51,20.78,1940.77,31.3,62.5,Safe
2026-03-17 16:20:37 UTC,45,60,20.69,1940.77,31.3,62.4,Safe
2026-03-17 16:20:47 UTC,47,62,20.55,1938.11,31.3,62.4,Safe
2026-03-17 16:20:57 UTC,48,64,19.53,1922.14,31.2,62.4,Safe
2026-03-17 16:21:07 UTC,50,68,20.59,1935.45,31.3,62.3,Safe
2026-03-17 16:21:17 UTC,53,70,19.53,1924.81,31.3,62.3,Caution
2026-03-17 16:21:27 UTC,56,72,20.92,1940.77,31.3,62.3,Caution
2026-03-17 16:21:37 UTC,56,74,19.56,1927.46,31.3,62.4,Caution
2026-03-17 16:21:47 UTC,56,73,20.78,1940.77,31.3,62.3,Caution
2026-03-17 16:21:57 UTC,57,76,19.04,1914.15,31.3,62.4,Caution
2026-03-17 16:22:07 UTC,59,79,20.78,1940.77,31.3,62.4,Caution
2026-03-17 16:22:17 UTC,59,77,19.62,1927.46,31.3,62.5,Caution
2026-03-17 16:22:27 UTC,62,80,19.53,1924.81,31.3,62.3,Caution
2026-03-17 16:22:37 UTC,65,82,20.78,1940.77,31.4,62.4,Caution
2026-03-17 16:22:47 UTC,67,83,19.56,1924.81,31.4,62.3,Caution
2026-03-17 16:22:57 UTC,67,82,20.78,1940.77,31.4,62.3,Caution
2026-03-17 16:23:07 UTC,68,83,19.53,1924.81,31.4,62.3,Caution
2026-03-17 16:23:17 UTC,69,82,20.69,1940.77,31.4,62.3,Caution
2026-03-17 16:23:27 UTC,69,83,19.56,1927.46,31.4,62.2,Caution
2026-03-17 16:23:37 UTC,71,83,20.69,1938.11,31.4,62.2,Caution
2026-03-17 16:23:47 UTC,68,82,19.22,1919.48,31.4,62.3,Caution
2026-03-17 16:23:57 UTC,67,83,20.92,1940.77,31.4,62.3,Caution
2026-03-17 16:24:07 UTC,66,83,20.92,1940.77,31.4,62.3,Caution
2026-03-17 16:24:17 UTC,62,81,19.56,1924.81,31.4,62.3,Caution
2026-03-17 16:24:27 UTC,60,78,20.45,1940.77,31.4,62.2,Caution
2026-03-17 16:24:37 UTC,57,74,19.53,1924.81,31.4,62.0,Caution
2026-03-17 16:24:47 UTC,57,72,20.22,1932.79,31.4,62.0,Caution
2026-03-17 16:24:57 UTC,55,70,19.25,1919.48,31.4,62.0,Caution
2026-03-17 16:25:07 UTC,56,71,20.92,1940.77,31.4,62.0,Caution
2026-03-17 16:25:17 UTC,52,67,19.22,1916.82,31.4,62.0,Caution
2026-03-17 16:25:27 UTC,52,66,20.78,1940.77,31.4,62.0,Caution
2026-03-17 16:25:37 UTC,51,64,20.78,1940.77,31.4,61.9,Caution
2026-03-17 16:25:47 UTC,49,61,20.69,1940.77,31.4,61.9,Safe
2026-03-17 16:25:57 UTC,47,60,19.53,1924.81,31.4,61.9,Safe
2026-03-17 16:26:07 UTC,47,58,19.62,1922.14,31.4,61.8,Safe
2026-03-17 16:26:17 UTC,47,60,20.4,1935.45,31.4,61.9,Safe
2026-03-17 16:26:27 UTC,46,61,19.31,1914.15,31.4,61.7,Safe
2026-03-17 16:26:37 UTC,44,59,20.88,1940.77,31.4,61.7,Safe
2026-03-17 16:26:47 UTC,43,56,19.53,1924.81,31.4,61.6,Safe
2026-03-17 16:26:57 UTC,44,54,20.69,1940.77,31.4,61.6,Safe
2026-03-17 16:27:07 UTC,42,52,19.53,1924.81,31.4,61.7,Safe
2026-03-17 16:27:17 UTC,41,51,20.82,1938.11,31.4,61.8,Safe
2026-03-17 16:27:27 UTC,39,48,19.44,1922.14,31.4,62.0,Safe
2026-03-17 16:27:37 UTC,39,46,20.4,1932.79,31.4,61.8,Safe
2026-03-17 16:27:47 UTC,37,45,20.92,1938.11,31.4,61.8,Safe
2026-03-17 16:27:57 UTC,38,46,19.56,1922.14,31.4,61.8,Safe
2026-03-17 16:28:07 UTC,37,47,20.98,1938.11,31.4,61.8,Safe
2026-03-17 16:28:17 UTC,36,48,19.13,1916.82,31.4,61.9,Safe
2026-03-17 16:28:27 UTC,35,48,20.82,1938.11,31.5,61.9,Safe
2026-03-17 16:28:37 UTC,35,44,19.81,1930.12,31.5,62.1,Safe
2026-03-17 16:28:47 UTC,35,43,20.88,1940.77,31.5,62.1,Safe
2026-03-17 16:28:57 UTC,34,42,19.53,1922.14,31.4,62.2,Safe
2026-03-17 16:29:07 UTC,34,40,19.98,1930.12,31.5,62.3,Safe
2026-03-17 16:29:17 UTC,34,40,20.49,1938.11,31.4,62.2,Safe
2026-03-17 16:29:27 UTC,34,41,19.98,1930.12,31.4,62.3,Safe
2026-03-17 16:29:37 UTC,33,41,20.45,1935.45,31.5,62.4,Safe
2026-03-17 16:29:47 UTC,34,41,19.53,1924.81,31.4,62.4,Safe
2026-03-17 16:29:57 UTC,34,38,20.55,1938.11,31.4,62.4,Safe
2026-03-17 16:30:07 UTC,33,37,19.13,1914.15,31.4,62.5,Safe
2026-03-17 16:30:17 UTC,33,38,20.03,1935.45,31.4,62.7,Safe
2026-03-17 16:30:27 UTC,33,35,19.53,1924.81,31.4,62.6,Safe
2026-03-17 16:30:37 UTC,32,34,20.07,1930.12,31.4,62.6,Safe
2026-03-17 16:30:47 UTC,32,38,19.13,1916.82,31.4,62.6,Safe
2026-03-17 16:30:57 UTC,33,37,20.26,1935.45,31.4,62.6,Safe
2026-03-17 16:31:07 UTC,33,35,18.82,1911.49,31.4,62.6,Safe
2026-03-17 16:31:17 UTC,32,34,20.4,1938.11,31.4,62.6,Safe
2026-03-17 16:31:27 UTC,31,33,20.4,1940.77,31.4,62.5,Safe
2026-03-17 16:31:37 UTC,28,31,19.34,1919.48,31.4,62.5,Safe
2026-03-17 16:31:47 UTC,28,30,20.45,1938.11,31.4,62.5,Safe
2026-03-17 16:31:57 UTC,29,31,19.53,1927.46,31.4,62.4,Safe
2026-03-17 16:32:07 UTC,26,30,20.07,1927.46,31.4,62.4,Safe
2026-03-17 16:32:17 UTC,26,32,19.44,1927.46,31.4,62.4,Safe
2026-03-17 16:32:27 UTC,27,33,20.59,1940.77,31.4,62.4,Safe
2026-03-17 16:32:37 UTC,26,31,19.25,1916.82,31.4,62.3,Safe
2026-03-17 16:32:47 UTC,25,30,20.59,1940.77,31.5,62.3,Safe
2026-03-17 16:32:57 UTC,25,30,20.22,1930.12,31.5,62.3,Safe
2026-03-17 16:33:07 UTC,25,28,19.71,1930.12,31.5,62.3,Safe
2026-03-17 16:33:17 UTC,25,30,20.59,1940.77,31.5,62.3,Safe
2026-03-17 16:33:27 UTC,25,33,19.53,1922.14,31.5,62.3,Safe
2026-03-17 16:33:37 UTC,24,32,19.81,1930.12,31.5,62.2,Safe
2026-03-17 16:33:47 UTC,24,31,19.53,1922.14,31.5,62.2,Safe
2026-03-17 16:33:57 UTC,24,29,20.3,1930.12,31.5,62.2,Safe
2026-03-17 16:34:07 UTC,24,31,19.22,1919.48,31.5,62.1,Safe
2026-03-17 16:34:17 UTC,25,29,20.92,1940.77,31.5,62.0,Safe
2026-03-17 16:34:27 UTC,26,29,19.4,1916.82,31.5,61.8,Safe
2026-03-17 16:34:37 UTC,26,31,20.69,1938.11,31.5,61.8,Safe
2026-03-17 16:34:47 UTC,25,31,19.53,1924.81,31.5,61.8,Safe
2026-03-17 16:34:57 UTC,25,29,20.69,1938.11,31.5,61.8,Safe
2026-03-17 16:35:07 UTC,25,27,20.59,1940.77,31.5,61.7,Safe
2026-03-17 16:35:17 UTC,24,27,19.53,1922.14,31.6,61.7,Safe
2026-03-17 16:35:27 UTC,24,26,21.02,1940.77,31.5,61.7,Safe
2026-03-17 16:35:37 UTC,24,26,19.53,1922.14,31.5,61.6,Safe
2026-03-17 16:35:47 UTC,22,26,20.73,1940.77,31.6,61.5,Safe
2026-03-17 16:35:57 UTC,22,25,19.53,1922.14,31.5,61.4,Safe
2026-03-17 16:36:07 UTC,21,24,20.59,1940.77,31.5,61.6,Safe
2026-03-17 16:36:17 UTC,20,24,19.16,1916.82,31.5,61.3,Safe
2026-03-17 16:36:27 UTC,22,26,20.55,1938.11,31.5,61.3,Safe
2026-03-17 16:36:37 UTC,23,25,20.59,1940.77,31.5,61.3,Safe
2026-03-17 16:36:47 UTC,23,24,19.53,1924.81,31.5,61.4,Safe
2026-03-17 16:36:57 UTC,22,22,20.88,1940.77,31.6,61.4,Safe
2026-03-17 16:37:07 UTC,22,22,19.25,1919.48,31.5,61.5,Safe
2026-03-17 16:37:17 UTC,21,22,20.26,1938.11,31.5,61.4,Safe
2026-03-17 16:37:27 UTC,19,22,19.44,1924.81,31.5,61.4,Safe
2026-03-17 16:37:37 UTC,19,22,20.73,1940.77,31.5,61.4,Safe
2026-03-17 16:37:47 UTC,20,21,19.4,1916.82,31.6,61.4,Safe
2026-03-17 16:37:57 UTC,19,21,20.78,1938.11,31.5,61.3,Safe
2026-03-17 16:38:07 UTC,20,21,19.4,1919.48,31.5,61.3,Safe
2026-03-17 16:38:17 UTC,19,22,20.17,1935.45,31.5,61.3,Safe
2026-03-17 16:38:27 UTC,20,22,19.53,1924.81,31.5,61.2,Safe
2026-03-17 16:38:37 UTC,21,22,19.53,1922.14,31.5,61.3,Safe
2026-03-17 16:38:47 UTC,20,23,20.26,1930.12,31.5,61.2,Safe
2026-03-17 16:38:57 UTC,21,23,19.44,1922.14,31.6,61.2,Safe
2026-03-17 16:39:07 UTC,19,20,20.55,1935.45,31.6,61.2,Safe
2026-03-17 16:39:17 UTC,19,21,19.56,1922.14,31.6,61.1,Safe
2026-03-17 16:39:27 UTC,19,23,20.22,1932.79,31.6,61.2,Safe
2026-03-17 16:39:37 UTC,19,23,19.53,1919.48,31.6,61.2,Safe
2026-03-17 16:39:47 UTC,19,22,20.78,1940.77,31.6,61.3,Safe
2026-03-17 16:39:57 UTC,19,23,19.53,1922.14,31.5,61.1,Safe
2026-03-17 16:40:07 UTC,19,23,20.36,1935.45,31.5,61.1,Safe
2026-03-17 16:40:17 UTC,17,20,20.69,1935.45,31.6,61.2,Safe
2026-03-17 16:40:27 UTC,17,21,19.53,1922.14,31.5,61.1,Safe
2026-03-17 16:40:37 UTC,17,20,20.59,1935.45,31.6,61.2,Safe
2026-03-17 16:40:47 UTC,17,19,19.53,1919.48,31.5,61.2,Safe
2026-03-17 16:40:57 UTC,19,21,20.69,1938.11,31.5,61.2,Safe
2026-03-17 16:41:07 UTC,20,23,19.53,1922.14,31.5,61.2,Safe
2026-03-17 16:41:17 UTC,21,23,20.49,1935.45,31.5,61.2,Safe
2026-03-17 16:41:27 UTC,20,23,19.31,1914.15,31.5,61.2,Safe
2026-03-17 16:41:37 UTC,21,24,20.98,1938.11,31.5,61.2,Safe
2026-03-17 16:41:47 UTC,19,24,20.88,1938.11,31.5,61.2,Safe
2026-03-17 16:41:57 UTC,21,23,20.36,1932.79,31.5,61.3,Safe
2026-03-17 16:42:07 UTC,21,22,19.4,1916.82,31.6,61.4,Safe
2026-03-17 16:42:17 UTC,20,21,19.56,1922.14,31.6,61.5,Safe
2026-03-17 16:42:27 UTC,19,23,20.26,1930.12,31.6,61.6,Safe
2026-03-17 16:42:37 UTC,21,22,19.53,1922.14,31.6,61.7,Safe
2026-03-17 16:42:47 UTC,20,20,20.82,1940.77,31.5,61.7,Safe
2026-03-17 16:42:57 UTC,20,22,19.53,1922.14,31.5,61.7,Safe
2026-03-17 16:43:07 UTC,20,25,20.59,1938.11,31.6,61.7,Safe
2026-03-17 16:43:17 UTC,19,24,19.47,1922.14,31.5,61.8,Safe
2026-03-17 16:43:27 UTC,18,22,20.65,1940.77,31.6,61.8,Safe
2026-03-17 16:43:37 UTC,18,22,19.53,1922.14,31.5,61.8,Safe
2026-03-17 16:43:47 UTC,18,23,20.4,1935.45,31.5,61.8,Safe
2026-03-17 16:43:57 UTC,19,24,20.92,1940.77,31.5,61.8,Safe
2026-03-17 16:44:07 UTC,20,22,19.53,1924.81,31.5,61.8,Safe
2026-03-17 16:44:17 UTC,19,23,20.55,1940.77,31.5,61.8,Safe
2026-03-17 16:44:27 UTC,18,23,19.53,1922.14,31.5,61.7,Safe
2026-03-17 16:44:37 UTC,19,23,20.26,1932.79,31.5,61.7,Safe
2026-03-17 16:44:47 UTC,18,23,19.56,1922.14,31.5,61.6,Safe
2026-03-17 16:44:57 UTC,16,23,20.69,1938.11,31.5,61.6,Safe
2026-03-17 16:45:07 UTC,15,21,19.53,1919.48,31.6,61.5,Safe
2026-03-17 16:45:17 UTC,14,19,20.69,1940.77,31.5,61.6,Safe
2026-03-17 16:45:27 UTC,15,22,20.69,1940.77,31.5,61.5,Safe
2026-03-17 16:45:37 UTC,16,22,20.73,1938.11,31.6,61.5,Safe
2026-03-17 16:45:47 UTC,16,22,20.92,1940.77,31.6,61.5,Safe
2026-03-17 16:45:57 UTC,15,22,19.53,1924.81,31.6,61.4,Safe
2026-03-17 16:46:07 UTC,15,22,20.55,1938.11,31.6,61.4,Safe
2026-03-17 16:46:17 UTC,16,22,19.53,1922.14,31.6,61.4,Safe
2026-03-17 16:46:27 UTC,17,22,20.45,1930.12,31.6,61.5,Safe
2026-03-17 16:46:37 UTC,17,22,19.53,1922.14,31.6,61.2,Safe
2026-03-17 16:46:47 UTC,17,22,20.88,1938.11,31.6,61.3,Safe
2026-03-17 16:46:57 UTC,15,18,19.53,1922.14,31.6,61.3,Safe
2026-03-17 16:47:07 UTC,16,19,20.88,1940.77,31.6,61.3,Safe
2026-03-17 16:47:17 UTC,18,20,19.53,1922.14,31.6,61.3,Safe
2026-03-17 16:47:27 UTC,19,20,20.22,1932.79,31.6,61.3,Safe
2026-03-17 16:47:37 UTC,21,24,20.26,1930.12,31.6,61.3,Safe
2026-03-17 16:47:47 UTC,23,26,19.56,1922.14,31.6,61.3,Safe
2026-03-17 16:47:57 UTC,24,28,20.69,1938.11,31.6,61.3,Safe
2026-03-17 16:48:07 UTC,25,29,19.31,1919.48,31.6,61.3,Safe
2026-03-17 16:48:17 UTC,26,29,20.22,1932.79,31.6,61.2,Safe
2026-03-17 16:48:27 UTC,26,29,19.53,1924.81,31.6,61.4,Safe
2026-03-17 16:48:37 UTC,26,29,20.82,1940.77,31.6,61.5,Safe
2026-03-17 16:48:47 UTC,29,31,19.44,1919.48,31.6,61.6,Safe
2026-03-17 16:48:57 UTC,34,37,20.59,1935.45,31.6,61.6,Safe
2026-03-17 16:49:07 UTC,35,41,20.59,1938.11,31.6,61.7,Safe
2026-03-17 16:49:17 UTC,35,42,20.69,1935.45,31.6,61.7,Safe
2026-03-17 16:49:27 UTC,39,44,20.88,1940.77,31.6,61.7,Safe
2026-03-17 16:49:37 UTC,38,45,19.47,1924.81,31.6,61.7,Safe
2026-03-17 16:49:47 UTC,38,45,20.59,1935.45,31.6,61.7,Safe
2026-03-17 16:49:57 UTC,39,48,19.4,1924.81,31.6,61.8,Safe
2026-03-17 16:50:07 UTC,40,51,20.59,1940.77,31.6,61.8,Safe
2026-03-17 16:50:17 UTC,41,52,19.13,1919.48,31.6,61.8,Safe
2026-03-17 16:50:27 UTC,41,50,20.26,1935.45,31.6,61.9,Safe
2026-03-17 16:50:37 UTC,41,51,19.34,1916.82,31.6,61.8,Safe
2026-03-17 16:50:47 UTC,41,54,20.73,1940.77,31.6,61.8,Safe
2026-03-17 16:50:57 UTC,43,54,19.53,1922.14,31.6,61.7,Safe
2026-03-17 16:51:07 UTC,43,54,19.53,1919.48,31.6,61.7,Safe
2026-03-17 16:51:17 UTC,42,54,20.69,1938.11,31.6,61.7,Safe
2026-03-17 16:51:27 UTC,40,52,19.4,1919.48,31.6,61.6,Safe
2026-03-17 16:51:37 UTC,39,50,20.3,1930.12,31.6,61.7,Safe
2026-03-17 16:51:47 UTC,39,49,19.53,1919.48,31.6,61.7,Safe
2026-03-17 16:51:57 UTC,39,49,20.69,1938.11,31.6,61.8,Safe
2026-03-17 16:52:07 UTC,36,45,19.53,1919.48,31.6,61.8,Safe
2026-03-17 16:52:17 UTC,35,42,20.4,1932.79,31.6,61.8,Safe
2026-03-17 16:52:27 UTC,37,47,19.53,1919.48,31.6,61.9,Safe
2026-03-17 16:52:37 UTC,39,49,20.3,1930.12,31.6,61.9,Safe
2026-03-17 16:52:47 UTC,36,44,20.82,1935.45,31.6,61.9,Safe
2026-03-17 16:52:57 UTC,38,46,19.53,1922.14,31.6,61.9,Safe
2026-03-17 16:53:07 UTC,40,50,20.55,1940.77,31.6,62.0,Safe
2026-03-17 16:53:17 UTC,39,49,19.53,1924.81,31.6,61.9,Safe
2026-03-17 16:53:27 UTC,40,49,20.36,1932.79,31.6,61.9,Safe
2026-03-17 16:53:37 UTC,40,48,19.56,1919.48,31.6,61.9,Safe
2026-03-17 16:53:47 UTC,39,48,20.59,1940.77,31.6,61.8,Safe
2026-03-17 16:53:57 UTC,39,49,19.56,1922.14,31.6,61.8,Safe
2026-03-17 16:54:07 UTC,38,51,20.82,1938.11,31.6,61.7,Safe
2026-03-17 16:54:17 UTC,39,49,20.92,1940.77,31.6,61.8,Safe
2026-03-17 16:54:27 UTC,39,48,20.55,1940.77,31.6,61.8,Safe
2026-03-17 16:54:37 UTC,39,49,20.73,1940.77,31.6,61.7,Safe
2026-03-17 16:54:47 UTC,39,49,19.53,1922.14,31.6,61.7,Safe
2026-03-17 16:54:57 UTC,39,48,20.78,1940.77,31.6,61.7,Safe
2026-03-17 16:55:07 UTC,38,50,19.53,1922.14,31.6,61.7,Safe
2026-03-17 16:55:17 UTC,37,48,20.49,1938.11,31.6,61.7,Safe
2026-03-17 16:55:27 UTC,37,47,19.47,1919.48,31.6,61.7,Safe
2026-03-17 16:55:37 UTC,36,44,20.73,1938.11,31.6,61.7,Safe
2026-03-17 16:55:47 UTC,35,44,19.22,1916.82,31.6,61.8,Safe
2026-03-17 16:55:57 UTC,35,42,20.3,1940.77,31.6,61.8,Safe
2026-03-17 16:56:07 UTC,35,38,19.09,1916.82,31.6,61.8,Safe
2026-03-17 16:56:17 UTC,35,37,20.73,1940.77,31.6,61.9,Safe
2026-03-17 16:56:27 UTC,33,37,20.55,1938.11,31.6,61.9,Safe
2026-03-17 16:56:37 UTC,34,39,19.47,1922.14,31.6,62.0,Safe
2026-03-17 16:56:47 UTC,33,40,20.69,1938.11,31.6,62.0,Safe
2026-03-17 16:56:57 UTC,33,38,18.82,1911.49,31.5,62.1,Safe
2026-03-17 16:57:07 UTC,31,36,20.13,1935.45,31.5,62.2,Safe
2026-03-17 16:57:17 UTC,28,32,18.82,1914.15,31.5,61.2,Safe
2026-03-17 16:57:27 UTC,28,32,20.45,1940.77,31.4,57.0,Safe
2026-03-17 16:57:37 UTC,24,29,19.31,1922.14,31.4,55.5,Safe
2026-03-17 16:57:47 UTC,24,29,20.59,1940.77,31.3,54.7,Safe
