Timestamp,PM25,PM10,Gas,CO,Temp,Hum,Status
2026-03-16 08:30:07 UTC,3,6,16.84,5.84,23.2,57.6,Safe
2026-03-16 08:30:17 UTC,4,5,17.59,5.94,23.2,58.0,Safe
2026-03-16 08:30:27 UTC,4,5,17.68,5.94,23.3,58.5,Safe
2026-03-16 08:30:37 UTC,4,4,16.92,5.82,23.3,58.7,Safe
2026-03-16 08:30:47 UTC,4,5,17.39,5.89,23.4,59.0,Safe
2026-03-16 08:30:57 UTC,5,5,16.95,5.84,23.4,59.4,Safe
2026-03-16 08:31:07 UTC,5,5,17.71,5.94,23.4,59.6,Safe
2026-03-16 08:31:17 UTC,5,5,16.87,5.87,23.4,59.9,Safe
2026-03-16 08:31:27 UTC,3,4,17.28,5.89,23.5,60.2,Safe
2026-03-16 08:31:37 UTC,3,3,16.84,5.84,23.5,60.5,Safe
2026-03-16 08:31:47 UTC,4,4,17.59,5.91,23.6,60.7,Safe
2026-03-16 08:31:57 UTC,5,6,17.51,5.94,23.6,61.0,Safe
2026-03-16 08:32:07 UTC,4,5,17.68,5.96,23.6,61.2,Safe
2026-03-16 08:32:17 UTC,5,5,16.92,5.87,23.6,61.4,Safe
2026-03-16 08:32:27 UTC,5,5,16.84,5.87,23.7,61.8,Safe
2026-03-16 08:32:37 UTC,3,3,17.63,5.91,23.7,61.8,Safe
2026-03-16 08:32:47 UTC,4,4,16.71,5.84,23.8,61.6,Safe
2026-03-16 08:32:57 UTC,4,4,17.56,5.96,23.8,61.2,Safe
2026-03-16 08:33:07 UTC,4,4,16.84,5.82,23.8,60.4,Safe
2026-03-16 08:33:17 UTC,5,5,17.43,5.91,23.8,59.6,Safe
2026-03-16 08:33:27 UTC,5,5,16.84,5.82,23.8,59.1,Safe
2026-03-16 08:33:37 UTC,5,5,17.11,5.89,23.8,58.3,Safe
2026-03-16 08:33:47 UTC,6,6,16.84,5.82,23.8,57.6,Safe
2026-03-16 08:33:57 UTC,6,6,17.56,5.91,23.8,57.1,Safe
2026-03-16 08:34:07 UTC,7,7,16.98,5.89,23.8,56.6,Safe
2026-03-16 08:34:17 UTC,5,7,16.84,5.82,23.8,56.1,Safe
2026-03-16 08:34:27 UTC,3,6,17.56,5.94,23.8,56.0,Safe
2026-03-16 08:34:37 UTC,5,7,16.84,5.82,23.7,55.8,Safe
2026-03-16 08:34:47 UTC,4,4,17.56,5.91,23.7,55.5,Safe
2026-03-16 08:34:57 UTC,4,4,16.33,5.8,23.7,55.4,Safe
2026-03-16 08:35:07 UTC,4,5,16.95,5.89,23.7,55.3,Safe
2026-03-16 08:35:17 UTC,4,4,16.84,5.87,23.7,55.3,Safe
2026-03-16 08:35:27 UTC,4,4,17.56,5.94,23.7,55.2,Safe
2026-03-16 08:35:37 UTC,3,4,16.63,5.84,23.7,55.2,Safe
2026-03-16 08:35:47 UTC,4,4,17.03,5.89,23.6,54.8,Safe
2026-03-16 08:35:57 UTC,4,4,16.63,5.84,23.6,54.7,Safe
2026-03-16 08:36:07 UTC,5,6,17.11,5.89,23.6,54.9,Safe
2026-03-16 08:36:17 UTC,4,6,17.15,5.87,23.6,55.5,Safe
2026-03-16 08:36:27 UTC,5,5,16.84,5.82,23.6,56.5,Safe
2026-03-16 08:36:37 UTC,5,5,17.03,5.89,23.6,57.9,Safe
2026-03-16 08:36:47 UTC,5,6,16.41,5.8,23.6,59.2,Safe
2026-03-16 08:36:57 UTC,5,5,17.56,5.94,23.6,59.9,Safe
2026-03-16 08:37:07 UTC,5,7,16.84,5.87,23.6,61.0,Safe
2026-03-16 08:37:17 UTC,6,7,17.48,5.89,23.6,61.9,Safe
2026-03-16 08:37:27 UTC,5,7,16.33,5.8,23.6,62.4,Safe
2026-03-16 08:37:37 UTC,6,10,17.43,5.91,23.6,62.7,Safe
2026-03-16 08:37:47 UTC,6,7,17.23,5.89,23.6,62.5,Safe
2026-03-16 08:37:57 UTC,6,6,17.34,5.96,23.6,62.1,Safe
2026-03-16 08:38:07 UTC,5,6,16.6,5.87,23.6,61.3,Safe
2026-03-16 08:38:17 UTC,6,7,16.84,5.82,23.6,60.7,Safe
2026-03-16 08:38:27 UTC,4,5,17.39,5.94,23.6,60.0,Safe
2026-03-16 08:38:37 UTC,5,5,16.71,5.82,23.6,59.5,Safe
2026-03-16 08:38:47 UTC,5,6,17.51,5.94,23.6,59.2,Safe
2026-03-16 08:38:57 UTC,6,8,16.57,5.75,23.5,58.9,Safe
2026-03-16 08:39:07 UTC,5,7,17.39,5.91,23.6,58.6,Safe
2026-03-16 08:39:17 UTC,4,6,16.57,5.84,23.6,58.4,Safe
2026-03-16 08:39:27 UTC,3,7,17.48,5.94,23.5,58.0,Safe
2026-03-16 08:39:37 UTC,5,7,16.84,5.84,23.5,57.6,Safe
2026-03-16 08:39:47 UTC,4,7,17.48,5.94,23.6,57.3,Safe
2026-03-16 08:39:57 UTC,6,7,17.43,5.91,23.5,56.9,Safe
2026-03-16 08:40:07 UTC,5,7,16.6,5.82,23.5,56.6,Safe
2026-03-16 08:40:17 UTC,3,4,16.92,5.89,23.5,56.1,Safe
2026-03-16 08:40:27 UTC,3,3,16.84,5.87,23.5,55.5,Safe
2026-03-16 08:40:37 UTC,5,5,17.63,5.96,23.5,55.1,Safe
2026-03-16 08:40:47 UTC,5,6,16.79,5.87,23.5,54.8,Safe
2026-03-16 08:40:57 UTC,4,5,17.68,5.98,23.5,55.1,Safe
2026-03-16 08:41:07 UTC,3,4,16.6,5.8,23.5,54.7,Safe
2026-03-16 08:41:17 UTC,4,5,17.85,5.98,23.4,54.6,Safe
2026-03-16 08:41:27 UTC,4,7,16.68,5.82,23.4,55.1,Safe
2026-03-16 08:41:37 UTC,3,6,17.43,5.94,23.4,56.0,Safe
2026-03-16 08:41:47 UTC,3,5,17.03,5.89,23.4,57.3,Safe
2026-03-16 08:41:57 UTC,4,5,17.43,5.91,23.4,58.5,Safe
2026-03-16 08:42:07 UTC,5,5,17.85,5.98,23.4,59.9,Safe
2026-03-16 08:42:17 UTC,5,5,16.95,5.84,23.4,60.9,Safe
2026-03-16 08:42:27 UTC,5,5,17.8,5.98,23.5,61.9,Safe
2026-03-16 08:42:37 UTC,5,6,17.03,5.87,23.4,62.8,Safe
2026-03-16 08:42:47 UTC,5,7,17.56,5.96,23.5,63.5,Safe
2026-03-16 08:42:57 UTC,4,6,16.98,5.87,23.5,63.6,Safe
2026-03-16 08:43:07 UTC,5,6,17.59,5.98,23.5,63.3,Safe
2026-03-16 08:43:17 UTC,3,5,16.84,5.87,23.5,62.9,Safe
2026-03-16 08:43:27 UTC,4,6,17.68,5.96,23.5,62.2,Safe
2026-03-16 08:43:37 UTC,5,7,17.51,5.96,23.5,61.5,Safe
2026-03-16 08:43:47 UTC,4,5,17.68,5.96,23.5,61.0,Safe
2026-03-16 08:43:57 UTC,4,5,16.63,5.82,23.5,60.5,Safe
2026-03-16 08:44:07 UTC,4,7,16.84,5.89,23.5,60.1,Safe
2026-03-16 08:44:17 UTC,3,6,17.43,5.98,23.4,59.7,Safe
2026-03-16 08:44:27 UTC,4,5,16.87,5.87,23.4,59.5,Safe
2026-03-16 08:44:37 UTC,5,5,17.68,5.96,23.4,59.2,Safe
2026-03-16 08:44:47 UTC,5,5,16.84,5.84,23.3,59.1,Safe
2026-03-16 08:44:57 UTC,5,5,17.63,5.96,23.3,59.0,Safe
2026-03-16 08:45:07 UTC,5,6,16.87,5.87,23.3,58.8,Safe
2026-03-16 08:45:17 UTC,7,7,17.68,5.96,23.3,58.8,Safe
2026-03-16 08:45:27 UTC,5,6,16.84,5.87,23.3,58.8,Safe
2026-03-16 08:45:37 UTC,11,14,17.56,5.98,23.3,58.8,Safe
2026-03-16 08:45:47 UTC,10,15,17.28,5.96,23.3,58.9,Safe
2026-03-16 08:45:57 UTC,9,12,17.31,5.94,23.3,58.6,Safe
2026-03-16 08:46:07 UTC,8,11,17.43,5.98,23.2,58.4,Safe
2026-03-16 08:46:17 UTC,6,7,16.84,5.84,23.2,58.2,Safe
2026-03-16 08:46:27 UTC,7,8,17.43,5.94,23.2,58.0,Safe
2026-03-16 08:46:37 UTC,12,13,16.84,5.87,23.2,57.7,Safe
2026-03-16 08:46:47 UTC,11,12,17.51,5.96,23.1,57.6,Safe
2026-03-16 08:46:57 UTC,9,10,16.79,5.87,23.1,57.7,Safe
2026-03-16 08:47:07 UTC,6,10,17.39,5.96,23.1,57.6,Safe
2026-03-16 08:47:17 UTC,6,8,16.71,5.87,23.1,57.7,Safe
2026-03-16 08:47:27 UTC,5,6,17.07,5.89,23.0,57.7,Safe
2026-03-16 08:47:37 UTC,5,7,16.33,5.77,23.1,57.8,Safe
2026-03-16 08:47:47 UTC,7,10,17.23,5.94,23.0,57.8,Safe
2026-03-16 08:47:57 UTC,5,8,17.51,5.96,23.0,57.7,Safe
2026-03-16 08:48:07 UTC,4,5,16.79,5.82,23.0,57.6,Safe
2026-03-16 08:48:17 UTC,5,6,17.56,5.96,23.0,57.5,Safe
2026-03-16 08:48:27 UTC,5,6,16.49,5.8,22.9,57.5,Safe
2026-03-16 08:48:37 UTC,6,7,17.59,5.91,22.9,57.6,Safe
2026-03-16 08:48:47 UTC,6,7,16.76,5.87,22.9,57.7,Safe
2026-03-16 08:48:57 UTC,5,6,17.03,5.89,22.9,57.7,Safe
2026-03-16 08:49:07 UTC,5,7,16.6,5.84,22.8,57.3,Safe
2026-03-16 08:49:17 UTC,6,8,17.59,5.94,22.8,56.9,Safe
2026-03-16 08:49:27 UTC,5,7,16.63,5.87,22.8,56.8,Safe
2026-03-16 08:49:37 UTC,7,8,17.34,5.96,22.7,56.5,Safe
2026-03-16 08:49:47 UTC,7,8,16.49,5.84,22.7,56.3,Safe
2026-03-16 08:49:57 UTC,6,8,16.79,5.84,22.7,56.3,Safe
2026-03-16 08:50:07 UTC,6,8,17.51,5.94,22.7,56.3,Safe
2026-03-16 08:50:17 UTC,6,8,16.57,5.87,22.6,56.2,Safe
2026-03-16 08:50:27 UTC,6,12,17.48,5.96,22.6,56.1,Safe
2026-03-16 08:50:37 UTC,7,13,16.84,5.8,22.5,56.0,Safe
2026-03-16 08:50:47 UTC,8,15,17.23,5.94,22.5,55.9,Safe
2026-03-16 08:50:57 UTC,9,17,16.63,5.84,22.5,55.7,Safe
2026-03-16 08:51:07 UTC,7,17,17.03,5.89,22.5,55.6,Safe
2026-03-16 08:51:17 UTC,6,14,16.63,5.8,22.4,55.5,Safe
2026-03-16 08:51:27 UTC,8,12,16.84,5.89,22.4,55.4,Safe
2026-03-16 08:51:37 UTC,7,13,17.39,5.91,22.4,55.6,Safe
2026-03-16 08:51:47 UTC,6,11,17.43,5.96,22.3,55.7,Safe
2026-03-16 08:51:57 UTC,5,7,17.28,5.91,22.3,55.8,Safe
2026-03-16 08:52:07 UTC,6,7,16.41,5.8,22.3,55.9,Safe
2026-03-16 08:52:17 UTC,6,8,17.34,5.91,22.2,56.1,Safe
2026-03-16 08:52:27 UTC,6,6,16.44,5.82,22.2,56.2,Safe
2026-03-16 08:52:37 UTC,6,6,17.48,5.91,22.2,56.3,Safe
2026-03-16 08:52:47 UTC,6,7,16.6,5.82,22.1,56.4,Safe
2026-03-16 08:52:57 UTC,6,8,17.39,5.94,22.1,56.4,Safe
2026-03-16 08:53:07 UTC,6,7,16.6,5.82,22.1,56.5,Safe
2026-03-16 08:53:17 UTC,6,11,17.48,5.96,22.1,56.6,Safe
2026-03-16 08:53:27 UTC,6,10,16.49,5.84,22.1,56.8,Safe
2026-03-16 08:53:37 UTC,6,9,17.34,5.91,22.1,56.9,Safe
2026-03-16 08:53:47 UTC,7,10,17.34,5.94,22.1,57.1,Safe
2026-03-16 08:53:57 UTC,7,10,16.49,5.82,22.0,57.3,Safe
2026-03-16 08:54:07 UTC,6,11,17.31,5.94,22.0,57.4,Safe
2026-03-16 08:54:17 UTC,6,9,16.57,5.84,22.0,57.4,Safe
2026-03-16 08:54:27 UTC,6,8,17.43,5.91,22.0,57.5,Safe
2026-03-16 08:54:37 UTC,6,7,16.6,5.77,21.9,57.5,Safe
2026-03-16 08:54:47 UTC,6,10,17.43,5.94,21.9,57.4,Safe
2026-03-16 08:54:57 UTC,6,10,16.57,5.84,21.9,57.4,Safe
2026-03-16 08:55:07 UTC,6,8,17.39,5.94,21.9,57.4,Safe
2026-03-16 08:55:17 UTC,6,8,16.68,5.82,21.9,57.3,Safe
2026-03-16 08:55:27 UTC,7,10,17.39,5.91,21.8,57.2,Safe
2026-03-16 08:55:37 UTC,7,9,16.57,5.84,21.8,57.1,Safe
2026-03-16 08:55:47 UTC,7,8,16.71,5.82,21.8,57.2,Safe
2026-03-16 08:55:57 UTC,7,8,17.48,5.91,21.7,57.3,Safe
2026-03-16 08:56:07 UTC,5,6,16.52,5.84,21.7,57.3,Safe
2026-03-16 08:56:17 UTC,6,7,17.23,5.91,21.7,57.3,Safe
2026-03-16 08:56:27 UTC,6,8,16.63,5.84,21.7,57.3,Safe
2026-03-16 08:56:37 UTC,6,7,17.48,5.96,21.7,57.3,Safe
2026-03-16 08:56:47 UTC,6,7,16.57,5.84,21.6,57.4,Safe
2026-03-16 08:56:57 UTC,6,7,17.31,5.94,21.6,57.6,Safe
2026-03-16 08:57:07 UTC,6,6,16.44,5.8,21.6,57.7,Safe
2026-03-16 08:57:17 UTC,7,8,17.23,5.96,21.6,57.8,Safe
2026-03-16 08:57:27 UTC,7,7,17.39,5.91,21.6,57.9,Safe
2026-03-16 08:57:37 UTC,7,7,17.11,5.91,21.6,57.8,Safe
2026-03-16 08:57:47 UTC,9,10,17.28,5.94,21.6,57.8,Safe
2026-03-16 08:57:57 UTC,9,9,16.79,5.84,21.6,57.8,Safe
2026-03-16 08:58:07 UTC,6,9,17.23,5.94,21.6,58.0,Safe
2026-03-16 08:58:17 UTC,21,30,16.84,5.91,21.6,58.0,Safe
2026-03-16 08:58:27 UTC,50,74,17.76,6.13,21.6,58.0,Safe
2026-03-16 08:58:37 UTC,56,82,17.11,6.1,21.5,58.1,Caution
2026-03-16 08:58:47 UTC,56,81,18.14,6.2,21.6,58.2,Caution
2026-03-16 08:58:57 UTC,53,75,16.84,6.03,21.5,58.2,Caution
2026-03-16 08:59:07 UTC,50,71,18.14,6.2,21.5,58.2,Safe
2026-03-16 08:59:17 UTC,45,64,17.28,6.08,21.5,58.1,Safe
2026-03-16 08:59:27 UTC,43,63,17.88,6.13,21.5,57.9,Safe
2026-03-16 08:59:37 UTC,42,59,17.68,6.15,21.5,57.8,Safe
2026-03-16 08:59:47 UTC,43,58,17.51,6.08,21.5,57.6,Safe
2026-03-16 08:59:57 UTC,43,59,18.14,6.2,21.5,57.3,Safe
2026-03-16 09:00:07 UTC,40,56,16.95,6.08,21.5,57.1,Safe
2026-03-16 09:00:17 UTC,40,59,18.17,6.23,21.5,57.0,Safe
2026-03-16 09:00:27 UTC,39,58,17.43,6.08,21.5,57.6,Safe
2026-03-16 09:00:37 UTC,40,63,18.14,6.23,21.5,58.4,Safe
2026-03-16 09:00:47 UTC,40,63,17.51,6.1,21.5,59.3,Safe
2026-03-16 09:00:57 UTC,40,60,18.43,6.2,21.6,60.3,Safe
2026-03-16 09:01:07 UTC,39,58,17.76,6.1,21.6,61.3,Safe
2026-03-16 09:01:17 UTC,39,57,18.34,6.25,21.6,61.9,Safe
2026-03-16 09:01:27 UTC,38,55,17.63,6.13,21.7,62.6,Safe
2026-03-16 09:01:37 UTC,38,56,18.05,6.18,21.7,63.6,Safe
2026-03-16 09:01:47 UTC,39,57,18.43,6.25,21.8,64.3,Safe
2026-03-16 09:01:57 UTC,38,53,17.59,6.13,21.8,65.0,Safe
2026-03-16 09:02:07 UTC,37,51,18.31,6.28,21.9,65.5,Safe
2026-03-16 09:02:17 UTC,37,51,17.76,6.13,21.9,65.9,Safe
2026-03-16 09:02:27 UTC,36,50,18.34,6.23,22.0,66.4,Safe
2026-03-16 09:02:37 UTC,35,46,17.85,6.15,22.0,66.9,Safe
2026-03-16 09:02:47 UTC,34,46,18.14,6.2,22.0,67.4,Safe
2026-03-16 09:02:57 UTC,34,44,17.76,6.1,22.1,67.9,Safe
2026-03-16 09:03:07 UTC,32,41,18.09,6.15,22.1,68.3,Safe
2026-03-16 09:03:17 UTC,28,37,17.59,6.1,22.1,68.5,Safe
2026-03-16 09:03:27 UTC,28,37,18.0,6.15,22.2,67.8,Safe
2026-03-16 09:03:37 UTC,27,35,17.43,6.08,22.2,66.9,Safe
2026-03-16 09:03:47 UTC,28,36,16.95,6.03,22.2,66.0,Safe
2026-03-16 09:03:57 UTC,27,36,18.09,6.15,22.2,65.2,Safe
2026-03-16 09:04:07 UTC,25,35,16.95,6.06,22.2,64.5,Safe
2026-03-16 09:04:17 UTC,24,35,18.22,6.18,22.2,63.8,Safe
2026-03-16 09:04:27 UTC,24,37,17.39,6.06,22.2,63.3,Safe
2026-03-16 09:04:37 UTC,24,33,18.14,6.18,22.2,63.0,Safe
2026-03-16 09:04:47 UTC,25,33,17.23,6.06,22.2,62.6,Safe
2026-03-16 09:04:57 UTC,26,36,18.17,6.13,22.2,62.3,Safe
2026-03-16 09:05:07 UTC,27,36,17.76,6.08,22.2,62.0,Safe
2026-03-16 09:05:17 UTC,26,34,18.14,6.15,23.9,77.8,Safe
2026-03-16 09:05:27 UTC,26,35,18.22,6.15,22.8,90.4,Safe
2026-03-16 09:05:37 UTC,27,31,18.14,6.15,22.3,94.0,Safe
2026-03-16 09:05:47 UTC,26,33,18.14,6.13,22.3,95.8,Safe
2026-03-16 09:05:57 UTC,24,33,17.56,6.06,22.3,88.3,Safe
2026-03-16 09:06:07 UTC,23,32,17.88,6.15,22.5,77.2,Safe
2026-03-16 09:06:17 UTC,22,31,16.95,6.01,22.5,70.6,Safe
2026-03-16 09:06:27 UTC,23,31,18.26,6.15,22.6,67.0,Safe
2026-03-16 09:06:37 UTC,22,29,17.43,6.06,22.6,65.3,Safe
2026-03-16 09:06:47 UTC,22,29,17.85,6.08,22.6,64.5,Safe
2026-03-16 09:06:57 UTC,21,27,17.56,6.03,22.7,64.3,Safe
2026-03-16 09:07:07 UTC,21,25,18.26,6.18,22.8,64.4,Safe
2026-03-16 09:07:17 UTC,22,30,17.07,6.01,22.8,64.6,Safe
2026-03-16 09:07:27 UTC,22,30,18.31,6.15,22.9,64.9,Safe
2026-03-16 09:07:37 UTC,21,26,18.38,6.15,23.0,65.4,Safe
2026-03-16 09:07:47 UTC,19,24,17.43,6.06,23.0,65.7,Safe
2026-03-16 09:07:57 UTC,18,24,18.22,6.13,23.1,66.1,Safe
2026-03-16 09:08:07 UTC,19,23,17.48,6.03,23.1,66.1,Safe
2026-03-16 09:08:17 UTC,21,24,18.14,6.13,23.2,65.6,Safe
2026-03-16 09:08:27 UTC,21,24,17.48,6.01,23.2,64.9,Safe
2026-03-16 09:08:37 UTC,21,23,18.17,6.13,23.2,64.1,Safe
2026-03-16 09:08:47 UTC,20,21,16.84,5.96,23.3,63.2,Safe
2026-03-16 09:08:57 UTC,18,19,18.14,6.13,23.3,62.5,Safe
2026-03-16 09:09:07 UTC,17,18,17.28,6.01,23.4,61.8,Safe
2026-03-16 09:09:17 UTC,15,21,18.14,6.13,23.3,61.2,Safe
2026-03-16 09:09:27 UTC,16,25,17.23,6.06,23.3,60.6,Safe
2026-03-16 09:09:37 UTC,15,23,17.59,6.06,23.3,60.3,Safe
2026-03-16 09:09:47 UTC,15,22,18.0,6.1,23.3,60.0,Safe
2026-03-16 09:09:57 UTC,16,22,17.28,6.01,23.3,59.6,Safe
2026-03-16 09:10:07 UTC,17,23,17.8,6.08,23.3,59.3,Safe
2026-03-16 09:10:17 UTC,17,21,17.23,5.98,23.3,59.0,Safe
2026-03-16 09:10:27 UTC,19,23,17.68,6.1,23.3,58.7,Safe
2026-03-16 09:10:37 UTC,18,23,17.15,5.98,23.3,58.2,Safe
2026-03-16 09:10:47 UTC,17,23,17.88,6.1,23.3,57.9,Safe
2026-03-16 09:10:57 UTC,17,23,16.84,5.91,23.3,57.7,Safe
2026-03-16 09:11:07 UTC,17,21,18.14,6.1,23.3,57.3,Safe
2026-03-16 09:11:17 UTC,16,22,17.23,5.98,23.2,57.0,Safe
2026-03-16 09:11:27 UTC,16,22,18.05,6.08,23.2,56.6,Safe
2026-03-16 09:11:37 UTC,16,23,16.79,5.89,23.2,56.4,Safe
2026-03-16 09:11:47 UTC,15,24,16.79,5.91,23.2,56.1,Safe
2026-03-16 09:11:57 UTC,16,25,17.97,6.08,23.2,56.0,Safe
2026-03-16 09:12:07 UTC,17,21,17.23,5.98,23.2,55.7,Safe
2026-03-16 09:12:17 UTC,15,20,17.76,6.08,23.1,55.4,Safe
2026-03-16 09:12:27 UTC,16,21,17.11,5.98,23.2,55.4,Safe
2026-03-16 09:12:37 UTC,15,21,17.76,6.08,23.1,55.8,Safe
2026-03-16 09:12:47 UTC,13,19,16.87,5.91,23.1,56.9,Safe
2026-03-16 09:12:57 UTC,14,19,17.97,6.08,23.1,58.3,Safe
2026-03-16 09:13:07 UTC,13,21,16.95,5.96,23.1,59.4,Safe
2026-03-16 09:13:17 UTC,12,19,18.14,6.08,23.1,60.9,Safe
2026-03-16 09:13:27 UTC,11,18,18.05,6.08,23.1,62.1,Safe
2026-03-16 09:13:37 UTC,12,19,18.0,6.08,23.1,63.1,Safe
2026-03-16 09:13:47 UTC,8,16,16.98,5.96,23.1,63.8,Safe
2026-03-16 09:13:57 UTC,9,17,17.2,5.98,23.1,64.4,Safe
2026-03-16 09:14:07 UTC,11,20,17.88,6.08,23.2,64.8,Safe
2026-03-16 09:14:17 UTC,8,17,17.11,5.96,23.2,65.0,Safe
2026-03-16 09:14:27 UTC,10,18,18.0,6.08,23.2,64.7,Safe
2026-03-16 09:14:37 UTC,12,19,17.11,5.98,23.3,64.1,Safe
2026-03-16 09:14:47 UTC,11,21,18.14,6.08,23.3,63.2,Safe
2026-03-16 09:14:57 UTC,9,16,16.84,5.91,23.3,62.2,Safe
2026-03-16 09:15:07 UTC,9,17,17.93,6.08,23.3,61.3,Safe
2026-03-16 09:15:17 UTC,11,19,16.84,5.96,23.3,60.5,Safe
2026-03-16 09:15:27 UTC,11,19,17.85,6.08,23.3,59.9,Safe
2026-03-16 09:15:37 UTC,9,18,17.97,6.08,23.3,59.3,Safe
2026-03-16 09:15:47 UTC,7,17,17.93,6.06,23.3,58.9,Safe
2026-03-16 09:15:57 UTC,8,13,17.93,6.08,23.2,58.4,Safe
2026-03-16 09:16:07 UTC,8,13,16.84,5.94,23.3,58.1,Safe
2026-03-16 09:16:17 UTC,8,13,18.0,6.08,23.2,57.7,Safe
2026-03-16 09:16:27 UTC,8,14,17.03,5.94,23.2,57.5,Safe
2026-03-16 09:16:37 UTC,7,13,17.93,6.06,23.2,57.7,Safe
2026-03-16 09:16:47 UTC,5,11,17.03,5.96,23.2,58.3,Safe
2026-03-16 09:16:57 UTC,6,8,17.76,6.06,23.3,59.2,Safe
2026-03-16 09:17:07 UTC,7,8,17.03,5.98,23.3,60.0,Safe
2026-03-16 09:17:17 UTC,8,10,17.76,6.06,23.3,61.0,Safe
2026-03-16 09:17:27 UTC,7,8,17.03,5.96,23.3,61.8,Safe
2026-03-16 09:17:37 UTC,7,7,18.05,6.08,23.4,62.6,Safe
2026-03-16 09:17:47 UTC,10,14,18.05,6.08,23.4,63.4,Safe
2026-03-16 09:17:57 UTC,6,11,16.84,5.91,23.4,64.1,Safe
2026-03-16 09:18:07 UTC,6,7,18.09,6.08,23.5,64.9,Safe
2026-03-16 09:18:17 UTC,7,8,17.15,5.98,23.5,65.5,Safe
2026-03-16 09:18:27 UTC,8,9,17.93,6.08,23.5,65.7,Safe
2026-03-16 09:18:37 UTC,6,8,16.92,5.94,23.5,65.4,Safe
2026-03-16 09:18:47 UTC,6,8,17.97,6.06,23.6,64.7,Safe
2026-03-16 09:18:57 UTC,6,10,16.98,5.96,23.6,63.8,Safe
2026-03-16 09:19:07 UTC,6,7,17.97,6.06,23.6,63.1,Safe
2026-03-16 09:19:17 UTC,7,8,16.95,5.94,23.6,62.2,Safe
2026-03-16 09:19:27 UTC,6,11,17.76,6.06,23.6,61.4,Safe
2026-03-16 09:19:37 UTC,6,11,17.07,5.94,23.6,60.7,Safe
2026-03-16 09:19:47 UTC,5,8,17.59,6.06,23.6,60.1,Safe
2026-03-16 09:19:57 UTC,6,9,17.59,6.03,23.6,59.5,Safe
2026-03-16 09:20:07 UTC,6,7,16.87,5.94,23.6,59.0,Safe
2026-03-16 09:20:17 UTC,6,6,17.2,6.01,23.5,58.7,Safe
2026-03-16 09:20:27 UTC,6,6,16.84,5.91,23.5,58.3,Safe
2026-03-16 09:20:37 UTC,6,7,17.85,6.06,23.5,58.1,Safe
2026-03-16 09:20:47 UTC,9,12,16.87,5.91,23.5,58.0,Safe
2026-03-16 09:20:57 UTC,8,13,17.59,6.03,23.5,58.1,Safe
2026-03-16 09:21:07 UTC,8,15,16.87,5.89,23.5,58.0,Safe
2026-03-16 09:21:17 UTC,9,14,17.43,5.96,23.5,58.1,Safe
2026-03-16 09:21:27 UTC,13,15,17.85,6.03,23.5,58.1,Safe
2026-03-16 09:21:37 UTC,13,17,17.63,6.01,23.5,58.0,Safe
2026-03-16 09:21:47 UTC,12,17,16.92,5.91,23.5,57.8,Safe
2026-03-16 09:21:57 UTC,12,17,16.44,5.87,23.5,57.7,Safe
2026-03-16 09:22:07 UTC,10,16,17.51,5.98,23.4,57.7,Safe
2026-03-16 09:22:17 UTC,11,15,16.84,5.89,23.4,57.6,Safe
2026-03-16 09:22:27 UTC,11,13,17.68,6.01,23.4,57.6,Safe
2026-03-16 09:22:37 UTC,10,14,16.84,5.89,23.4,57.4,Safe
2026-03-16 09:22:47 UTC,8,13,17.85,6.01,23.4,57.3,Safe
2026-03-16 09:22:57 UTC,7,9,16.84,5.89,23.4,57.5,Safe
2026-03-16 09:23:07 UTC,7,7,17.68,5.98,23.4,57.5,Safe
2026-03-16 09:23:17 UTC,6,6,16.92,5.89,23.4,57.5,Safe
2026-03-16 09:23:27 UTC,6,6,17.59,5.98,23.4,57.7,Safe
2026-03-16 09:23:37 UTC,7,7,17.51,5.96,23.4,57.7,Safe
2026-03-16 09:23:47 UTC,7,8,17.51,5.98,23.4,57.8,Safe
2026-03-16 09:23:57 UTC,8,12,17.23,5.94,23.4,57.9,Safe
2026-03-16 09:24:07 UTC,7,12,16.6,5.87,23.4,57.6,Safe
2026-03-16 09:24:17 UTC,6,8,17.59,5.98,23.4,57.5,Safe
2026-03-16 09:24:27 UTC,6,6,16.84,5.89,23.4,57.4,Safe
2026-03-16 09:24:37 UTC,7,8,17.23,5.96,23.4,57.3,Safe
2026-03-16 09:24:47 UTC,7,9,16.84,5.89,23.4,57.1,Safe
2026-03-16 09:24:57 UTC,7,12,17.71,6.01,23.4,56.9,Safe
2026-03-16 09:25:07 UTC,9,10,16.6,5.84,23.4,56.8,Safe
2026-03-16 09:25:17 UTC,7,7,17.59,5.98,23.3,56.7,Safe
2026-03-16 09:25:27 UTC,8,9,16.84,5.89,23.3,56.6,Safe
2026-03-16 09:25:37 UTC,7,9,17.34,5.94,23.2,56.4,Safe
2026-03-16 09:25:47 UTC,6,9,17.39,5.98,23.2,56.3,Safe
2026-03-16 09:25:57 UTC,5,9,16.84,5.87,23.2,56.2,Safe
2026-03-16 09:26:07 UTC,5,8,17.2,5.91,23.2,56.3,Safe
2026-03-16 09:26:17 UTC,5,6,16.33,5.8,23.2,56.4,Safe
2026-03-16 09:26:27 UTC,6,6,16.95,5.91,23.1,56.4,Safe
2026-03-16 09:26:37 UTC,6,7,16.84,5.89,23.2,56.4,Safe
2026-03-16 09:26:47 UTC,7,8,17.51,5.98,23.2,56.4,Safe
2026-03-16 09:26:57 UTC,6,9,16.71,5.89,23.1,56.4,Safe
2026-03-16 09:27:07 UTC,4,6,17.51,5.91,23.1,56.3,Safe
2026-03-16 09:27:17 UTC,6,7,16.71,5.89,23.1,56.2,Safe
2026-03-16 09:27:27 UTC,6,7,17.56,5.98,23.1,56.1,Safe
2026-03-16 09:27:37 UTC,6,7,16.6,5.82,23.1,56.1,Safe
2026-03-16 09:27:47 UTC,6,7,17.59,5.98,23.1,56.1,Safe
2026-03-16 09:27:57 UTC,6,8,17.48,5.98,23.0,56.1,Safe
2026-03-16 09:28:07 UTC,5,7,16.33,5.87,23.0,56.3,Safe
2026-03-16 09:28:17 UTC,6,7,17.51,5.96,23.0,56.3,Safe
2026-03-16 09:28:27 UTC,7,9,16.84,5.87,23.0,56.4,Safe
2026-03-16 09:28:37 UTC,7,7,16.92,5.89,23.0,56.4,Safe
2026-03-16 09:28:47 UTC,6,7,16.79,5.89,23.0,56.4,Safe
2026-03-16 09:28:57 UTC,6,7,17.59,5.98,23.0,56.4,Safe
2026-03-16 09:29:07 UTC,6,6,16.92,5.89,23.0,56.4,Safe
2026-03-16 09:29:17 UTC,5,6,17.56,5.98,22.9,56.3,Safe
2026-03-16 09:29:27 UTC,4,4,17.56,5.98,22.9,56.4,Safe
2026-03-16 09:29:37 UTC,3,3,17.48,5.96,22.9,56.5,Safe
2026-03-16 09:29:47 UTC,4,5,16.71,5.87,22.9,56.6,Safe
2026-03-16 09:29:57 UTC,5,7,16.79,5.87,22.9,56.7,Safe
2026-03-16 09:30:07 UTC,6,7,17.43,5.98,22.9,56.8,Safe
2026-03-16 09:30:17 UTC,7,7,16.79,5.87,22.9,56.7,Safe
2026-03-16 09:30:27 UTC,5,5,17.43,5.98,22.9,56.7,Safe
2026-03-16 09:30:37 UTC,5,5,16.26,5.8,22.9,56.7,Safe
2026-03-16 09:30:47 UTC,8,9,17.51,5.96,22.9,56.7,Safe
2026-03-16 09:30:57 UTC,6,7,16.79,5.89,22.9,56.7,Safe
2026-03-16 09:31:07 UTC,6,7,17.2,5.89,22.9,56.7,Safe
2026-03-16 09:31:17 UTC,6,8,16.63,5.87,22.9,56.7,Safe
2026-03-16 09:31:27 UTC,6,8,17.48,5.98,22.9,56.8,Safe
2026-03-16 09:31:37 UTC,6,11,17.56,5.96,22.8,56.8,Safe
2026-03-16 09:31:47 UTC,5,7,16.95,5.89,22.8,57.0,Safe
2026-03-16 09:31:57 UTC,4,5,17.56,5.98,22.8,57.1,Safe
2026-03-16 09:32:07 UTC,5,5,16.68,5.87,22.8,57.2,Safe
2026-03-16 09:32:17 UTC,5,6,17.39,5.96,22.8,57.5,Safe
2026-03-16 09:32:27 UTC,6,7,16.71,5.87,22.8,57.5,Safe
2026-03-16 09:32:37 UTC,6,7,17.51,5.98,22.8,57.4,Safe
2026-03-16 09:32:47 UTC,5,8,16.76,5.84,22.8,57.4,Safe
2026-03-16 09:32:57 UTC,6,6,17.28,5.96,22.9,57.2,Safe
2026-03-16 09:33:07 UTC,5,5,16.79,5.87,22.8,57.0,Safe
2026-03-16 09:33:17 UTC,5,6,17.39,5.96,22.9,56.9,Safe
2026-03-16 09:33:27 UTC,6,7,16.49,5.87,22.9,56.8,Safe
2026-03-16 09:33:37 UTC,5,6,17.07,5.96,22.9,56.8,Safe
2026-03-16 09:33:47 UTC,6,6,17.56,5.96,22.9,56.7,Safe
2026-03-16 09:33:57 UTC,5,5,16.23,5.8,22.9,56.6,Safe
2026-03-16 09:34:07 UTC,5,5,17.34,5.96,22.9,56.7,Safe
2026-03-16 09:34:17 UTC,4,4,16.41,5.82,22.9,56.5,Safe
2026-03-16 09:34:27 UTC,4,4,17.43,5.96,22.9,56.7,Safe
2026-03-16 09:34:37 UTC,3,4,16.57,5.87,22.9,56.8,Safe
2026-03-16 09:34:47 UTC,3,4,17.48,5.96,22.9,56.8,Safe
2026-03-16 09:34:57 UTC,4,4,16.71,5.84,22.9,56.9,Safe
2026-03-16 09:35:07 UTC,4,4,17.23,5.94,22.9,56.9,Safe
2026-03-16 09:35:17 UTC,3,4,16.68,5.89,22.9,56.7,Safe
2026-03-16 09:35:27 UTC,4,5,17.48,5.96,22.9,56.6,Safe
2026-03-16 09:35:37 UTC,4,4,16.6,5.87,22.9,56.5,Safe
2026-03-16 09:35:47 UTC,4,5,16.68,5.87,22.9,56.4,Safe
2026-03-16 09:35:57 UTC,5,6,17.48,5.96,22.9,56.3,Safe
2026-03-16 09:36:07 UTC,5,7,16.76,5.87,22.9,56.3,Safe
2026-03-16 09:36:17 UTC,5,6,17.43,5.96,22.9,56.2,Safe
2026-03-16 09:36:27 UTC,5,6,16.57,5.84,22.8,56.2,Safe
2026-03-16 09:36:37 UTC,4,6,17.34,5.96,22.9,56.1,Safe
2026-03-16 09:36:47 UTC,4,5,16.63,5.87,22.8,56.0,Safe
2026-03-16 09:36:57 UTC,4,5,17.39,5.98,22.8,55.9,Safe
2026-03-16 09:37:07 UTC,4,6,16.29,5.82,22.8,55.9,Safe
2026-03-16 09:37:17 UTC,3,6,17.07,5.91,22.8,56.0,Safe
2026-03-16 09:37:27 UTC,5,6,16.87,5.91,22.7,56.1,Safe
2026-03-16 09:37:37 UTC,6,6,17.31,5.94,22.7,56.3,Safe
2026-03-16 09:37:47 UTC,4,6,17.11,5.91,22.7,56.3,Safe
2026-03-16 09:37:57 UTC,4,4,16.57,5.84,22.7,56.4,Safe
2026-03-16 09:38:07 UTC,4,5,16.84,5.89,22.7,56.5,Safe
2026-03-16 09:38:17 UTC,4,5,16.84,5.87,22.6,56.5,Safe
2026-03-16 09:38:27 UTC,3,4,17.11,5.94,22.6,57.0,Safe
2026-03-16 09:38:37 UTC,5,5,16.84,5.87,22.6,58.0,Safe
2026-03-16 09:38:47 UTC,5,7,17.43,5.96,22.6,59.2,Safe
2026-03-16 09:38:57 UTC,4,7,16.79,5.87,22.6,60.5,Safe
2026-03-16 09:39:07 UTC,4,6,17.59,5.98,22.7,61.8,Safe
2026-03-16 09:39:17 UTC,5,6,16.63,5.87,22.7,63.0,Safe
2026-03-16 09:39:27 UTC,4,4,16.84,5.89,22.7,64.1,Safe
2026-03-16 09:39:37 UTC,5,6,17.39,5.98,22.8,65.1,Safe
2026-03-16 09:39:47 UTC,4,6,16.52,5.84,22.8,65.7,Safe
2026-03-16 09:39:57 UTC,4,7,17.56,5.96,22.9,66.2,Safe
2026-03-16 09:40:07 UTC,5,7,16.76,5.87,22.9,66.0,Safe
2026-03-16 09:40:17 UTC,6,8,17.56,5.98,23.0,65.4,Safe
2026-03-16 09:40:27 UTC,5,6,16.57,5.84,23.0,64.4,Safe
2026-03-16 09:40:37 UTC,4,4,17.34,5.91,23.0,63.4,Safe
2026-03-16 09:40:47 UTC,4,4,16.52,5.87,23.0,62.5,Safe
2026-03-16 09:40:57 UTC,4,4,17.39,5.96,23.0,61.7,Safe
2026-03-16 09:41:07 UTC,4,4,16.49,5.87,23.0,61.1,Safe
2026-03-16 09:41:17 UTC,5,5,17.34,5.98,23.0,60.5,Safe
2026-03-16 09:41:27 UTC,5,6,16.23,5.8,23.0,60.1,Safe
2026-03-16 09:41:37 UTC,4,6,17.28,5.89,23.1,59.7,Safe
2026-03-16 09:41:47 UTC,5,8,17.34,5.96,23.1,59.2,Safe
2026-03-16 09:41:57 UTC,4,7,16.68,5.89,23.1,58.7,Safe
2026-03-16 09:42:07 UTC,5,7,17.28,5.96,23.1,58.3,Safe
2026-03-16 09:42:17 UTC,5,6,16.76,5.87,23.1,57.8,Safe
2026-03-16 09:42:27 UTC,5,5,17.48,5.96,23.1,57.8,Safe
2026-03-16 09:42:37 UTC,5,7,16.52,5.82,23.1,58.3,Safe
2026-03-16 09:42:47 UTC,6,7,17.34,5.96,23.1,58.8,Safe
2026-03-16 09:42:57 UTC,5,6,16.76,5.87,23.1,59.7,Safe
2026-03-16 09:43:07 UTC,4,6,17.43,5.98,23.1,60.6,Safe
2026-03-16 09:43:17 UTC,4,6,16.92,5.89,23.1,61.4,Safe
2026-03-16 09:43:27 UTC,3,6,17.59,5.96,23.2,62.0,Safe
2026-03-16 09:43:37 UTC,4,6,17.51,5.98,23.2,62.5,Safe
2026-03-16 09:43:47 UTC,6,6,16.63,5.87,23.2,63.1,Safe
2026-03-16 09:43:57 UTC,4,6,17.56,5.96,23.2,63.5,Safe
2026-03-16 09:44:07 UTC,4,4,16.71,5.87,23.2,64.0,Safe
2026-03-16 09:44:17 UTC,4,5,17.51,5.98,23.3,64.3,Safe
2026-03-16 09:44:27 UTC,3,5,16.79,5.87,23.3,64.6,Safe
2026-03-16 09:44:37 UTC,4,4,17.59,5.98,23.4,65.0,Safe
2026-03-16 09:44:47 UTC,4,4,16.76,5.84,23.3,65.3,Safe
2026-03-16 09:44:57 UTC,3,3,17.48,5.98,23.4,65.6,Safe
2026-03-16 09:45:07 UTC,3,3,16.52,5.82,23.4,65.9,Safe
2026-03-16 09:45:17 UTC,4,5,17.28,5.96,23.4,65.9,Safe
2026-03-16 09:45:27 UTC,5,5,17.43,5.98,23.5,65.3,Safe
2026-03-16 09:45:37 UTC,5,5,16.49,5.82,23.5,64.4,Safe
2026-03-16 09:45:47 UTC,6,7,16.95,5.94,23.5,63.4,Safe
2026-03-16 09:45:57 UTC,5,5,16.63,5.87,23.5,62.5,Safe
2026-03-16 09:46:07 UTC,5,5,17.43,5.98,23.5,61.7,Safe
2026-03-16 09:46:17 UTC,5,6,16.49,5.87,23.5,61.0,Safe
2026-03-16 09:46:27 UTC,4,7,17.48,5.96,23.5,60.4,Safe
2026-03-16 09:46:37 UTC,4,6,16.84,5.87,23.5,59.9,Safe
2026-03-16 09:46:47 UTC,5,7,17.48,5.98,23.5,59.5,Safe
2026-03-16 09:46:57 UTC,4,5,16.49,5.87,23.5,59.2,Safe
2026-03-16 09:47:07 UTC,5,6,17.34,5.96,23.5,58.9,Safe
2026-03-16 09:47:17 UTC,4,6,16.23,5.8,23.5,58.7,Safe
2026-03-16 09:47:27 UTC,5,7,16.29,5.82,23.5,58.7,Safe
2026-03-16 09:47:37 UTC,5,7,17.43,5.94,23.5,58.4,Safe
2026-03-16 09:47:47 UTC,4,6,16.33,5.8,23.5,58.4,Safe
2026-03-16 09:47:57 UTC,4,5,16.84,5.89,23.5,58.0,Safe
2026-03-16 09:48:07 UTC,4,6,16.41,5.82,23.5,57.7,Safe
2026-03-16 09:48:17 UTC,4,6,17.2,5.94,23.5,57.6,Safe
2026-03-16 09:48:27 UTC,5,7,16.26,5.8,23.5,57.5,Safe
2026-03-16 09:48:37 UTC,5,7,17.59,5.98,23.5,57.5,Safe
2026-03-16 09:48:47 UTC,5,7,16.71,5.87,23.5,57.3,Safe
2026-03-16 09:48:57 UTC,5,6,17.48,5.98,23.5,57.0,Safe
2026-03-16 09:49:07 UTC,4,6,17.48,5.98,23.5,56.6,Safe
2026-03-16 09:49:17 UTC,4,5,17.28,5.94,23.5,56.2,Safe
2026-03-16 09:49:27 UTC,4,5,16.76,5.87,23.5,55.8,Safe
2026-03-16 09:49:37 UTC,5,6,16.79,5.87,23.4,55.7,Safe
2026-03-16 09:49:47 UTC,6,7,17.43,5.98,23.4,55.6,Safe
2026-03-16 09:49:57 UTC,5,6,16.33,5.82,23.4,56.3,Safe
2026-03-16 09:50:07 UTC,4,4,17.48,5.96,23.4,57.0,Safe
2026-03-16 09:50:17 UTC,4,5,16.44,5.87,23.4,57.9,Safe
2026-03-16 09:50:27 UTC,4,5,16.92,5.89,23.4,58.8,Safe
2026-03-16 09:50:37 UTC,5,6,16.63,5.87,23.4,59.6,Safe
2026-03-16 09:50:47 UTC,4,5,17.51,5.98,23.4,60.4,Safe
2026-03-16 09:50:57 UTC,3,4,16.84,5.87,23.5,61.3,Safe
2026-03-16 09:51:07 UTC,5,6,17.63,5.98,23.5,62.0,Safe
2026-03-16 09:51:17 UTC,4,7,17.56,5.98,23.5,62.8,Safe
2026-03-16 09:51:27 UTC,5,6,17.59,5.98,23.5,63.4,Safe
2026-03-16 09:51:37 UTC,4,4,17.39,5.98,23.5,63.9,Safe
2026-03-16 09:51:47 UTC,5,6,16.84,5.87,23.6,64.4,Safe
2026-03-16 09:51:57 UTC,4,6,17.51,5.98,23.6,64.7,Safe
2026-03-16 09:52:07 UTC,5,6,16.68,5.87,23.6,64.5,Safe
2026-03-16 09:52:17 UTC,5,6,17.59,5.98,23.6,64.1,Safe
2026-03-16 09:52:27 UTC,5,6,16.84,5.89,23.6,63.2,Safe
2026-03-16 09:52:37 UTC,6,8,17.43,5.96,23.6,62.5,Safe
2026-03-16 09:52:47 UTC,6,9,16.84,5.87,23.6,61.5,Safe
2026-03-16 09:52:57 UTC,4,7,17.34,5.96,23.5,60.7,Safe
2026-03-16 09:53:07 UTC,3,6,16.23,5.8,23.5,60.0,Safe
2026-03-16 09:53:17 UTC,4,7,17.56,5.96,23.5,59.2,Safe
2026-03-16 09:53:27 UTC,4,7,17.39,5.96,23.5,58.6,Safe
2026-03-16 09:53:37 UTC,4,6,16.6,5.87,23.4,58.2,Safe
2026-03-16 09:53:47 UTC,5,5,17.07,5.91,23.4,57.8,Safe
2026-03-16 09:53:57 UTC,5,7,16.52,5.87,23.4,57.5,Safe
2026-03-16 09:54:07 UTC,3,4,17.48,5.96,23.4,57.3,Safe
2026-03-16 09:54:17 UTC,4,4,16.63,5.84,23.3,57.0,Safe
2026-03-16 09:54:27 UTC,5,6,17.34,5.94,23.3,56.8,Safe
2026-03-16 09:54:37 UTC,5,6,16.84,5.87,23.3,57.1,Safe
2026-03-16 09:54:47 UTC,5,6,17.39,5.96,23.3,57.7,Safe
2026-03-16 09:54:57 UTC,4,6,16.84,5.87,23.3,58.5,Safe
2026-03-16 09:55:07 UTC,4,7,17.56,5.98,23.2,59.3,Safe
2026-03-16 09:55:17 UTC,4,7,16.41,5.82,23.2,60.1,Safe
2026-03-16 09:55:27 UTC,4,7,17.56,5.98,23.2,61.0,Safe
2026-03-16 09:55:37 UTC,5,7,17.59,6.01,23.2,61.8,Safe
2026-03-16 09:55:47 UTC,5,7,16.6,5.87,23.2,62.4,Safe
2026-03-16 09:55:57 UTC,4,7,17.56,5.96,23.3,63.0,Safe
2026-03-16 09:56:07 UTC,6,9,16.44,5.84,23.3,63.4,Safe
2026-03-16 09:56:17 UTC,5,6,17.51,5.98,23.3,63.8,Safe
2026-03-16 09:56:27 UTC,5,6,16.71,5.87,23.3,64.3,Safe
2026-03-16 09:56:37 UTC,5,7,17.56,5.98,23.4,64.6,Safe
2026-03-16 09:56:47 UTC,6,6,16.71,5.87,23.3,64.9,Safe
2026-03-16 09:56:57 UTC,6,6,17.56,5.96,23.4,64.4,Safe
2026-03-16 09:57:07 UTC,4,5,17.39,5.98,23.4,63.9,Safe
2026-03-16 09:57:17 UTC,3,4,17.48,5.98,23.4,63.2,Safe
2026-03-16 09:57:27 UTC,4,4,16.84,5.87,23.4,62.2,Safe
2026-03-16 09:57:37 UTC,4,4,16.79,5.87,23.4,61.4,Safe
2026-03-16 09:57:47 UTC,3,4,17.07,5.91,23.4,60.7,Safe
2026-03-16 09:57:57 UTC,3,5,16.71,5.87,23.4,60.0,Safe
2026-03-16 09:58:07 UTC,4,6,16.92,5.89,23.4,59.6,Safe
2026-03-16 09:58:17 UTC,5,5,16.57,5.87,23.4,59.2,Safe
2026-03-16 09:58:27 UTC,4,7,17.39,5.98,23.3,59.1,Safe
2026-03-16 09:58:37 UTC,4,7,16.84,5.84,23.3,59.0,Safe
2026-03-16 09:58:47 UTC,3,4,17.48,5.96,23.3,59.0,Safe
2026-03-16 09:58:57 UTC,3,3,16.33,5.82,23.3,59.2,Safe
2026-03-16 09:59:07 UTC,4,4,17.39,5.98,23.3,59.3,Safe
2026-03-16 09:59:17 UTC,3,6,17.51,5.96,23.2,59.3,Safe
2026-03-16 09:59:27 UTC,3,6,17.03,5.91,23.3,59.3,Safe
2026-03-16 09:59:37 UTC,5,5,17.34,5.96,23.3,59.4,Safe
2026-03-16 09:59:47 UTC,5,5,16.71,5.89,23.3,59.4,Safe
2026-03-16 09:59:57 UTC,5,5,17.31,5.98,23.2,59.2,Safe
2026-03-16 10:00:07 UTC,4,5,16.71,5.87,23.2,59.0,Safe
2026-03-16 10:00:17 UTC,4,7,17.48,5.98,23.2,58.6,Safe
2026-03-16 10:00:27 UTC,4,6,16.49,5.87,23.2,58.5,Safe
2026-03-16 10:00:37 UTC,4,7,17.03,5.91,23.2,58.3,Safe
2026-03-16 10:00:47 UTC,4,5,16.84,5.89,23.2,58.2,Safe
2026-03-16 10:00:57 UTC,5,5,17.48,5.98,23.2,58.1,Safe
2026-03-16 10:01:07 UTC,4,4,16.87,5.89,23.2,58.2,Safe
2026-03-16 10:01:17 UTC,3,5,17.63,5.98,23.2,58.5,Safe
2026-03-16 10:01:27 UTC,5,10,17.03,5.94,23.2,58.8,Safe
2026-03-16 10:01:37 UTC,4,6,16.84,5.89,23.2,59.0,Safe
2026-03-16 10:01:47 UTC,4,5,17.8,5.98,23.3,59.1,Safe
2026-03-16 10:01:57 UTC,3,5,16.6,5.84,23.3,59.2,Safe
2026-03-16 10:02:07 UTC,4,7,17.51,5.98,23.3,59.1,Safe
2026-03-16 10:02:17 UTC,5,7,16.6,5.84,23.3,59.1,Safe
2026-03-16 10:02:27 UTC,5,6,17.48,5.98,23.3,59.1,Safe
2026-03-16 10:02:37 UTC,5,5,16.84,5.89,23.3,58.9,Safe
2026-03-16 10:02:47 UTC,4,5,17.28,5.94,23.3,58.8,Safe
2026-03-16 10:02:57 UTC,4,6,16.6,5.84,23.3,58.7,Safe
2026-03-16 10:03:07 UTC,4,5,17.56,5.98,23.3,58.6,Safe
2026-03-16 10:03:17 UTC,3,4,16.84,5.89,23.4,58.5,Safe
2026-03-16 10:03:27 UTC,3,5,16.37,5.82,23.4,58.2,Safe
2026-03-16 10:03:37 UTC,3,5,16.95,5.91,23.4,57.9,Safe
2026-03-16 10:03:47 UTC,2,4,16.79,5.89,23.4,58.2,Safe
2026-03-16 10:03:57 UTC,3,4,17.76,6.01,23.4,58.9,Safe
2026-03-16 10:04:07 UTC,2,3,16.84,5.89,23.4,59.7,Safe
2026-03-16 10:04:17 UTC,3,4,17.71,5.98,23.5,60.6,Safe
2026-03-16 10:04:27 UTC,3,3,16.41,5.84,23.5,61.4,Safe
2026-03-16 10:04:37 UTC,3,3,17.34,5.94,23.6,62.0,Safe
2026-03-16 10:04:47 UTC,3,4,16.84,5.91,23.6,62.6,Safe
2026-03-16 10:04:57 UTC,3,3,17.76,6.01,23.6,63.2,Safe
2026-03-16 10:05:07 UTC,4,4,17.71,6.01,23.6,63.6,Safe
2026-03-16 10:05:17 UTC,3,3,17.48,5.98,23.7,64.0,Safe
2026-03-16 10:05:27 UTC,4,5,17.59,6.01,23.7,64.3,Safe
2026-03-16 10:05:37 UTC,2,3,17.07,5.89,23.8,64.7,Safe
2026-03-16 10:05:47 UTC,3,4,17.71,5.98,23.8,65.1,Safe
2026-03-16 10:05:57 UTC,4,5,16.49,5.82,23.8,65.5,Safe
2026-03-16 10:06:07 UTC,4,6,17.23,5.98,23.8,65.9,Safe
2026-03-16 10:06:17 UTC,3,4,16.84,5.89,23.9,66.2,Safe
2026-03-16 10:06:27 UTC,3,4,17.68,6.01,23.9,66.5,Safe
2026-03-16 10:06:37 UTC,4,6,16.76,5.87,23.9,66.8,Safe
2026-03-16 10:06:47 UTC,2,5,17.59,6.03,24.0,67.1,Safe
2026-03-16 10:06:57 UTC,2,4,16.41,5.87,24.0,67.5,Safe
2026-03-16 10:07:07 UTC,3,5,17.85,5.98,24.0,67.7,Safe
2026-03-16 10:07:17 UTC,3,4,17.85,6.01,24.1,68.0,Safe
2026-03-16 10:07:27 UTC,1,1,16.79,5.89,24.1,68.2,Safe
2026-03-16 10:07:37 UTC,1,1,17.68,6.01,24.1,68.4,Safe
2026-03-16 10:07:47 UTC,1,3,16.98,5.91,24.1,68.6,Safe
2026-03-16 10:07:57 UTC,3,5,17.97,6.03,24.2,68.7,Safe
2026-03-16 10:08:07 UTC,4,6,16.84,5.91,24.2,69.0,Safe
2026-03-16 10:08:17 UTC,4,4,17.68,6.01,24.2,69.3,Safe
2026-03-16 10:08:27 UTC,4,5,16.84,5.91,24.2,69.5,Safe
2026-03-16 10:08:37 UTC,4,6,17.93,6.03,24.3,69.8,Safe
2026-03-16 10:08:47 UTC,2,4,16.92,5.91,24.3,70.1,Safe
2026-03-16 10:08:57 UTC,2,4,17.68,6.03,24.3,70.2,Safe
2026-03-16 10:09:07 UTC,3,6,16.76,5.84,24.4,70.5,Safe
2026-03-16 10:09:17 UTC,4,5,18.09,6.03,24.4,70.6,Safe
2026-03-16 10:09:27 UTC,3,4,17.76,6.06,24.4,70.8,Safe
2026-03-16 10:09:37 UTC,2,4,17.07,5.91,24.5,70.8,Safe
2026-03-16 10:09:47 UTC,2,4,17.71,6.06,24.5,70.9,Safe
2026-03-16 10:09:57 UTC,3,6,17.03,5.94,24.5,71.1,Safe
2026-03-16 10:10:07 UTC,3,7,17.93,6.01,24.6,71.1,Safe
2026-03-16 10:10:17 UTC,3,4,16.98,5.94,24.6,71.2,Safe
2026-03-16 10:10:27 UTC,3,5,17.51,5.96,24.6,71.4,Safe
2026-03-16 10:10:37 UTC,2,4,16.92,5.91,24.6,71.4,Safe
2026-03-16 10:10:47 UTC,3,4,17.93,6.06,24.7,71.6,Safe
2026-03-16 10:10:57 UTC,1,4,17.71,6.03,24.7,71.7,Safe
2026-03-16 10:11:07 UTC,1,6,17.93,6.01,24.7,71.7,Safe
2026-03-16 10:11:17 UTC,2,4,17.88,6.01,24.8,71.9,Safe
2026-03-16 10:11:27 UTC,3,6,16.84,5.89,24.8,72.0,Safe
2026-03-16 10:11:37 UTC,3,5,17.68,6.03,24.8,72.1,Safe
2026-03-16 10:11:47 UTC,3,3,17.23,5.94,24.8,72.3,Safe
2026-03-16 10:11:57 UTC,3,4,17.43,5.98,24.8,72.3,Safe
2026-03-16 10:12:07 UTC,3,4,16.98,5.89,24.8,72.4,Safe
2026-03-16 10:12:17 UTC,3,5,18.0,6.03,24.9,72.5,Safe
2026-03-16 10:12:27 UTC,5,7,17.07,5.91,24.9,72.6,Safe
2026-03-16 10:12:37 UTC,3,7,17.51,6.01,24.9,72.7,Safe
2026-03-16 10:12:47 UTC,1,4,17.03,5.89,25.0,72.8,Safe
2026-03-16 10:12:57 UTC,2,4,18.0,6.06,25.0,72.9,Safe
2026-03-16 10:13:07 UTC,2,5,17.8,5.98,25.0,73.0,Safe
2026-03-16 10:13:17 UTC,3,4,17.2,5.94,25.0,73.0,Safe
2026-03-16 10:13:27 UTC,3,5,18.09,6.01,25.1,73.1,Safe
2026-03-16 10:13:37 UTC,2,4,17.28,5.94,25.1,73.1,Safe
2026-03-16 10:13:47 UTC,1,4,18.0,6.03,25.1,73.3,Safe
2026-03-16 10:13:57 UTC,2,3,17.2,5.91,25.1,73.4,Safe
2026-03-16 10:14:07 UTC,2,4,18.14,6.03,25.1,73.5,Safe
2026-03-16 10:14:17 UTC,1,4,16.84,5.89,25.2,73.6,Safe
2026-03-16 10:14:27 UTC,1,3,17.93,6.06,25.2,73.8,Safe
2026-03-16 10:14:37 UTC,2,4,17.11,5.91,25.2,73.8,Safe
2026-03-16 10:14:47 UTC,3,4,18.05,6.06,25.2,73.9,Safe
2026-03-16 10:14:57 UTC,3,3,17.11,5.96,25.2,74.0,Safe
2026-03-16 10:15:07 UTC,4,4,16.92,5.89,25.3,74.1,Safe
2026-03-16 10:15:17 UTC,3,3,18.14,6.06,25.3,74.1,Safe
2026-03-16 10:15:27 UTC,3,3,16.71,5.89,25.3,74.2,Safe
2026-03-16 10:15:37 UTC,3,4,18.05,6.06,25.3,74.3,Safe
2026-03-16 10:15:47 UTC,2,3,17.11,5.94,25.3,74.4,Safe
2026-03-16 10:15:57 UTC,2,2,18.09,6.06,25.3,74.4,Safe
2026-03-16 10:16:07 UTC,2,2,17.11,5.94,25.3,74.5,Safe
2026-03-16 10:16:17 UTC,2,4,18.09,6.06,25.4,74.5,Safe
2026-03-16 10:16:27 UTC,2,4,17.03,5.91,25.4,74.5,Safe
2026-03-16 10:16:37 UTC,2,4,18.09,6.03,25.4,74.5,Safe
2026-03-16 10:16:47 UTC,4,5,17.76,6.08,25.4,74.6,Safe
2026-03-16 10:16:57 UTC,4,5,17.97,6.06,25.4,74.7,Safe
2026-03-16 10:17:07 UTC,4,5,17.93,6.06,25.4,74.8,Safe
2026-03-16 10:17:17 UTC,3,4,17.23,5.91,25.5,74.8,Safe
2026-03-16 10:17:27 UTC,4,4,18.0,6.03,25.5,74.9,Safe
2026-03-16 10:17:37 UTC,3,3,16.84,5.89,25.5,74.9,Safe
2026-03-16 10:17:47 UTC,1,1,18.0,6.03,25.5,74.9,Safe
2026-03-16 10:17:57 UTC,2,2,17.07,5.89,25.5,74.9,Safe
2026-03-16 10:18:07 UTC,1,2,17.97,6.03,25.6,75.0,Safe
2026-03-16 10:18:17 UTC,1,3,17.11,5.91,25.6,75.1,Safe
2026-03-16 10:18:27 UTC,1,3,17.85,6.06,25.6,75.1,Safe
2026-03-16 10:18:37 UTC,1,4,16.92,5.91,25.6,75.0,Safe
2026-03-16 10:18:47 UTC,2,5,17.88,6.06,25.6,75.0,Safe
2026-03-16 10:18:57 UTC,3,7,17.97,6.03,25.6,75.1,Safe
2026-03-16 10:19:07 UTC,4,7,16.98,5.96,25.6,75.1,Safe
2026-03-16 10:19:17 UTC,2,6,17.88,6.06,25.7,75.2,Safe
2026-03-16 10:19:27 UTC,1,4,16.98,5.91,25.7,75.2,Safe
2026-03-16 10:19:37 UTC,1,3,17.76,6.06,25.7,75.0,Safe
2026-03-16 10:19:47 UTC,1,3,17.03,5.94,25.7,74.4,Safe
2026-03-16 10:19:57 UTC,3,5,17.76,6.03,25.7,73.4,Safe
2026-03-16 10:20:07 UTC,3,4,16.87,5.91,25.7,72.3,Safe
2026-03-16 10:20:17 UTC,4,4,17.76,6.01,25.7,71.4,Safe
2026-03-16 10:20:27 UTC,3,3,16.63,5.87,25.7,70.3,Safe
2026-03-16 10:20:37 UTC,2,3,17.71,6.01,25.7,69.4,Safe
2026-03-16 10:20:47 UTC,2,3,16.92,5.89,25.6,68.5,Safe
2026-03-16 10:20:57 UTC,2,3,16.84,5.91,25.6,67.6,Safe
2026-03-16 10:21:07 UTC,2,5,17.68,5.98,25.6,66.8,Safe
2026-03-16 10:21:17 UTC,2,3,16.63,5.84,25.5,66.5,Safe
2026-03-16 10:21:27 UTC,1,3,17.71,6.01,25.5,67.0,Safe
2026-03-16 10:21:37 UTC,1,3,16.87,5.91,25.5,67.7,Safe
2026-03-16 10:21:47 UTC,3,5,17.68,6.03,25.5,68.5,Safe
2026-03-16 10:21:57 UTC,4,5,16.87,5.89,25.5,69.3,Safe
2026-03-16 10:22:07 UTC,4,4,17.8,6.03,25.4,70.0,Safe
2026-03-16 10:22:17 UTC,5,6,16.92,5.91,25.4,70.6,Safe
2026-03-16 10:22:27 UTC,3,4,17.34,5.96,25.5,71.2,Safe
2026-03-16 10:22:37 UTC,2,2,18.05,6.03,25.5,71.7,Safe
2026-03-16 10:22:47 UTC,2,2,18.0,6.03,25.4,72.0,Safe
2026-03-16 10:22:57 UTC,3,3,18.14,6.06,25.5,72.3,Safe
2026-03-16 10:23:07 UTC,3,4,16.79,5.89,25.5,72.6,Safe
2026-03-16 10:23:17 UTC,2,4,17.85,6.03,25.5,72.8,Safe
2026-03-16 10:23:27 UTC,2,3,17.11,5.94,25.5,73.1,Safe
2026-03-16 10:23:37 UTC,2,4,17.8,6.03,25.5,73.2,Safe
2026-03-16 10:23:47 UTC,3,3,16.98,5.91,25.5,73.4,Safe
2026-03-16 10:23:57 UTC,3,3,17.28,5.96,25.5,73.7,Safe
2026-03-16 10:24:07 UTC,2,4,16.87,5.91,25.5,73.8,Safe
2026-03-16 10:24:17 UTC,2,3,17.88,6.01,25.6,73.9,Safe
2026-03-16 10:24:27 UTC,3,4,16.95,5.91,25.6,74.0,Safe
2026-03-16 10:24:37 UTC,2,2,17.88,6.03,25.6,74.2,Safe
2026-03-16 10:24:47 UTC,1,1,18.0,6.06,25.6,74.3,Safe
2026-03-16 10:24:57 UTC,1,2,16.84,5.91,25.6,74.5,Safe
2026-03-16 10:25:07 UTC,2,2,17.31,5.98,25.7,74.6,Safe
2026-03-16 10:25:17 UTC,2,4,16.92,5.91,25.7,74.6,Safe
2026-03-16 10:25:27 UTC,2,2,17.76,6.06,25.7,73.9,Safe
2026-03-16 10:25:37 UTC,1,1,16.41,5.87,25.7,73.0,Safe
2026-03-16 10:25:47 UTC,1,2,17.93,6.03,25.7,71.8,Safe
2026-03-16 10:25:57 UTC,2,3,16.87,5.89,25.7,70.9,Safe
2026-03-16 10:26:07 UTC,3,5,17.88,6.01,25.6,69.8,Safe
2026-03-16 10:26:17 UTC,4,6,16.95,5.89,25.6,68.9,Safe
2026-03-16 10:26:27 UTC,4,5,17.59,6.01,25.6,68.2,Safe
2026-03-16 10:26:37 UTC,3,5,16.92,5.89,25.6,67.6,Safe
2026-03-16 10:26:47 UTC,3,3,17.51,6.01,25.5,66.9,Safe
2026-03-16 10:26:57 UTC,3,4,17.59,6.01,25.5,66.3,Safe
2026-03-16 10:27:07 UTC,3,3,16.92,5.91,25.4,65.9,Safe
2026-03-16 10:27:17 UTC,3,3,17.68,5.98,25.4,66.2,Safe
2026-03-16 10:27:27 UTC,3,4,16.76,5.82,25.4,66.9,Safe
2026-03-16 10:27:37 UTC,3,4,17.48,5.96,25.4,67.5,Safe
2026-03-16 10:27:47 UTC,3,3,16.57,5.89,25.4,68.4,Safe
2026-03-16 10:27:57 UTC,2,3,17.71,6.01,25.4,68.9,Safe
2026-03-16 10:28:07 UTC,2,4,16.98,5.91,25.4,69.5,Safe
2026-03-16 10:28:17 UTC,1,4,17.76,5.98,25.4,70.0,Safe
2026-03-16 10:28:27 UTC,2,4,17.8,6.01,25.4,70.5,Safe
2026-03-16 10:28:37 UTC,3,4,17.76,6.03,25.4,71.0,Safe
2026-03-16 10:28:47 UTC,3,4,17.68,6.01,25.4,71.3,Safe
2026-03-16 10:28:57 UTC,3,4,16.84,5.91,25.5,71.6,Safe
2026-03-16 10:29:07 UTC,3,4,17.88,6.01,25.5,71.8,Safe
2026-03-16 10:29:17 UTC,3,4,16.84,5.89,25.5,72.1,Safe
2026-03-16 10:29:27 UTC,3,3,17.71,6.01,25.5,72.3,Safe
2026-03-16 10:29:37 UTC,2,3,17.03,5.91,25.5,72.5,Safe
2026-03-16 10:29:47 UTC,3,3,17.56,5.98,25.5,72.6,Safe
2026-03-16 10:29:57 UTC,3,3,16.84,5.91,25.5,72.9,Safe
2026-03-16 10:30:07 UTC,2,3,17.48,6.01,25.6,73.1,Safe
2026-03-16 10:30:17 UTC,3,4,16.95,5.89,25.6,73.3,Safe
2026-03-16 10:30:27 UTC,2,3,17.76,6.03,25.6,73.5,Safe
2026-03-16 10:30:37 UTC,1,2,17.85,6.06,25.6,73.6,Safe
2026-03-16 10:30:47 UTC,2,2,16.84,5.89,25.7,73.4,Safe
2026-03-16 10:30:57 UTC,1,3,17.56,6.01,25.7,72.6,Safe
2026-03-16 10:31:07 UTC,2,3,16.95,5.91,25.7,71.5,Safe
2026-03-16 10:31:17 UTC,3,3,17.11,5.96,25.7,70.5,Safe
2026-03-16 10:31:27 UTC,3,4,16.84,5.91,25.6,69.6,Safe
2026-03-16 10:31:37 UTC,1,3,17.43,5.98,25.6,68.3,Safe
2026-03-16 10:31:47 UTC,1,2,16.87,5.89,25.6,67.2,Safe
2026-03-16 10:31:57 UTC,1,2,17.63,6.01,25.6,66.4,Safe
2026-03-16 10:32:07 UTC,1,3,16.79,5.89,25.5,65.9,Safe
2026-03-16 10:32:17 UTC,1,2,17.43,5.98,25.5,65.2,Safe
2026-03-16 10:32:27 UTC,1,1,16.84,5.89,25.5,64.5,Safe
2026-03-16 10:32:37 UTC,1,2,16.79,5.89,25.5,64.0,Safe
2026-03-16 10:32:47 UTC,2,3,17.48,6.01,25.5,63.6,Safe
2026-03-16 10:32:57 UTC,4,4,16.79,5.89,25.4,63.1,Safe
2026-03-16 10:33:07 UTC,3,3,17.43,5.98,25.3,62.7,Safe
2026-03-16 10:33:17 UTC,2,3,16.79,5.89,25.3,63.0,Safe
2026-03-16 10:33:27 UTC,3,3,17.59,5.96,25.3,63.7,Safe
2026-03-16 10:33:37 UTC,3,4,16.84,5.89,25.3,64.6,Safe
2026-03-16 10:33:47 UTC,2,3,17.48,5.98,25.3,65.4,Safe
2026-03-16 10:33:57 UTC,2,2,16.71,5.87,25.2,66.2,Safe
2026-03-16 10:34:07 UTC,2,3,17.34,5.96,25.3,67.0,Safe
2026-03-16 10:34:17 UTC,1,2,17.51,5.98,25.3,67.7,Safe
2026-03-16 10:34:27 UTC,0,2,16.44,5.84,25.3,68.4,Safe
2026-03-16 10:34:37 UTC,0,2,17.8,5.98,25.3,68.9,Safe
2026-03-16 10:34:47 UTC,0,3,16.79,5.89,25.3,69.4,Safe
2026-03-16 10:34:57 UTC,0,2,17.68,6.01,25.3,69.7,Safe
2026-03-16 10:35:07 UTC,0,2,16.57,5.84,25.4,70.0,Safe
2026-03-16 10:35:17 UTC,1,4,17.76,6.01,25.4,70.2,Safe
2026-03-16 10:35:27 UTC,2,4,16.84,5.89,25.5,70.3,Safe
2026-03-16 10:35:37 UTC,2,2,17.31,5.96,25.5,70.5,Safe
2026-03-16 10:35:47 UTC,2,2,16.87,5.89,25.5,70.5,Safe
2026-03-16 10:35:57 UTC,2,3,17.71,5.98,25.5,70.6,Safe
2026-03-16 10:36:07 UTC,3,5,16.84,5.89,25.6,70.6,Safe
2026-03-16 10:36:17 UTC,2,3,17.59,5.98,25.6,70.8,Safe
2026-03-16 10:36:27 UTC,1,3,17.48,5.96,25.6,70.9,Safe
2026-03-16 10:36:37 UTC,1,3,16.33,5.82,25.6,71.1,Safe
2026-03-16 10:36:47 UTC,1,3,17.51,5.98,25.6,71.1,Safe
2026-03-16 10:36:57 UTC,2,3,16.79,5.89,25.6,71.2,Safe
2026-03-16 10:37:07 UTC,2,4,17.51,5.98,25.6,71.3,Safe
2026-03-16 10:37:17 UTC,1,4,16.87,5.89,25.7,71.4,Safe
2026-03-16 10:37:27 UTC,1,3,17.56,5.98,25.7,71.4,Safe
2026-03-16 10:37:37 UTC,1,3,16.26,5.82,25.7,71.4,Safe
2026-03-16 10:37:47 UTC,1,2,17.48,5.98,25.7,71.1,Safe
2026-03-16 10:37:57 UTC,0,1,17.51,5.98,25.7,69.9,Safe
2026-03-16 10:38:07 UTC,0,2,17.31,5.96,25.7,68.9,Safe
2026-03-16 10:38:17 UTC,0,2,17.51,5.98,25.7,67.5,Safe
2026-03-16 10:38:27 UTC,0,2,16.68,5.89,25.6,66.4,Safe
2026-03-16 10:38:37 UTC,1,2,17.39,5.98,25.6,65.6,Safe
2026-03-16 10:38:47 UTC,1,2,16.57,5.87,25.6,64.8,Safe
2026-03-16 10:38:57 UTC,1,3,17.03,5.94,25.6,64.3,Safe
2026-03-16 10:39:07 UTC,2,2,16.33,5.84,25.5,63.5,Safe
2026-03-16 10:39:17 UTC,2,2,17.34,5.98,25.5,62.9,Safe
2026-03-16 10:39:27 UTC,2,2,16.71,5.87,25.5,62.4,Safe
2026-03-16 10:39:37 UTC,1,2,17.43,5.98,25.5,62.7,Safe
2026-03-16 10:39:47 UTC,1,1,16.63,5.87,25.4,63.6,Safe
2026-03-16 10:39:57 UTC,1,1,17.59,5.98,25.4,64.4,Safe
2026-03-16 10:40:07 UTC,1,1,17.43,5.96,25.4,65.3,Safe
2026-03-16 10:40:17 UTC,1,1,16.76,5.87,25.4,66.0,Safe
2026-03-16 10:40:27 UTC,2,3,17.51,5.98,25.4,66.7,Safe
2026-03-16 10:40:37 UTC,2,3,16.6,5.89,25.4,67.3,Safe
2026-03-16 10:40:47 UTC,2,3,17.39,5.98,25.4,67.9,Safe
2026-03-16 10:40:57 UTC,2,3,16.71,5.89,25.4,68.4,Safe
2026-03-16 10:41:07 UTC,2,2,17.11,5.94,25.4,68.8,Safe
2026-03-16 10:41:17 UTC,2,3,16.84,5.89,25.5,69.2,Safe
2026-03-16 10:41:27 UTC,2,3,17.51,5.94,25.4,69.5,Safe
2026-03-16 10:41:37 UTC,2,3,17.56,5.98,25.4,69.9,Safe
2026-03-16 10:41:47 UTC,2,4,17.51,5.98,25.5,70.2,Safe
2026-03-16 10:41:57 UTC,2,2,16.84,5.89,25.5,70.4,Safe
2026-03-16 10:42:07 UTC,2,2,16.57,5.87,25.5,70.8,Safe
2026-03-16 10:42:17 UTC,2,2,17.51,5.98,25.5,70.9,Safe
2026-03-16 10:42:27 UTC,2,2,16.79,5.89,25.5,71.1,Safe
2026-03-16 10:42:37 UTC,2,2,17.51,5.98,25.6,71.4,Safe
2026-03-16 10:42:47 UTC,2,2,16.79,5.89,25.5,71.5,Safe
2026-03-16 10:42:57 UTC,2,2,17.59,5.98,25.6,71.8,Safe
2026-03-16 10:43:07 UTC,1,4,16.26,5.82,25.6,72.0,Safe
2026-03-16 10:43:17 UTC,2,6,17.88,6.01,25.6,71.8,Safe
2026-03-16 10:43:27 UTC,1,3,16.79,5.89,25.6,70.9,Safe
2026-03-16 10:43:37 UTC,3,4,17.51,6.01,25.6,69.9,Safe
2026-03-16 10:43:47 UTC,2,3,17.48,5.98,25.6,68.8,Safe
2026-03-16 10:43:57 UTC,1,2,16.41,5.87,25.6,67.8,Safe
2026-03-16 10:44:07 UTC,1,2,17.11,5.98,25.6,66.8,Safe
2026-03-16 10:44:17 UTC,1,3,16.76,5.87,25.6,66.1,Safe
2026-03-16 10:44:27 UTC,1,2,17.48,5.98,25.5,65.6,Safe
2026-03-16 10:44:37 UTC,1,2,16.71,5.87,25.5,65.0,Safe
2026-03-16 10:44:47 UTC,1,2,17.15,5.94,25.5,64.4,Safe
2026-03-16 10:44:57 UTC,1,2,16.71,5.87,25.5,63.8,Safe
2026-03-16 10:45:07 UTC,1,2,17.39,5.96,25.5,63.3,Safe
2026-03-16 10:45:17 UTC,1,3,16.63,5.87,25.4,63.1,Safe
2026-03-16 10:45:27 UTC,2,3,17.51,5.98,25.4,63.6,Safe
2026-03-16 10:45:37 UTC,2,2,16.41,5.82,25.4,64.5,Safe
2026-03-16 10:45:47 UTC,2,4,17.48,5.96,25.4,65.3,Safe
2026-03-16 10:45:57 UTC,2,6,17.48,5.98,25.4,66.1,Safe
2026-03-16 10:46:07 UTC,2,4,16.84,5.89,25.4,66.8,Safe
2026-03-16 10:46:17 UTC,2,3,17.51,6.01,25.4,67.5,Safe
2026-03-16 10:46:27 UTC,2,3,16.87,5.89,25.4,68.1,Safe
2026-03-16 10:46:37 UTC,2,2,17.28,5.98,25.4,68.4,Safe
2026-03-16 10:46:47 UTC,1,2,16.41,5.8,25.4,68.9,Safe
2026-03-16 10:46:57 UTC,1,5,17.51,5.96,25.4,69.3,Safe
2026-03-16 10:47:07 UTC,1,3,16.37,5.82,25.4,69.6,Safe
2026-03-16 10:47:17 UTC,2,3,17.07,5.91,25.5,69.9,Safe
2026-03-16 10:47:27 UTC,1,2,17.43,5.98,25.5,70.1,Safe
2026-03-16 10:47:37 UTC,1,2,17.51,5.98,25.5,70.5,Safe
2026-03-16 10:47:47 UTC,1,3,17.59,5.98,25.5,70.6,Safe
2026-03-16 10:47:57 UTC,2,3,16.76,5.89,25.6,70.8,Safe
2026-03-16 10:48:07 UTC,3,3,17.68,5.98,25.6,71.1,Safe
2026-03-16 10:48:17 UTC,4,4,16.33,5.84,25.6,71.2,Safe
2026-03-16 10:48:27 UTC,3,3,17.71,6.01,25.6,71.4,Safe
2026-03-16 10:48:37 UTC,3,3,16.84,5.89,25.6,71.6,Safe
2026-03-16 10:48:47 UTC,1,3,17.48,5.98,25.7,71.7,Safe
2026-03-16 10:48:57 UTC,1,3,16.84,5.87,25.7,71.9,Safe
2026-03-16 10:49:07 UTC,2,3,17.59,6.01,25.7,71.7,Safe
2026-03-16 10:49:17 UTC,1,4,16.84,5.89,25.7,71.0,Safe
2026-03-16 10:49:27 UTC,2,6,17.56,5.98,25.7,69.8,Safe
2026-03-16 10:49:37 UTC,2,4,17.48,5.98,25.7,68.7,Safe
2026-03-16 10:49:47 UTC,2,2,16.23,5.82,25.7,67.7,Safe
2026-03-16 10:49:57 UTC,2,2,17.2,5.94,25.7,66.8,Safe
2026-03-16 10:50:07 UTC,2,3,16.84,5.89,25.7,66.0,Safe
2026-03-16 10:50:17 UTC,1,2,17.03,5.91,25.7,65.5,Safe
2026-03-16 10:50:27 UTC,1,1,16.57,5.87,25.6,65.0,Safe
2026-03-16 10:50:37 UTC,1,2,17.34,5.98,25.7,64.6,Safe
2026-03-16 10:50:47 UTC,1,4,16.6,5.87,25.6,64.0,Safe
2026-03-16 10:50:57 UTC,1,2,17.2,5.96,25.6,63.4,Safe
2026-03-16 10:51:07 UTC,2,2,17.23,5.94,25.6,63.0,Safe
2026-03-16 10:51:17 UTC,2,3,17.34,5.98,25.6,63.2,Safe
2026-03-16 10:51:27 UTC,2,2,16.68,5.87,25.6,63.9,Safe
2026-03-16 10:51:37 UTC,4,5,16.79,5.89,25.5,64.8,Safe
2026-03-16 10:51:47 UTC,2,3,17.56,5.98,25.5,65.6,Safe
2026-03-16 10:51:57 UTC,1,2,16.71,5.87,25.5,66.3,Safe
2026-03-16 10:52:07 UTC,1,2,17.59,6.01,25.6,67.1,Safe
2026-03-16 10:52:17 UTC,2,2,16.76,5.89,25.5,67.7,Safe
2026-03-16 10:52:27 UTC,3,3,17.56,5.96,25.6,68.1,Safe
2026-03-16 10:52:37 UTC,2,3,16.71,5.84,25.6,68.6,Safe
2026-03-16 10:52:47 UTC,2,3,17.39,6.01,25.6,68.9,Safe
2026-03-16 10:52:57 UTC,2,2,16.44,5.8,25.6,69.3,Safe
2026-03-16 10:53:07 UTC,2,2,17.68,5.98,25.6,69.5,Safe
2026-03-16 10:53:17 UTC,3,3,17.43,5.98,25.7,69.8,Safe
2026-03-16 10:53:27 UTC,3,4,16.84,5.89,25.7,69.9,Safe
2026-03-16 10:53:37 UTC,3,4,17.48,5.98,25.7,70.1,Safe
2026-03-16 10:53:47 UTC,2,2,16.87,5.89,25.7,70.3,Safe
2026-03-16 10:53:57 UTC,2,3,17.59,5.98,25.7,70.5,Safe
2026-03-16 10:54:07 UTC,2,5,16.84,5.89,25.7,70.6,Safe
2026-03-16 10:54:17 UTC,1,5,17.63,5.98,25.8,70.8,Safe
2026-03-16 10:54:27 UTC,1,5,16.71,5.89,25.8,71.0,Safe
2026-03-16 10:54:37 UTC,1,2,17.59,5.98,25.8,71.2,Safe
2026-03-16 10:54:47 UTC,1,1,16.92,5.89,25.8,71.3,Safe
2026-03-16 10:54:57 UTC,1,1,17.68,5.98,25.8,71.6,Safe
2026-03-16 10:55:07 UTC,1,3,16.84,5.89,25.8,71.7,Safe
2026-03-16 10:55:17 UTC,1,3,17.51,5.98,25.9,71.8,Safe
2026-03-16 10:55:27 UTC,1,3,17.51,5.98,25.9,71.4,Safe
2026-03-16 10:55:37 UTC,2,3,16.84,5.89,25.9,70.6,Safe
2026-03-16 10:55:47 UTC,1,2,17.68,6.01,25.9,69.5,Safe
2026-03-16 10:55:57 UTC,1,1,16.71,5.89,25.9,68.3,Safe
2026-03-16 10:56:07 UTC,1,3,17.56,5.98,25.9,67.3,Safe
2026-03-16 10:56:17 UTC,2,5,16.63,5.89,25.8,66.4,Safe
2026-03-16 10:56:27 UTC,3,5,17.28,5.96,25.8,65.8,Safe
2026-03-16 10:56:37 UTC,2,4,16.84,5.89,25.8,65.2,Safe
2026-03-16 10:56:47 UTC,2,5,17.56,5.98,25.8,64.8,Safe
2026-03-16 10:56:57 UTC,3,8,17.07,5.91,25.8,64.3,Safe
2026-03-16 10:57:07 UTC,4,6,16.95,5.91,25.8,63.8,Safe
2026-03-16 10:57:17 UTC,2,5,17.48,5.98,25.7,63.3,Safe
2026-03-16 10:57:27 UTC,3,6,16.71,5.89,25.7,62.8,Safe
2026-03-16 10:57:37 UTC,5,6,17.51,5.98,25.7,62.8,Safe
2026-03-16 10:57:47 UTC,5,8,16.84,5.87,25.7,63.3,Safe
2026-03-16 10:57:57 UTC,6,9,17.2,5.91,25.7,64.0,Safe
2026-03-16 10:58:07 UTC,5,8,16.84,5.89,25.7,64.7,Safe
2026-03-16 10:58:17 UTC,5,9,17.56,5.98,25.7,65.5,Safe
2026-03-16 10:58:27 UTC,4,8,16.41,5.82,25.7,66.3,Safe
2026-03-16 10:58:37 UTC,3,6,17.63,5.98,25.7,66.5,Safe
2026-03-16 10:58:47 UTC,4,5,16.84,5.89,25.7,67.0,Safe
2026-03-16 10:58:57 UTC,3,4,17.48,5.98,25.7,67.4,Safe
2026-03-16 10:59:07 UTC,3,6,17.48,5.98,25.7,68.0,Safe
2026-03-16 10:59:17 UTC,4,7,16.84,5.87,25.7,68.2,Safe
2026-03-16 10:59:27 UTC,3,6,17.48,5.98,25.7,68.4,Safe
2026-03-16 10:59:37 UTC,3,4,16.76,5.89,25.7,68.6,Safe
2026-03-16 10:59:47 UTC,4,5,17.59,5.98,25.7,68.7,Safe
2026-03-16 10:59:57 UTC,2,2,16.6,5.84,25.8,69.0,Safe
2026-03-16 11:00:07 UTC,4,4,17.59,5.98,25.8,69.1,Safe
2026-03-16 11:00:17 UTC,5,11,16.92,5.89,25.8,69.2,Safe
2026-03-16 11:00:27 UTC,4,10,17.51,5.98,25.8,69.3,Safe
2026-03-16 11:00:37 UTC,4,7,17.63,5.98,25.8,69.5,Safe
2026-03-16 11:00:47 UTC,3,7,17.39,5.94,25.8,69.7,Safe
2026-03-16 11:00:57 UTC,4,6,16.84,5.87,25.8,69.9,Safe
2026-03-16 11:01:07 UTC,5,8,16.92,5.89,25.9,70.1,Safe
2026-03-16 11:01:17 UTC,4,5,17.56,6.01,25.9,70.3,Safe
2026-03-16 11:01:27 UTC,4,4,16.84,5.89,25.9,70.4,Safe
2026-03-16 11:01:37 UTC,3,3,17.59,5.98,25.9,70.5,Safe
2026-03-16 11:01:47 UTC,2,4,16.71,5.87,25.9,70.1,Safe
2026-03-16 11:01:57 UTC,3,5,17.43,6.01,25.9,69.5,Safe
2026-03-16 11:02:07 UTC,3,7,16.6,5.84,25.9,68.7,Safe
2026-03-16 11:02:17 UTC,3,5,17.59,5.98,25.9,67.9,Safe
2026-03-16 11:02:27 UTC,4,7,16.84,5.89,25.9,67.1,Safe
2026-03-16 11:02:37 UTC,5,8,17.48,5.98,25.9,66.2,Safe
2026-03-16 11:02:47 UTC,4,7,17.51,5.98,25.9,65.7,Safe
2026-03-16 11:02:57 UTC,3,7,16.63,5.87,25.9,65.2,Safe
2026-03-16 11:03:07 UTC,4,7,17.39,5.98,25.8,64.6,Safe
2026-03-16 11:03:17 UTC,3,5,16.63,5.87,25.8,64.1,Safe
2026-03-16 11:03:27 UTC,3,6,17.03,5.94,25.8,63.5,Safe
2026-03-16 11:03:37 UTC,3,6,16.79,5.89,25.8,62.9,Safe
2026-03-16 11:03:47 UTC,3,5,17.43,5.98,25.7,62.3,Safe
2026-03-16 11:03:57 UTC,3,4,16.71,5.87,25.8,62.0,Safe
2026-03-16 11:04:07 UTC,3,5,17.43,5.98,25.7,61.7,Safe
2026-03-16 11:04:17 UTC,2,6,16.63,5.87,25.7,61.2,Safe
2026-03-16 11:04:27 UTC,1,3,17.48,5.98,25.7,60.9,Safe
2026-03-16 11:04:37 UTC,2,3,16.6,5.87,25.6,60.5,Safe
2026-03-16 11:04:47 UTC,1,3,17.48,5.96,25.6,60.1,Safe
2026-03-16 11:04:57 UTC,1,4,17.34,5.94,25.6,60.0,Safe
2026-03-16 11:05:07 UTC,1,6,16.57,5.84,25.6,60.2,Safe
2026-03-16 11:05:17 UTC,1,5,17.39,5.98,25.5,60.7,Safe
2026-03-16 11:05:27 UTC,1,4,16.87,5.87,25.5,61.2,Safe
2026-03-16 11:05:37 UTC,1,4,17.39,5.96,25.5,61.8,Safe
2026-03-16 11:05:47 UTC,1,4,16.79,5.84,25.5,62.5,Safe
2026-03-16 11:05:57 UTC,2,3,17.43,5.98,25.5,63.1,Safe
2026-03-16 11:06:07 UTC,2,3,16.68,5.87,25.5,63.7,Safe
2026-03-16 11:06:17 UTC,2,3,17.48,5.96,25.5,64.2,Safe
2026-03-16 11:06:27 UTC,2,4,17.07,5.94,25.5,64.6,Safe
2026-03-16 11:06:37 UTC,2,3,17.48,5.98,25.5,64.9,Safe
2026-03-16 11:06:47 UTC,2,4,17.68,5.98,25.5,65.2,Safe
2026-03-16 11:06:57 UTC,3,4,16.57,5.84,25.6,65.7,Safe
2026-03-16 11:07:07 UTC,2,3,17.71,5.98,25.5,65.9,Safe
2026-03-16 11:07:17 UTC,1,2,16.71,5.87,25.6,66.2,Safe
2026-03-16 11:07:27 UTC,1,5,17.48,5.96,25.6,66.5,Safe
2026-03-16 11:07:37 UTC,2,3,16.84,5.89,25.6,66.8,Safe
2026-03-16 11:07:47 UTC,2,4,17.43,5.96,25.6,67.1,Safe
2026-03-16 11:07:57 UTC,2,6,16.49,5.84,25.6,67.4,Safe
2026-03-16 11:08:07 UTC,2,4,17.51,5.96,25.6,67.7,Safe
2026-03-16 11:08:17 UTC,2,4,16.87,5.89,25.6,68.0,Safe
2026-03-16 11:08:27 UTC,2,3,17.59,5.98,25.6,68.3,Safe
2026-03-16 11:08:37 UTC,3,3,17.59,5.98,25.6,68.5,Safe
2026-03-16 11:08:47 UTC,2,2,16.49,5.87,25.7,68.7,Safe
2026-03-16 11:08:57 UTC,3,3,17.68,5.98,25.7,68.9,Safe
2026-03-16 11:09:07 UTC,3,5,16.76,5.87,25.7,69.2,Safe
2026-03-16 11:09:17 UTC,1,1,17.56,5.98,25.7,69.3,Safe
2026-03-16 11:09:27 UTC,1,1,16.44,5.82,25.7,69.5,Safe
2026-03-16 11:09:37 UTC,1,4,17.43,6.01,25.7,69.8,Safe
2026-03-16 11:09:47 UTC,1,3,16.84,5.89,25.7,70.1,Safe
2026-03-16 11:09:57 UTC,2,2,17.56,5.98,25.7,70.3,Safe
2026-03-16 11:10:07 UTC,1,1,16.84,5.89,25.7,70.3,Safe
2026-03-16 11:10:17 UTC,1,3,17.2,5.96,25.8,70.6,Safe
2026-03-16 11:10:27 UTC,1,2,16.84,5.89,25.8,70.9,Safe
2026-03-16 11:10:37 UTC,2,3,16.87,5.89,25.8,71.1,Safe
2026-03-16 11:10:47 UTC,3,3,17.51,6.01,25.8,71.1,Safe
2026-03-16 11:10:57 UTC,3,3,17.03,5.89,25.8,71.3,Safe
2026-03-16 11:11:07 UTC,2,4,17.43,5.98,25.8,71.5,Safe
2026-03-16 11:11:17 UTC,2,4,16.84,5.89,25.9,71.3,Safe
2026-03-16 11:11:27 UTC,4,5,17.2,5.94,25.9,70.7,Safe
2026-03-16 11:11:37 UTC,3,4,16.63,5.87,25.8,70.0,Safe
2026-03-16 11:11:47 UTC,2,3,17.59,5.98,25.8,69.2,Safe
2026-03-16 11:11:57 UTC,1,3,16.84,5.89,25.8,68.4,Safe
2026-03-16 11:12:07 UTC,1,3,17.51,5.98,25.8,67.6,Safe
2026-03-16 11:12:17 UTC,2,3,17.43,5.96,25.8,67.0,Safe
2026-03-16 11:12:27 UTC,1,2,17.51,5.98,25.8,66.3,Safe
2026-03-16 11:12:37 UTC,2,3,17.56,5.96,25.8,65.4,Safe
2026-03-16 11:12:47 UTC,2,3,16.84,5.89,25.8,65.0,Safe
2026-03-16 11:12:57 UTC,2,2,17.48,5.98,25.7,64.3,Safe
2026-03-16 11:13:07 UTC,2,4,16.71,5.89,25.7,63.9,Safe
2026-03-16 11:13:17 UTC,2,4,17.34,5.96,25.7,64.0,Safe
2026-03-16 11:13:27 UTC,1,2,16.84,5.89,25.7,64.4,Safe
2026-03-16 11:13:37 UTC,2,2,17.56,5.98,25.7,65.0,Safe
2026-03-16 11:13:47 UTC,1,2,16.84,5.89,25.7,65.6,Safe
2026-03-16 11:13:57 UTC,1,3,17.68,5.98,25.7,66.1,Safe
2026-03-16 11:14:07 UTC,1,2,16.84,5.89,25.6,66.7,Safe
2026-03-16 11:14:17 UTC,2,2,17.34,5.96,25.6,67.3,Safe
2026-03-16 11:14:27 UTC,3,4,17.68,5.98,25.6,67.7,Safe
2026-03-16 11:14:37 UTC,2,4,16.92,5.89,25.6,68.0,Safe
2026-03-16 11:14:47 UTC,0,1,17.68,6.01,25.7,68.5,Safe
2026-03-16 11:14:57 UTC,0,3,16.49,5.84,25.6,68.8,Safe
2026-03-16 11:15:07 UTC,1,3,17.28,5.94,25.7,69.1,Safe
2026-03-16 11:15:17 UTC,2,3,16.84,5.89,25.6,69.3,Safe
2026-03-16 11:15:27 UTC,2,3,17.63,5.98,25.7,69.6,Safe
2026-03-16 11:15:37 UTC,2,3,16.71,5.89,25.7,69.8,Safe
2026-03-16 11:15:47 UTC,1,2,17.71,5.98,25.7,70.3,Safe
2026-03-16 11:15:57 UTC,2,2,17.71,6.01,25.7,70.9,Safe
2026-03-16 11:16:07 UTC,2,2,17.85,6.01,25.7,71.7,Safe
2026-03-16 11:16:17 UTC,2,6,17.76,6.03,25.7,72.4,Safe
2026-03-16 11:16:27 UTC,3,6,17.03,5.91,25.7,72.7,Safe
2026-03-16 11:16:37 UTC,2,5,17.28,5.98,25.7,72.4,Safe
2026-03-16 11:16:47 UTC,3,4,16.95,5.91,25.6,71.1,Safe
2026-03-16 11:16:57 UTC,3,3,17.76,5.98,25.6,69.6,Safe
2026-03-16 11:17:07 UTC,3,3,17.11,5.89,25.5,68.1,Safe
2026-03-16 11:17:17 UTC,1,2,17.68,6.01,25.4,67.0,Safe
2026-03-16 11:17:27 UTC,1,1,16.92,5.89,25.3,66.0,Safe
2026-03-16 11:17:37 UTC,1,2,17.23,5.94,25.3,65.2,Safe
2026-03-16 11:17:47 UTC,2,2,16.79,5.89,25.2,64.6,Safe
2026-03-16 11:17:57 UTC,1,1,17.76,6.03,25.1,64.0,Safe
2026-03-16 11:18:07 UTC,0,0,17.31,5.94,25.0,63.7,Safe
2026-03-16 11:18:17 UTC,0,1,16.79,5.89,24.9,63.2,Safe
2026-03-16 11:18:27 UTC,0,2,17.8,5.98,24.9,63.1,Safe
2026-03-16 11:18:37 UTC,1,3,16.92,5.89,24.8,62.6,Safe
2026-03-16 11:18:47 UTC,0,2,17.39,5.98,24.7,62.3,Safe
2026-03-16 11:18:57 UTC,1,3,16.87,5.89,24.7,62.0,Safe
2026-03-16 11:19:07 UTC,1,2,17.76,5.98,24.6,61.8,Safe
2026-03-16 11:19:17 UTC,1,1,16.84,5.89,24.6,63.3,Safe
2026-03-16 11:19:27 UTC,1,1,17.48,5.98,24.5,65.2,Safe
2026-03-16 11:19:37 UTC,1,3,16.84,5.89,24.5,66.8,Safe
2026-03-16 11:19:47 UTC,0,1,17.63,6.01,24.5,68.4,Safe
2026-03-16 11:19:57 UTC,0,1,16.92,5.89,24.6,69.8,Safe
2026-03-16 11:20:07 UTC,0,1,16.87,5.89,24.6,70.9,Safe
2026-03-16 11:20:17 UTC,0,2,17.56,5.98,24.6,71.8,Safe
2026-03-16 11:20:27 UTC,0,1,16.84,5.89,24.6,72.5,Safe
2026-03-16 11:20:37 UTC,1,2,17.59,6.01,24.6,73.0,Safe
2026-03-16 11:20:47 UTC,3,3,16.92,5.89,24.7,73.5,Safe
2026-03-16 11:20:57 UTC,2,3,17.68,6.01,24.7,73.8,Safe
2026-03-16 11:21:07 UTC,2,2,16.84,5.91,24.7,74.2,Safe
2026-03-16 11:21:17 UTC,2,2,17.23,5.96,24.7,74.6,Safe
2026-03-16 11:21:27 UTC,1,1,16.92,5.89,24.8,74.8,Safe
2026-03-16 11:21:37 UTC,1,1,17.56,5.98,24.8,74.9,Safe
2026-03-16 11:21:47 UTC,1,3,17.68,6.03,24.8,75.1,Safe
2026-03-16 11:21:57 UTC,1,3,17.76,6.03,24.8,74.5,Safe
2026-03-16 11:22:07 UTC,2,4,17.71,6.03,24.8,73.1,Safe
2026-03-16 11:22:17 UTC,1,2,16.84,5.91,24.8,71.4,Safe
2026-03-16 11:22:27 UTC,1,2,17.51,6.01,24.8,69.6,Safe
2026-03-16 11:22:37 UTC,0,1,16.84,5.89,24.7,68.1,Safe
2026-03-16 11:22:47 UTC,0,2,17.34,5.96,24.7,67.0,Safe
2026-03-16 11:22:57 UTC,1,3,16.84,5.89,24.6,66.1,Safe
2026-03-16 11:23:07 UTC,1,3,17.07,5.94,24.6,65.5,Safe
2026-03-16 11:23:17 UTC,1,4,16.84,5.91,24.5,64.5,Safe
2026-03-16 11:23:27 UTC,1,3,17.48,5.98,24.5,63.9,Safe
2026-03-16 11:23:37 UTC,1,2,16.84,5.89,24.4,63.6,Safe
2026-03-16 11:23:47 UTC,3,4,17.43,5.98,24.3,63.2,Safe
2026-03-16 11:23:57 UTC,2,3,17.51,6.01,24.3,62.8,Safe
2026-03-16 11:24:07 UTC,0,1,16.68,5.89,24.2,62.5,Safe
2026-03-16 11:24:17 UTC,0,2,17.56,6.01,24.1,62.3,Safe
2026-03-16 11:24:27 UTC,1,2,16.33,5.82,24.0,64.1,Safe
2026-03-16 11:24:37 UTC,1,1,17.39,6.01,24.0,66.3,Safe
2026-03-16 11:24:47 UTC,1,1,16.84,5.89,24.0,68.5,Safe
2026-03-16 11:24:57 UTC,2,2,17.51,6.01,24.1,69.8,Safe
2026-03-16 11:25:07 UTC,2,2,16.84,5.89,24.1,71.2,Safe
2026-03-16 11:25:17 UTC,1,1,17.56,6.01,24.1,72.2,Safe
2026-03-16 11:25:27 UTC,1,2,16.87,5.89,24.2,73.0,Safe
2026-03-16 11:25:37 UTC,1,1,17.51,5.98,24.2,73.5,Safe
2026-03-16 11:25:47 UTC,1,1,16.71,5.89,24.3,74.0,Safe
2026-03-16 11:25:57 UTC,1,1,17.68,6.01,24.3,74.3,Safe
2026-03-16 11:26:07 UTC,1,2,17.51,6.01,24.3,74.6,Safe
2026-03-16 11:26:17 UTC,1,3,16.87,5.89,24.4,74.7,Safe
2026-03-16 11:26:27 UTC,1,2,17.51,6.01,24.4,74.9,Safe
2026-03-16 11:26:37 UTC,1,2,16.52,5.84,24.4,75.2,Safe
2026-03-16 11:26:47 UTC,1,1,17.51,6.01,24.5,75.3,Safe
2026-03-16 11:26:57 UTC,1,2,16.79,5.89,24.5,74.4,Safe
2026-03-16 11:27:07 UTC,1,2,16.87,5.96,24.5,72.6,Safe
2026-03-16 11:27:17 UTC,1,1,16.79,5.89,24.4,71.0,Safe
2026-03-16 11:27:27 UTC,1,1,17.43,5.98,24.4,69.5,Safe
2026-03-16 11:27:37 UTC,1,2,17.48,5.98,24.3,68.3,Safe
2026-03-16 11:27:47 UTC,1,2,17.34,5.98,24.3,67.3,Safe
2026-03-16 11:27:57 UTC,1,2,16.76,5.89,24.2,66.5,Safe
2026-03-16 11:28:07 UTC,1,1,16.71,5.89,24.1,65.8,Safe
2026-03-16 11:28:17 UTC,1,2,17.28,5.98,24.1,65.2,Safe
2026-03-16 11:28:27 UTC,1,1,16.68,5.89,24.0,65.0,Safe
2026-03-16 11:28:37 UTC,1,2,17.28,5.98,24.0,64.4,Safe
2026-03-16 11:28:47 UTC,1,2,16.57,5.89,23.9,63.9,Safe
2026-03-16 11:28:57 UTC,0,1,17.39,5.98,23.9,63.7,Safe
2026-03-16 11:29:07 UTC,0,1,16.79,5.89,23.8,63.4,Safe
2026-03-16 11:29:17 UTC,0,1,17.31,5.98,23.8,63.2,Safe
2026-03-16 11:29:27 UTC,1,2,16.63,5.87,23.7,62.9,Safe
2026-03-16 11:29:37 UTC,0,2,16.95,5.94,23.7,62.7,Safe
2026-03-16 11:29:47 UTC,0,3,17.34,5.98,23.6,63.5,Safe
2026-03-16 11:29:57 UTC,0,3,16.79,5.89,23.6,65.7,Safe
2026-03-16 11:30:07 UTC,1,2,17.28,6.01,23.7,67.8,Safe
2026-03-16 11:30:17 UTC,1,1,16.63,5.89,23.7,69.6,Safe
2026-03-16 11:30:27 UTC,1,1,17.56,5.98,23.7,71.1,Safe
2026-03-16 11:30:37 UTC,1,2,16.84,5.89,23.8,72.4,Safe
2026-03-16 11:30:47 UTC,1,1,17.43,6.01,23.8,73.5,Safe
2026-03-16 11:30:57 UTC,1,2,16.6,5.87,23.9,74.4,Safe
2026-03-16 11:31:07 UTC,1,2,17.23,5.98,24.0,75.0,Safe
2026-03-16 11:31:17 UTC,1,2,16.71,5.89,24.0,75.6,Safe
2026-03-16 11:31:27 UTC,0,1,17.59,6.01,24.1,75.9,Safe
2026-03-16 11:31:37 UTC,0,0,16.26,5.82,24.2,75.9,Safe
2026-03-16 11:31:47 UTC,0,1,17.39,6.01,24.2,75.8,Safe
2026-03-16 11:31:57 UTC,0,1,17.39,6.01,24.3,74.2,Safe
2026-03-16 11:32:07 UTC,0,1,16.63,5.89,24.3,72.0,Safe
2026-03-16 11:32:17 UTC,0,1,17.34,6.01,24.3,70.0,Safe
2026-03-16 11:32:27 UTC,0,1,16.33,5.84,24.2,68.3,Safe
2026-03-16 11:32:37 UTC,0,2,17.31,5.98,24.2,67.1,Safe
2026-03-16 11:32:47 UTC,0,1,16.68,5.87,24.1,66.1,Safe
2026-03-16 11:32:57 UTC,0,0,17.23,5.98,24.0,65.3,Safe
2026-03-16 11:33:07 UTC,0,0,16.49,5.89,24.0,64.8,Safe
2026-03-16 11:33:17 UTC,0,0,17.31,5.96,23.9,64.5,Safe
2026-03-16 11:33:27 UTC,0,0,16.95,5.91,23.9,63.8,Safe
2026-03-16 11:33:37 UTC,0,0,17.31,5.98,23.8,63.6,Safe
2026-03-16 11:33:47 UTC,0,0,16.57,5.87,23.7,63.2,Safe
2026-03-16 11:33:57 UTC,0,0,16.84,5.89,23.7,62.8,Safe
2026-03-16 11:34:07 UTC,0,0,17.39,5.96,23.6,62.6,Safe
2026-03-16 11:34:17 UTC,0,0,16.57,5.87,23.5,63.7,Safe
2026-03-16 11:34:27 UTC,0,0,17.56,5.98,23.5,65.9,Safe
2026-03-16 11:34:37 UTC,0,2,16.79,5.87,23.6,68.0,Safe
2026-03-16 11:34:47 UTC,1,2,16.92,5.96,23.6,69.8,Safe
2026-03-16 11:34:57 UTC,1,1,16.6,5.87,23.7,71.1,Safe
2026-03-16 11:35:07 UTC,1,1,17.43,5.98,23.7,72.1,Safe
2026-03-16 11:35:17 UTC,1,2,16.84,5.89,23.8,72.9,Safe
2026-03-16 11:35:27 UTC,0,3,17.2,5.96,23.8,73.5,Safe
2026-03-16 11:35:37 UTC,0,2,16.92,5.96,23.9,73.9,Safe
2026-03-16 11:35:47 UTC,0,2,16.26,5.84,24.0,74.4,Safe
2026-03-16 11:35:57 UTC,0,1,17.51,6.01,24.0,74.7,Safe
2026-03-16 11:36:07 UTC,0,1,16.79,5.89,24.1,74.9,Safe
2026-03-16 11:36:17 UTC,0,1,17.28,5.96,24.1,75.1,Safe
2026-03-16 11:36:27 UTC,0,1,16.71,5.89,24.1,75.4,Safe
2026-03-16 11:36:37 UTC,0,1,17.48,6.01,24.2,75.6,Safe
2026-03-16 11:36:47 UTC,0,1,16.84,5.89,24.2,75.6,Safe
2026-03-16 11:36:57 UTC,0,1,17.51,6.01,24.2,74.8,Safe
2026-03-16 11:37:07 UTC,0,1,16.76,5.89,24.2,73.1,Safe
2026-03-16 11:37:17 UTC,0,1,17.28,5.98,24.2,71.3,Safe
2026-03-16 11:37:27 UTC,1,2,16.23,5.87,24.1,69.6,Safe
2026-03-16 11:37:37 UTC,1,1,17.56,5.98,24.1,68.3,Safe
2026-03-16 11:37:47 UTC,1,2,17.11,5.98,24.0,67.4,Safe
2026-03-16 11:37:57 UTC,1,1,16.63,5.89,24.0,66.5,Safe
2026-03-16 11:38:07 UTC,1,1,17.23,5.98,23.9,65.8,Safe
2026-03-16 11:38:17 UTC,1,2,16.6,5.89,23.8,65.1,Safe
2026-03-16 11:38:27 UTC,1,2,17.31,5.98,23.8,64.7,Safe
2026-03-16 11:38:37 UTC,1,1,16.6,5.89,23.7,64.2,Safe
2026-03-16 11:38:47 UTC,0,1,17.39,6.01,23.6,63.7,Safe
2026-03-16 11:38:57 UTC,0,1,16.63,5.87,23.6,64.5,Safe
2026-03-16 11:39:07 UTC,0,1,17.23,5.98,23.6,66.5,Safe
2026-03-16 11:39:17 UTC,0,1,17.28,5.98,23.6,68.7,Safe
2026-03-16 11:39:27 UTC,0,0,17.31,5.98,23.6,70.3,Safe
2026-03-16 11:39:37 UTC,1,2,17.34,5.98,23.7,71.7,Safe
2026-03-16 11:39:47 UTC,1,3,16.84,5.89,23.8,72.8,Safe
2026-03-16 11:39:57 UTC,1,2,17.48,5.98,23.8,73.6,Safe
2026-03-16 11:40:07 UTC,1,1,16.6,5.89,23.8,74.2,Safe
2026-03-16 11:40:17 UTC,1,1,17.39,6.01,23.9,74.8,Safe
2026-03-16 11:40:27 UTC,0,0,16.79,5.89,23.9,75.1,Safe
2026-03-16 11:40:37 UTC,0,2,17.43,6.01,24.0,75.3,Safe
2026-03-16 11:40:47 UTC,0,2,16.6,5.89,24.0,75.7,Safe
2026-03-16 11:40:57 UTC,0,2,17.39,6.01,24.1,75.7,Safe
2026-03-16 11:41:07 UTC,0,1,16.71,5.89,24.2,76.0,Safe
2026-03-16 11:41:17 UTC,0,0,17.07,5.96,24.2,76.1,Safe
2026-03-16 11:41:27 UTC,0,0,17.59,6.01,24.2,76.1,Safe
2026-03-16 11:41:37 UTC,0,0,16.71,5.89,24.2,74.6,Safe
2026-03-16 11:41:47 UTC,0,1,17.48,6.01,24.2,72.5,Safe
2026-03-16 11:41:57 UTC,0,1,16.6,5.89,24.2,70.7,Safe
2026-03-16 11:42:07 UTC,0,1,17.48,5.98,24.1,69.3,Safe
2026-03-16 11:42:17 UTC,1,1,16.63,5.89,24.1,68.3,Safe
2026-03-16 11:42:27 UTC,0,0,17.48,5.98,24.0,67.2,Safe
2026-03-16 11:42:37 UTC,0,0,16.71,5.89,23.9,66.4,Safe
2026-03-16 11:42:47 UTC,0,1,17.43,5.98,23.9,65.9,Safe
2026-03-16 11:42:57 UTC,0,1,16.57,5.87,23.8,65.3,Safe
2026-03-16 11:43:07 UTC,0,1,17.28,5.98,23.8,64.9,Safe
2026-03-16 11:43:17 UTC,1,1,16.68,5.89,23.7,64.4,Safe
2026-03-16 11:43:27 UTC,1,2,17.34,5.98,23.6,64.0,Safe
2026-03-16 11:43:37 UTC,1,1,17.31,6.01,23.6,63.7,Safe
2026-03-16 11:43:47 UTC,0,0,16.26,5.87,23.5,63.4,Safe
2026-03-16 11:43:57 UTC,0,1,17.28,5.98,23.5,63.0,Safe
2026-03-16 11:44:07 UTC,0,1,16.57,5.89,23.4,62.7,Safe
2026-03-16 11:44:17 UTC,1,1,17.23,5.96,23.4,62.4,Safe
2026-03-16 11:44:27 UTC,1,1,16.18,5.8,23.3,62.0,Safe
2026-03-16 11:44:37 UTC,0,1,17.03,5.98,23.3,61.7,Safe
2026-03-16 11:44:47 UTC,0,1,16.57,5.87,23.2,61.5,Safe
2026-03-16 11:44:57 UTC,0,1,16.92,5.96,23.2,61.3,Safe
2026-03-16 11:45:07 UTC,0,0,17.31,5.98,23.2,61.0,Safe
2026-03-16 11:45:17 UTC,0,1,17.23,5.96,23.1,60.7,Safe
2026-03-16 11:45:27 UTC,0,1,16.6,5.87,23.1,60.4,Safe
2026-03-16 11:45:37 UTC,0,0,16.6,5.87,23.1,60.1,Safe
2026-03-16 11:45:47 UTC,0,1,16.98,5.94,23.0,59.8,Safe
2026-03-16 11:45:57 UTC,0,1,16.41,5.89,22.9,59.6,Safe
2026-03-16 11:46:07 UTC,0,1,16.84,5.94,22.9,59.4,Safe
2026-03-16 11:46:17 UTC,0,1,16.23,5.8,22.8,59.3,Safe
2026-03-16 11:46:27 UTC,0,0,17.11,5.96,22.8,59.1,Safe
2026-03-16 11:46:37 UTC,0,0,16.76,5.84,22.8,58.9,Safe
2026-03-16 11:46:47 UTC,0,0,17.11,5.98,22.7,58.8,Safe
2026-03-16 11:46:57 UTC,0,1,16.41,5.87,22.7,58.7,Safe
2026-03-16 11:47:07 UTC,0,1,17.11,5.96,22.6,58.7,Safe
2026-03-16 11:47:17 UTC,0,1,17.11,5.96,22.6,58.5,Safe
2026-03-16 11:47:27 UTC,0,0,16.84,5.91,22.5,58.3,Safe
2026-03-16 11:47:37 UTC,0,0,17.23,5.96,22.5,58.0,Safe
2026-03-16 11:47:47 UTC,0,0,16.63,5.87,22.5,57.8,Safe
2026-03-16 11:47:57 UTC,0,0,16.84,5.89,22.5,57.7,Safe
2026-03-16 11:48:07 UTC,0,0,16.02,5.8,22.5,57.6,Safe
2026-03-16 11:48:17 UTC,0,0,17.34,5.98,22.4,57.5,Safe
2026-03-16 11:48:27 UTC,0,1,16.23,5.8,22.4,57.3,Safe
2026-03-16 11:48:37 UTC,0,2,17.11,5.96,22.4,57.2,Safe
2026-03-16 11:48:47 UTC,1,1,16.23,5.82,22.4,57.0,Safe
2026-03-16 11:48:57 UTC,0,0,17.31,5.96,22.4,56.9,Safe
2026-03-16 11:49:07 UTC,0,0,16.41,5.84,22.4,56.8,Safe
2026-03-16 11:49:17 UTC,0,0,17.15,5.96,22.3,56.7,Safe
2026-03-16 11:49:27 UTC,0,0,16.92,5.91,22.3,56.5,Safe
2026-03-16 11:49:37 UTC,0,0,16.37,5.87,22.3,56.4,Safe
2026-03-16 11:49:47 UTC,0,0,17.07,5.96,22.2,56.5,Safe
2026-03-16 11:49:57 UTC,0,0,16.41,5.87,22.2,56.5,Safe
2026-03-16 11:50:07 UTC,0,1,16.95,5.91,22.1,56.5,Safe
2026-03-16 11:50:17 UTC,0,1,16.41,5.84,22.1,56.6,Safe
2026-03-16 11:50:27 UTC,0,0,16.95,5.91,22.0,56.4,Safe
2026-03-16 11:50:37 UTC,0,0,16.44,5.84,22.0,56.4,Safe
2026-03-16 11:50:47 UTC,0,2,17.07,5.98,22.0,56.3,Safe
2026-03-16 11:50:57 UTC,0,2,16.44,5.89,21.9,56.3,Safe
2026-03-16 11:51:07 UTC,0,1,16.95,5.94,21.9,56.3,Safe
2026-03-16 11:51:17 UTC,0,1,16.33,5.87,21.9,56.2,Safe
2026-03-16 11:51:27 UTC,0,0,16.33,5.87,21.8,56.1,Safe
2026-03-16 11:51:37 UTC,0,0,17.03,5.96,21.9,56.3,Safe
2026-03-16 11:51:47 UTC,0,0,16.41,5.82,21.8,56.4,Safe
2026-03-16 11:51:57 UTC,0,0,17.11,5.91,21.8,56.5,Safe
2026-03-16 11:52:07 UTC,0,0,16.6,5.84,21.8,56.6,Safe
2026-03-16 11:52:17 UTC,0,0,17.03,5.96,21.8,56.7,Safe
2026-03-16 11:52:27 UTC,0,1,16.23,5.84,21.7,56.5,Safe
2026-03-16 11:52:37 UTC,0,0,16.84,5.89,21.7,56.3,Safe
2026-03-16 11:52:47 UTC,0,0,16.23,5.87,21.7,56.2,Safe
2026-03-16 11:52:57 UTC,0,0,17.07,5.96,21.6,56.2,Safe
2026-03-16 11:53:07 UTC,0,0,16.92,5.94,21.6,56.1,Safe
2026-03-16 11:53:17 UTC,0,0,17.23,5.96,21.6,56.1,Safe
2026-03-16 11:53:27 UTC,0,0,16.37,5.82,21.5,55.9,Safe
2026-03-16 11:53:37 UTC,0,0,16.49,5.84,21.5,55.9,Safe
2026-03-16 11:53:47 UTC,0,1,16.95,5.94,21.5,55.6,Safe
2026-03-16 11:53:57 UTC,0,3,16.44,5.84,21.5,55.6,Safe
2026-03-16 11:54:07 UTC,0,2,16.95,5.94,21.4,55.5,Safe
2026-03-16 11:54:17 UTC,0,2,16.44,5.87,21.4,55.4,Safe
2026-03-16 11:54:27 UTC,1,1,17.2,5.96,21.4,55.3,Safe
2026-03-16 11:54:37 UTC,1,1,16.26,5.87,21.3,55.3,Safe
2026-03-16 11:54:47 UTC,0,0,16.84,5.89,21.3,55.2,Safe
2026-03-16 11:54:57 UTC,0,0,16.49,5.87,21.3,55.2,Safe
2026-03-16 11:55:07 UTC,0,1,16.95,5.96,21.3,55.3,Safe
2026-03-16 11:55:17 UTC,0,2,16.95,5.96,21.2,55.0,Safe
2026-03-16 11:55:27 UTC,0,1,17.11,5.96,21.2,54.9,Safe
2026-03-16 11:55:37 UTC,0,1,17.2,5.94,21.2,54.8,Safe
2026-03-16 11:55:47 UTC,1,2,16.41,5.82,21.2,54.7,Safe
2026-03-16 11:55:57 UTC,0,1,17.03,5.94,21.1,54.7,Safe
2026-03-16 11:56:07 UTC,0,1,16.37,5.87,21.1,54.7,Safe
2026-03-16 11:56:17 UTC,0,1,17.11,5.96,21.1,54.6,Safe
2026-03-16 11:56:27 UTC,0,1,16.33,5.84,21.1,54.5,Safe
2026-03-16 11:56:37 UTC,0,1,17.03,5.96,21.1,54.7,Safe
2026-03-16 11:56:47 UTC,0,1,16.41,5.87,21.0,54.7,Safe
2026-03-16 11:56:57 UTC,0,1,16.95,5.96,21.0,54.7,Safe
2026-03-16 11:57:07 UTC,0,0,16.23,5.84,21.0,54.9,Safe
2026-03-16 11:57:17 UTC,0,0,17.11,5.94,21.0,54.9,Safe
2026-03-16 11:57:27 UTC,0,0,17.2,5.94,21.0,54.8,Safe
2026-03-16 11:57:37 UTC,0,1,16.33,5.87,21.0,54.7,Safe
2026-03-16 11:57:47 UTC,0,1,17.07,5.94,21.0,54.7,Safe
2026-03-16 11:57:57 UTC,1,2,16.49,5.87,20.9,54.7,Safe
2026-03-16 11:58:07 UTC,1,2,17.2,5.94,20.9,54.6,Safe
2026-03-16 11:58:17 UTC,1,2,16.15,5.77,20.9,54.6,Safe
2026-03-16 11:58:27 UTC,0,2,17.07,5.91,20.9,54.6,Safe
2026-03-16 11:58:37 UTC,0,3,16.41,5.84,20.9,54.5,Safe
2026-03-16 11:58:47 UTC,0,1,16.98,5.91,20.9,54.5,Safe
2026-03-16 11:58:57 UTC,0,1,16.29,5.87,20.9,54.5,Safe
2026-03-16 11:59:07 UTC,0,1,16.92,5.94,20.8,54.5,Safe
2026-03-16 11:59:17 UTC,0,1,16.26,5.84,20.8,54.4,Safe
2026-03-16 11:59:27 UTC,0,1,17.11,5.91,20.8,54.4,Safe
2026-03-16 11:59:37 UTC,0,2,17.03,5.96,20.7,54.4,Safe
2026-03-16 11:59:47 UTC,0,2,16.44,5.87,20.7,54.3,Safe
2026-03-16 11:59:57 UTC,0,2,16.63,5.89,20.7,54.3,Safe
2026-03-16 12:00:07 UTC,0,2,16.26,5.82,20.7,54.2,Safe
2026-03-16 12:00:17 UTC,0,2,17.23,5.94,20.7,54.1,Safe
2026-03-16 12:00:27 UTC,0,2,16.41,5.87,20.7,54.1,Safe
2026-03-16 12:00:37 UTC,0,1,16.98,5.96,20.7,53.9,Safe
2026-03-16 12:00:47 UTC,0,0,16.23,5.84,20.6,53.9,Safe
2026-03-16 12:00:57 UTC,0,0,16.98,5.94,20.6,53.9,Safe
2026-03-16 12:01:07 UTC,0,0,17.23,5.94,20.6,53.9,Safe
2026-03-16 12:01:17 UTC,0,0,16.87,5.94,20.6,53.8,Safe
2026-03-16 12:01:27 UTC,0,0,16.29,5.87,20.6,53.8,Safe
2026-03-16 12:01:37 UTC,0,0,16.33,5.82,20.6,53.8,Safe
2026-03-16 12:01:47 UTC,0,0,16.68,5.89,20.5,53.6,Safe
2026-03-16 12:01:57 UTC,1,1,16.29,5.87,20.5,53.6,Safe
2026-03-16 12:02:07 UTC,0,0,16.87,5.89,20.5,53.6,Safe
2026-03-16 12:02:17 UTC,0,0,16.41,5.82,20.5,53.5,Safe
2026-03-16 12:02:27 UTC,0,0,16.95,5.96,20.5,53.5,Safe
2026-03-16 12:02:37 UTC,0,0,16.29,5.87,20.5,53.6,Safe
2026-03-16 12:02:47 UTC,0,1,16.92,5.91,20.5,53.5,Safe
2026-03-16 12:02:57 UTC,0,1,16.23,5.8,20.4,53.5,Safe
2026-03-16 12:03:07 UTC,0,2,17.11,5.91,20.4,53.5,Safe
2026-03-16 12:03:17 UTC,0,1,16.84,5.89,20.4,53.4,Safe
2026-03-16 12:03:27 UTC,1,1,17.07,5.94,20.4,53.4,Safe
2026-03-16 12:03:37 UTC,1,2,16.84,5.94,20.4,53.4,Safe
2026-03-16 12:03:47 UTC,1,1,16.29,5.82,20.3,53.4,Safe
2026-03-16 12:03:57 UTC,2,2,17.07,5.94,20.4,53.4,Safe
2026-03-16 12:04:07 UTC,2,2,15.95,5.77,20.3,53.4,Safe
2026-03-16 12:04:17 UTC,0,3,16.92,5.94,20.3,53.5,Safe
2026-03-16 12:04:27 UTC,0,2,16.44,5.82,20.4,53.4,Safe
2026-03-16 12:04:37 UTC,0,1,17.11,5.96,20.3,53.4,Safe
2026-03-16 12:04:47 UTC,0,1,16.37,5.84,20.3,53.3,Safe
2026-03-16 12:04:57 UTC,0,1,17.07,5.94,20.3,53.2,Safe
2026-03-16 12:05:07 UTC,0,0,16.26,5.84,20.3,53.4,Safe
2026-03-16 12:05:17 UTC,0,0,17.07,5.91,20.3,53.3,Safe
2026-03-16 12:05:27 UTC,1,1,16.79,5.89,20.3,53.2,Safe
2026-03-16 12:05:37 UTC,1,1,16.95,5.94,20.3,53.2,Safe
2026-03-16 12:05:47 UTC,0,0,16.87,5.91,20.3,53.2,Safe
2026-03-16 12:05:57 UTC,0,1,16.02,5.75,20.4,53.2,Safe
2026-03-16 12:06:07 UTC,0,1,17.03,5.91,20.4,53.0,Safe
2026-03-16 12:06:17 UTC,0,1,16.23,5.82,20.4,53.0,Safe
2026-03-16 12:06:27 UTC,0,2,17.07,5.96,20.4,53.0,Safe
2026-03-16 12:06:37 UTC,0,2,16.15,5.82,20.4,52.9,Safe
2026-03-16 12:06:47 UTC,0,1,16.95,5.94,20.4,52.8,Safe
2026-03-16 12:06:57 UTC,0,1,16.44,5.82,20.4,52.6,Safe
2026-03-16 12:07:07 UTC,0,1,16.84,5.89,20.4,52.6,Safe
2026-03-16 12:07:17 UTC,0,1,16.33,5.82,20.4,52.6,Safe
2026-03-16 12:07:27 UTC,0,2,16.95,5.91,20.4,52.5,Safe
2026-03-16 12:07:37 UTC,0,2,17.2,5.94,20.4,52.4,Safe
2026-03-16 12:07:47 UTC,0,3,16.33,5.82,20.4,52.3,Safe
2026-03-16 12:07:57 UTC,0,2,17.03,5.94,20.4,52.2,Safe
2026-03-16 12:08:07 UTC,0,0,16.33,5.82,20.5,52.1,Safe
2026-03-16 12:08:17 UTC,0,1,17.03,5.94,20.5,52.0,Safe
2026-03-16 12:08:27 UTC,0,1,16.33,5.82,20.5,52.0,Safe
2026-03-16 12:08:37 UTC,0,0,17.07,5.94,20.5,51.9,Safe
2026-03-16 12:08:47 UTC,0,0,16.44,5.87,20.5,52.1,Safe
2026-03-16 12:08:57 UTC,0,0,16.79,5.91,20.5,52.2,Safe
2026-03-16 12:09:07 UTC,0,0,16.18,5.8,20.5,52.1,Safe
2026-03-16 12:09:17 UTC,0,0,17.03,5.94,20.5,52.1,Safe
2026-03-16 12:09:27 UTC,0,0,16.33,5.8,20.5,52.0,Safe
2026-03-16 12:09:37 UTC,0,0,17.03,5.91,20.5,52.1,Safe
2026-03-16 12:09:47 UTC,1,1,17.2,5.91,20.5,52.0,Safe
2026-03-16 12:09:57 UTC,0,0,16.52,5.84,20.5,52.2,Safe
2026-03-16 12:10:07 UTC,0,1,16.84,5.89,20.5,52.2,Safe
2026-03-16 12:10:17 UTC,1,1,16.37,5.8,20.5,52.2,Safe
2026-03-16 12:10:27 UTC,1,1,17.07,5.91,20.5,52.4,Safe
2026-03-16 12:10:37 UTC,1,1,16.33,5.82,20.5,52.4,Safe
2026-03-16 12:10:47 UTC,1,2,17.03,5.91,20.5,52.4,Safe
2026-03-16 12:10:57 UTC,1,2,16.1,5.8,20.5,52.5,Safe
2026-03-16 12:11:07 UTC,1,1,16.87,5.91,20.4,52.4,Safe
2026-03-16 12:11:17 UTC,0,1,17.23,5.89,20.4,52.4,Safe
2026-03-16 12:11:27 UTC,0,2,16.76,5.89,20.4,52.4,Safe
2026-03-16 12:11:37 UTC,0,2,16.26,5.8,20.4,52.4,Safe
2026-03-16 12:11:47 UTC,1,2,16.29,5.87,20.4,52.4,Safe
2026-03-16 12:11:57 UTC,1,1,17.15,5.94,20.4,52.3,Safe
2026-03-16 12:12:07 UTC,1,1,16.33,5.82,20.4,52.4,Safe
2026-03-16 12:12:17 UTC,0,0,16.84,5.89,20.4,52.4,Safe
2026-03-16 12:12:27 UTC,0,1,16.26,5.77,20.4,52.3,Safe
2026-03-16 12:12:37 UTC,0,2,17.2,5.91,20.4,52.2,Safe
2026-03-16 12:12:47 UTC,0,1,16.41,5.84,20.4,52.2,Safe
2026-03-16 12:12:57 UTC,0,1,16.6,5.87,20.4,52.3,Safe
2026-03-16 12:13:07 UTC,0,1,16.29,5.82,20.4,52.3,Safe
2026-03-16 12:13:17 UTC,0,1,16.71,5.84,20.4,52.2,Safe
2026-03-16 12:13:27 UTC,1,2,17.15,5.91,20.4,52.2,Safe
2026-03-16 12:13:37 UTC,1,2,16.87,5.91,20.4,52.1,Safe
2026-03-16 12:13:47 UTC,1,1,16.87,5.91,20.4,52.1,Safe
2026-03-16 12:13:57 UTC,1,2,16.23,5.82,20.3,52.1,Safe
2026-03-16 12:14:07 UTC,1,2,16.84,5.89,20.3,52.0,Safe
2026-03-16 12:14:17 UTC,1,1,16.29,5.84,20.4,51.9,Safe
2026-03-16 12:14:27 UTC,1,1,17.03,5.91,20.3,51.9,Safe
2026-03-16 12:14:37 UTC,1,1,15.92,5.71,20.3,51.8,Safe
2026-03-16 12:14:47 UTC,0,0,17.07,5.91,20.3,51.9,Safe
2026-03-16 12:14:57 UTC,0,0,16.41,5.84,20.3,51.9,Safe
2026-03-16 12:15:07 UTC,0,1,17.15,5.91,20.3,52.1,Safe
2026-03-16 12:15:17 UTC,0,1,15.99,5.77,20.3,52.7,Safe
2026-03-16 12:15:27 UTC,0,0,16.84,5.89,20.4,53.1,Safe
2026-03-16 12:15:37 UTC,0,1,16.79,5.89,20.3,53.6,Safe
2026-03-16 12:15:47 UTC,0,0,16.33,5.82,20.4,54.3,Safe
2026-03-16 12:15:57 UTC,0,0,16.79,5.89,20.4,54.8,Safe
2026-03-16 12:16:07 UTC,0,0,16.44,5.82,20.4,55.1,Safe
2026-03-16 12:16:17 UTC,1,1,16.95,5.91,20.5,55.3,Safe
2026-03-16 12:16:27 UTC,1,1,15.99,5.77,20.5,55.5,Safe
2026-03-16 12:16:37 UTC,0,1,17.03,5.91,20.5,55.7,Safe
2026-03-16 12:16:47 UTC,0,1,16.26,5.82,20.6,55.8,Safe
2026-03-16 12:16:57 UTC,0,0,16.95,5.89,20.6,55.9,Safe
2026-03-16 12:17:07 UTC,0,0,16.23,5.77,20.6,56.1,Safe
2026-03-16 12:17:17 UTC,0,0,16.98,5.89,20.6,56.1,Safe
2026-03-16 12:17:27 UTC,0,0,16.29,5.87,20.6,56.2,Safe
2026-03-16 12:17:37 UTC,0,1,16.87,5.91,20.6,56.4,Safe
2026-03-16 12:17:47 UTC,0,1,17.23,5.94,20.7,56.6,Safe
2026-03-16 12:17:57 UTC,0,1,16.29,5.82,20.7,56.7,Safe
2026-03-16 12:18:07 UTC,0,2,17.07,5.94,20.7,56.9,Safe
2026-03-16 12:18:17 UTC,1,1,16.29,5.82,20.7,57.1,Safe
2026-03-16 12:18:27 UTC,0,0,17.03,5.91,20.7,57.3,Safe
2026-03-16 12:18:37 UTC,0,0,16.33,5.84,20.8,57.4,Safe
2026-03-16 12:18:47 UTC,0,0,16.76,5.87,20.8,57.6,Safe
2026-03-16 12:18:57 UTC,0,0,16.37,5.82,20.8,57.6,Safe
2026-03-16 12:19:07 UTC,0,0,17.2,5.94,20.8,57.2,Safe
2026-03-16 12:19:17 UTC,1,1,15.77,5.77,20.9,57.0,Safe
2026-03-16 12:19:27 UTC,0,1,17.03,5.91,20.9,56.7,Safe
2026-03-16 12:19:37 UTC,0,1,16.33,5.8,20.9,56.5,Safe
2026-03-16 12:19:47 UTC,0,1,16.44,5.82,20.9,56.2,Safe
2026-03-16 12:19:57 UTC,0,1,16.92,5.94,20.9,56.0,Safe
2026-03-16 12:20:07 UTC,0,1,16.37,5.82,20.9,56.2,Safe
2026-03-16 12:20:17 UTC,1,1,16.92,5.94,20.9,56.6,Safe
2026-03-16 12:20:27 UTC,0,0,16.33,5.8,21.0,56.8,Safe
2026-03-16 12:20:37 UTC,0,0,17.2,5.91,21.0,57.2,Safe
2026-03-16 12:20:47 UTC,0,0,16.44,5.82,21.0,57.7,Safe
2026-03-16 12:20:57 UTC,1,1,17.03,5.89,21.0,58.1,Safe
2026-03-16 12:21:07 UTC,0,0,16.07,5.8,21.0,58.4,Safe
2026-03-16 12:21:17 UTC,0,1,17.07,5.89,21.0,58.3,Safe
2026-03-16 12:21:27 UTC,0,1,16.79,5.89,21.0,58.3,Safe
2026-03-16 12:21:37 UTC,0,1,16.98,5.94,21.0,58.6,Safe
2026-03-16 12:21:47 UTC,0,1,16.41,5.82,21.0,58.8,Safe
2026-03-16 12:21:57 UTC,0,2,16.33,5.82,21.0,58.8,Safe
2026-03-16 12:22:07 UTC,0,2,17.03,5.91,21.0,58.8,Safe
2026-03-16 12:22:17 UTC,0,2,16.26,5.77,21.0,58.8,Safe
2026-03-16 12:22:27 UTC,0,1,16.76,5.89,21.0,58.9,Safe
2026-03-16 12:22:37 UTC,0,1,16.44,5.82,21.0,59.2,Safe
2026-03-16 12:22:47 UTC,0,1,16.98,5.89,21.0,59.4,Safe
2026-03-16 12:22:57 UTC,0,1,16.29,5.82,21.0,59.1,Safe
2026-03-16 12:23:07 UTC,0,1,17.11,5.91,21.0,59.0,Safe
2026-03-16 12:23:17 UTC,0,0,16.33,5.8,21.0,58.7,Safe
2026-03-16 12:23:27 UTC,0,0,16.95,5.91,21.0,58.6,Safe
2026-03-16 12:23:37 UTC,0,0,17.03,5.94,21.0,58.7,Safe
2026-03-16 12:23:47 UTC,0,0,16.92,5.91,21.0,58.8,Safe
2026-03-16 12:23:57 UTC,0,0,16.95,5.91,21.0,58.7,Safe
2026-03-16 12:24:07 UTC,0,1,16.41,5.84,21.0,58.7,Safe
2026-03-16 12:24:17 UTC,0,0,16.95,5.91,21.0,59.7,Safe
2026-03-16 12:24:27 UTC,0,0,16.33,5.82,21.0,60.3,Safe
2026-03-16 12:24:37 UTC,0,0,17.03,5.91,21.0,60.7,Safe
2026-03-16 12:24:47 UTC,0,0,16.26,5.82,21.0,61.1,Safe
2026-03-16 12:24:57 UTC,0,0,17.15,5.94,21.1,61.4,Safe
2026-03-16 12:25:07 UTC,0,1,15.99,5.77,21.1,61.3,Safe
2026-03-16 12:25:17 UTC,0,0,16.95,5.89,21.1,61.2,Safe
2026-03-16 12:25:27 UTC,0,0,16.41,5.8,21.1,60.8,Safe
2026-03-16 12:25:37 UTC,0,0,16.92,5.94,21.1,60.5,Safe
2026-03-16 12:25:47 UTC,0,0,17.07,5.91,21.1,60.2,Safe
2026-03-16 12:25:57 UTC,0,0,16.26,5.82,21.1,60.1,Safe
2026-03-16 12:26:07 UTC,0,0,16.98,5.89,21.1,59.8,Safe
2026-03-16 12:26:17 UTC,0,0,16.41,5.8,21.1,60.3,Safe
2026-03-16 12:26:27 UTC,0,0,17.11,5.89,21.1,61.8,Safe
2026-03-16 12:26:37 UTC,0,1,16.49,5.82,21.2,63.4,Safe
2026-03-16 12:26:47 UTC,0,2,16.95,5.89,21.2,64.9,Safe
2026-03-16 12:26:57 UTC,0,1,16.23,5.75,21.3,66.1,Safe
2026-03-16 12:27:07 UTC,0,0,16.84,5.89,21.4,67.4,Safe
2026-03-16 12:27:17 UTC,0,0,16.6,5.84,21.4,68.3,Safe
2026-03-16 12:27:27 UTC,0,1,17.03,5.91,21.5,69.0,Safe
2026-03-16 12:27:37 UTC,0,1,16.23,5.77,21.5,69.6,Safe
2026-03-16 12:27:47 UTC,0,1,16.84,5.89,21.6,70.0,Safe
2026-03-16 12:27:57 UTC,0,1,17.28,5.94,21.6,70.4,Safe
2026-03-16 12:28:07 UTC,0,0,16.68,5.84,21.7,70.5,Safe
2026-03-16 12:28:17 UTC,0,0,17.34,5.94,21.7,70.9,Safe
2026-03-16 12:28:27 UTC,0,0,16.68,5.8,21.8,71.1,Safe
2026-03-16 12:28:37 UTC,0,0,17.43,5.94,21.8,71.4,Safe
2026-03-16 12:28:47 UTC,0,0,16.6,5.82,21.9,71.3,Safe
2026-03-16 12:28:57 UTC,0,0,17.31,5.94,22.0,70.9,Safe
2026-03-16 12:29:07 UTC,0,0,16.44,5.82,22.1,70.3,Safe
2026-03-16 12:29:17 UTC,0,1,17.03,5.91,22.2,70.1,Safe
2026-03-16 12:29:27 UTC,0,0,17.23,5.94,22.2,69.8,Safe
2026-03-16 12:29:37 UTC,0,0,17.11,5.94,22.3,69.6,Safe
2026-03-16 12:29:47 UTC,0,0,16.87,5.89,22.3,69.4,Safe
2026-03-16 12:29:57 UTC,0,0,16.57,5.82,22.4,69.2,Safe
2026-03-16 12:30:07 UTC,0,0,17.11,5.94,22.5,69.1,Safe
2026-03-16 12:30:17 UTC,0,0,16.1,5.8,22.6,69.4,Safe
2026-03-16 12:30:27 UTC,0,0,17.07,5.91,22.7,69.7,Safe
2026-03-16 12:30:37 UTC,0,1,16.49,5.82,22.8,70.1,Safe
2026-03-16 12:30:47 UTC,0,0,17.11,5.89,22.8,70.0,Safe
2026-03-16 12:30:57 UTC,0,0,16.57,5.87,22.9,70.1,Safe
2026-03-16 12:31:07 UTC,0,0,17.07,5.89,23.0,70.1,Safe
2026-03-16 12:31:17 UTC,0,0,16.63,5.84,23.0,69.8,Safe
2026-03-16 12:31:27 UTC,0,1,17.34,5.94,23.1,70.0,Safe
2026-03-16 12:31:37 UTC,0,1,17.34,5.96,23.2,70.0,Safe
2026-03-16 12:31:47 UTC,0,1,16.63,5.87,23.2,69.9,Safe
2026-03-16 12:31:57 UTC,0,1,17.56,5.94,23.3,70.1,Safe
2026-03-16 12:32:07 UTC,0,1,16.76,5.84,23.4,70.0,Safe
2026-03-16 12:32:17 UTC,0,0,17.34,5.94,23.4,70.1,Safe
2026-03-16 12:32:27 UTC,0,0,16.23,5.8,23.5,70.1,Safe
2026-03-16 12:32:37 UTC,0,0,17.51,5.96,23.6,70.1,Safe
2026-03-16 12:32:47 UTC,0,0,16.6,5.82,23.6,70.1,Safe
2026-03-16 12:32:57 UTC,0,0,17.48,5.94,23.7,70.2,Safe
2026-03-16 12:33:07 UTC,0,1,17.43,5.96,23.7,70.5,Safe
2026-03-16 12:33:17 UTC,0,1,17.51,5.94,23.8,70.4,Safe
2026-03-16 12:33:27 UTC,0,1,17.23,5.94,23.8,70.5,Safe
2026-03-16 12:33:37 UTC,0,1,16.26,5.8,23.9,70.3,Safe
2026-03-16 12:33:47 UTC,0,1,17.59,5.96,24.0,70.1,Safe
2026-03-16 12:33:57 UTC,0,1,16.33,5.8,24.0,70.4,Safe
2026-03-16 12:34:07 UTC,0,1,17.56,5.98,24.1,70.5,Safe
2026-03-16 12:34:17 UTC,0,2,16.6,5.82,24.1,70.3,Safe
2026-03-16 12:34:27 UTC,0,0,17.51,5.94,24.2,70.3,Safe
2026-03-16 12:34:37 UTC,0,0,16.33,5.82,24.2,70.3,Safe
2026-03-16 12:34:47 UTC,0,1,17.43,5.98,24.3,70.5,Safe
2026-03-16 12:34:57 UTC,0,0,16.79,5.87,24.3,70.6,Safe
2026-03-16 12:35:07 UTC,0,1,17.56,5.98,24.4,70.6,Safe
2026-03-16 12:35:17 UTC,0,0,17.48,5.96,24.4,70.8,Safe
2026-03-16 12:35:27 UTC,0,0,16.84,5.87,24.5,70.9,Safe
2026-03-16 12:35:37 UTC,0,0,17.48,5.96,24.6,71.2,Safe
2026-03-16 12:35:47 UTC,0,1,16.71,5.87,24.6,71.0,Safe
2026-03-16 12:35:57 UTC,0,1,17.51,5.96,24.7,70.5,Safe
2026-03-16 12:36:07 UTC,0,0,16.6,5.84,24.7,70.0,Safe
2026-03-16 12:36:17 UTC,0,1,17.34,5.98,24.8,70.4,Safe
2026-03-16 12:36:27 UTC,1,1,16.76,5.87,24.8,71.0,Safe
2026-03-16 12:36:37 UTC,0,0,17.51,5.94,24.9,71.1,Safe
2026-03-16 12:36:47 UTC,0,0,17.59,5.94,24.9,70.9,Safe
2026-03-16 12:36:57 UTC,0,1,17.11,5.94,25.0,70.4,Safe
2026-03-16 12:37:07 UTC,0,1,16.6,5.87,25.0,70.5,Safe
2026-03-16 12:37:17 UTC,0,0,16.84,5.87,25.1,70.7,Safe
2026-03-16 12:37:27 UTC,0,0,17.39,5.94,25.1,70.8,Safe
2026-03-16 12:37:37 UTC,0,1,16.79,5.87,25.1,70.4,Safe
2026-03-16 12:37:47 UTC,0,1,17.23,5.91,25.2,70.2,Safe
2026-03-16 12:37:57 UTC,0,3,16.76,5.84,25.3,70.3,Safe
2026-03-16 12:38:07 UTC,1,1,17.59,5.98,25.3,70.5,Safe
2026-03-16 12:38:17 UTC,1,1,16.44,5.82,25.3,70.7,Safe
2026-03-16 12:38:27 UTC,1,1,17.39,5.98,25.4,71.2,Safe
2026-03-16 12:38:37 UTC,0,1,16.76,5.87,25.4,71.6,Safe
2026-03-16 12:38:47 UTC,0,1,17.11,5.91,25.5,71.6,Safe
2026-03-16 12:38:57 UTC,0,1,17.34,5.96,25.5,71.6,Safe
2026-03-16 12:39:07 UTC,0,1,16.84,5.87,25.6,71.8,Safe
2026-03-16 12:39:17 UTC,0,0,17.63,5.96,25.6,71.5,Safe
2026-03-16 12:39:27 UTC,0,0,16.79,5.84,25.6,71.3,Safe
2026-03-16 12:39:37 UTC,0,1,17.51,5.96,25.6,71.4,Safe
2026-03-16 12:39:47 UTC,0,1,16.41,5.82,25.7,71.5,Safe
2026-03-16 12:39:57 UTC,0,0,17.39,5.98,25.7,71.5,Safe
2026-03-16 12:40:07 UTC,0,1,16.84,5.87,25.7,71.5,Safe
2026-03-16 12:40:17 UTC,0,4,17.43,5.94,25.8,71.4,Safe
2026-03-16 12:40:27 UTC,0,1,16.41,5.82,25.8,71.2,Safe
2026-03-16 12:40:37 UTC,0,1,17.31,5.94,25.8,71.1,Safe
2026-03-16 12:40:47 UTC,0,1,16.84,5.87,25.8,70.8,Safe
2026-03-16 12:40:57 UTC,0,2,17.59,5.96,25.9,70.6,Safe
2026-03-16 12:41:07 UTC,0,1,17.23,5.91,26.0,70.5,Safe
2026-03-16 12:41:17 UTC,0,1,16.84,5.89,26.0,70.4,Safe
2026-03-16 12:41:27 UTC,0,0,17.2,5.91,26.0,70.3,Safe
2026-03-16 12:41:37 UTC,0,0,16.84,5.87,26.0,70.4,Safe
2026-03-16 12:41:47 UTC,0,0,17.71,5.98,26.1,70.0,Safe
2026-03-16 12:41:57 UTC,0,2,16.6,5.8,26.1,69.9,Safe
2026-03-16 12:42:07 UTC,0,2,17.93,5.96,26.1,69.6,Safe
2026-03-16 12:42:17 UTC,0,1,16.84,5.87,26.2,69.6,Safe
2026-03-16 12:42:27 UTC,0,2,17.43,5.94,26.2,69.5,Safe
2026-03-16 12:42:37 UTC,0,1,17.71,5.94,26.2,69.2,Safe
2026-03-16 12:42:47 UTC,0,1,17.48,5.96,26.3,69.0,Safe
2026-03-16 12:42:57 UTC,0,1,17.71,5.96,26.3,68.7,Safe
2026-03-16 12:43:07 UTC,0,0,16.76,5.87,26.3,68.5,Safe
2026-03-16 12:43:17 UTC,0,1,17.76,5.98,26.4,68.6,Safe
2026-03-16 12:43:27 UTC,0,2,16.84,5.87,26.4,68.7,Safe
2026-03-16 12:43:37 UTC,0,2,17.63,5.96,26.4,68.8,Safe
2026-03-16 12:43:47 UTC,0,2,16.84,5.87,26.4,69.1,Safe
2026-03-16 12:43:57 UTC,0,2,17.48,5.96,26.5,69.1,Safe
2026-03-16 12:44:07 UTC,0,1,16.84,5.84,26.5,69.3,Safe
2026-03-16 12:44:17 UTC,0,1,17.2,5.94,26.5,69.4,Safe
2026-03-16 12:44:27 UTC,0,1,16.84,5.87,26.5,69.4,Safe
2026-03-16 12:44:37 UTC,0,1,17.23,5.89,26.5,69.2,Safe
2026-03-16 12:44:47 UTC,0,0,17.59,5.96,26.6,69.0,Safe
2026-03-16 12:44:57 UTC,0,1,16.84,5.84,26.6,68.9,Safe
2026-03-16 12:45:07 UTC,1,2,17.48,5.96,26.6,68.6,Safe
2026-03-16 12:45:17 UTC,0,2,16.84,5.87,26.6,68.5,Safe
2026-03-16 12:45:27 UTC,0,1,17.56,5.98,26.6,68.9,Safe
2026-03-16 12:45:37 UTC,0,1,16.79,5.87,26.7,69.2,Safe
2026-03-16 12:45:47 UTC,1,1,17.68,5.96,26.7,69.3,Safe
2026-03-16 12:45:57 UTC,1,2,16.84,5.84,26.7,69.1,Safe
2026-03-16 12:46:07 UTC,0,2,17.59,5.98,26.7,69.4,Safe
2026-03-16 12:46:17 UTC,0,2,16.87,5.84,26.7,69.5,Safe
2026-03-16 12:46:27 UTC,1,3,17.43,5.94,26.7,69.3,Safe
2026-03-16 12:46:37 UTC,1,1,16.44,5.8,26.8,69.2,Safe
2026-03-16 12:46:47 UTC,1,1,16.87,5.87,26.8,69.4,Safe
2026-03-16 12:46:57 UTC,0,1,17.56,5.96,26.8,69.3,Safe
2026-03-16 12:47:07 UTC,0,1,16.71,5.87,26.8,69.2,Safe
2026-03-16 12:47:17 UTC,0,1,17.59,5.98,26.9,69.3,Safe
2026-03-16 12:47:27 UTC,0,1,16.84,5.87,26.9,69.3,Safe
2026-03-16 12:47:37 UTC,0,2,17.59,5.98,26.9,69.5,Safe
2026-03-16 12:47:47 UTC,0,1,16.71,5.84,26.9,69.4,Safe
2026-03-16 12:47:57 UTC,0,1,17.51,5.98,26.9,69.5,Safe
2026-03-16 12:48:07 UTC,0,1,16.84,5.84,26.9,69.5,Safe
2026-03-16 12:48:17 UTC,0,2,17.28,5.94,26.9,69.5,Safe
2026-03-16 12:48:27 UTC,0,2,17.34,5.94,27.0,69.5,Safe
2026-03-16 12:48:37 UTC,0,1,17.71,5.98,27.0,69.4,Safe
2026-03-16 12:48:47 UTC,0,1,17.63,5.94,27.0,69.4,Safe
2026-03-16 12:48:57 UTC,0,1,16.84,5.87,27.0,69.4,Safe
2026-03-16 12:49:07 UTC,0,1,17.59,5.96,27.0,69.3,Safe
2026-03-16 12:49:17 UTC,0,1,16.79,5.87,27.1,69.4,Safe
2026-03-16 12:49:27 UTC,0,1,17.51,5.98,27.1,69.3,Safe
2026-03-16 12:49:37 UTC,0,2,16.41,5.8,27.1,69.3,Safe
2026-03-16 12:49:47 UTC,0,1,17.59,5.96,27.1,69.3,Safe
2026-03-16 12:49:57 UTC,0,1,16.76,5.87,27.1,69.4,Safe
2026-03-16 12:50:07 UTC,0,1,17.56,5.96,27.1,69.4,Safe
2026-03-16 12:50:17 UTC,0,1,16.76,5.87,27.1,69.4,Safe
2026-03-16 12:50:27 UTC,0,3,17.59,5.96,27.2,69.4,Safe
2026-03-16 12:50:37 UTC,0,2,17.39,5.96,27.2,69.3,Safe
2026-03-16 12:50:47 UTC,0,2,16.84,5.87,27.2,69.4,Safe
2026-03-16 12:50:57 UTC,0,2,17.63,5.98,27.2,69.4,Safe
2026-03-16 12:51:07 UTC,1,2,16.84,5.87,27.2,69.4,Safe
2026-03-16 12:51:17 UTC,0,1,17.71,5.98,27.2,69.3,Safe
2026-03-16 12:51:27 UTC,0,0,16.84,5.84,27.2,69.3,Safe
2026-03-16 12:51:37 UTC,0,0,17.85,5.98,27.2,69.3,Safe
2026-03-16 12:51:47 UTC,1,1,16.84,5.87,27.2,69.2,Safe
2026-03-16 12:51:57 UTC,0,0,17.71,5.96,27.3,69.2,Safe
2026-03-16 12:52:07 UTC,0,1,16.71,5.87,27.3,69.1,Safe
2026-03-16 12:52:17 UTC,0,1,17.51,5.98,27.3,69.1,Safe
2026-03-16 12:52:27 UTC,0,1,16.84,5.87,27.3,69.0,Safe
2026-03-16 12:52:37 UTC,0,1,16.6,5.8,27.3,68.9,Safe
2026-03-16 12:52:47 UTC,0,0,17.68,5.98,27.3,68.9,Safe
2026-03-16 12:52:57 UTC,0,0,16.57,5.84,27.4,68.9,Safe
2026-03-16 12:53:07 UTC,0,1,17.63,5.98,27.4,68.9,Safe
2026-03-16 12:53:17 UTC,0,1,16.41,5.8,27.4,69.0,Safe
2026-03-16 12:53:27 UTC,0,1,17.71,5.98,27.4,68.8,Safe
2026-03-16 12:53:37 UTC,0,1,16.84,5.87,27.4,68.7,Safe
2026-03-16 12:53:47 UTC,0,1,17.56,5.98,27.4,68.8,Safe
2026-03-16 12:53:57 UTC,0,0,16.57,5.8,27.5,68.8,Safe
2026-03-16 12:54:07 UTC,0,0,17.51,5.96,27.5,68.8,Safe
2026-03-16 12:54:17 UTC,0,2,17.71,5.98,27.5,68.7,Safe
2026-03-16 12:54:27 UTC,0,1,18.05,5.98,27.5,68.6,Safe
2026-03-16 12:54:37 UTC,0,1,17.71,5.98,27.5,68.6,Safe
2026-03-16 12:54:47 UTC,0,1,16.84,5.87,27.5,68.5,Safe
2026-03-16 12:54:57 UTC,0,1,17.68,5.98,27.6,68.5,Safe
2026-03-16 12:55:07 UTC,0,1,16.84,5.87,27.6,68.4,Safe
2026-03-16 12:55:17 UTC,0,1,17.34,5.98,27.6,68.3,Safe
2026-03-16 12:55:27 UTC,0,1,16.6,5.87,27.6,68.3,Safe
2026-03-16 12:55:37 UTC,0,1,17.51,5.98,27.6,68.2,Safe
2026-03-16 12:55:47 UTC,0,1,16.84,5.87,27.6,68.2,Safe
2026-03-16 12:55:57 UTC,0,1,17.76,5.98,27.6,68.1,Safe
2026-03-16 12:56:07 UTC,0,2,16.76,5.87,27.6,68.0,Safe
2026-03-16 12:56:17 UTC,1,2,17.68,5.96,27.7,68.0,Safe
2026-03-16 12:56:27 UTC,1,1,17.59,5.96,27.7,67.9,Safe
2026-03-16 12:56:37 UTC,1,1,16.84,5.89,27.7,67.8,Safe
2026-03-16 12:56:47 UTC,1,2,17.85,5.96,27.7,67.7,Safe
2026-03-16 12:56:57 UTC,1,1,16.63,5.84,27.7,67.6,Safe
2026-03-16 12:57:07 UTC,0,1,17.63,5.96,27.7,67.6,Safe
2026-03-16 12:57:17 UTC,0,1,16.84,5.89,27.8,67.6,Safe
2026-03-16 12:57:27 UTC,0,1,17.63,5.96,27.8,67.6,Safe
2026-03-16 12:57:37 UTC,0,1,16.68,5.87,27.8,67.6,Safe
2026-03-16 12:57:47 UTC,0,1,17.43,5.91,27.8,67.6,Safe
2026-03-16 12:57:57 UTC,0,2,17.8,5.96,27.8,67.5,Safe
2026-03-16 12:58:07 UTC,0,2,17.59,5.98,27.8,67.5,Safe
2026-03-16 12:58:17 UTC,0,1,17.59,5.98,27.9,67.5,Safe
2026-03-16 12:58:27 UTC,0,1,16.87,5.87,27.9,67.4,Safe
2026-03-16 12:58:37 UTC,0,1,17.63,5.98,27.9,67.5,Safe
2026-03-16 12:58:47 UTC,1,1,16.95,5.89,27.9,67.4,Safe
2026-03-16 12:58:57 UTC,1,1,17.34,5.96,27.9,67.3,Safe
2026-03-16 12:59:07 UTC,1,1,16.87,5.87,27.9,67.3,Safe
2026-03-16 12:59:17 UTC,1,1,17.43,5.94,27.9,67.3,Safe
2026-03-16 12:59:27 UTC,1,1,16.79,5.87,27.9,67.2,Safe
2026-03-16 12:59:37 UTC,1,1,17.71,5.98,27.9,67.3,Safe
2026-03-16 12:59:47 UTC,0,2,16.63,5.84,27.9,67.3,Safe
2026-03-16 12:59:57 UTC,0,1,17.59,5.96,27.9,67.2,Safe
2026-03-16 13:00:07 UTC,0,1,17.59,5.98,27.9,67.2,Safe
2026-03-16 13:00:17 UTC,0,0,16.84,5.89,27.9,67.2,Safe
2026-03-16 13:00:27 UTC,0,1,17.48,5.96,28.0,67.1,Safe
2026-03-16 13:00:37 UTC,0,1,16.76,5.84,28.0,67.2,Safe
2026-03-16 13:00:47 UTC,0,0,17.68,5.96,28.0,67.2,Safe
2026-03-16 13:00:57 UTC,0,0,16.95,5.89,28.0,67.1,Safe
2026-03-16 13:01:07 UTC,0,0,17.48,5.98,28.0,67.0,Safe
2026-03-16 13:01:17 UTC,0,0,17.03,5.89,28.0,66.9,Safe
2026-03-16 13:01:27 UTC,0,1,17.68,5.98,28.1,66.8,Safe
2026-03-16 13:01:37 UTC,0,1,17.2,5.91,28.1,66.7,Safe
2026-03-16 13:01:47 UTC,0,1,17.63,5.98,28.1,66.8,Safe
2026-03-16 13:01:57 UTC,0,0,16.76,5.87,28.1,66.7,Safe
2026-03-16 13:02:07 UTC,0,0,16.87,5.84,28.1,66.7,Safe
2026-03-16 13:02:17 UTC,0,0,16.98,5.91,28.1,66.6,Safe
2026-03-16 13:02:27 UTC,0,2,16.71,5.87,28.1,66.6,Safe
2026-03-16 13:02:37 UTC,0,1,17.76,5.98,28.1,66.6,Safe
2026-03-16 13:02:47 UTC,1,1,16.84,5.87,28.2,66.6,Safe
2026-03-16 13:02:57 UTC,0,0,17.93,6.01,28.2,66.6,Safe
2026-03-16 13:03:07 UTC,0,0,16.84,5.87,28.2,66.5,Safe
2026-03-16 13:03:17 UTC,0,0,17.59,5.98,28.2,66.5,Safe
2026-03-16 13:03:27 UTC,0,0,16.84,5.89,28.2,66.5,Safe
2026-03-16 13:03:37 UTC,0,1,17.68,5.98,28.2,66.5,Safe
2026-03-16 13:03:47 UTC,0,1,17.48,5.98,28.2,66.5,Safe
2026-03-16 13:03:57 UTC,0,1,16.87,5.89,28.2,66.5,Safe
2026-03-16 13:04:07 UTC,0,2,17.34,5.94,28.2,66.5,Safe
2026-03-16 13:04:17 UTC,0,1,16.84,5.89,28.2,66.5,Safe
2026-03-16 13:04:27 UTC,0,0,17.51,6.01,28.3,66.6,Safe
2026-03-16 13:04:37 UTC,0,0,16.87,5.89,28.3,66.5,Safe
2026-03-16 13:04:47 UTC,0,0,17.63,5.98,28.3,66.4,Safe
2026-03-16 13:04:57 UTC,0,0,16.57,5.87,28.3,66.3,Safe
2026-03-16 13:05:07 UTC,0,0,17.93,5.98,28.4,66.2,Safe
2026-03-16 13:05:17 UTC,0,0,16.84,5.89,28.4,66.2,Safe
2026-03-16 13:05:27 UTC,0,0,17.76,5.98,28.4,66.2,Safe
2026-03-16 13:05:37 UTC,0,1,16.87,5.87,28.4,66.1,Safe
2026-03-16 13:05:47 UTC,0,1,16.95,5.89,28.4,66.1,Safe
2026-03-16 13:05:57 UTC,0,0,17.39,5.94,28.4,66.1,Safe
2026-03-16 13:06:07 UTC,0,0,16.95,5.89,28.4,66.0,Safe
2026-03-16 13:06:17 UTC,0,0,17.76,6.01,28.5,66.0,Safe
2026-03-16 13:06:27 UTC,0,1,16.71,5.84,28.5,66.0,Safe
2026-03-16 13:06:37 UTC,0,1,17.88,6.01,28.5,65.9,Safe
2026-03-16 13:06:47 UTC,0,1,17.03,5.89,28.5,65.9,Safe
2026-03-16 13:06:57 UTC,0,1,17.85,5.98,28.6,65.8,Safe
2026-03-16 13:07:07 UTC,0,1,16.92,5.89,28.6,65.7,Safe
2026-03-16 13:07:17 UTC,0,2,17.68,5.98,28.6,65.7,Safe
2026-03-16 13:07:27 UTC,0,1,17.76,5.98,28.6,65.6,Safe
2026-03-16 13:07:37 UTC,0,1,16.84,5.87,28.7,65.5,Safe
2026-03-16 13:07:47 UTC,0,1,17.85,6.01,28.7,65.4,Safe
2026-03-16 13:07:57 UTC,0,1,16.84,5.89,28.7,65.3,Safe
2026-03-16 13:08:07 UTC,0,0,17.97,5.98,28.7,65.2,Safe
2026-03-16 13:08:17 UTC,0,0,17.03,5.89,28.7,65.2,Safe
2026-03-16 13:08:27 UTC,0,1,17.85,6.01,28.7,65.2,Safe
2026-03-16 13:08:37 UTC,0,1,16.95,5.89,28.7,65.2,Safe
2026-03-16 13:08:47 UTC,0,1,17.85,5.98,28.8,65.2,Safe
2026-03-16 13:08:57 UTC,0,2,16.95,5.89,28.8,65.1,Safe
2026-03-16 13:09:07 UTC,0,1,18.05,6.01,28.8,65.1,Safe
2026-03-16 13:09:17 UTC,0,1,17.03,5.87,28.8,65.2,Safe
2026-03-16 13:09:27 UTC,0,1,16.68,5.84,28.9,65.1,Safe
2026-03-16 13:09:37 UTC,0,1,17.93,5.98,28.9,65.1,Safe
2026-03-16 13:09:47 UTC,0,1,16.84,5.87,28.9,65.1,Safe
2026-03-16 13:09:57 UTC,0,1,17.97,6.01,28.9,65.1,Safe
2026-03-16 13:10:07 UTC,0,1,16.95,5.89,28.9,65.1,Safe
2026-03-16 13:10:17 UTC,0,1,17.97,6.01,29.0,65.1,Safe
2026-03-16 13:10:27 UTC,0,0,16.92,5.89,29.0,65.1,Safe
2026-03-16 13:10:37 UTC,0,1,17.97,6.01,29.0,65.0,Safe
2026-03-16 13:10:47 UTC,0,0,16.87,5.89,29.0,65.2,Safe
2026-03-16 13:10:57 UTC,0,0,17.88,6.01,29.0,65.1,Safe
2026-03-16 13:11:07 UTC,0,0,17.88,6.01,29.0,65.0,Safe
2026-03-16 13:11:17 UTC,0,1,17.03,5.91,29.1,65.1,Safe
2026-03-16 13:11:27 UTC,0,1,17.85,5.98,29.1,65.0,Safe
2026-03-16 13:11:37 UTC,0,1,16.95,5.89,29.1,65.1,Safe
2026-03-16 13:11:47 UTC,0,1,17.97,6.01,29.1,65.1,Safe
2026-03-16 13:11:57 UTC,0,1,17.2,5.91,29.1,65.1,Safe
2026-03-16 13:12:07 UTC,1,1,17.76,6.01,29.1,65.1,Safe
2026-03-16 13:12:17 UTC,1,1,17.07,5.87,29.1,65.1,Safe
2026-03-16 13:12:27 UTC,1,1,17.76,6.01,29.1,65.1,Safe
2026-03-16 13:12:37 UTC,0,0,17.03,5.89,29.2,65.1,Safe
2026-03-16 13:12:47 UTC,0,1,17.88,5.98,29.2,65.1,Safe
2026-03-16 13:12:57 UTC,0,2,17.11,5.89,29.2,65.1,Safe
2026-03-16 13:13:07 UTC,0,2,16.87,5.89,29.2,64.9,Safe
2026-03-16 13:13:17 UTC,0,1,17.85,6.01,29.2,64.7,Safe
2026-03-16 13:13:27 UTC,0,2,17.03,5.91,29.2,64.8,Safe
2026-03-16 13:13:37 UTC,3,6,19.09,6.1,30.5,63.1,Safe
2026-03-16 13:13:47 UTC,3,4,18.14,5.96,30.5,62.6,Safe
2026-03-16 13:13:57 UTC,2,2,18.73,6.06,30.5,61.4,Safe
2026-03-16 13:14:07 UTC,2,3,18.14,5.96,30.4,60.5,Safe
2026-03-16 13:14:17 UTC,2,4,18.34,6.03,30.4,60.0,Safe
2026-03-16 13:14:27 UTC,2,4,18.14,5.96,30.3,59.5,Safe
2026-03-16 13:14:37 UTC,4,4,18.82,6.08,30.2,59.2,Safe
2026-03-16 13:14:47 UTC,3,5,18.05,5.91,30.1,59.0,Safe
2026-03-16 13:14:57 UTC,3,4,18.82,6.08,30.0,59.5,Safe
2026-03-16 13:15:07 UTC,2,3,18.95,6.08,29.9,60.4,Safe
2026-03-16 13:15:17 UTC,1,2,18.0,5.98,29.9,61.2,Safe
2026-03-16 13:15:27 UTC,1,1,18.95,6.08,29.8,61.8,Safe
2026-03-16 13:15:37 UTC,1,1,18.09,5.96,29.7,62.4,Safe
2026-03-16 13:15:47 UTC,1,1,18.55,6.06,29.7,63.0,Safe
2026-03-16 13:15:57 UTC,0,0,18.17,5.96,29.6,63.4,Safe
2026-03-16 13:16:07 UTC,1,3,18.91,6.08,29.6,63.9,Safe
2026-03-16 13:16:17 UTC,1,2,18.05,5.96,29.5,64.3,Safe
2026-03-16 13:16:27 UTC,2,3,18.77,6.08,29.5,64.8,Safe
2026-03-16 13:16:37 UTC,2,3,18.82,6.08,29.4,65.2,Safe
2026-03-16 13:16:47 UTC,2,3,18.82,6.08,29.4,65.5,Safe
2026-03-16 13:16:57 UTC,1,3,17.93,5.94,29.3,65.7,Safe
2026-03-16 13:17:07 UTC,1,3,17.76,5.94,29.3,66.0,Safe
2026-03-16 13:17:17 UTC,1,4,18.95,6.08,29.3,66.2,Safe
2026-03-16 13:17:27 UTC,1,3,18.0,5.96,29.3,66.5,Safe
2026-03-16 13:17:37 UTC,2,3,18.82,6.08,29.3,66.6,Safe
2026-03-16 13:17:47 UTC,2,2,17.97,5.96,29.2,66.9,Safe
2026-03-16 13:17:57 UTC,1,4,18.82,6.08,29.2,67.0,Safe
2026-03-16 13:18:07 UTC,1,1,18.09,5.98,29.2,67.2,Safe
2026-03-16 13:18:17 UTC,1,2,18.77,6.08,29.2,67.2,Safe
2026-03-16 13:18:27 UTC,1,2,17.88,5.96,29.2,67.3,Safe
2026-03-16 13:18:37 UTC,1,3,18.34,6.06,29.1,67.3,Safe
2026-03-16 13:18:47 UTC,1,3,18.86,6.08,29.2,67.2,Safe
2026-03-16 13:18:57 UTC,1,3,17.97,5.96,29.1,67.2,Safe
2026-03-16 13:19:07 UTC,1,3,18.82,6.08,29.1,67.1,Safe
2026-03-16 13:19:17 UTC,4,5,17.97,5.96,29.1,67.1,Safe
2026-03-16 13:19:27 UTC,4,5,18.95,6.1,29.1,67.1,Safe
2026-03-16 13:19:37 UTC,4,6,17.93,5.94,29.1,66.9,Safe
2026-03-16 13:19:47 UTC,5,9,18.86,6.1,29.1,66.9,Safe
2026-03-16 13:19:57 UTC,5,7,18.0,5.96,29.1,66.9,Safe
2026-03-16 13:20:07 UTC,5,6,18.82,6.08,29.1,66.8,Safe
2026-03-16 13:20:17 UTC,4,6,18.82,6.08,29.1,66.8,Safe
2026-03-16 13:20:27 UTC,4,7,18.77,6.08,29.1,66.7,Safe
2026-03-16 13:20:37 UTC,6,8,18.73,6.08,29.1,66.7,Safe
2026-03-16 13:20:47 UTC,7,9,17.76,5.96,29.1,66.2,Safe
2026-03-16 13:20:57 UTC,6,10,18.82,6.08,29.1,65.4,Safe
2026-03-16 13:21:07 UTC,6,13,17.93,5.96,29.1,64.6,Safe
2026-03-16 13:21:17 UTC,6,11,18.52,6.06,29.1,63.8,Safe
2026-03-16 13:21:27 UTC,7,14,17.93,5.98,29.1,63.3,Safe
2026-03-16 13:21:37 UTC,6,10,18.77,6.08,29.1,62.7,Safe
2026-03-16 13:21:47 UTC,6,7,17.71,5.96,29.1,62.2,Safe
2026-03-16 13:21:57 UTC,6,8,18.73,6.08,29.0,61.7,Safe
2026-03-16 13:22:07 UTC,6,7,17.93,5.96,29.0,61.4,Safe
2026-03-16 13:22:17 UTC,5,7,18.55,6.08,28.9,61.2,Safe
2026-03-16 13:22:27 UTC,5,8,18.77,6.08,28.9,61.7,Safe
2026-03-16 13:22:37 UTC,6,8,17.48,5.89,28.9,62.5,Safe
2026-03-16 13:22:47 UTC,7,9,18.7,6.08,28.9,63.3,Safe
2026-03-16 13:22:57 UTC,7,8,17.71,5.94,28.8,63.9,Safe
2026-03-16 13:23:07 UTC,6,8,18.31,6.03,28.9,64.5,Safe
2026-03-16 13:23:17 UTC,7,8,17.8,5.91,28.8,65.0,Safe
2026-03-16 13:23:27 UTC,9,9,18.73,6.08,28.8,65.5,Safe
2026-03-16 13:23:37 UTC,8,9,17.88,5.96,28.8,65.9,Safe
2026-03-16 13:23:47 UTC,7,9,18.26,6.03,28.8,66.2,Safe
2026-03-16 13:23:57 UTC,7,8,18.43,6.06,28.8,66.5,Safe
2026-03-16 13:24:07 UTC,7,8,18.82,6.1,28.8,66.8,Safe
2026-03-16 13:24:17 UTC,7,9,18.73,6.08,28.8,67.2,Safe
2026-03-16 13:24:27 UTC,6,6,17.97,5.94,28.8,67.3,Safe
2026-03-16 13:24:37 UTC,5,6,18.7,6.08,28.8,67.4,Safe
2026-03-16 13:24:47 UTC,5,8,17.85,5.94,28.8,67.5,Safe
2026-03-16 13:24:57 UTC,5,8,18.82,6.08,28.8,67.5,Safe
2026-03-16 13:25:07 UTC,6,8,17.71,5.96,28.8,67.6,Safe
2026-03-16 13:25:17 UTC,5,6,18.77,6.06,28.8,67.6,Safe
2026-03-16 13:25:27 UTC,5,6,17.76,5.96,28.8,67.6,Safe
2026-03-16 13:25:37 UTC,4,6,18.82,6.08,28.8,67.4,Safe
2026-03-16 13:25:47 UTC,3,4,17.63,5.91,28.8,67.4,Safe
2026-03-16 13:25:57 UTC,4,5,17.88,5.96,28.9,67.3,Safe
2026-03-16 13:26:07 UTC,4,7,18.17,6.03,28.9,67.2,Safe
2026-03-16 13:26:17 UTC,3,7,17.85,5.96,28.9,67.1,Safe
2026-03-16 13:26:27 UTC,5,8,18.7,6.08,28.9,66.8,Safe
2026-03-16 13:26:37 UTC,4,5,17.88,5.98,28.9,66.6,Safe
2026-03-16 13:26:47 UTC,5,7,18.64,6.08,29.0,66.5,Safe
2026-03-16 13:26:57 UTC,5,7,17.93,5.94,28.9,66.2,Safe
2026-03-16 13:27:07 UTC,5,9,18.61,6.08,28.9,66.0,Safe
2026-03-16 13:27:17 UTC,5,7,17.76,5.94,29.0,65.6,Safe
2026-03-16 13:27:27 UTC,5,8,18.55,6.06,29.0,64.9,Safe
2026-03-16 13:27:37 UTC,4,5,18.22,6.03,29.0,64.0,Safe
2026-03-16 13:27:47 UTC,4,4,17.63,5.96,29.0,63.2,Safe
2026-03-16 13:27:57 UTC,4,5,18.7,6.08,29.0,62.5,Safe
2026-03-16 13:28:07 UTC,3,5,17.85,5.96,28.9,61.7,Safe
2026-03-16 13:28:17 UTC,4,7,18.61,6.08,28.9,61.1,Safe
2026-03-16 13:28:27 UTC,5,6,17.59,5.94,28.9,60.6,Safe
2026-03-16 13:28:37 UTC,3,3,18.55,6.06,28.8,60.2,Safe
2026-03-16 13:28:47 UTC,2,5,17.39,5.89,28.8,60.7,Safe
2026-03-16 13:28:57 UTC,3,6,18.22,6.06,28.8,61.5,Safe
2026-03-16 13:29:07 UTC,4,5,17.8,5.96,28.8,62.1,Safe
2026-03-16 13:29:17 UTC,3,4,18.77,6.08,28.8,62.8,Safe
2026-03-16 13:29:27 UTC,4,4,17.39,5.94,28.8,63.3,Safe
2026-03-16 13:29:37 UTC,4,4,17.71,5.91,28.8,63.8,Safe
2026-03-16 13:29:47 UTC,3,5,18.77,6.08,28.8,64.3,Safe
2026-03-16 13:29:57 UTC,3,5,17.76,5.94,28.8,64.7,Safe
2026-03-16 13:30:07 UTC,3,6,18.26,6.06,28.8,65.0,Safe
2026-03-16 13:30:17 UTC,5,6,17.85,5.96,28.8,65.3,Safe
2026-03-16 13:30:27 UTC,5,6,18.22,6.03,28.8,65.5,Safe
2026-03-16 13:30:37 UTC,5,6,17.71,5.96,28.8,65.7,Safe
2026-03-16 13:30:47 UTC,4,6,18.7,6.08,28.8,66.0,Safe
2026-03-16 13:30:57 UTC,4,6,17.88,5.94,28.7,66.0,Safe
2026-03-16 13:31:07 UTC,4,6,18.17,6.01,28.8,66.1,Safe
2026-03-16 13:31:17 UTC,4,5,18.73,6.08,28.8,66.2,Safe
2026-03-16 13:31:27 UTC,5,5,17.93,5.96,28.8,66.3,Safe
2026-03-16 13:31:37 UTC,5,5,18.55,6.08,28.8,66.3,Safe
2026-03-16 13:31:47 UTC,4,4,17.68,5.94,28.8,66.4,Safe
2026-03-16 13:31:57 UTC,5,7,18.34,6.08,28.8,66.4,Safe
2026-03-16 13:32:07 UTC,5,7,18.0,5.96,28.8,66.5,Safe
2026-03-16 13:32:17 UTC,4,7,18.22,6.01,28.9,66.4,Safe
2026-03-16 13:32:27 UTC,2,5,17.34,5.89,28.9,66.3,Safe
2026-03-16 13:32:37 UTC,3,4,18.17,6.01,28.9,66.2,Safe
2026-03-16 13:32:47 UTC,3,4,17.97,5.96,28.9,66.2,Safe
2026-03-16 13:32:57 UTC,3,4,18.31,6.01,28.9,66.1,Safe
2026-03-16 13:33:07 UTC,4,4,17.76,5.96,29.0,66.1,Safe
2026-03-16 13:33:17 UTC,3,4,17.76,5.94,29.0,66.0,Safe
2026-03-16 13:33:27 UTC,3,3,18.86,6.08,29.0,65.9,Safe
2026-03-16 13:33:37 UTC,3,4,17.88,5.94,29.0,65.9,Safe
2026-03-16 13:33:47 UTC,4,4,18.17,6.03,29.0,65.8,Safe
2026-03-16 13:33:57 UTC,4,6,17.88,5.94,29.1,65.4,Safe
2026-03-16 13:34:07 UTC,4,4,18.34,6.03,29.1,64.6,Safe
2026-03-16 13:34:17 UTC,3,5,17.88,5.94,29.1,63.8,Safe
2026-03-16 13:34:27 UTC,3,5,18.73,6.08,29.1,63.0,Safe
2026-03-16 13:34:37 UTC,1,5,17.56,5.91,29.1,62.3,Safe
2026-03-16 13:34:47 UTC,1,3,18.61,6.08,29.1,61.6,Safe
2026-03-16 13:34:57 UTC,1,3,18.61,6.08,29.0,61.0,Safe
2026-03-16 13:35:07 UTC,2,3,17.71,5.94,29.0,60.5,Safe
2026-03-16 13:35:17 UTC,2,3,18.73,6.08,29.0,60.2,Safe
2026-03-16 13:35:27 UTC,3,5,17.88,5.96,29.0,60.2,Safe
2026-03-16 13:35:37 UTC,3,6,18.73,6.06,29.0,60.8,Safe
2026-03-16 13:35:47 UTC,4,5,17.88,5.91,29.0,61.5,Safe
2026-03-16 13:35:57 UTC,5,5,18.55,6.08,29.0,62.1,Safe
2026-03-16 13:36:07 UTC,4,5,17.71,5.91,29.0,62.7,Safe
2026-03-16 13:36:17 UTC,4,4,18.64,6.08,28.9,63.1,Safe
2026-03-16 13:36:27 UTC,3,5,18.77,6.03,28.9,63.6,Safe
2026-03-16 13:36:37 UTC,2,5,18.64,6.08,29.0,63.9,Safe
2026-03-16 13:36:47 UTC,3,4,18.73,6.08,29.0,64.0,Safe
2026-03-16 13:36:57 UTC,4,4,17.68,5.91,29.0,64.3,Safe
2026-03-16 13:37:07 UTC,4,5,18.7,6.08,29.0,64.6,Safe
2026-03-16 13:37:17 UTC,4,4,17.71,5.94,29.0,64.7,Safe
2026-03-16 13:37:27 UTC,3,3,18.26,6.03,29.0,64.9,Safe
2026-03-16 13:37:37 UTC,2,3,18.0,5.96,29.1,64.9,Safe
2026-03-16 13:37:47 UTC,2,3,18.73,6.06,29.1,65.1,Safe
2026-03-16 13:37:57 UTC,2,5,17.59,5.94,29.1,65.1,Safe
2026-03-16 13:38:07 UTC,2,6,18.77,6.08,29.1,65.2,Safe
2026-03-16 13:38:17 UTC,3,6,17.71,5.94,29.1,65.2,Safe
2026-03-16 13:38:27 UTC,4,6,18.77,6.08,29.1,65.2,Safe
2026-03-16 13:38:37 UTC,2,6,18.73,6.08,29.1,65.2,Safe
2026-03-16 13:38:47 UTC,2,4,17.85,5.94,29.2,65.2,Safe
2026-03-16 13:38:57 UTC,3,6,18.82,6.08,29.2,65.3,Safe
2026-03-16 13:39:07 UTC,3,6,17.48,5.89,29.2,65.2,Safe
2026-03-16 13:39:17 UTC,3,4,18.77,6.08,29.2,65.3,Safe
2026-03-16 13:39:27 UTC,4,5,17.93,5.94,29.2,65.2,Safe
2026-03-16 13:39:37 UTC,3,4,18.73,6.08,29.2,65.1,Safe
2026-03-16 13:39:47 UTC,3,3,17.76,5.96,29.2,65.1,Safe
2026-03-16 13:39:57 UTC,4,4,18.61,6.03,29.2,65.0,Safe
2026-03-16 13:40:07 UTC,5,6,18.82,6.08,29.2,65.0,Safe
2026-03-16 13:40:17 UTC,5,5,17.48,5.89,29.3,64.9,Safe
2026-03-16 13:40:27 UTC,4,4,18.73,6.08,29.3,64.9,Safe
2026-03-16 13:40:37 UTC,3,4,17.63,5.91,29.3,64.8,Safe
2026-03-16 13:40:47 UTC,4,5,18.61,6.08,29.3,64.7,Safe
2026-03-16 13:40:57 UTC,4,5,17.56,5.89,29.3,64.5,Safe
2026-03-16 13:41:07 UTC,4,7,18.77,6.08,29.3,64.0,Safe
2026-03-16 13:41:17 UTC,4,7,17.63,5.91,29.3,63.1,Safe
2026-03-16 13:41:27 UTC,4,6,18.61,6.08,29.3,62.2,Safe
2026-03-16 13:41:37 UTC,4,4,18.55,6.08,29.3,61.4,Safe
2026-03-16 13:41:47 UTC,3,4,18.73,6.08,29.3,60.8,Safe
2026-03-16 13:41:57 UTC,4,6,17.71,5.94,29.3,60.0,Safe
2026-03-16 13:42:07 UTC,2,4,17.71,5.91,29.2,59.3,Safe
2026-03-16 13:42:17 UTC,2,4,18.31,6.01,29.2,58.8,Safe
2026-03-16 13:42:27 UTC,4,4,17.85,5.96,29.2,58.0,Safe
2026-03-16 13:42:37 UTC,2,3,18.43,6.06,29.2,57.7,Safe
2026-03-16 13:42:47 UTC,2,5,17.76,5.91,29.1,58.4,Safe
2026-03-16 13:42:57 UTC,3,5,18.17,6.01,29.1,59.2,Safe
2026-03-16 13:43:07 UTC,2,2,17.71,5.96,29.1,60.1,Safe
2026-03-16 13:43:17 UTC,3,3,18.61,6.03,29.1,60.9,Safe
2026-03-16 13:43:27 UTC,4,6,17.76,5.91,29.1,61.5,Safe
2026-03-16 13:43:37 UTC,2,6,18.64,6.08,29.1,62.0,Safe
2026-03-16 13:43:47 UTC,2,3,18.7,6.08,29.1,62.5,Safe
2026-03-16 13:43:57 UTC,2,4,17.97,5.96,29.1,62.9,Safe
2026-03-16 13:44:07 UTC,4,4,18.7,6.08,29.1,63.4,Safe
2026-03-16 13:44:17 UTC,4,5,17.63,5.91,29.1,63.7,Safe
2026-03-16 13:44:27 UTC,4,4,18.64,6.08,29.1,64.0,Safe
2026-03-16 13:44:37 UTC,3,5,17.93,5.91,29.1,64.3,Safe
2026-03-16 13:44:47 UTC,2,4,18.61,6.08,29.1,64.5,Safe
2026-03-16 13:44:57 UTC,2,4,17.71,5.98,29.1,64.7,Safe
2026-03-16 13:45:07 UTC,3,6,18.82,6.08,29.1,64.9,Safe
2026-03-16 13:45:17 UTC,4,5,18.82,6.08,29.1,65.1,Safe
2026-03-16 13:45:27 UTC,3,3,18.38,6.03,29.1,65.2,Safe
2026-03-16 13:45:37 UTC,3,4,17.71,5.91,29.2,65.2,Safe
2026-03-16 13:45:47 UTC,3,3,17.8,5.96,29.2,65.4,Safe
2026-03-16 13:45:57 UTC,3,4,18.82,6.08,29.2,65.4,Safe
2026-03-16 13:46:07 UTC,3,6,17.71,5.96,29.2,65.4,Safe
2026-03-16 13:46:17 UTC,3,5,18.7,6.08,29.2,65.4,Safe
2026-03-16 13:46:27 UTC,3,4,17.97,5.94,29.2,65.4,Safe
2026-03-16 13:46:37 UTC,5,5,18.7,6.08,29.3,65.5,Safe
2026-03-16 13:46:47 UTC,4,5,17.76,5.94,29.3,65.6,Safe
2026-03-16 13:46:57 UTC,4,7,18.73,6.08,29.3,65.7,Safe
2026-03-16 13:47:07 UTC,3,6,17.93,5.94,29.3,65.7,Safe
2026-03-16 13:47:17 UTC,2,8,18.77,6.08,29.3,65.6,Safe
2026-03-16 13:47:27 UTC,1,7,18.77,6.08,29.3,65.0,Safe
2026-03-16 13:47:37 UTC,2,6,17.88,5.94,29.3,64.5,Safe
2026-03-16 13:47:47 UTC,3,6,18.82,6.08,29.3,63.7,Safe
2026-03-16 13:47:57 UTC,2,4,17.71,5.94,29.4,62.9,Safe
2026-03-16 13:48:07 UTC,2,5,18.43,6.08,29.3,62.3,Safe
2026-03-16 13:48:17 UTC,1,3,17.68,5.96,29.3,61.8,Safe
2026-03-16 13:48:27 UTC,1,5,18.77,6.08,29.3,61.1,Safe
2026-03-16 13:48:37 UTC,2,5,17.43,5.94,29.3,60.6,Safe
2026-03-16 13:48:47 UTC,4,4,18.17,6.06,29.2,60.2,Safe
2026-03-16 13:48:57 UTC,3,4,17.31,5.89,29.2,60.1,Safe
2026-03-16 13:49:07 UTC,4,5,18.61,6.06,29.2,60.7,Safe
2026-03-16 13:49:17 UTC,3,3,17.93,5.96,29.2,61.5,Safe
2026-03-16 13:49:27 UTC,2,2,17.76,5.94,29.2,62.2,Safe
2026-03-16 13:49:37 UTC,1,4,18.14,6.01,29.1,62.7,Safe
2026-03-16 13:49:47 UTC,1,5,17.88,5.96,29.1,63.3,Safe
2026-03-16 13:49:57 UTC,2,6,18.38,6.06,29.1,63.6,Safe
2026-03-16 13:50:07 UTC,2,6,17.76,5.96,29.1,63.8,Safe
2026-03-16 13:50:17 UTC,2,8,18.77,6.08,29.1,64.1,Safe
2026-03-16 13:50:27 UTC,2,7,17.88,5.96,29.2,64.4,Safe
2026-03-16 13:50:37 UTC,2,5,18.77,6.06,29.2,64.7,Safe
2026-03-16 13:50:47 UTC,1,3,17.85,5.94,29.2,65.0,Safe
2026-03-16 13:50:57 UTC,2,4,18.73,6.08,29.2,65.1,Safe
2026-03-16 13:51:07 UTC,2,4,18.64,6.08,29.2,65.3,Safe
2026-03-16 13:51:17 UTC,1,5,17.71,5.94,29.2,65.5,Safe
2026-03-16 13:51:27 UTC,3,4,18.82,6.06,29.2,65.6,Safe
2026-03-16 13:51:37 UTC,3,3,17.88,5.96,29.2,65.7,Safe
2026-03-16 13:51:47 UTC,2,3,18.7,6.08,29.2,65.8,Safe
2026-03-16 13:51:57 UTC,3,4,17.93,5.96,29.2,65.9,Safe
2026-03-16 13:52:07 UTC,3,4,18.77,6.08,29.2,66.0,Safe
2026-03-16 13:52:17 UTC,3,4,17.51,5.91,29.2,66.2,Safe
2026-03-16 13:52:27 UTC,3,4,18.82,6.08,29.3,66.2,Safe
2026-03-16 13:52:37 UTC,3,3,17.88,5.96,29.3,66.2,Safe
2026-03-16 13:52:47 UTC,3,4,18.73,6.08,29.3,66.2,Safe
2026-03-16 13:52:57 UTC,4,5,17.48,5.89,29.3,66.1,Safe
2026-03-16 13:53:07 UTC,3,4,17.97,5.96,29.3,66.1,Safe
2026-03-16 13:53:17 UTC,2,5,18.82,6.08,29.3,66.1,Safe
2026-03-16 13:53:27 UTC,2,6,17.93,5.96,29.4,66.1,Safe
2026-03-16 13:53:37 UTC,3,5,18.43,6.08,29.4,66.2,Safe
2026-03-16 13:53:47 UTC,4,5,17.88,5.96,29.4,65.9,Safe
2026-03-16 13:53:57 UTC,2,2,18.64,6.08,29.4,65.3,Safe
2026-03-16 13:54:07 UTC,2,2,17.71,5.96,29.4,64.5,Safe
2026-03-16 13:54:17 UTC,2,3,18.26,6.06,29.4,63.7,Safe
2026-03-16 13:54:27 UTC,2,5,17.93,5.96,29.4,63.0,Safe
2026-03-16 13:54:37 UTC,1,2,18.7,6.08,29.4,62.4,Safe
2026-03-16 13:54:47 UTC,1,1,18.64,6.08,29.3,61.8,Safe
2026-03-16 13:54:57 UTC,1,2,17.68,5.94,29.3,61.4,Safe
2026-03-16 13:55:07 UTC,1,3,18.61,6.08,29.3,60.8,Safe
2026-03-16 13:55:17 UTC,2,4,17.48,5.91,29.3,60.3,Safe
2026-03-16 13:55:27 UTC,2,2,18.43,6.08,29.3,59.9,Safe
2026-03-16 13:55:37 UTC,2,2,17.76,5.94,29.2,59.4,Safe
2026-03-16 13:55:47 UTC,2,3,18.47,6.06,29.2,59.1,Safe
2026-03-16 13:55:57 UTC,2,4,17.56,5.91,29.2,58.7,Safe
2026-03-16 13:56:07 UTC,2,4,18.26,6.06,29.1,58.2,Safe
2026-03-16 13:56:17 UTC,3,4,18.64,6.08,29.1,58.0,Safe
2026-03-16 13:56:27 UTC,3,4,18.14,5.98,29.1,58.8,Safe
2026-03-16 13:56:37 UTC,4,4,17.71,5.94,29.0,59.4,Safe
2026-03-16 13:56:47 UTC,3,4,17.51,5.91,29.0,60.2,Safe
2026-03-16 13:56:57 UTC,2,3,18.61,6.08,29.0,60.9,Safe
2026-03-16 13:57:07 UTC,2,3,17.68,5.94,29.0,61.5,Safe
2026-03-16 13:57:17 UTC,1,3,18.22,5.98,29.0,62.1,Safe
2026-03-16 13:57:27 UTC,3,4,17.2,5.89,29.0,62.6,Safe
2026-03-16 13:57:37 UTC,1,4,18.43,6.06,29.0,63.2,Safe
2026-03-16 13:57:47 UTC,1,2,17.71,5.91,29.0,63.5,Safe
2026-03-16 13:57:57 UTC,1,1,18.38,6.06,29.0,63.8,Safe
2026-03-16 13:58:07 UTC,2,3,17.76,5.94,29.0,64.1,Safe
2026-03-16 13:58:17 UTC,1,2,18.43,6.06,29.0,64.4,Safe
2026-03-16 13:58:27 UTC,0,2,18.7,6.06,29.0,64.6,Safe
2026-03-16 13:58:37 UTC,0,2,17.68,5.94,29.0,64.7,Safe
2026-03-16 13:58:47 UTC,0,3,18.64,6.08,29.0,64.9,Safe
2026-03-16 13:58:57 UTC,0,4,17.85,5.96,29.1,65.0,Safe
2026-03-16 13:59:07 UTC,0,2,18.61,6.08,29.1,65.2,Safe
2026-03-16 13:59:17 UTC,0,3,17.76,5.91,29.1,65.3,Safe
2026-03-16 13:59:27 UTC,0,2,18.38,6.01,29.1,65.5,Safe
2026-03-16 13:59:37 UTC,0,2,17.68,5.96,29.1,65.6,Safe
2026-03-16 13:59:47 UTC,0,2,18.61,6.08,29.1,65.9,Safe
2026-03-16 13:59:57 UTC,0,5,18.55,6.1,29.2,65.9,Safe
2026-03-16 14:00:07 UTC,0,3,18.64,6.06,29.2,66.1,Safe
2026-03-16 14:00:17 UTC,0,2,18.55,6.08,29.1,66.2,Safe
2026-03-16 14:00:27 UTC,1,2,17.93,5.91,29.2,66.3,Safe
2026-03-16 14:00:37 UTC,1,2,18.7,6.08,29.2,66.3,Safe
2026-03-16 14:00:47 UTC,1,2,17.68,5.96,29.2,66.4,Safe
2026-03-16 14:00:57 UTC,1,3,18.61,6.13,29.2,66.4,Safe
2026-03-16 14:01:07 UTC,1,3,17.71,5.94,29.3,66.4,Safe
2026-03-16 14:01:17 UTC,1,2,18.61,6.06,29.3,66.4,Safe
2026-03-16 14:01:27 UTC,1,1,17.85,5.94,29.3,66.5,Safe
2026-03-16 14:01:37 UTC,1,2,18.43,6.03,29.3,66.5,Safe
2026-03-16 14:01:47 UTC,2,3,17.88,5.96,29.4,66.7,Safe
2026-03-16 14:01:57 UTC,1,3,18.77,6.08,29.3,66.6,Safe
2026-03-16 14:02:07 UTC,1,2,18.73,6.08,29.4,66.6,Safe
2026-03-16 14:02:17 UTC,2,2,17.56,5.89,29.4,66.6,Safe
2026-03-16 14:02:27 UTC,1,2,18.61,6.08,29.4,66.5,Safe
2026-03-16 14:02:37 UTC,1,2,17.39,5.91,29.4,66.5,Safe
2026-03-16 14:02:47 UTC,1,1,18.7,6.08,29.4,66.3,Safe
2026-03-16 14:02:57 UTC,1,1,17.71,5.96,29.4,65.7,Safe
2026-03-16 14:03:07 UTC,1,1,18.52,6.08,29.4,64.8,Safe
2026-03-16 14:03:17 UTC,1,2,17.23,5.89,29.4,63.8,Safe
2026-03-16 14:03:27 UTC,1,2,18.52,6.06,29.4,63.0,Safe
2026-03-16 14:03:37 UTC,1,4,18.61,6.08,29.4,62.5,Safe
2026-03-16 14:03:47 UTC,1,3,18.43,6.06,29.4,61.7,Safe
2026-03-16 14:03:57 UTC,1,3,18.47,6.06,29.4,61.2,Safe
2026-03-16 14:04:07 UTC,2,4,17.71,5.96,29.3,60.8,Safe
2026-03-16 14:04:17 UTC,1,3,18.43,6.08,29.3,60.3,Safe
2026-03-16 14:04:27 UTC,1,1,17.76,5.91,29.3,60.7,Safe
2026-03-16 14:04:37 UTC,0,0,18.61,6.08,29.3,61.2,Safe
2026-03-16 14:04:47 UTC,0,1,17.68,5.94,29.3,61.9,Safe
2026-03-16 14:04:57 UTC,0,1,18.38,6.03,29.2,62.4,Safe
2026-03-16 14:05:07 UTC,1,2,17.71,5.94,29.3,63.0,Safe
2026-03-16 14:05:17 UTC,1,1,18.55,6.13,29.2,63.6,Safe
2026-03-16 14:05:27 UTC,1,3,17.76,5.91,29.2,64.0,Safe
2026-03-16 14:05:37 UTC,1,2,18.64,6.08,29.2,64.4,Safe
2026-03-16 14:05:47 UTC,1,2,18.47,6.03,29.2,64.7,Safe
2026-03-16 14:05:57 UTC,0,1,17.76,5.96,29.3,65.1,Safe
2026-03-16 14:06:07 UTC,0,1,18.73,6.06,29.3,65.2,Safe
2026-03-16 14:06:17 UTC,0,1,17.71,5.94,29.3,65.4,Safe
2026-03-16 14:06:27 UTC,0,1,18.52,6.06,29.3,65.6,Safe
2026-03-16 14:06:37 UTC,0,1,17.59,5.89,29.3,65.8,Safe
2026-03-16 14:06:47 UTC,0,0,18.73,6.08,29.3,65.9,Safe
2026-03-16 14:06:57 UTC,0,0,17.68,5.94,29.4,66.0,Safe
2026-03-16 14:07:07 UTC,0,0,18.61,6.08,29.4,66.0,Safe
2026-03-16 14:07:17 UTC,0,1,18.43,6.08,29.4,66.0,Safe
2026-03-16 14:07:27 UTC,0,2,18.7,6.08,29.4,66.1,Safe
2026-03-16 14:07:37 UTC,0,1,18.55,6.03,29.4,66.1,Safe
2026-03-16 14:07:47 UTC,0,2,17.34,5.89,29.4,66.2,Safe
2026-03-16 14:07:57 UTC,0,2,18.55,6.08,29.4,66.2,Safe
2026-03-16 14:08:07 UTC,0,1,17.71,5.96,29.4,66.2,Safe
2026-03-16 14:08:17 UTC,0,2,18.31,6.03,29.4,66.1,Safe
2026-03-16 14:08:27 UTC,0,3,17.85,5.98,29.5,66.1,Safe
2026-03-16 14:08:37 UTC,1,2,18.77,6.08,29.5,66.0,Safe
2026-03-16 14:08:47 UTC,1,3,17.76,5.94,29.5,65.9,Safe
2026-03-16 14:08:57 UTC,0,1,18.73,6.08,29.5,65.3,Safe
2026-03-16 14:09:07 UTC,1,1,17.71,5.94,29.5,64.5,Safe
2026-03-16 14:09:17 UTC,1,2,18.61,6.06,29.5,63.5,Safe
2026-03-16 14:09:27 UTC,1,2,18.52,6.06,29.6,62.6,Safe
2026-03-16 14:09:37 UTC,1,1,17.56,5.96,29.5,61.7,Safe
2026-03-16 14:09:47 UTC,1,1,18.17,6.03,29.5,61.2,Safe
2026-03-16 14:09:57 UTC,1,1,17.31,5.87,29.4,60.7,Safe
2026-03-16 14:10:07 UTC,1,1,18.52,6.06,29.4,60.2,Safe
2026-03-16 14:10:17 UTC,1,1,17.48,5.91,29.4,59.8,Safe
2026-03-16 14:10:27 UTC,1,2,18.14,5.98,29.4,59.3,Safe
2026-03-16 14:10:37 UTC,1,1,17.71,5.96,29.3,58.9,Safe
2026-03-16 14:10:47 UTC,1,1,18.34,6.06,29.3,58.4,Safe
2026-03-16 14:10:57 UTC,1,1,18.34,6.03,29.3,58.1,Safe
2026-03-16 14:11:07 UTC,0,0,18.43,6.08,29.3,57.7,Safe
2026-03-16 14:11:17 UTC,0,1,17.63,5.91,29.3,57.2,Safe
2026-03-16 14:11:27 UTC,2,2,17.56,5.91,29.2,56.8,Safe
2026-03-16 14:11:37 UTC,2,3,18.34,6.06,29.2,56.5,Safe
2026-03-16 14:11:47 UTC,1,3,17.51,5.91,29.1,56.3,Safe
2026-03-16 14:11:57 UTC,1,1,18.14,6.01,29.1,55.9,Safe
2026-03-16 14:12:07 UTC,1,3,17.11,5.87,29.1,55.7,Safe
2026-03-16 14:12:17 UTC,2,3,18.26,6.03,29.0,55.5,Safe
2026-03-16 14:12:27 UTC,1,2,17.43,5.91,29.0,55.2,Safe
2026-03-16 14:12:37 UTC,1,1,18.43,6.06,29.0,54.9,Safe
2026-03-16 14:12:47 UTC,0,0,17.48,5.91,28.9,54.6,Safe
2026-03-16 14:12:57 UTC,1,1,18.22,6.01,28.9,54.4,Safe
2026-03-16 14:13:07 UTC,1,1,18.26,6.01,28.8,54.1,Safe
2026-03-16 14:13:17 UTC,1,1,17.51,5.91,28.8,54.0,Safe
2026-03-16 14:13:27 UTC,1,2,18.22,6.03,28.8,53.8,Safe
2026-03-16 14:13:37 UTC,1,2,17.34,5.91,28.8,53.6,Safe
2026-03-16 14:13:47 UTC,2,2,18.17,6.01,28.7,53.4,Safe
2026-03-16 14:13:57 UTC,1,2,17.34,5.89,28.7,53.1,Safe
2026-03-16 14:14:07 UTC,1,2,18.26,6.01,28.6,52.9,Safe
2026-03-16 14:14:17 UTC,1,1,16.98,5.87,28.6,52.7,Safe
2026-03-16 14:14:27 UTC,1,2,18.31,6.03,28.6,52.6,Safe
2026-03-16 14:14:37 UTC,1,2,17.07,5.87,28.5,52.4,Safe
2026-03-16 14:14:47 UTC,1,2,18.17,6.03,28.5,52.3,Safe
2026-03-16 14:14:57 UTC,1,1,17.51,5.89,28.5,52.1,Safe
2026-03-16 14:15:07 UTC,1,1,17.48,5.89,28.5,52.1,Safe
2026-03-16 14:15:17 UTC,0,1,18.17,6.01,28.4,52.0,Safe
2026-03-16 14:15:27 UTC,0,1,17.11,5.87,28.4,51.8,Safe
2026-03-16 14:15:37 UTC,0,1,18.17,6.03,28.4,51.6,Safe
2026-03-16 14:15:47 UTC,1,1,17.51,5.89,28.3,51.3,Safe
2026-03-16 14:15:57 UTC,1,1,18.47,6.03,28.3,51.1,Safe
2026-03-16 14:16:07 UTC,1,1,17.59,5.96,28.2,51.0,Safe
2026-03-16 14:16:17 UTC,1,1,18.22,6.03,28.2,50.9,Safe
2026-03-16 14:16:27 UTC,0,1,17.2,5.89,28.2,50.7,Safe
2026-03-16 14:16:37 UTC,0,2,18.22,6.06,28.2,50.5,Safe
2026-03-16 14:16:47 UTC,0,1,18.34,6.03,28.1,50.5,Safe
2026-03-16 14:16:57 UTC,0,3,18.14,5.98,28.1,50.5,Safe
2026-03-16 14:17:07 UTC,0,2,18.82,6.1,28.0,51.0,Safe
2026-03-16 14:17:17 UTC,0,1,18.14,5.98,28.1,51.7,Safe
2026-03-16 14:17:27 UTC,0,0,18.82,6.1,28.1,52.4,Safe
2026-03-16 14:17:37 UTC,0,0,18.14,5.98,28.2,51.7,Safe
2026-03-16 14:17:47 UTC,0,2,19.0,6.13,28.2,50.9,Safe
2026-03-16 14:17:57 UTC,0,2,18.14,6.01,28.2,50.3,Safe
2026-03-16 14:18:07 UTC,0,2,19.0,6.13,28.2,49.9,Safe
2026-03-16 14:18:17 UTC,1,2,18.09,5.96,28.2,49.6,Safe
2026-03-16 14:18:27 UTC,1,1,18.82,6.1,28.2,49.4,Safe
2026-03-16 14:18:37 UTC,1,1,18.09,5.98,28.2,49.3,Safe
2026-03-16 14:18:47 UTC,0,1,18.73,6.08,28.1,49.1,Safe
2026-03-16 14:18:57 UTC,0,1,19.0,6.1,28.1,49.1,Safe
2026-03-16 14:19:07 UTC,0,2,18.05,5.98,28.1,49.1,Safe
2026-03-16 14:19:17 UTC,0,2,19.0,6.1,28.1,49.0,Safe
2026-03-16 14:19:27 UTC,0,3,18.14,5.98,28.1,48.9,Safe
2026-03-16 14:19:37 UTC,1,2,19.53,6.06,28.0,48.8,Safe
2026-03-16 14:19:47 UTC,1,2,18.14,5.98,28.0,48.8,Safe
2026-03-16 14:19:57 UTC,1,2,19.0,6.08,28.0,48.7,Safe
2026-03-16 14:20:07 UTC,0,2,18.26,6.03,28.0,49.3,Safe
2026-03-16 14:20:17 UTC,0,1,20.03,6.08,28.0,50.1,Safe
2026-03-16 14:20:27 UTC,0,1,18.82,6.08,28.0,51.1,Safe
2026-03-16 14:20:37 UTC,0,2,19.71,6.2,28.0,52.1,Safe
2026-03-16 14:20:47 UTC,0,1,19.22,6.1,28.0,52.8,Safe
2026-03-16 14:20:57 UTC,0,1,18.17,5.96,28.0,53.6,Safe
2026-03-16 14:21:07 UTC,0,2,19.09,6.13,28.0,54.1,Safe
2026-03-16 14:21:17 UTC,0,2,18.14,6.01,28.0,54.7,Safe
2026-03-16 14:21:27 UTC,0,1,18.82,6.06,28.0,55.3,Safe
2026-03-16 14:21:37 UTC,0,2,18.09,5.96,28.0,55.7,Safe
2026-03-16 14:21:47 UTC,0,1,19.09,6.13,28.1,56.2,Safe
2026-03-16 14:21:57 UTC,0,1,18.17,6.01,28.0,56.7,Safe
2026-03-16 14:22:07 UTC,0,3,19.31,6.13,28.0,57.3,Safe
2026-03-16 14:22:17 UTC,0,2,17.93,5.91,28.1,57.7,Safe
2026-03-16 14:22:27 UTC,0,2,19.31,6.13,28.1,58.3,Safe
2026-03-16 14:22:37 UTC,0,2,19.22,6.13,28.1,58.7,Safe
2026-03-16 14:22:47 UTC,1,3,18.26,6.01,28.1,59.0,Safe
2026-03-16 14:22:57 UTC,3,3,19.34,6.1,28.1,59.5,Safe
2026-03-16 14:23:07 UTC,2,2,18.14,5.98,28.1,59.8,Safe
2026-03-16 14:23:17 UTC,1,3,19.34,6.13,28.1,60.0,Safe
2026-03-16 14:23:27 UTC,1,3,18.31,6.03,28.2,60.2,Safe
2026-03-16 14:23:37 UTC,2,3,19.22,6.13,28.1,60.6,Safe
2026-03-16 14:23:47 UTC,3,3,18.26,6.01,28.2,60.9,Safe
2026-03-16 14:23:57 UTC,3,4,19.4,6.15,28.2,61.1,Safe
2026-03-16 14:24:07 UTC,1,2,18.22,6.01,28.2,61.4,Safe
2026-03-16 14:24:17 UTC,1,2,19.4,6.15,28.2,61.7,Safe
2026-03-16 14:24:27 UTC,1,3,18.14,6.03,28.3,61.9,Safe
2026-03-16 14:24:37 UTC,1,2,18.05,5.96,28.3,62.2,Safe
2026-03-16 14:24:47 UTC,2,3,19.25,6.13,28.3,62.4,Safe
2026-03-16 14:24:57 UTC,2,3,18.22,5.98,28.3,62.7,Safe
2026-03-16 14:25:07 UTC,2,2,19.04,6.08,28.4,62.9,Safe
2026-03-16 14:25:17 UTC,3,4,18.55,6.03,28.4,63.1,Safe
2026-03-16 14:25:27 UTC,3,5,19.31,6.15,28.4,63.1,Safe
2026-03-16 14:25:37 UTC,3,5,18.34,6.03,28.4,63.3,Safe
2026-03-16 14:25:47 UTC,2,4,19.44,6.13,28.4,63.5,Safe
2026-03-16 14:25:57 UTC,2,3,18.43,6.03,28.5,63.7,Safe
2026-03-16 14:26:07 UTC,1,1,19.53,6.15,28.5,63.9,Safe
2026-03-16 14:26:17 UTC,1,2,19.13,6.1,28.5,64.0,Safe
2026-03-16 14:26:27 UTC,1,2,18.26,6.01,28.6,64.2,Safe
2026-03-16 14:26:37 UTC,1,3,19.25,6.1,28.6,64.5,Safe
2026-03-16 14:26:47 UTC,1,4,18.31,6.03,28.6,64.6,Safe
2026-03-16 14:26:57 UTC,2,2,19.53,6.15,28.6,64.7,Safe
2026-03-16 14:27:07 UTC,3,4,18.14,5.98,28.6,64.8,Safe
2026-03-16 14:27:17 UTC,2,4,19.31,6.15,28.6,64.9,Safe
2026-03-16 14:27:27 UTC,2,5,18.47,6.03,28.6,64.9,Safe
2026-03-16 14:27:37 UTC,6,7,19.53,6.15,28.7,65.0,Safe
2026-03-16 14:27:47 UTC,4,7,18.34,6.03,28.7,65.1,Safe
2026-03-16 14:27:57 UTC,5,5,19.4,6.13,28.7,65.3,Safe
2026-03-16 14:28:07 UTC,6,6,18.55,6.06,28.7,65.5,Safe
2026-03-16 14:28:17 UTC,3,4,19.44,6.15,28.8,65.7,Safe
2026-03-16 14:28:27 UTC,3,3,19.09,6.1,28.8,65.8,Safe
2026-03-16 14:28:37 UTC,2,2,18.34,6.03,28.8,66.0,Safe
2026-03-16 14:28:47 UTC,3,3,19.53,6.18,28.8,66.1,Safe
2026-03-16 14:28:57 UTC,3,5,18.34,6.03,28.8,66.3,Safe
2026-03-16 14:29:07 UTC,2,4,19.53,6.18,28.9,66.4,Safe
2026-03-16 14:29:17 UTC,3,6,18.64,6.06,28.9,66.6,Safe
2026-03-16 14:29:27 UTC,3,5,19.47,6.2,28.9,66.9,Safe
2026-03-16 14:29:37 UTC,4,4,18.55,6.06,28.9,67.2,Safe
2026-03-16 14:29:47 UTC,4,5,19.53,6.2,28.9,67.1,Safe
2026-03-16 14:29:57 UTC,3,7,19.44,6.18,29.0,67.2,Safe
2026-03-16 14:30:07 UTC,2,4,19.34,6.18,29.0,67.3,Safe
2026-03-16 14:30:17 UTC,2,4,19.47,6.18,29.0,67.4,Safe
2026-03-16 14:30:27 UTC,3,5,18.22,5.98,29.0,67.5,Safe
2026-03-16 14:30:37 UTC,2,4,19.56,6.18,29.0,67.7,Safe
2026-03-16 14:30:47 UTC,2,5,18.43,6.06,29.0,67.8,Safe
2026-03-16 14:30:57 UTC,2,4,19.44,6.18,29.1,67.9,Safe
2026-03-16 14:31:07 UTC,2,4,18.55,6.06,29.1,68.0,Safe
2026-03-16 14:31:17 UTC,2,4,19.16,6.13,29.1,68.1,Safe
2026-03-16 14:31:27 UTC,3,3,18.55,6.03,29.1,68.2,Safe
2026-03-16 14:31:37 UTC,3,3,19.53,6.18,29.1,68.3,Safe
2026-03-16 14:31:47 UTC,3,3,18.64,6.06,29.2,68.4,Safe
2026-03-16 14:31:57 UTC,3,4,19.53,6.18,29.2,68.6,Safe
2026-03-16 14:32:07 UTC,5,5,19.56,6.18,29.2,68.7,Safe
2026-03-16 14:32:17 UTC,4,6,18.61,6.08,29.2,68.7,Safe
2026-03-16 14:32:27 UTC,3,4,19.47,6.2,29.2,68.8,Safe
2026-03-16 14:32:37 UTC,1,5,18.73,6.08,29.3,68.9,Safe
2026-03-16 14:32:47 UTC,2,4,19.09,6.13,29.3,69.1,Safe
2026-03-16 14:32:57 UTC,3,6,18.38,6.08,29.3,69.2,Safe
2026-03-16 14:33:07 UTC,2,5,19.84,6.23,29.3,69.3,Safe
2026-03-16 14:33:17 UTC,2,5,18.7,6.08,29.3,69.3,Safe
2026-03-16 14:33:27 UTC,4,7,19.53,6.2,29.3,69.3,Safe
2026-03-16 14:33:37 UTC,4,5,19.53,6.2,29.3,69.3,Safe
2026-03-16 14:33:47 UTC,4,6,19.31,6.13,29.4,69.3,Safe
2026-03-16 14:33:57 UTC,3,4,19.47,6.18,29.4,69.4,Safe
2026-03-16 14:34:07 UTC,3,3,18.22,6.06,29.4,69.5,Safe
2026-03-16 14:34:17 UTC,4,4,19.53,6.2,29.4,69.4,Safe
2026-03-16 14:34:27 UTC,5,7,18.55,6.08,29.4,69.6,Safe
2026-03-16 14:34:37 UTC,4,6,19.98,6.25,29.4,69.5,Safe
2026-03-16 14:34:47 UTC,4,5,18.52,6.08,29.5,69.5,Safe
2026-03-16 14:34:57 UTC,1,3,19.53,6.23,29.5,69.6,Safe
2026-03-16 14:35:07 UTC,2,4,18.52,6.06,29.5,69.7,Safe
2026-03-16 14:35:17 UTC,4,5,19.22,6.18,29.5,69.7,Safe
2026-03-16 14:35:27 UTC,4,5,18.61,6.08,29.5,69.9,Safe
2026-03-16 14:35:37 UTC,4,7,19.44,6.18,29.5,69.8,Safe
2026-03-16 14:35:47 UTC,4,7,19.53,6.2,29.6,69.8,Safe
2026-03-16 14:35:57 UTC,3,6,18.55,6.08,29.6,69.8,Safe
2026-03-16 14:36:07 UTC,3,7,19.4,6.18,29.6,69.8,Safe
2026-03-16 14:36:17 UTC,3,7,18.61,6.08,29.6,69.7,Safe
2026-03-16 14:36:27 UTC,3,7,19.53,6.2,29.6,69.8,Safe
2026-03-16 14:36:37 UTC,3,4,18.34,6.03,29.6,69.9,Safe
2026-03-16 14:36:47 UTC,4,4,19.53,6.23,29.6,69.8,Safe
2026-03-16 14:36:57 UTC,3,4,18.31,6.03,29.7,70.0,Safe
2026-03-16 14:37:07 UTC,3,4,19.31,6.18,29.7,69.9,Safe
2026-03-16 14:37:17 UTC,3,3,19.53,6.2,29.7,69.6,Safe
2026-03-16 14:37:27 UTC,2,3,19.56,6.2,29.6,68.8,Safe
2026-03-16 14:37:37 UTC,2,4,18.14,6.01,29.6,67.8,Safe
2026-03-16 14:37:47 UTC,2,6,18.43,6.08,29.6,66.8,Safe
2026-03-16 14:37:57 UTC,3,6,19.53,6.2,29.6,65.9,Safe
2026-03-16 14:38:07 UTC,3,5,17.76,5.91,29.6,65.3,Safe
2026-03-16 14:38:17 UTC,4,4,19.53,6.2,29.5,64.5,Safe
2026-03-16 14:38:27 UTC,4,4,18.34,6.08,29.5,63.8,Safe
2026-03-16 14:38:37 UTC,4,7,19.53,6.18,29.5,63.1,Safe
2026-03-16 14:38:47 UTC,4,7,18.31,6.06,29.4,63.1,Safe
2026-03-16 14:38:57 UTC,3,7,19.34,6.2,29.4,63.6,Safe
2026-03-16 14:39:07 UTC,3,6,17.88,5.98,29.4,64.2,Safe
2026-03-16 14:39:17 UTC,2,3,19.53,6.2,29.3,64.7,Safe
2026-03-16 14:39:27 UTC,3,7,19.56,6.23,29.4,65.3,Safe
2026-03-16 14:39:37 UTC,3,5,18.7,6.08,29.3,65.7,Safe
2026-03-16 14:39:47 UTC,2,4,19.53,6.23,29.4,66.0,Safe
2026-03-16 14:39:57 UTC,2,5,18.7,6.08,29.4,66.2,Safe
2026-03-16 14:40:07 UTC,2,3,19.53,6.2,29.4,66.5,Safe
2026-03-16 14:40:17 UTC,1,2,18.43,6.08,29.4,66.6,Safe
2026-03-16 14:40:27 UTC,1,3,19.56,6.2,29.4,66.7,Safe
2026-03-16 14:40:37 UTC,3,4,18.52,6.08,29.4,66.8,Safe
2026-03-16 14:40:47 UTC,2,3,19.53,6.23,29.4,66.8,Safe
2026-03-16 14:40:57 UTC,3,4,19.31,6.18,29.4,66.7,Safe
2026-03-16 14:41:07 UTC,4,5,19.53,6.23,29.4,66.6,Safe
2026-03-16 14:41:17 UTC,3,3,18.17,6.03,29.5,66.6,Safe
2026-03-16 14:41:27 UTC,4,4,18.55,6.08,29.5,66.4,Safe
2026-03-16 14:41:37 UTC,3,4,19.53,6.2,29.5,66.4,Safe
2026-03-16 14:41:47 UTC,3,4,18.61,6.08,29.5,66.5,Safe
2026-03-16 14:41:57 UTC,3,4,19.53,6.2,29.5,66.5,Safe
2026-03-16 14:42:07 UTC,3,3,18.7,6.08,29.5,66.6,Safe
2026-03-16 14:42:17 UTC,3,3,19.56,6.23,29.5,66.5,Safe
2026-03-16 14:42:27 UTC,3,3,18.14,6.01,29.5,66.6,Safe
2026-03-16 14:42:37 UTC,2,3,19.53,6.23,29.5,66.5,Safe
2026-03-16 14:42:47 UTC,2,2,18.55,6.08,29.6,66.5,Safe
2026-03-16 14:42:57 UTC,2,2,19.53,6.2,29.6,66.5,Safe
2026-03-16 14:43:07 UTC,3,4,19.44,6.18,29.6,66.5,Safe
2026-03-16 14:43:17 UTC,3,3,18.26,6.06,29.6,66.6,Safe
2026-03-16 14:43:27 UTC,3,4,19.53,6.23,29.6,66.5,Safe
2026-03-16 14:43:37 UTC,4,4,18.52,6.08,29.7,66.6,Safe
2026-03-16 14:43:47 UTC,3,5,19.53,6.23,29.6,66.5,Safe
2026-03-16 14:43:57 UTC,3,7,18.43,6.08,29.7,66.4,Safe
2026-03-16 14:44:07 UTC,3,7,19.53,6.18,29.7,65.6,Safe
2026-03-16 14:44:17 UTC,3,4,18.52,6.08,29.7,64.7,Safe
2026-03-16 14:44:27 UTC,5,6,19.53,6.2,29.6,63.9,Safe
2026-03-16 14:44:37 UTC,4,5,19.44,6.18,29.6,63.1,Safe
2026-03-16 14:44:47 UTC,4,5,19.53,6.2,29.6,62.6,Safe
2026-03-16 14:44:57 UTC,3,4,19.44,6.18,29.6,62.2,Safe
2026-03-16 14:45:07 UTC,3,4,18.43,6.06,29.6,61.6,Safe
2026-03-16 14:45:17 UTC,4,4,19.56,6.2,29.5,61.3,Safe
2026-03-16 14:45:27 UTC,4,4,18.55,6.08,29.5,61.7,Safe
2026-03-16 14:45:37 UTC,4,4,19.09,6.15,29.5,62.2,Safe
2026-03-16 14:45:47 UTC,4,7,18.22,6.01,29.5,62.8,Safe
2026-03-16 14:45:57 UTC,3,6,19.53,6.2,29.4,63.3,Safe
2026-03-16 14:46:07 UTC,2,6,18.55,6.06,29.5,63.6,Safe
2026-03-16 14:46:17 UTC,3,5,19.53,6.18,29.4,64.0,Safe
2026-03-16 14:46:27 UTC,3,3,18.61,6.08,29.4,64.5,Safe
2026-03-16 14:46:37 UTC,2,4,19.53,6.2,29.4,64.8,Safe
2026-03-16 14:46:47 UTC,2,4,19.25,6.15,29.5,65.2,Safe
2026-03-16 14:46:57 UTC,3,4,18.55,6.08,29.5,65.6,Safe
2026-03-16 14:47:07 UTC,4,5,19.53,6.18,29.5,65.6,Safe
2026-03-16 14:47:17 UTC,5,6,18.43,6.06,29.5,65.8,Safe
2026-03-16 14:47:27 UTC,4,4,19.56,6.2,29.5,65.9,Safe
2026-03-16 14:47:37 UTC,4,4,18.52,6.08,29.5,66.0,Safe
2026-03-16 14:47:47 UTC,3,5,19.47,6.2,29.5,66.1,Safe
2026-03-16 14:47:57 UTC,2,4,18.55,6.08,29.5,66.2,Safe
2026-03-16 14:48:07 UTC,2,4,19.53,6.2,29.5,66.3,Safe
2026-03-16 14:48:17 UTC,2,6,19.53,6.2,29.5,66.4,Safe
2026-03-16 14:48:27 UTC,3,5,19.44,6.15,29.5,66.5,Safe
2026-03-16 14:48:37 UTC,3,4,19.13,6.13,29.5,66.6,Safe
2026-03-16 14:48:47 UTC,2,3,18.7,6.08,29.5,66.6,Safe
2026-03-16 14:48:57 UTC,4,5,19.53,6.2,29.5,66.6,Safe
2026-03-16 14:49:07 UTC,3,4,18.17,6.03,29.6,66.6,Safe
2026-03-16 14:49:17 UTC,4,5,19.44,6.2,29.6,66.6,Safe
2026-03-16 14:49:27 UTC,3,4,18.61,6.06,29.6,66.5,Safe
2026-03-16 14:49:37 UTC,4,4,19.53,6.18,29.6,66.4,Safe
2026-03-16 14:49:47 UTC,3,3,18.43,6.06,29.6,66.0,Safe
2026-03-16 14:49:57 UTC,2,3,19.53,6.2,29.6,65.1,Safe
2026-03-16 14:50:07 UTC,2,4,18.14,6.06,29.5,64.3,Safe
2026-03-16 14:50:17 UTC,2,6,19.44,6.2,29.5,63.5,Safe
2026-03-16 14:50:27 UTC,2,6,19.31,6.18,29.5,63.0,Safe
2026-03-16 14:50:37 UTC,2,4,18.22,6.08,29.5,62.5,Safe
2026-03-16 14:50:47 UTC,3,4,18.86,6.13,29.4,62.0,Safe
2026-03-16 14:50:57 UTC,3,4,18.31,6.08,29.4,61.5,Safe
2026-03-16 14:51:07 UTC,2,4,19.4,6.2,29.4,61.5,Safe
2026-03-16 14:51:17 UTC,2,4,18.47,6.08,29.3,62.1,Safe
2026-03-16 14:51:27 UTC,3,4,19.53,6.23,29.3,62.6,Safe
2026-03-16 14:51:37 UTC,3,4,18.34,6.08,29.3,63.1,Safe
2026-03-16 14:51:47 UTC,3,4,19.53,6.2,29.3,63.6,Safe
2026-03-16 14:51:57 UTC,3,3,19.34,6.18,29.3,64.0,Safe
2026-03-16 14:52:07 UTC,3,3,19.53,6.23,29.3,64.5,Safe
2026-03-16 14:52:17 UTC,3,3,19.53,6.23,29.3,64.9,Safe
2026-03-16 14:52:27 UTC,3,4,18.14,6.03,29.3,65.2,Safe
2026-03-16 14:52:37 UTC,3,5,19.53,6.23,29.3,65.5,Safe
2026-03-16 14:52:47 UTC,1,5,18.31,6.08,29.3,65.9,Safe
2026-03-16 14:52:57 UTC,1,2,19.53,6.23,29.3,66.0,Safe
2026-03-16 14:53:07 UTC,2,4,18.52,6.08,29.3,66.2,Safe
2026-03-16 14:53:17 UTC,2,4,19.56,6.23,29.3,66.3,Safe
2026-03-16 14:53:27 UTC,2,3,18.17,6.06,29.3,66.3,Safe
2026-03-16 14:53:37 UTC,2,3,19.53,6.23,29.3,66.4,Safe
2026-03-16 14:53:47 UTC,2,3,18.52,6.08,29.3,66.5,Safe
2026-03-16 14:53:57 UTC,2,2,19.56,6.2,29.3,66.6,Safe
2026-03-16 14:54:07 UTC,2,5,19.62,6.25,29.4,66.8,Safe
2026-03-16 14:54:17 UTC,2,5,18.7,6.1,29.3,66.8,Safe
2026-03-16 14:54:27 UTC,2,2,19.56,6.25,29.3,67.0,Safe
2026-03-16 14:54:37 UTC,4,4,18.61,6.1,29.3,66.9,Safe
2026-03-16 14:54:47 UTC,3,5,19.66,6.23,29.4,67.0,Safe
2026-03-16 14:54:57 UTC,2,6,18.73,6.1,29.4,66.9,Safe
2026-03-16 14:55:07 UTC,2,4,19.53,6.23,29.4,66.9,Safe
2026-03-16 14:55:17 UTC,2,3,18.64,6.1,29.4,66.9,Safe
2026-03-16 14:55:27 UTC,3,3,19.66,6.25,29.4,66.9,Safe
2026-03-16 14:55:37 UTC,4,4,19.25,6.23,29.4,66.6,Safe
2026-03-16 14:55:47 UTC,3,4,19.53,6.25,29.4,65.9,Safe
2026-03-16 14:55:57 UTC,2,3,18.26,6.08,29.4,65.1,Safe
2026-03-16 14:56:07 UTC,2,4,18.38,6.08,29.4,64.2,Safe
2026-03-16 14:56:17 UTC,4,5,19.56,6.23,29.4,63.8,Safe
2026-03-16 14:56:27 UTC,3,3,18.55,6.08,29.4,63.4,Safe
2026-03-16 14:56:37 UTC,2,2,19.13,6.2,29.3,63.0,Safe
2026-03-16 14:56:47 UTC,3,4,18.34,6.08,29.3,62.5,Safe
2026-03-16 14:56:57 UTC,2,6,19.4,6.2,29.3,62.4,Safe
2026-03-16 14:57:07 UTC,2,5,18.43,6.08,29.3,62.7,Safe
2026-03-16 14:57:17 UTC,3,4,19.4,6.23,29.3,63.4,Safe
2026-03-16 14:57:27 UTC,2,4,18.61,6.08,29.2,63.9,Safe
2026-03-16 14:57:37 UTC,1,4,19.56,6.2,29.2,64.4,Safe
2026-03-16 14:57:47 UTC,2,4,19.53,6.23,29.2,64.9,Safe
2026-03-16 14:57:57 UTC,3,5,18.55,6.08,29.2,65.4,Safe
2026-03-16 14:58:07 UTC,3,7,19.53,6.2,29.2,65.8,Safe
2026-03-16 14:58:17 UTC,3,6,18.14,6.06,29.2,66.1,Safe
2026-03-16 14:58:27 UTC,3,4,19.56,6.23,29.2,66.4,Safe
2026-03-16 14:58:37 UTC,3,4,18.61,6.08,29.2,66.8,Safe
2026-03-16 14:58:47 UTC,1,3,19.56,6.23,29.2,66.9,Safe
2026-03-16 14:58:57 UTC,2,5,18.64,6.08,29.2,67.2,Safe
2026-03-16 14:59:07 UTC,3,5,19.53,6.2,29.3,67.3,Safe
2026-03-16 14:59:17 UTC,2,5,18.64,6.08,29.2,67.4,Safe
2026-03-16 14:59:27 UTC,2,3,19.53,6.25,29.2,67.6,Safe
2026-03-16 14:59:37 UTC,3,5,18.43,6.1,29.3,67.7,Safe
2026-03-16 14:59:47 UTC,3,5,18.64,6.08,29.3,67.8,Safe
2026-03-16 14:59:57 UTC,3,8,19.62,6.25,29.3,68.0,Safe
2026-03-16 15:00:07 UTC,4,7,18.77,6.08,29.3,68.0,Safe
2026-03-16 15:00:17 UTC,5,6,19.25,6.15,29.3,68.0,Safe
2026-03-16 15:00:27 UTC,4,5,18.73,6.1,29.3,68.1,Safe
2026-03-16 15:00:37 UTC,3,5,19.53,6.25,29.4,68.1,Safe
2026-03-16 15:00:47 UTC,3,6,18.77,6.1,29.4,68.1,Safe
2026-03-16 15:00:57 UTC,4,8,19.53,6.23,29.4,68.0,Safe
2026-03-16 15:01:07 UTC,3,4,18.38,6.08,29.4,67.9,Safe
2026-03-16 15:01:17 UTC,2,2,19.62,6.23,29.4,67.8,Safe
2026-03-16 15:01:27 UTC,2,4,19.53,6.23,29.4,67.3,Safe
2026-03-16 15:01:37 UTC,2,4,18.64,6.1,29.4,66.7,Safe
2026-03-16 15:01:47 UTC,2,3,19.53,6.2,29.4,65.6,Safe
2026-03-16 15:01:57 UTC,1,3,18.38,6.08,29.4,64.8,Safe
2026-03-16 15:02:07 UTC,2,5,19.66,6.2,29.4,64.1,Safe
2026-03-16 15:02:17 UTC,1,3,18.34,6.08,29.4,63.4,Safe
2026-03-16 15:02:27 UTC,3,5,19.47,6.23,29.3,63.1,Safe
2026-03-16 15:02:37 UTC,4,6,18.61,6.08,29.3,62.6,Safe
2026-03-16 15:02:47 UTC,3,6,19.53,6.23,29.3,62.4,Safe
2026-03-16 15:02:57 UTC,2,4,18.14,6.03,29.2,62.9,Safe
2026-03-16 15:03:07 UTC,3,6,19.53,6.23,29.2,63.5,Safe
2026-03-16 15:03:17 UTC,2,4,18.61,6.08,29.2,64.0,Safe
2026-03-16 15:03:27 UTC,2,3,18.61,6.08,29.2,64.5,Safe
2026-03-16 15:03:37 UTC,2,3,19.53,6.23,29.2,64.9,Safe
2026-03-16 15:03:47 UTC,1,3,18.7,6.08,29.2,65.3,Safe
2026-03-16 15:03:57 UTC,1,4,19.04,6.15,29.2,65.6,Safe
2026-03-16 15:04:07 UTC,2,4,18.38,6.08,29.2,66.0,Safe
2026-03-16 15:04:17 UTC,2,2,19.44,6.23,29.2,66.3,Safe
2026-03-16 15:04:27 UTC,2,2,18.22,6.08,29.2,66.4,Safe
2026-03-16 15:04:37 UTC,2,3,19.53,6.23,29.3,66.6,Safe
2026-03-16 15:04:47 UTC,2,4,18.26,6.06,29.2,66.8,Safe
2026-03-16 15:04:57 UTC,1,5,19.53,6.23,29.3,66.9,Safe
2026-03-16 15:05:07 UTC,1,4,19.44,6.2,29.3,67.0,Safe
2026-03-16 15:05:17 UTC,2,3,18.14,6.03,29.3,67.1,Safe
2026-03-16 15:05:27 UTC,2,4,19.53,6.2,29.3,67.2,Safe
2026-03-16 15:05:37 UTC,3,3,18.55,6.08,29.3,67.2,Safe
2026-03-16 15:05:47 UTC,2,2,19.04,6.15,29.3,67.2,Safe
2026-03-16 15:05:57 UTC,2,4,18.26,6.08,29.3,67.2,Safe
2026-03-16 15:06:07 UTC,2,4,19.47,6.18,29.4,67.3,Safe
2026-03-16 15:06:17 UTC,2,4,18.77,6.08,29.4,67.3,Safe
2026-03-16 15:06:27 UTC,3,4,19.56,6.2,29.4,67.2,Safe
2026-03-16 15:06:37 UTC,3,4,18.55,6.08,29.4,67.3,Safe
2026-03-16 15:06:47 UTC,2,2,19.44,6.18,29.4,67.3,Safe
2026-03-16 15:06:57 UTC,1,1,18.61,6.1,29.4,67.2,Safe
2026-03-16 15:07:07 UTC,2,3,18.7,6.1,29.4,67.2,Safe
2026-03-16 15:07:17 UTC,3,5,19.62,6.23,29.4,67.0,Safe
2026-03-16 15:07:27 UTC,3,4,18.38,6.08,29.4,66.4,Safe
2026-03-16 15:07:37 UTC,2,2,19.31,6.18,29.4,65.5,Safe
2026-03-16 15:07:47 UTC,1,1,18.61,6.08,29.4,64.7,Safe
2026-03-16 15:07:57 UTC,2,3,19.44,6.2,29.4,64.0,Safe
2026-03-16 15:08:07 UTC,2,3,18.34,6.08,29.4,63.4,Safe
2026-03-16 15:08:17 UTC,1,4,19.44,6.2,29.4,63.0,Safe
2026-03-16 15:08:27 UTC,2,3,18.43,6.08,29.4,62.4,Safe
2026-03-16 15:08:37 UTC,1,4,19.25,6.18,29.3,62.1,Safe
2026-03-16 15:08:47 UTC,1,4,19.53,6.2,29.3,62.5,Safe
2026-03-16 15:08:57 UTC,1,3,18.38,6.08,29.3,63.1,Safe
2026-03-16 15:09:07 UTC,1,2,19.25,6.2,29.3,63.6,Safe
2026-03-16 15:09:17 UTC,1,2,18.55,6.08,29.3,64.3,Safe
2026-03-16 15:09:27 UTC,2,3,19.09,6.18,29.2,64.6,Safe
2026-03-16 15:09:37 UTC,2,5,18.14,6.06,29.2,65.0,Safe
2026-03-16 15:09:47 UTC,2,3,19.4,6.2,29.3,65.4,Safe
2026-03-16 15:09:57 UTC,3,3,18.43,6.08,29.3,65.6,Safe
2026-03-16 15:10:07 UTC,2,3,19.53,6.2,29.3,66.0,Safe
2026-03-16 15:10:17 UTC,2,3,18.61,6.08,29.3,66.2,Safe
2026-03-16 15:10:27 UTC,2,3,19.53,6.2,29.3,66.4,Safe
2026-03-16 15:10:37 UTC,2,5,18.14,6.03,29.3,66.6,Safe
2026-03-16 15:10:47 UTC,2,4,19.13,6.18,29.3,66.6,Safe
2026-03-16 15:10:57 UTC,1,3,19.53,6.23,29.3,66.8,Safe
2026-03-16 15:11:07 UTC,2,4,18.61,6.08,29.3,66.8,Safe
2026-03-16 15:11:17 UTC,3,6,19.47,6.2,29.3,66.9,Safe
2026-03-16 15:11:27 UTC,3,5,18.14,6.03,29.3,66.9,Safe
2026-03-16 15:11:37 UTC,2,4,19.53,6.2,29.4,67.0,Safe
2026-03-16 15:11:47 UTC,2,3,18.52,6.08,29.4,67.1,Safe
2026-03-16 15:11:57 UTC,2,3,19.53,6.2,29.4,67.1,Safe
2026-03-16 15:12:07 UTC,3,3,18.17,6.01,29.4,67.0,Safe
2026-03-16 15:12:17 UTC,2,3,19.53,6.2,29.4,67.2,Safe
2026-03-16 15:12:27 UTC,2,5,19.44,6.2,29.4,67.1,Safe
2026-03-16 15:12:37 UTC,3,4,19.47,6.23,29.4,67.1,Safe
2026-03-16 15:12:47 UTC,2,3,19.53,6.2,29.4,67.0,Safe
2026-03-16 15:12:57 UTC,1,2,18.55,6.08,29.4,67.0,Safe
2026-03-16 15:13:07 UTC,1,2,19.53,6.2,29.4,67.0,Safe
2026-03-16 15:13:17 UTC,1,2,18.52,6.08,29.4,67.0,Safe
2026-03-16 15:13:27 UTC,0,2,19.53,6.2,29.4,67.0,Safe
2026-03-16 15:13:37 UTC,1,2,18.38,6.08,29.4,66.5,Safe
2026-03-16 15:13:47 UTC,2,2,19.34,6.23,29.4,65.8,Safe
2026-03-16 15:13:57 UTC,1,2,18.26,6.06,29.4,64.9,Safe
2026-03-16 15:14:07 UTC,2,3,19.31,6.2,29.3,64.0,Safe
2026-03-16 15:14:17 UTC,3,3,18.14,6.06,29.3,63.1,Safe
2026-03-16 15:14:27 UTC,2,2,19.31,6.2,29.3,62.5,Safe
2026-03-16 15:14:37 UTC,1,2,18.91,6.15,29.2,62.1,Safe
2026-03-16 15:14:47 UTC,1,3,18.0,6.01,29.2,62.0,Safe
2026-03-16 15:14:57 UTC,1,4,19.34,6.18,29.1,62.5,Safe
2026-03-16 15:15:07 UTC,1,3,18.26,6.06,29.1,63.2,Safe
2026-03-16 15:15:17 UTC,1,2,18.95,6.13,29.1,63.7,Safe
2026-03-16 15:15:27 UTC,1,2,18.34,6.08,29.1,64.3,Safe
2026-03-16 15:15:37 UTC,1,3,19.34,6.2,29.1,64.7,Safe
2026-03-16 15:15:47 UTC,1,1,18.22,6.03,29.1,65.2,Safe
2026-03-16 15:15:57 UTC,1,2,19.25,6.18,29.1,65.6,Safe
2026-03-16 15:16:07 UTC,1,2,18.82,6.13,29.1,66.0,Safe
2026-03-16 15:16:17 UTC,1,2,19.4,6.2,29.1,66.2,Safe
2026-03-16 15:16:27 UTC,2,3,19.4,6.2,29.1,66.5,Safe
2026-03-16 15:16:37 UTC,2,2,18.34,6.06,29.1,66.6,Safe
2026-03-16 15:16:47 UTC,1,2,19.31,6.18,29.1,66.7,Safe
2026-03-16 15:16:57 UTC,1,2,18.31,6.08,29.1,66.9,Safe
2026-03-16 15:17:07 UTC,2,2,19.4,6.2,29.1,67.0,Safe
2026-03-16 15:17:17 UTC,3,3,18.22,6.08,29.1,67.1,Safe
2026-03-16 15:17:27 UTC,3,3,19.44,6.2,29.1,67.1,Safe
2026-03-16 15:17:37 UTC,3,3,18.09,5.98,29.1,67.2,Safe
2026-03-16 15:17:47 UTC,2,2,19.44,6.2,29.1,67.2,Safe
2026-03-16 15:17:57 UTC,2,2,18.22,6.08,29.2,67.3,Safe
2026-03-16 15:18:07 UTC,3,4,19.47,6.23,29.1,67.3,Safe
2026-03-16 15:18:17 UTC,2,2,19.53,6.2,29.2,67.3,Safe
2026-03-16 15:18:27 UTC,2,3,18.26,6.08,29.2,67.3,Safe
2026-03-16 15:18:37 UTC,2,4,19.4,6.18,29.2,67.4,Safe
2026-03-16 15:18:47 UTC,2,4,18.38,6.06,29.2,67.2,Safe
2026-03-16 15:18:57 UTC,1,2,19.44,6.2,29.2,67.2,Safe
2026-03-16 15:19:07 UTC,1,2,18.34,6.08,29.2,67.2,Safe
2026-03-16 15:19:17 UTC,1,2,19.47,6.2,29.2,67.3,Safe
2026-03-16 15:19:27 UTC,1,2,18.55,6.08,29.2,67.0,Safe
2026-03-16 15:19:37 UTC,1,2,19.25,6.18,29.2,66.9,Safe
2026-03-16 15:19:47 UTC,1,2,19.31,6.2,29.3,66.3,Safe
2026-03-16 15:19:57 UTC,1,1,19.13,6.18,29.2,65.4,Safe
2026-03-16 15:20:07 UTC,1,3,18.43,6.08,29.2,64.7,Safe
2026-03-16 15:20:17 UTC,2,2,18.26,6.08,29.2,63.8,Safe
2026-03-16 15:20:27 UTC,1,1,19.22,6.2,29.2,63.2,Safe
2026-03-16 15:20:37 UTC,1,1,17.97,6.03,29.1,62.6,Safe
2026-03-16 15:20:47 UTC,1,1,19.4,6.2,29.1,62.2,Safe
2026-03-16 15:20:57 UTC,1,1,18.22,6.01,29.1,61.7,Safe
2026-03-16 15:21:07 UTC,2,2,19.13,6.2,29.1,61.3,Safe
2026-03-16 15:21:17 UTC,1,3,18.14,6.06,29.1,60.8,Safe
2026-03-16 15:21:27 UTC,0,1,19.25,6.18,29.0,60.5,Safe
2026-03-16 15:21:37 UTC,1,2,18.17,6.08,29.0,60.1,Safe
2026-03-16 15:21:47 UTC,1,2,19.31,6.18,29.0,59.8,Safe
2026-03-16 15:21:57 UTC,0,0,19.34,6.18,28.9,60.3,Safe
2026-03-16 15:22:07 UTC,1,1,17.97,5.98,28.9,60.9,Safe
2026-03-16 15:22:17 UTC,1,2,18.86,6.15,28.9,61.6,Safe
2026-03-16 15:22:27 UTC,1,2,18.26,6.08,28.8,62.4,Safe
2026-03-16 15:22:37 UTC,2,2,19.13,6.15,28.8,63.0,Safe
2026-03-16 15:22:47 UTC,1,2,18.34,6.08,28.8,63.4,Safe
2026-03-16 15:22:57 UTC,1,2,19.44,6.18,28.8,64.0,Safe
2026-03-16 15:23:07 UTC,1,3,18.38,6.08,28.8,64.4,Safe
2026-03-16 15:23:17 UTC,1,3,19.13,6.18,28.8,64.8,Safe
2026-03-16 15:23:27 UTC,1,2,18.26,6.06,28.8,65.1,Safe
2026-03-16 15:23:37 UTC,1,2,19.04,6.13,28.8,65.3,Safe
2026-03-16 15:23:47 UTC,1,1,18.17,6.03,28.8,65.5,Safe
2026-03-16 15:23:57 UTC,1,2,18.38,6.06,28.8,65.8,Safe
2026-03-16 15:24:07 UTC,1,2,19.4,6.23,28.8,66.0,Safe
2026-03-16 15:24:17 UTC,0,1,18.17,6.03,28.8,66.1,Safe
2026-03-16 15:24:27 UTC,0,2,19.4,6.18,28.8,66.3,Safe
2026-03-16 15:24:37 UTC,0,2,18.14,6.06,28.8,66.5,Safe
2026-03-16 15:24:47 UTC,0,3,18.82,6.13,28.8,66.6,Safe
2026-03-16 15:24:57 UTC,0,3,18.31,6.08,28.8,66.8,Safe
2026-03-16 15:25:07 UTC,1,4,19.31,6.18,28.8,66.9,Safe
2026-03-16 15:25:17 UTC,1,3,18.34,6.08,28.8,67.0,Safe
2026-03-16 15:25:27 UTC,0,1,19.53,6.2,28.8,67.2,Safe
2026-03-16 15:25:37 UTC,0,2,19.31,6.18,28.8,67.3,Safe
2026-03-16 15:25:47 UTC,0,3,18.14,6.01,28.9,67.4,Safe
2026-03-16 15:25:57 UTC,1,3,19.34,6.2,28.8,67.4,Safe
2026-03-16 15:26:07 UTC,1,1,18.09,6.03,28.8,67.4,Safe
2026-03-16 15:26:17 UTC,1,2,19.4,6.2,28.9,67.5,Safe
2026-03-16 15:26:27 UTC,1,3,18.34,6.08,28.9,67.6,Safe
2026-03-16 15:26:37 UTC,2,2,19.44,6.2,28.9,67.7,Safe
2026-03-16 15:26:47 UTC,1,2,18.38,6.08,28.8,67.7,Safe
2026-03-16 15:26:57 UTC,1,2,19.31,6.2,28.8,67.8,Safe
2026-03-16 15:27:07 UTC,1,4,18.38,6.06,28.9,67.7,Safe
2026-03-16 15:27:17 UTC,1,3,19.47,6.2,28.9,67.9,Safe
2026-03-16 15:27:27 UTC,0,1,18.14,6.03,28.9,68.1,Safe
2026-03-16 15:27:37 UTC,0,1,19.47,6.2,28.9,68.0,Safe
2026-03-16 15:27:47 UTC,0,2,18.91,6.15,28.9,68.0,Safe
2026-03-16 15:27:57 UTC,1,2,18.17,6.06,28.9,68.2,Safe
2026-03-16 15:28:07 UTC,1,2,19.13,6.25,28.9,67.9,Safe
2026-03-16 15:28:17 UTC,1,2,18.52,6.08,28.9,67.8,Safe
2026-03-16 15:28:27 UTC,2,4,19.25,6.2,28.9,67.7,Safe
2026-03-16 15:28:37 UTC,1,2,18.14,6.03,29.0,67.5,Safe
2026-03-16 15:28:47 UTC,0,0,19.31,6.2,29.0,67.4,Safe
2026-03-16 15:28:57 UTC,0,0,18.14,5.98,29.0,67.2,Safe
2026-03-16 15:29:07 UTC,0,0,19.04,6.2,29.0,67.1,Safe
2026-03-16 15:29:17 UTC,0,1,19.47,6.2,29.0,66.9,Safe
2026-03-16 15:29:27 UTC,1,3,19.44,6.2,29.0,66.9,Safe
2026-03-16 15:29:37 UTC,2,2,19.53,6.2,29.1,66.7,Safe
2026-03-16 15:29:47 UTC,1,2,18.43,6.08,29.1,66.7,Safe
2026-03-16 15:29:57 UTC,2,2,19.47,6.23,29.1,66.4,Safe
2026-03-16 15:30:07 UTC,2,3,18.14,6.06,29.1,66.1,Safe
2026-03-16 15:30:17 UTC,2,4,19.04,6.18,29.1,65.3,Safe
2026-03-16 15:30:27 UTC,2,4,18.38,6.08,29.1,64.3,Safe
2026-03-16 15:30:37 UTC,2,3,19.4,6.2,29.1,63.3,Safe
2026-03-16 15:30:47 UTC,2,3,18.09,6.03,29.1,62.6,Safe
2026-03-16 15:30:57 UTC,2,2,19.09,6.15,29.0,62.0,Safe
2026-03-16 15:31:07 UTC,0,2,18.31,6.08,29.0,61.6,Safe
2026-03-16 15:31:17 UTC,0,3,19.4,6.18,29.0,61.5,Safe
2026-03-16 15:31:27 UTC,0,4,19.47,6.18,29.0,61.8,Safe
2026-03-16 15:31:37 UTC,1,5,18.0,6.01,29.0,62.4,Safe
2026-03-16 15:31:47 UTC,1,3,19.22,6.2,29.0,62.9,Safe
2026-03-16 15:31:57 UTC,2,3,18.26,6.08,28.9,63.3,Safe
2026-03-16 15:32:07 UTC,1,1,19.53,6.2,29.0,63.8,Safe
2026-03-16 15:32:17 UTC,1,1,18.31,6.08,29.0,64.2,Safe
2026-03-16 15:32:27 UTC,1,3,19.44,6.23,28.9,64.5,Safe
2026-03-16 15:32:37 UTC,1,2,18.14,6.01,28.9,64.9,Safe
2026-03-16 15:32:47 UTC,1,1,19.47,6.2,29.0,65.3,Safe
2026-03-16 15:32:57 UTC,2,4,18.82,6.15,28.9,65.4,Safe
2026-03-16 15:33:07 UTC,2,4,19.47,6.2,28.9,65.8,Safe
2026-03-16 15:33:17 UTC,3,4,19.0,6.15,28.9,65.8,Safe
2026-03-16 15:33:27 UTC,2,4,18.22,6.08,29.0,65.9,Safe
2026-03-16 15:33:37 UTC,1,3,19.13,6.18,28.9,66.0,Safe
2026-03-16 15:33:47 UTC,2,4,18.22,6.06,29.0,66.0,Safe
2026-03-16 15:33:57 UTC,3,4,19.13,6.15,29.0,66.1,Safe
2026-03-16 15:34:07 UTC,2,5,18.14,6.01,29.0,66.2,Safe
2026-03-16 15:34:17 UTC,2,4,19.47,6.2,29.0,66.3,Safe
2026-03-16 15:34:27 UTC,1,6,18.22,6.08,29.0,66.3,Safe
2026-03-16 15:34:37 UTC,2,4,19.31,6.2,29.0,66.4,Safe
2026-03-16 15:34:47 UTC,2,3,18.34,6.08,29.0,66.3,Safe
2026-03-16 15:34:57 UTC,1,3,19.34,6.2,29.0,66.4,Safe
2026-03-16 15:35:07 UTC,1,2,19.31,6.18,29.0,66.4,Safe
2026-03-16 15:35:17 UTC,1,2,18.26,6.08,29.0,66.4,Safe
2026-03-16 15:35:27 UTC,2,3,19.44,6.2,29.0,66.4,Safe
2026-03-16 15:35:37 UTC,2,3,18.22,6.08,29.0,66.4,Safe
2026-03-16 15:35:47 UTC,2,4,19.44,6.2,29.1,66.4,Safe
2026-03-16 15:35:57 UTC,2,3,18.0,6.01,29.1,66.4,Safe
2026-03-16 15:36:07 UTC,2,2,19.34,6.2,29.1,66.3,Safe
2026-03-16 15:36:17 UTC,3,3,18.38,6.08,29.1,65.8,Safe
2026-03-16 15:36:27 UTC,2,3,19.0,6.13,29.1,65.0,Safe
2026-03-16 15:36:37 UTC,2,4,19.25,6.2,29.1,64.3,Safe
2026-03-16 15:36:47 UTC,2,4,18.22,6.08,29.1,63.4,Safe
2026-03-16 15:36:57 UTC,2,4,19.25,6.2,29.1,62.8,Safe
2026-03-16 15:37:07 UTC,2,3,18.05,6.03,29.1,62.3,Safe
2026-03-16 15:37:17 UTC,2,4,19.25,6.23,29.0,61.8,Safe
2026-03-16 15:37:27 UTC,2,4,18.26,6.08,29.0,61.5,Safe
2026-03-16 15:37:37 UTC,2,2,19.4,6.18,29.0,61.7,Safe
2026-03-16 15:37:47 UTC,2,3,18.14,6.08,29.0,62.3,Safe
2026-03-16 15:37:57 UTC,2,3,19.44,6.2,29.0,62.9,Safe
2026-03-16 15:38:07 UTC,2,5,18.38,6.08,29.0,63.4,Safe
2026-03-16 15:38:17 UTC,2,4,19.4,6.18,29.0,64.0,Safe
2026-03-16 15:38:27 UTC,2,3,18.14,6.03,29.0,64.4,Safe
2026-03-16 15:38:37 UTC,2,4,18.52,6.08,28.9,64.8,Safe
2026-03-16 15:38:47 UTC,2,4,19.47,6.23,28.9,65.3,Safe
2026-03-16 15:38:57 UTC,2,3,18.31,6.08,29.0,65.6,Safe
2026-03-16 15:39:07 UTC,2,5,19.04,6.18,29.0,65.9,Safe
2026-03-16 15:39:17 UTC,1,4,18.43,6.08,29.0,66.0,Safe
2026-03-16 15:39:27 UTC,2,3,19.0,6.15,29.0,66.3,Safe
2026-03-16 15:39:37 UTC,3,3,18.0,6.03,29.0,66.4,Safe
2026-03-16 15:39:47 UTC,3,3,19.22,6.2,29.0,66.5,Safe
2026-03-16 15:39:57 UTC,4,4,18.38,6.08,29.0,66.6,Safe
2026-03-16 15:40:07 UTC,3,5,19.25,6.18,29.0,66.7,Safe
2026-03-16 15:40:17 UTC,3,4,19.34,6.18,29.0,66.8,Safe
2026-03-16 15:40:27 UTC,1,2,19.34,6.23,29.0,66.8,Safe
2026-03-16 15:40:37 UTC,1,2,19.4,6.18,29.0,66.8,Safe
2026-03-16 15:40:47 UTC,1,2,18.14,6.03,29.0,66.8,Safe
2026-03-16 15:40:57 UTC,1,2,19.4,6.2,29.0,66.9,Safe
2026-03-16 15:41:07 UTC,0,1,18.26,6.08,29.0,66.9,Safe
2026-03-16 15:41:17 UTC,0,2,19.13,6.18,29.0,66.9,Safe
2026-03-16 15:41:27 UTC,0,3,18.38,6.08,29.0,66.9,Safe
2026-03-16 15:41:37 UTC,1,2,19.4,6.2,29.0,66.9,Safe
2026-03-16 15:41:47 UTC,1,2,17.97,6.01,29.0,66.8,Safe
2026-03-16 15:41:57 UTC,3,3,19.47,6.23,29.1,66.7,Safe
2026-03-16 15:42:07 UTC,3,4,18.38,6.08,29.1,66.7,Safe
2026-03-16 15:42:17 UTC,2,4,19.09,6.15,29.1,66.6,Safe
2026-03-16 15:42:27 UTC,3,5,19.31,6.23,29.1,66.6,Safe
2026-03-16 15:42:37 UTC,2,6,18.52,6.08,29.1,66.1,Safe
2026-03-16 15:42:47 UTC,1,3,19.25,6.2,29.2,65.3,Safe
2026-03-16 15:42:57 UTC,1,2,18.26,6.08,29.2,64.5,Safe
2026-03-16 15:43:07 UTC,1,3,19.31,6.2,29.1,63.6,Safe
2026-03-16 15:43:17 UTC,0,3,17.88,6.03,29.1,63.0,Safe
2026-03-16 15:43:27 UTC,0,2,19.31,6.18,29.1,62.5,Safe
2026-03-16 15:43:37 UTC,1,3,18.22,6.06,29.1,62.0,Safe
2026-03-16 15:43:47 UTC,2,4,19.04,6.18,29.1,61.6,Safe
2026-03-16 15:43:57 UTC,2,3,19.31,6.18,29.1,61.8,Safe
2026-03-16 15:44:07 UTC,2,2,19.31,6.18,29.0,62.3,Safe
2026-03-16 15:44:17 UTC,2,2,19.31,6.18,29.0,62.9,Safe
2026-03-16 15:44:27 UTC,2,3,18.17,6.03,29.0,63.5,Safe
2026-03-16 15:44:37 UTC,3,4,18.86,6.15,29.1,64.0,Safe
2026-03-16 15:44:47 UTC,4,5,18.26,6.08,29.1,64.4,Safe
2026-03-16 15:44:57 UTC,3,4,19.4,6.2,29.0,64.8,Safe
2026-03-16 15:45:07 UTC,3,4,18.26,6.08,29.0,65.2,Safe
2026-03-16 15:45:17 UTC,3,4,19.25,6.2,29.0,65.5,Safe
2026-03-16 15:45:27 UTC,3,4,18.34,6.08,29.1,65.9,Safe
2026-03-16 15:45:37 UTC,3,4,19.31,6.23,29.1,66.2,Safe
2026-03-16 15:45:47 UTC,3,3,18.7,6.08,29.1,66.4,Safe
2026-03-16 15:45:57 UTC,3,5,19.4,6.2,29.1,66.5,Safe
2026-03-16 15:46:07 UTC,3,4,19.25,6.2,29.1,66.7,Safe
2026-03-16 15:46:17 UTC,2,4,18.52,6.1,29.1,66.8,Safe
2026-03-16 15:46:27 UTC,2,4,19.0,6.18,29.1,66.9,Safe
2026-03-16 15:46:37 UTC,2,4,18.38,6.08,29.1,67.0,Safe
2026-03-16 15:46:47 UTC,2,4,19.34,6.2,29.1,67.1,Safe
2026-03-16 15:46:57 UTC,2,2,18.31,6.06,29.1,67.1,Safe
2026-03-16 15:47:07 UTC,2,2,19.47,6.15,29.1,67.1,Safe
2026-03-16 15:47:17 UTC,2,4,18.0,6.06,29.1,67.2,Safe
2026-03-16 15:47:27 UTC,3,3,19.47,6.2,29.1,67.1,Safe
2026-03-16 15:47:37 UTC,2,3,19.25,6.18,29.1,67.1,Safe
2026-03-16 15:47:47 UTC,2,3,19.71,6.2,29.2,67.2,Safe
2026-03-16 15:47:57 UTC,3,3,18.82,6.15,29.2,67.0,Safe
2026-03-16 15:48:07 UTC,3,5,18.34,6.08,29.2,67.0,Safe
2026-03-16 15:48:17 UTC,2,2,19.4,6.18,29.2,66.9,Safe
2026-03-16 15:48:27 UTC,2,2,18.34,6.08,29.2,66.9,Safe
2026-03-16 15:48:37 UTC,4,5,18.82,6.13,29.2,66.6,Safe
2026-03-16 15:48:47 UTC,3,4,18.05,6.06,29.2,65.9,Safe
2026-03-16 15:48:57 UTC,2,3,19.4,6.23,29.2,65.0,Safe
2026-03-16 15:49:07 UTC,2,3,18.34,6.08,29.2,64.3,Safe
2026-03-16 15:49:17 UTC,3,3,19.31,6.18,29.2,63.6,Safe
2026-03-16 15:49:27 UTC,3,3,18.31,6.08,29.2,62.7,Safe
2026-03-16 15:49:37 UTC,3,3,19.4,6.2,29.2,62.1,Safe
2026-03-16 15:49:47 UTC,3,3,19.22,6.2,29.2,61.6,Safe
2026-03-16 15:49:57 UTC,3,3,18.34,6.08,29.2,61.0,Safe
2026-03-16 15:50:07 UTC,3,5,19.4,6.2,29.1,60.9,Safe
2026-03-16 15:50:17 UTC,3,5,18.17,6.08,29.1,61.2,Safe
2026-03-16 15:50:27 UTC,3,3,19.47,6.18,29.1,61.8,Safe
2026-03-16 15:50:37 UTC,2,2,18.22,6.06,29.1,62.4,Safe
2026-03-16 15:50:47 UTC,2,2,19.31,6.2,29.1,62.9,Safe
2026-03-16 15:50:57 UTC,3,4,18.22,6.08,29.1,63.5,Safe
2026-03-16 15:51:07 UTC,2,5,19.22,6.18,29.1,63.9,Safe
2026-03-16 15:51:17 UTC,3,5,19.34,6.2,29.1,64.3,Safe
2026-03-16 15:51:27 UTC,1,2,19.31,6.2,29.1,64.6,Safe
2026-03-16 15:51:37 UTC,1,3,19.31,6.2,29.1,64.9,Safe
2026-03-16 15:51:47 UTC,2,4,18.38,6.08,29.1,65.1,Safe
2026-03-16 15:51:57 UTC,3,3,19.4,6.18,29.1,65.4,Safe
2026-03-16 15:52:07 UTC,4,5,18.05,6.01,29.1,65.6,Safe
2026-03-16 15:52:17 UTC,4,4,19.44,6.2,29.1,65.8,Safe
2026-03-16 15:52:27 UTC,3,3,18.34,6.06,29.1,66.0,Safe
2026-03-16 15:52:37 UTC,3,3,18.91,6.13,29.2,66.1,Safe
2026-03-16 15:52:47 UTC,3,4,18.34,6.08,29.2,66.3,Safe
2026-03-16 15:52:57 UTC,3,4,19.44,6.2,29.2,66.4,Safe
2026-03-16 15:53:07 UTC,2,4,18.26,6.08,29.1,66.4,Safe
2026-03-16 15:53:17 UTC,2,5,19.25,6.18,29.1,66.5,Safe
2026-03-16 15:53:27 UTC,3,3,19.53,6.18,29.2,66.7,Safe
2026-03-16 15:53:37 UTC,2,3,18.43,6.1,29.2,66.8,Safe
2026-03-16 15:53:47 UTC,2,2,19.34,6.2,29.2,66.9,Safe
2026-03-16 15:53:57 UTC,3,3,17.88,6.01,29.2,66.9,Safe
2026-03-16 15:54:07 UTC,2,2,19.44,6.2,29.2,66.9,Safe
2026-03-16 15:54:17 UTC,3,4,18.31,6.08,29.2,67.0,Safe
2026-03-16 15:54:27 UTC,2,2,19.4,6.2,29.2,66.9,Safe
2026-03-16 15:54:37 UTC,2,5,18.22,6.08,29.2,66.9,Safe
2026-03-16 15:54:47 UTC,2,4,19.4,6.23,29.3,66.9,Safe
2026-03-16 15:54:57 UTC,3,3,19.0,6.18,29.3,66.9,Safe
2026-03-16 15:55:07 UTC,2,3,18.86,6.15,29.3,66.8,Safe
2026-03-16 15:55:17 UTC,2,4,18.95,6.15,29.3,66.7,Safe
2026-03-16 15:55:27 UTC,2,3,18.14,6.03,29.3,66.7,Safe
2026-03-16 15:55:37 UTC,2,2,19.31,6.2,29.3,66.5,Safe
2026-03-16 15:55:47 UTC,1,2,18.34,6.08,29.4,66.0,Safe
2026-03-16 15:55:57 UTC,1,2,19.4,6.23,29.4,65.1,Safe
2026-03-16 15:56:07 UTC,1,3,18.31,6.08,29.4,64.5,Safe
2026-03-16 15:56:17 UTC,2,3,19.4,6.18,29.4,63.9,Safe
2026-03-16 15:56:27 UTC,3,3,18.26,6.06,29.4,63.2,Safe
2026-03-16 15:56:37 UTC,2,3,19.25,6.18,29.4,62.5,Safe
2026-03-16 15:56:47 UTC,1,2,18.17,6.08,29.3,62.0,Safe
2026-03-16 15:56:57 UTC,2,2,18.82,6.13,29.3,61.5,Safe
2026-03-16 15:57:07 UTC,3,3,19.25,6.18,29.3,61.2,Safe
2026-03-16 15:57:17 UTC,2,5,18.22,6.06,29.2,61.6,Safe
2026-03-16 15:57:27 UTC,1,3,19.4,6.2,29.2,62.2,Safe
2026-03-16 15:57:37 UTC,1,4,18.26,6.06,29.2,62.8,Safe
2026-03-16 15:57:47 UTC,3,4,19.34,6.2,29.2,63.4,Safe
2026-03-16 15:57:57 UTC,3,4,18.77,6.1,29.2,63.9,Safe
2026-03-16 15:58:07 UTC,3,3,19.44,6.23,29.2,64.3,Safe
2026-03-16 15:58:17 UTC,3,3,18.26,6.06,29.2,64.6,Safe
2026-03-16 15:58:27 UTC,3,4,19.84,6.23,29.2,65.2,Safe
2026-03-16 15:58:37 UTC,2,3,19.4,6.2,29.2,65.4,Safe
2026-03-16 15:58:47 UTC,2,3,19.4,6.18,29.2,65.7,Safe
2026-03-16 15:58:57 UTC,2,2,19.13,6.18,29.2,65.9,Safe
2026-03-16 15:59:07 UTC,2,3,18.47,6.08,29.2,66.2,Safe
2026-03-16 15:59:17 UTC,3,5,19.34,6.2,29.1,66.4,Safe
2026-03-16 15:59:27 UTC,2,5,18.17,6.08,29.2,66.5,Safe
2026-03-16 15:59:37 UTC,2,4,19.4,6.2,29.2,66.7,Safe
2026-03-16 15:59:47 UTC,3,6,18.31,6.08,29.2,66.9,Safe
2026-03-16 15:59:57 UTC,4,4,18.82,6.1,29.2,66.9,Safe
2026-03-16 16:00:07 UTC,3,3,18.34,6.08,29.2,67.0,Safe
2026-03-16 16:00:17 UTC,2,2,19.4,6.2,29.2,67.2,Safe
2026-03-16 16:00:27 UTC,2,4,18.14,6.06,29.2,67.3,Safe
2026-03-16 16:00:37 UTC,2,5,19.22,6.18,29.2,67.5,Safe
2026-03-16 16:00:47 UTC,3,4,18.95,6.13,29.2,67.4,Safe
2026-03-16 16:00:57 UTC,2,3,18.14,5.98,29.2,67.3,Safe
2026-03-16 16:01:07 UTC,4,6,19.47,6.2,29.2,67.2,Safe
2026-03-16 16:01:17 UTC,2,2,18.38,6.08,29.2,67.2,Safe
2026-03-16 16:01:27 UTC,0,2,19.22,6.18,29.3,67.0,Safe
2026-03-16 16:01:37 UTC,1,2,18.43,6.06,29.2,67.0,Safe
2026-03-16 16:01:47 UTC,1,3,19.47,6.25,29.3,66.9,Safe
2026-03-16 16:01:57 UTC,1,5,18.14,6.06,29.3,66.7,Safe
2026-03-16 16:02:07 UTC,1,3,19.47,6.2,29.3,66.7,Safe
2026-03-16 16:02:17 UTC,2,3,19.16,6.18,29.3,66.7,Safe
2026-03-16 16:02:27 UTC,1,5,19.13,6.2,29.3,66.6,Safe
2026-03-16 16:02:37 UTC,1,4,19.13,6.18,29.3,66.6,Safe
2026-03-16 16:02:47 UTC,1,4,18.34,6.08,29.3,66.5,Safe
2026-03-16 16:02:57 UTC,1,3,18.86,6.15,29.3,66.4,Safe
2026-03-16 16:03:07 UTC,1,3,18.61,6.08,29.3,66.4,Safe
2026-03-16 16:03:17 UTC,1,3,19.34,6.2,29.4,66.3,Safe
2026-03-16 16:03:27 UTC,1,4,18.34,6.06,29.4,66.1,Safe
2026-03-16 16:03:37 UTC,1,3,19.31,6.2,29.4,65.7,Safe
2026-03-16 16:03:47 UTC,1,3,18.22,6.06,29.4,65.0,Safe
2026-03-16 16:03:57 UTC,1,3,19.34,6.15,29.4,64.3,Safe
2026-03-16 16:04:07 UTC,2,3,18.26,6.06,29.4,63.8,Safe
2026-03-16 16:04:17 UTC,2,4,18.86,6.13,29.4,63.1,Safe
2026-03-16 16:04:27 UTC,3,4,19.25,6.2,29.3,62.6,Safe
2026-03-16 16:04:37 UTC,3,4,18.09,6.01,29.3,62.1,Safe
2026-03-16 16:04:47 UTC,2,3,19.25,6.18,29.3,62.0,Safe
2026-03-16 16:04:57 UTC,2,2,18.22,6.06,29.3,62.0,Safe
2026-03-16 16:05:07 UTC,1,2,18.82,6.1,29.2,62.4,Safe
2026-03-16 16:05:17 UTC,1,3,18.14,6.08,29.2,62.9,Safe
2026-03-16 16:05:27 UTC,2,3,19.31,6.2,29.2,63.3,Safe
2026-03-16 16:05:37 UTC,3,4,18.38,6.08,29.2,63.7,Safe
2026-03-16 16:05:47 UTC,2,2,19.31,6.2,29.2,64.2,Safe
2026-03-16 16:05:57 UTC,2,2,19.47,6.23,29.2,64.5,Safe
2026-03-16 16:06:07 UTC,2,2,19.44,6.18,29.2,64.9,Safe
2026-03-16 16:06:17 UTC,2,3,19.4,6.18,29.2,65.2,Safe
2026-03-16 16:06:27 UTC,2,3,18.05,6.01,29.2,65.5,Safe
2026-03-16 16:06:37 UTC,2,3,19.31,6.2,29.2,65.7,Safe
2026-03-16 16:06:47 UTC,2,3,18.14,6.03,29.2,65.8,Safe
2026-03-16 16:06:57 UTC,2,2,18.82,6.13,29.2,65.4,Safe
2026-03-16 16:07:07 UTC,3,3,18.26,6.08,29.2,64.6,Safe
2026-03-16 16:07:17 UTC,3,4,18.91,6.15,29.2,63.9,Safe
2026-03-16 16:07:27 UTC,3,6,17.71,6.01,29.2,63.3,Safe
2026-03-16 16:07:37 UTC,2,4,19.25,6.2,29.1,62.7,Safe
2026-03-16 16:07:47 UTC,2,5,18.17,6.06,29.1,62.2,Safe
2026-03-16 16:07:57 UTC,1,4,19.25,6.2,29.0,61.8,Safe
2026-03-16 16:08:07 UTC,1,3,19.56,6.2,29.0,61.4,Safe
2026-03-16 16:08:17 UTC,3,5,18.17,6.06,29.0,61.1,Safe
2026-03-16 16:08:27 UTC,3,4,19.25,6.15,28.9,60.7,Safe
2026-03-16 16:08:37 UTC,2,5,18.14,6.06,28.9,60.4,Safe
2026-03-16 16:08:47 UTC,1,3,19.25,6.18,28.8,60.0,Safe
2026-03-16 16:08:57 UTC,2,3,18.14,6.06,28.8,59.6,Safe
2026-03-16 16:09:07 UTC,2,2,18.95,6.15,28.8,59.3,Safe
2026-03-16 16:09:17 UTC,2,3,18.14,6.06,28.8,59.0,Safe
2026-03-16 16:09:27 UTC,2,5,19.13,6.18,28.7,58.7,Safe
2026-03-16 16:09:37 UTC,2,6,19.22,6.15,28.7,58.3,Safe
2026-03-16 16:09:47 UTC,2,5,18.55,6.1,28.6,58.0,Safe
2026-03-16 16:09:57 UTC,0,5,18.14,6.03,28.6,57.7,Safe
2026-03-16 16:10:07 UTC,1,5,18.17,6.03,28.5,57.3,Safe
2026-03-16 16:10:17 UTC,2,3,19.25,6.15,28.5,57.0,Safe
2026-03-16 16:10:27 UTC,2,3,18.14,6.01,28.5,56.7,Safe
2026-03-16 16:10:37 UTC,2,2,19.09,6.15,28.4,56.6,Safe
2026-03-16 16:10:47 UTC,2,2,18.14,6.03,28.4,56.4,Safe
2026-03-16 16:10:57 UTC,1,3,19.09,6.18,28.4,56.3,Safe
2026-03-16 16:11:07 UTC,1,4,18.14,6.06,28.3,56.0,Safe
2026-03-16 16:11:17 UTC,1,3,19.0,6.15,28.3,55.8,Safe
2026-03-16 16:11:27 UTC,1,4,18.14,6.03,28.2,55.4,Safe
2026-03-16 16:11:37 UTC,1,5,18.73,6.15,28.2,55.2,Safe
2026-03-16 16:11:47 UTC,2,3,18.95,6.18,28.2,55.0,Safe
2026-03-16 16:11:57 UTC,2,3,17.97,5.98,28.1,54.7,Safe
2026-03-16 16:12:07 UTC,2,6,19.09,6.15,28.0,54.7,Safe
2026-03-16 16:12:17 UTC,2,5,17.59,5.98,28.0,54.6,Safe
2026-03-16 16:12:27 UTC,3,4,18.91,6.15,28.0,54.5,Safe
2026-03-16 16:12:37 UTC,2,3,18.14,6.06,27.9,54.5,Safe
2026-03-16 16:12:47 UTC,2,6,19.09,6.15,27.9,54.4,Safe
2026-03-16 16:12:57 UTC,3,6,18.14,6.03,27.8,54.3,Safe
2026-03-16 16:13:07 UTC,3,5,19.09,6.15,27.8,54.1,Safe
2026-03-16 16:13:17 UTC,1,3,19.04,6.15,27.8,54.0,Safe
2026-03-16 16:13:27 UTC,2,4,18.82,6.1,27.7,53.9,Safe
2026-03-16 16:13:37 UTC,2,5,18.09,6.03,27.7,53.6,Safe
2026-03-16 16:13:47 UTC,2,3,18.14,6.06,27.6,53.5,Safe
2026-03-16 16:13:57 UTC,2,4,18.82,6.13,27.6,53.2,Safe
2026-03-16 16:14:07 UTC,1,6,18.14,6.03,27.6,53.2,Safe
2026-03-16 16:14:17 UTC,2,6,19.04,6.2,27.5,53.1,Safe
2026-03-16 16:14:27 UTC,2,5,17.93,6.03,27.5,52.8,Safe
2026-03-16 16:14:37 UTC,2,4,18.95,6.15,27.5,52.7,Safe
2026-03-16 16:14:47 UTC,4,4,18.05,6.03,27.4,52.4,Safe
2026-03-16 16:14:57 UTC,4,6,18.77,6.13,27.4,52.3,Safe
2026-03-16 16:15:07 UTC,3,6,17.56,5.96,27.4,52.2,Safe
2026-03-16 16:15:17 UTC,2,5,19.0,6.15,27.4,52.0,Safe
2026-03-16 16:15:27 UTC,4,5,18.91,6.15,27.3,51.9,Safe
2026-03-16 16:15:37 UTC,2,3,18.14,6.01,27.3,51.7,Safe
2026-03-16 16:15:47 UTC,3,6,18.95,6.15,27.3,51.7,Safe
2026-03-16 16:15:57 UTC,2,4,17.71,5.98,27.3,51.5,Safe
2026-03-16 16:16:07 UTC,1,2,18.91,6.13,27.3,51.4,Safe
2026-03-16 16:16:17 UTC,1,3,18.05,6.03,27.2,51.2,Safe
2026-03-16 16:16:27 UTC,2,5,19.04,6.18,27.2,50.9,Safe
2026-03-16 16:16:37 UTC,3,6,18.0,6.03,27.2,50.9,Safe
2026-03-16 16:16:47 UTC,1,5,18.91,6.13,27.2,50.9,Safe
2026-03-16 16:16:57 UTC,3,5,17.68,5.96,27.2,50.8,Safe
2026-03-16 16:17:07 UTC,2,4,18.86,6.15,27.1,50.9,Safe
2026-03-16 16:17:17 UTC,2,5,18.05,6.03,27.1,50.7,Safe
2026-03-16 16:17:27 UTC,4,7,17.71,5.98,27.1,50.8,Safe
2026-03-16 16:17:37 UTC,2,3,18.95,6.13,27.1,50.8,Safe
2026-03-16 16:17:47 UTC,1,3,17.51,5.94,27.0,50.7,Safe
2026-03-16 16:17:57 UTC,2,2,18.91,6.13,27.0,50.6,Safe
2026-03-16 16:18:07 UTC,2,4,17.76,5.96,27.0,50.5,Safe
2026-03-16 16:18:17 UTC,3,4,18.91,6.15,27.0,50.5,Safe
2026-03-16 16:18:27 UTC,2,3,18.09,5.98,27.0,50.4,Safe
2026-03-16 16:18:37 UTC,2,4,18.91,6.13,27.0,50.4,Safe
2026-03-16 16:18:47 UTC,2,4,18.0,6.01,26.9,50.3,Safe
2026-03-16 16:18:57 UTC,2,5,18.91,6.15,26.9,50.1,Safe
2026-03-16 16:19:07 UTC,3,3,18.73,6.1,26.9,49.9,Safe
2026-03-16 16:19:17 UTC,3,3,18.09,5.98,26.9,49.7,Safe
2026-03-16 16:19:27 UTC,3,3,18.64,6.1,26.9,49.7,Safe
2026-03-16 16:19:37 UTC,3,3,17.76,6.01,26.9,49.6,Safe
2026-03-16 16:19:47 UTC,3,5,18.82,6.13,26.9,49.5,Safe
2026-03-16 16:19:57 UTC,3,4,17.51,5.94,26.8,49.4,Safe
2026-03-16 16:20:07 UTC,3,4,18.7,6.08,26.8,49.4,Safe
2026-03-16 16:20:17 UTC,2,3,18.09,6.01,26.8,49.2,Safe
2026-03-16 16:20:27 UTC,3,4,18.86,6.13,26.8,49.1,Safe
2026-03-16 16:20:37 UTC,3,5,18.09,6.01,26.8,49.1,Safe
2026-03-16 16:20:47 UTC,2,3,19.04,6.13,26.8,49.1,Safe
2026-03-16 16:20:57 UTC,1,2,17.85,5.98,26.7,49.1,Safe
2026-03-16 16:21:07 UTC,1,3,17.56,5.94,26.7,48.9,Safe
2026-03-16 16:21:17 UTC,2,3,18.7,6.1,26.7,48.8,Safe
2026-03-16 16:21:27 UTC,1,1,17.97,6.01,26.7,48.8,Safe
2026-03-16 16:21:37 UTC,2,2,18.82,6.1,26.7,48.7,Safe
2026-03-16 16:21:47 UTC,2,5,18.09,6.03,26.7,48.6,Safe
2026-03-16 16:21:57 UTC,2,4,18.43,6.08,26.7,48.5,Safe
2026-03-16 16:22:07 UTC,2,2,17.97,6.01,26.7,48.4,Safe
2026-03-16 16:22:17 UTC,2,3,19.13,6.13,26.7,48.5,Safe
2026-03-16 16:22:27 UTC,1,3,17.93,6.01,26.6,48.4,Safe
2026-03-16 16:22:37 UTC,2,5,18.77,6.13,26.6,48.5,Safe
2026-03-16 16:22:47 UTC,2,5,18.82,6.13,26.6,48.5,Safe
2026-03-16 16:22:57 UTC,2,5,18.05,5.98,26.6,48.4,Safe
2026-03-16 16:23:07 UTC,3,4,18.95,6.13,26.6,48.1,Safe
2026-03-16 16:23:17 UTC,2,4,18.0,6.01,26.6,48.1,Safe
2026-03-16 16:23:27 UTC,2,3,18.52,6.08,26.5,47.9,Safe
2026-03-16 16:23:37 UTC,2,3,17.93,6.01,26.5,47.7,Safe
2026-03-16 16:23:47 UTC,3,4,18.82,6.13,26.5,47.7,Safe
2026-03-16 16:23:57 UTC,4,6,18.09,6.01,26.5,47.6,Safe
2026-03-16 16:24:07 UTC,3,6,18.52,6.08,26.5,47.5,Safe
2026-03-16 16:24:17 UTC,4,6,18.05,6.01,26.5,47.6,Safe
2026-03-16 16:24:27 UTC,4,7,18.86,6.13,26.4,47.6,Safe
2026-03-16 16:24:37 UTC,3,6,18.0,6.01,26.4,47.6,Safe
2026-03-16 16:24:47 UTC,4,5,17.88,6.01,26.4,47.6,Safe
2026-03-16 16:24:57 UTC,3,5,18.55,6.06,26.4,47.6,Safe
2026-03-16 16:25:07 UTC,2,4,17.88,6.01,26.4,47.6,Safe
2026-03-16 16:25:17 UTC,2,3,18.82,6.08,26.4,47.6,Safe
2026-03-16 16:25:27 UTC,4,6,18.09,6.01,26.3,47.5,Safe
2026-03-16 16:25:37 UTC,3,6,19.04,6.13,26.3,47.5,Safe
2026-03-16 16:25:47 UTC,4,9,18.14,5.98,26.3,47.5,Safe
2026-03-16 16:25:57 UTC,4,8,18.95,6.13,26.3,47.6,Safe
2026-03-16 16:26:07 UTC,4,10,18.0,6.01,26.3,47.6,Safe
2026-03-16 16:26:17 UTC,4,5,18.82,6.1,26.3,47.8,Safe
2026-03-16 16:26:27 UTC,3,4,18.95,6.13,26.3,47.9,Safe
2026-03-16 16:26:37 UTC,3,6,19.04,6.15,26.3,48.1,Safe
2026-03-16 16:26:47 UTC,3,6,18.43,6.08,26.2,48.0,Safe
2026-03-16 16:26:57 UTC,3,4,18.0,5.98,26.2,48.1,Safe
2026-03-16 16:27:07 UTC,2,3,18.0,6.08,26.2,48.0,Safe
2026-03-16 16:27:17 UTC,4,6,18.05,6.01,26.2,48.0,Safe
2026-03-16 16:27:27 UTC,4,8,18.55,6.08,26.2,48.0,Safe
2026-03-16 16:27:37 UTC,4,8,17.97,6.01,26.2,47.9,Safe
2026-03-16 16:27:47 UTC,3,10,18.55,6.08,26.2,47.8,Safe
2026-03-16 16:27:57 UTC,4,11,17.97,5.98,26.2,47.7,Safe
2026-03-16 16:28:07 UTC,4,10,18.86,6.1,26.2,47.7,Safe
2026-03-16 16:28:17 UTC,6,10,17.88,5.98,26.2,47.8,Safe
2026-03-16 16:28:27 UTC,6,9,18.91,6.13,26.1,48.0,Safe
2026-03-16 16:28:37 UTC,8,11,18.91,6.13,26.1,47.9,Safe
2026-03-16 16:28:47 UTC,6,10,18.0,6.01,26.1,47.9,Safe
2026-03-16 16:28:57 UTC,5,14,18.82,6.13,26.1,47.7,Safe
2026-03-16 16:29:07 UTC,5,13,18.09,6.01,26.1,47.6,Safe
2026-03-16 16:29:17 UTC,5,12,18.86,6.13,26.1,47.4,Safe
2026-03-16 16:29:27 UTC,4,8,18.09,6.01,26.1,47.2,Safe
2026-03-16 16:29:37 UTC,4,8,18.82,6.1,26.1,47.0,Safe
2026-03-16 16:29:47 UTC,6,8,17.93,5.98,26.1,46.9,Safe
2026-03-16 16:29:57 UTC,5,5,18.34,6.08,26.1,46.8,Safe
2026-03-16 16:30:07 UTC,5,5,18.82,6.13,26.1,46.7,Safe
2026-03-16 16:30:17 UTC,8,9,18.77,6.13,26.0,46.7,Safe
2026-03-16 16:30:27 UTC,5,6,18.61,6.08,26.0,46.6,Safe
2026-03-16 16:30:37 UTC,5,6,17.56,5.96,26.0,46.5,Safe
2026-03-16 16:30:47 UTC,5,9,18.95,6.1,26.0,46.5,Safe
2026-03-16 16:30:57 UTC,5,10,17.88,5.98,26.0,46.4,Safe
2026-03-16 16:31:07 UTC,7,9,18.95,6.13,26.0,46.4,Safe
2026-03-16 16:31:17 UTC,7,9,18.09,5.98,26.0,46.3,Safe
2026-03-16 16:31:27 UTC,5,8,18.82,6.1,26.0,46.1,Safe
2026-03-16 16:31:37 UTC,5,9,17.97,5.98,25.9,46.0,Safe
2026-03-16 16:31:47 UTC,4,10,18.73,6.08,25.9,46.0,Safe
2026-03-16 16:31:57 UTC,6,11,18.0,6.01,25.9,46.0,Safe
2026-03-16 16:32:07 UTC,5,11,18.95,6.13,25.9,45.8,Safe
2026-03-16 16:32:17 UTC,5,15,18.82,6.13,25.9,45.8,Safe
2026-03-16 16:32:27 UTC,5,14,17.85,5.98,25.9,45.7,Safe
2026-03-16 16:32:37 UTC,7,14,18.82,6.1,25.8,45.6,Safe
2026-03-16 16:32:47 UTC,8,11,17.59,5.98,25.8,45.6,Safe
2026-03-16 16:32:57 UTC,6,8,18.91,6.13,25.8,45.6,Safe
2026-03-16 16:33:07 UTC,6,9,17.76,6.01,25.8,45.5,Safe
2026-03-16 16:33:17 UTC,7,9,18.55,6.08,25.8,45.4,Safe
2026-03-16 16:33:27 UTC,8,11,17.51,5.96,25.8,45.4,Safe
2026-03-16 16:33:37 UTC,6,11,18.73,6.1,25.7,45.4,Safe
2026-03-16 16:33:47 UTC,5,9,18.7,6.08,25.8,45.2,Safe
2026-03-16 16:33:57 UTC,5,9,18.86,6.15,25.7,45.2,Safe
2026-03-16 16:34:07 UTC,6,8,17.97,6.01,25.7,45.1,Safe
2026-03-16 16:34:17 UTC,8,8,17.97,5.98,25.7,45.1,Safe
2026-03-16 16:34:27 UTC,9,10,18.77,6.1,25.7,45.0,Safe
2026-03-16 16:34:37 UTC,8,8,17.85,5.98,25.7,45.0,Safe
2026-03-16 16:34:47 UTC,8,9,18.38,6.08,25.7,44.9,Safe
2026-03-16 16:34:57 UTC,6,9,17.76,5.98,25.7,44.9,Safe
2026-03-16 16:35:07 UTC,6,6,18.82,6.1,25.7,44.9,Safe
2026-03-16 16:35:17 UTC,8,8,17.48,5.91,25.6,45.0,Safe
2026-03-16 16:35:27 UTC,5,8,18.82,6.1,25.6,44.8,Safe
2026-03-16 16:35:37 UTC,5,7,17.93,6.01,25.6,44.6,Safe
2026-03-16 16:35:47 UTC,5,9,18.82,6.1,25.6,44.7,Safe
2026-03-16 16:35:57 UTC,5,9,18.52,6.08,25.6,44.7,Safe
2026-03-16 16:36:07 UTC,6,9,17.97,5.98,25.6,44.7,Safe
2026-03-16 16:36:17 UTC,8,9,18.82,6.1,25.6,44.7,Safe
2026-03-16 16:36:27 UTC,8,10,17.85,5.98,25.6,44.7,Safe
2026-03-16 16:36:37 UTC,9,10,18.77,6.13,25.6,44.7,Safe
2026-03-16 16:36:47 UTC,7,9,17.97,5.98,25.6,44.7,Safe
2026-03-16 16:36:57 UTC,8,10,18.91,6.1,25.6,44.7,Safe
2026-03-16 16:37:07 UTC,8,9,17.76,5.98,25.6,44.7,Safe
2026-03-16 16:37:17 UTC,6,8,18.52,6.06,25.6,44.6,Safe
2026-03-16 16:37:27 UTC,7,10,17.68,5.98,25.6,44.7,Safe
2026-03-16 16:37:37 UTC,9,10,18.77,6.13,25.5,44.6,Safe
2026-03-16 16:37:47 UTC,6,8,17.48,5.94,25.6,44.6,Safe
2026-03-16 16:37:57 UTC,5,9,18.05,5.98,25.5,44.7,Safe
2026-03-16 16:38:07 UTC,5,10,18.82,6.13,25.5,44.8,Safe
2026-03-16 16:38:17 UTC,8,9,17.93,5.98,25.5,45.0,Safe
2026-03-16 16:38:27 UTC,5,8,18.73,6.13,25.5,45.2,Safe
2026-03-16 16:38:37 UTC,6,8,17.85,5.98,25.5,45.3,Safe
2026-03-16 16:38:47 UTC,6,8,18.95,6.13,25.4,45.5,Safe
2026-03-16 16:38:57 UTC,6,10,18.09,5.98,25.4,45.5,Safe
2026-03-16 16:39:07 UTC,8,12,18.91,6.1,25.4,45.6,Safe
2026-03-16 16:39:17 UTC,8,14,17.88,5.98,25.4,45.7,Safe
2026-03-16 16:39:27 UTC,10,16,18.61,6.08,25.4,45.8,Safe
2026-03-16 16:39:37 UTC,9,14,18.38,6.06,25.4,46.0,Safe
2026-03-16 16:39:47 UTC,8,14,18.86,6.13,25.4,46.2,Safe
2026-03-16 16:39:57 UTC,9,15,18.38,6.06,25.4,46.3,Safe
2026-03-16 16:40:07 UTC,11,16,17.85,5.98,25.4,46.2,Safe
2026-03-16 16:40:17 UTC,10,18,18.82,6.13,25.3,46.3,Safe
2026-03-16 16:40:27 UTC,9,17,18.05,6.01,25.4,46.3,Safe
2026-03-16 16:40:37 UTC,9,16,18.86,6.1,25.4,46.4,Safe
2026-03-16 16:40:47 UTC,9,13,17.88,5.96,25.4,46.3,Safe
