Timestamp,PM25,PM10,MQ2_PPM,MQ7_PPM,Temp,Hum,Status
2026-03-19 08:34:50 UTC,16,18,23.31,8.02,30.4,67.1,Safe
2026-03-19 08:35:00 UTC,14,16,23.21,7.99,30.3,66.3,Safe
2026-03-19 08:35:10 UTC,15,18,23.27,8.02,30.3,65.8,Safe
2026-03-19 08:35:20 UTC,14,20,23.31,8.02,30.4,65.3,Safe
2026-03-19 08:35:30 UTC,15,20,21.91,7.84,30.4,65.8,Safe
2026-03-19 08:35:40 UTC,16,21,23.16,8.02,30.4,66.2,Safe
2026-03-19 08:35:50 UTC,16,19,22.01,7.8,30.4,66.4,Safe
2026-03-19 08:36:00 UTC,14,18,23.42,8.02,30.4,66.6,Safe
2026-03-19 08:36:10 UTC,16,18,22.41,7.8,30.4,66.7,Safe
2026-03-19 08:36:20 UTC,16,20,23.1,8.02,30.4,66.8,Safe
2026-03-19 08:36:30 UTC,16,21,21.87,7.84,30.4,66.9,Safe
2026-03-19 08:36:40 UTC,15,18,23.42,8.02,30.5,67.0,Safe
2026-03-19 08:36:50 UTC,14,19,22.01,7.84,30.5,67.0,Safe
2026-03-19 08:37:00 UTC,15,19,23.47,8.02,30.5,67.1,Safe
2026-03-19 08:37:10 UTC,13,17,23.42,8.02,30.5,67.3,Safe
2026-03-19 08:37:20 UTC,13,17,21.95,7.8,30.5,67.2,Safe
2026-03-19 08:37:30 UTC,14,18,22.62,7.93,30.5,67.4,Safe
2026-03-19 08:37:40 UTC,15,19,32.71,9.03,30.5,67.6,Caution
2026-03-19 08:37:50 UTC,16,21,38.94,9.66,30.5,64.9,Caution
2026-03-19 08:38:00 UTC,15,20,37.29,9.25,30.5,62.9,Caution
2026-03-19 08:38:10 UTC,17,21,41.24,9.62,30.5,61.7,Caution
2026-03-19 08:38:20 UTC,16,21,38.07,9.21,30.5,60.7,Caution
2026-03-19 08:38:30 UTC,17,21,39.13,9.36,30.4,60.5,Caution
2026-03-19 08:38:40 UTC,18,20,35.35,8.96,30.4,60.2,Caution
2026-03-19 08:38:50 UTC,17,23,33.8,8.96,30.4,60.1,Caution
2026-03-19 08:39:00 UTC,18,25,35.29,9.21,30.4,60.6,Caution
2026-03-19 08:39:10 UTC,19,25,32.71,8.89,30.5,60.2,Safe
2026-03-19 08:39:20 UTC,19,26,34.63,9.11,30.4,59.9,Caution
2026-03-19 08:39:30 UTC,20,25,32.86,8.89,30.5,60.0,Safe
2026-03-19 08:39:40 UTC,20,25,36.19,9.21,30.5,59.9,Caution
2026-03-19 08:39:50 UTC,19,24,33.86,8.93,30.5,60.0,Safe
2026-03-19 08:40:00 UTC,20,23,37.29,9.29,30.5,60.2,Caution
2026-03-19 08:40:10 UTC,19,22,32.43,8.79,30.5,60.2,Safe
2026-03-19 08:40:20 UTC,19,22,35.95,9.21,30.5,60.0,Caution
2026-03-19 08:40:30 UTC,19,23,33.86,8.93,30.5,60.2,Safe
2026-03-19 08:40:40 UTC,20,23,34.57,8.93,30.6,60.4,Safe
2026-03-19 08:40:50 UTC,21,23,36.26,9.14,30.6,60.4,Caution
2026-03-19 08:41:00 UTC,21,22,33.8,8.93,30.6,60.2,Safe
2026-03-19 08:41:10 UTC,19,21,36.84,9.21,30.6,60.1,Caution
2026-03-19 08:41:20 UTC,19,21,33.64,8.89,30.6,60.3,Safe
2026-03-19 08:41:30 UTC,19,22,36.26,9.21,30.6,60.7,Caution
2026-03-19 08:41:40 UTC,19,22,32.65,8.75,30.6,60.4,Safe
2026-03-19 08:41:50 UTC,20,21,35.95,9.21,30.6,60.0,Caution
2026-03-19 08:42:00 UTC,21,22,33.64,8.89,30.6,59.9,Safe
2026-03-19 08:42:10 UTC,20,22,36.26,9.21,30.6,59.9,Caution
2026-03-19 08:42:20 UTC,17,23,34.89,9.07,30.6,60.0,Caution
2026-03-19 08:42:30 UTC,19,23,32.19,8.72,30.7,59.9,Safe
2026-03-19 08:42:40 UTC,19,23,35.45,9.18,30.7,59.8,Caution
2026-03-19 08:42:50 UTC,19,23,31.92,8.79,30.7,59.7,Safe
2026-03-19 08:43:00 UTC,20,22,34.57,9.03,30.7,59.4,Caution
2026-03-19 08:43:10 UTC,21,22,32.65,8.82,30.6,59.1,Safe
2026-03-19 08:43:20 UTC,21,23,35.12,9.14,30.7,59.2,Caution
2026-03-19 08:43:30 UTC,19,22,32.8,8.82,30.7,59.2,Safe
2026-03-19 08:43:40 UTC,20,24,35.22,9.14,30.7,59.2,Caution
2026-03-19 08:43:50 UTC,21,24,31.39,8.65,30.6,59.1,Safe
2026-03-19 08:44:00 UTC,21,24,34.24,9.0,30.7,59.3,Caution
2026-03-19 08:44:10 UTC,19,22,32.49,8.75,30.7,59.3,Safe
2026-03-19 08:44:20 UTC,17,22,32.13,8.79,30.7,59.0,Safe
2026-03-19 08:44:30 UTC,16,22,35.06,9.11,30.7,58.6,Caution
2026-03-19 08:44:40 UTC,16,24,31.27,8.72,30.7,58.4,Safe
2026-03-19 08:44:50 UTC,16,22,34.24,9.03,30.7,58.4,Caution
2026-03-19 08:45:00 UTC,18,23,32.58,8.82,30.6,58.3,Safe
2026-03-19 08:45:10 UTC,16,21,34.96,9.11,30.6,58.3,Caution
2026-03-19 08:45:20 UTC,16,22,31.92,8.79,30.5,58.1,Safe
2026-03-19 08:45:30 UTC,16,23,33.86,9.03,30.5,58.2,Caution
2026-03-19 08:45:40 UTC,16,22,32.13,8.79,30.5,58.2,Safe
2026-03-19 08:45:50 UTC,16,21,34.89,9.11,30.4,58.3,Caution
2026-03-19 08:46:00 UTC,16,20,34.4,9.11,30.4,58.4,Caution
2026-03-19 08:46:10 UTC,16,20,30.83,8.72,30.4,58.5,Safe
2026-03-19 08:46:20 UTC,15,19,34.4,9.07,30.4,58.4,Caution
2026-03-19 08:46:30 UTC,15,18,32.19,8.79,30.3,58.5,Safe
2026-03-19 08:46:40 UTC,15,19,34.24,9.11,30.3,58.7,Caution
2026-03-19 08:46:50 UTC,14,19,31.04,8.72,30.3,58.9,Safe
2026-03-19 08:47:00 UTC,13,19,34.79,9.18,30.4,59.0,Caution
2026-03-19 08:47:10 UTC,14,22,31.53,8.75,30.4,59.1,Safe
2026-03-19 08:47:20 UTC,15,21,34.73,9.11,30.5,59.3,Caution
2026-03-19 08:47:30 UTC,16,21,30.83,8.75,30.5,59.4,Safe
2026-03-19 08:47:40 UTC,16,20,34.63,9.11,30.5,59.4,Caution
2026-03-19 08:47:50 UTC,16,20,31.92,8.79,30.6,59.6,Safe
2026-03-19 08:48:00 UTC,18,21,31.04,8.65,30.6,59.6,Safe
2026-03-19 08:48:10 UTC,17,22,34.24,9.07,30.6,59.3,Caution
2026-03-19 08:48:20 UTC,17,22,31.47,8.79,30.6,58.9,Safe
2026-03-19 08:48:30 UTC,19,22,34.34,9.11,30.7,58.8,Caution
2026-03-19 08:48:40 UTC,18,23,31.62,8.75,30.7,58.9,Safe
2026-03-19 08:48:50 UTC,19,22,34.08,9.11,30.7,58.5,Caution
2026-03-19 08:49:00 UTC,18,19,31.33,8.75,30.7,58.3,Safe
2026-03-19 08:49:10 UTC,19,21,34.73,9.07,30.7,58.1,Caution
2026-03-19 08:49:20 UTC,18,23,30.98,8.65,30.6,58.2,Safe
2026-03-19 08:49:30 UTC,19,23,33.8,9.11,30.7,58.6,Caution
2026-03-19 08:49:40 UTC,20,24,33.86,9.07,30.7,58.5,Caution
2026-03-19 08:49:50 UTC,20,22,31.39,8.75,30.7,58.5,Safe
2026-03-19 08:50:00 UTC,21,26,34.02,9.03,30.8,58.6,Caution
2026-03-19 08:50:10 UTC,21,26,31.47,8.79,30.8,58.8,Safe
2026-03-19 08:50:20 UTC,20,26,33.86,9.11,30.8,59.0,Caution
2026-03-19 08:50:30 UTC,22,25,31.27,8.75,30.9,58.9,Safe
2026-03-19 08:50:40 UTC,22,23,34.57,9.07,30.9,58.9,Caution
2026-03-19 08:50:50 UTC,23,23,30.35,8.62,30.9,58.8,Safe
2026-03-19 08:51:00 UTC,23,25,33.92,9.07,30.9,58.3,Caution
2026-03-19 08:51:10 UTC,23,25,31.68,8.75,30.9,58.2,Safe
2026-03-19 08:51:20 UTC,23,25,34.34,9.07,30.9,58.3,Caution
2026-03-19 08:51:30 UTC,23,26,30.83,8.65,30.9,58.5,Safe
2026-03-19 08:51:40 UTC,23,27,33.86,9.07,30.9,58.6,Caution
2026-03-19 08:51:50 UTC,22,27,32.8,8.93,31.0,58.7,Safe
2026-03-19 08:52:00 UTC,22,26,31.39,8.75,31.0,58.8,Safe
2026-03-19 08:52:10 UTC,22,26,33.33,8.93,31.0,58.8,Safe
2026-03-19 08:52:20 UTC,24,26,30.69,8.72,31.0,58.7,Safe
2026-03-19 08:52:30 UTC,27,29,33.86,9.07,31.0,58.7,Caution
2026-03-19 08:52:40 UTC,26,27,31.18,8.79,31.0,58.6,Safe
2026-03-19 08:52:50 UTC,25,27,32.8,8.96,31.1,58.3,Caution
2026-03-19 08:53:00 UTC,23,25,31.27,8.72,31.1,58.2,Safe
2026-03-19 08:53:10 UTC,23,25,33.92,9.07,31.1,58.1,Caution
2026-03-19 08:53:20 UTC,24,26,33.8,9.07,31.1,57.8,Caution
2026-03-19 08:53:30 UTC,24,27,33.86,9.03,31.1,57.7,Caution
2026-03-19 08:53:40 UTC,25,28,33.92,9.03,31.1,57.9,Caution
2026-03-19 08:53:50 UTC,24,27,30.4,8.65,31.2,57.8,Safe
2026-03-19 08:54:00 UTC,24,29,33.39,9.11,31.2,57.3,Caution
2026-03-19 08:54:10 UTC,24,30,30.35,8.65,31.2,57.2,Safe
2026-03-19 08:54:20 UTC,25,28,34.4,9.07,31.2,57.1,Caution
2026-03-19 08:54:30 UTC,23,26,31.92,8.79,31.2,57.1,Safe
2026-03-19 08:54:40 UTC,21,25,33.92,9.07,31.2,57.1,Caution
2026-03-19 08:54:50 UTC,21,26,30.35,8.62,31.2,57.2,Safe
2026-03-19 08:55:00 UTC,20,26,34.24,9.03,31.2,57.2,Caution
2026-03-19 08:55:10 UTC,22,28,31.33,8.72,31.3,57.4,Safe
2026-03-19 08:55:20 UTC,22,25,33.39,8.96,31.3,57.3,Caution
2026-03-19 08:55:30 UTC,22,24,33.8,9.03,31.3,57.3,Caution
2026-03-19 08:55:40 UTC,22,24,30.54,8.65,31.3,57.2,Safe
2026-03-19 08:55:50 UTC,22,24,33.86,9.07,31.3,57.3,Caution
2026-03-19 08:56:00 UTC,22,26,30.49,8.68,31.3,57.2,Safe
2026-03-19 08:56:10 UTC,21,25,33.86,9.03,31.3,57.0,Caution
2026-03-19 08:56:20 UTC,19,24,30.35,8.62,31.3,56.9,Safe
2026-03-19 08:56:30 UTC,21,24,33.86,9.07,31.3,56.9,Caution
2026-03-19 08:56:40 UTC,22,24,30.01,8.65,31.4,56.7,Safe
2026-03-19 08:56:50 UTC,23,27,33.17,9.0,31.3,56.8,Caution
2026-03-19 08:57:00 UTC,23,27,33.86,9.07,31.4,56.7,Caution
2026-03-19 08:57:10 UTC,24,28,33.7,9.07,31.4,56.7,Caution
2026-03-19 08:57:20 UTC,24,28,33.86,9.07,31.4,56.6,Caution
2026-03-19 08:57:30 UTC,23,27,31.12,8.75,31.4,56.7,Safe
2026-03-19 08:57:40 UTC,24,26,33.8,8.96,31.5,56.9,Caution
2026-03-19 08:57:50 UTC,23,26,30.98,8.72,31.4,57.0,Safe
2026-03-19 08:58:00 UTC,22,26,33.54,9.0,31.5,57.1,Caution
2026-03-19 08:58:10 UTC,23,27,30.69,8.72,31.5,57.2,Safe
2026-03-19 08:58:20 UTC,24,29,33.64,9.07,31.5,57.4,Caution
2026-03-19 08:58:30 UTC,24,28,30.35,8.68,31.5,57.4,Safe
2026-03-19 08:58:40 UTC,23,28,32.86,8.96,31.6,57.3,Caution
2026-03-19 08:58:50 UTC,22,27,31.27,8.72,31.6,57.3,Safe
2026-03-19 08:59:00 UTC,23,26,33.64,9.0,31.6,57.3,Caution
2026-03-19 08:59:10 UTC,23,26,33.64,9.07,31.7,57.2,Caution
2026-03-19 08:59:20 UTC,23,27,31.33,8.79,31.7,57.2,Safe
2026-03-19 08:59:30 UTC,24,26,33.8,9.07,31.7,56.8,Caution
2026-03-19 08:59:40 UTC,24,27,31.27,8.75,31.7,56.6,Safe
2026-03-19 08:59:50 UTC,25,27,33.7,9.07,31.7,56.6,Caution
2026-03-19 09:00:00 UTC,25,27,31.12,8.72,31.7,56.4,Safe
2026-03-19 09:00:10 UTC,23,24,33.86,9.03,31.8,56.9,Caution
2026-03-19 09:00:20 UTC,22,24,30.35,8.65,31.8,57.0,Safe
2026-03-19 09:00:30 UTC,23,25,33.02,8.96,31.8,57.0,Caution
2026-03-19 09:00:40 UTC,23,25,33.92,9.07,31.8,57.1,Caution
2026-03-19 09:00:50 UTC,20,26,31.53,8.79,31.9,57.1,Safe
2026-03-19 09:01:00 UTC,22,30,33.64,9.03,31.9,56.9,Caution
2026-03-19 09:01:10 UTC,23,29,30.35,8.62,31.9,56.6,Safe
2026-03-19 09:01:20 UTC,24,29,33.17,9.03,31.9,56.4,Caution
2026-03-19 09:01:30 UTC,24,27,30.49,8.65,31.9,56.3,Safe
2026-03-19 09:01:40 UTC,24,27,33.86,9.07,31.9,56.5,Caution
2026-03-19 09:01:50 UTC,24,27,29.92,8.62,32.0,56.5,Safe
2026-03-19 09:02:00 UTC,24,26,33.86,9.03,32.0,56.5,Caution
2026-03-19 09:02:10 UTC,22,25,31.27,8.72,32.0,56.4,Safe
2026-03-19 09:02:20 UTC,23,27,33.48,9.03,32.0,56.4,Caution
2026-03-19 09:02:30 UTC,24,25,30.75,8.68,32.0,56.4,Safe
2026-03-19 09:02:40 UTC,23,26,30.83,8.65,32.0,56.4,Safe
2026-03-19 09:02:50 UTC,24,26,33.86,9.07,32.0,56.5,Caution
2026-03-19 09:03:00 UTC,23,27,31.18,8.68,32.1,56.5,Safe
2026-03-19 09:03:10 UTC,23,28,33.86,9.07,32.1,56.4,Caution
2026-03-19 09:03:20 UTC,21,29,30.26,8.65,32.1,56.2,Safe
2026-03-19 09:03:30 UTC,22,26,33.86,9.03,32.1,56.0,Caution
2026-03-19 09:03:40 UTC,23,25,30.35,8.65,32.1,55.4,Safe
2026-03-19 09:03:50 UTC,23,25,33.11,9.03,32.1,55.3,Caution
2026-03-19 09:04:00 UTC,20,21,30.35,8.65,32.1,55.4,Safe
2026-03-19 09:04:10 UTC,20,21,33.86,9.07,32.1,55.8,Caution
2026-03-19 09:04:20 UTC,22,25,33.64,9.03,32.1,55.9,Caution
2026-03-19 09:04:30 UTC,21,28,31.47,8.72,32.1,55.9,Safe
2026-03-19 09:04:40 UTC,22,29,32.71,8.93,32.1,55.9,Safe
2026-03-19 09:04:50 UTC,22,29,31.12,8.68,32.1,56.0,Safe
2026-03-19 09:05:00 UTC,21,27,33.8,9.03,32.1,55.9,Caution
2026-03-19 09:05:10 UTC,21,26,31.04,8.68,32.1,56.1,Safe
2026-03-19 09:05:20 UTC,20,25,32.8,8.93,32.1,56.2,Safe
2026-03-19 09:05:30 UTC,19,23,30.49,8.72,32.1,56.4,Safe
2026-03-19 09:05:40 UTC,19,25,33.48,9.07,32.2,56.5,Caution
2026-03-19 09:05:50 UTC,19,26,31.04,8.75,32.2,56.3,Safe
2026-03-19 09:06:00 UTC,20,26,33.39,9.03,32.2,56.4,Caution
2026-03-19 09:06:10 UTC,21,25,29.5,8.62,32.2,56.2,Safe
2026-03-19 09:06:20 UTC,21,25,30.98,8.75,32.2,56.0,Safe
2026-03-19 09:06:30 UTC,23,25,32.65,8.93,32.2,55.9,Safe
2026-03-19 09:06:40 UTC,23,25,31.04,8.75,32.2,55.3,Safe
2026-03-19 09:06:50 UTC,20,26,33.7,9.0,32.2,55.1,Caution
2026-03-19 09:07:00 UTC,20,26,30.75,8.72,32.1,55.1,Safe
2026-03-19 09:07:10 UTC,22,27,33.48,9.07,32.1,55.1,Caution
2026-03-19 09:07:20 UTC,22,27,30.49,8.68,32.1,55.1,Safe
2026-03-19 09:07:30 UTC,21,26,33.54,9.03,32.1,55.3,Caution
2026-03-19 09:07:40 UTC,22,27,30.63,8.72,32.1,55.4,Safe
2026-03-19 09:07:50 UTC,21,27,33.39,9.07,32.2,55.2,Caution
2026-03-19 09:08:00 UTC,20,25,33.7,9.0,32.2,55.2,Caution
2026-03-19 09:08:10 UTC,20,22,30.83,8.68,32.2,55.4,Safe
2026-03-19 09:08:20 UTC,20,26,33.54,9.0,32.2,55.5,Caution
2026-03-19 09:08:30 UTC,21,27,29.73,8.62,32.2,55.7,Safe
2026-03-19 09:08:40 UTC,21,23,33.39,9.03,32.2,55.9,Caution
2026-03-19 09:08:50 UTC,21,21,30.2,8.62,32.3,56.2,Safe
2026-03-19 09:09:00 UTC,22,22,33.48,9.03,32.3,56.1,Caution
2026-03-19 09:09:10 UTC,21,22,31.12,8.72,32.3,55.9,Safe
2026-03-19 09:09:20 UTC,21,22,33.64,9.07,32.3,55.5,Caution
2026-03-19 09:09:30 UTC,21,24,30.83,8.72,32.4,55.2,Safe
2026-03-19 09:09:40 UTC,22,25,33.8,9.03,32.4,55.0,Caution
2026-03-19 09:09:50 UTC,24,25,31.04,8.72,32.4,55.0,Safe
2026-03-19 09:10:00 UTC,24,24,30.49,8.72,32.3,55.2,Safe
2026-03-19 09:10:10 UTC,24,26,33.8,9.0,32.4,55.6,Caution
2026-03-19 09:10:20 UTC,25,27,31.04,8.75,32.4,55.6,Safe
2026-03-19 09:10:30 UTC,25,27,33.17,9.03,32.5,55.6,Caution
2026-03-19 09:10:40 UTC,25,27,31.04,8.68,32.5,55.7,Safe
2026-03-19 09:10:50 UTC,25,27,33.48,9.03,32.5,55.6,Caution
2026-03-19 09:11:00 UTC,26,30,30.83,8.68,32.5,55.3,Safe
2026-03-19 09:11:10 UTC,27,29,33.02,9.07,32.5,54.7,Caution
2026-03-19 09:11:20 UTC,26,27,30.35,8.62,32.5,54.2,Safe
2026-03-19 09:11:30 UTC,27,28,33.8,9.03,32.5,54.0,Caution
2026-03-19 09:11:40 UTC,26,31,32.28,8.93,32.5,54.2,Safe
2026-03-19 09:11:50 UTC,26,30,31.12,8.75,32.6,54.2,Safe
2026-03-19 09:12:00 UTC,25,29,33.86,9.07,32.6,54.1,Caution
2026-03-19 09:12:10 UTC,25,28,29.73,8.62,32.6,54.4,Safe
2026-03-19 09:12:20 UTC,24,27,33.54,8.96,32.6,54.6,Caution
2026-03-19 09:12:30 UTC,25,28,30.4,8.68,32.6,54.6,Safe
2026-03-19 09:12:40 UTC,26,29,33.64,9.03,32.6,54.8,Caution
2026-03-19 09:12:50 UTC,27,30,30.63,8.68,32.6,55.2,Safe
2026-03-19 09:13:00 UTC,26,28,32.8,8.96,32.6,55.1,Caution
2026-03-19 09:13:10 UTC,25,28,33.64,8.96,32.6,54.4,Caution
2026-03-19 09:13:20 UTC,22,25,33.7,9.03,32.7,54.0,Caution
2026-03-19 09:13:30 UTC,22,25,30.69,8.75,32.7,53.9,Safe
2026-03-19 09:13:40 UTC,21,24,29.92,8.62,32.7,53.3,Safe
2026-03-19 09:13:50 UTC,19,24,33.64,8.96,32.7,53.3,Caution
2026-03-19 09:14:00 UTC,18,24,30.98,8.68,32.7,53.4,Safe
2026-03-19 09:14:10 UTC,18,21,33.92,9.0,32.7,53.1,Caution
2026-03-19 09:14:20 UTC,17,20,30.83,8.68,32.7,51.3,Safe
2026-03-19 09:14:30 UTC,14,18,33.86,9.0,32.7,50.9,Caution
2026-03-19 09:14:40 UTC,13,18,30.2,8.55,32.7,51.2,Safe
2026-03-19 09:14:50 UTC,15,21,33.33,8.96,32.7,51.3,Caution
2026-03-19 09:15:00 UTC,16,21,30.35,8.62,32.7,51.3,Safe
2026-03-19 09:15:10 UTC,18,20,33.64,9.03,32.7,51.7,Caution
2026-03-19 09:15:20 UTC,18,19,33.39,9.0,32.7,52.2,Caution
2026-03-19 09:15:30 UTC,17,19,30.83,8.65,32.7,52.2,Safe
2026-03-19 09:15:40 UTC,17,19,33.39,9.0,32.7,52.2,Caution
2026-03-19 09:15:50 UTC,17,22,30.83,8.72,32.7,51.9,Safe
2026-03-19 09:16:00 UTC,16,20,33.48,9.03,32.7,51.5,Caution
2026-03-19 09:16:10 UTC,19,23,29.92,8.62,32.7,51.4,Safe
2026-03-19 09:16:20 UTC,20,23,33.48,9.03,32.7,51.7,Caution
2026-03-19 09:16:30 UTC,21,23,30.63,8.68,32.7,51.7,Safe
2026-03-19 09:16:40 UTC,19,24,32.86,8.96,32.7,51.9,Caution
2026-03-19 09:16:50 UTC,19,22,33.64,9.07,32.8,52.0,Caution
2026-03-19 09:17:00 UTC,19,22,33.48,9.0,32.8,52.1,Caution
2026-03-19 09:17:10 UTC,18,20,31.18,8.72,32.8,52.2,Safe
2026-03-19 09:17:20 UTC,18,20,31.47,8.68,32.8,52.8,Safe
2026-03-19 09:17:30 UTC,19,25,33.39,9.0,32.8,53.2,Caution
2026-03-19 09:17:40 UTC,21,26,30.83,8.65,32.9,53.3,Safe
2026-03-19 09:17:50 UTC,20,26,33.48,8.96,32.9,53.4,Caution
2026-03-19 09:18:00 UTC,20,25,30.69,8.65,32.9,53.5,Safe
2026-03-19 09:18:10 UTC,21,27,34.4,9.07,32.9,53.6,Caution
2026-03-19 09:18:20 UTC,22,26,30.75,8.65,32.9,53.8,Safe
2026-03-19 09:18:30 UTC,22,25,34.02,9.07,32.9,53.9,Caution
2026-03-19 09:18:40 UTC,22,26,28.21,8.35,32.9,53.9,Safe
2026-03-19 09:18:50 UTC,20,22,33.17,9.03,32.9,52.3,Caution
2026-03-19 09:19:00 UTC,19,22,33.7,8.96,32.8,50.3,Caution
2026-03-19 09:19:10 UTC,16,19,30.01,8.62,32.7,49.7,Safe
2026-03-19 09:19:20 UTC,15,18,33.11,9.03,32.5,49.6,Caution
2026-03-19 09:19:30 UTC,16,18,30.54,8.68,32.4,50.1,Safe
2026-03-19 09:19:40 UTC,15,19,35.85,9.11,32.4,50.4,Caution
2026-03-19 09:19:50 UTC,14,20,30.75,8.65,32.4,50.7,Safe
2026-03-19 09:20:00 UTC,15,20,33.48,9.03,32.4,51.0,Caution
2026-03-19 09:20:10 UTC,13,18,29.64,8.62,32.4,50.7,Safe
2026-03-19 09:20:20 UTC,14,18,33.8,9.03,32.5,50.5,Caution
2026-03-19 09:20:30 UTC,14,17,32.65,9.0,32.5,50.8,Caution
2026-03-19 09:20:40 UTC,13,17,32.65,8.93,32.5,51.0,Safe
2026-03-19 09:20:50 UTC,13,16,33.11,9.03,32.5,51.2,Caution
2026-03-19 09:21:00 UTC,12,16,30.75,8.72,32.6,51.3,Safe
2026-03-19 09:21:10 UTC,13,16,33.86,9.0,32.6,51.4,Caution
2026-03-19 09:21:20 UTC,14,17,30.69,8.75,32.7,51.5,Safe
2026-03-19 09:21:30 UTC,14,17,33.64,9.07,32.7,51.5,Caution
2026-03-19 09:21:40 UTC,14,19,30.35,8.65,32.7,51.0,Safe
2026-03-19 09:21:50 UTC,12,20,32.65,8.93,32.6,51.4,Safe
2026-03-19 09:22:00 UTC,13,19,30.63,8.72,32.6,51.9,Safe
2026-03-19 09:22:10 UTC,11,18,33.11,9.03,32.7,52.1,Caution
2026-03-19 09:22:20 UTC,14,19,30.35,8.65,32.7,52.2,Safe
2026-03-19 09:22:30 UTC,14,19,33.48,9.07,32.7,52.1,Caution
2026-03-19 09:22:40 UTC,14,20,32.86,8.96,32.7,52.1,Caution
2026-03-19 09:22:50 UTC,15,21,31.04,8.68,32.7,52.2,Safe
2026-03-19 09:23:00 UTC,13,20,32.49,8.89,32.8,52.3,Safe
2026-03-19 09:23:10 UTC,13,19,29.92,8.58,32.8,51.8,Safe
2026-03-19 09:23:20 UTC,15,20,33.64,9.0,32.8,51.5,Caution
2026-03-19 09:23:30 UTC,14,20,30.63,8.68,32.8,51.4,Safe
2026-03-19 09:23:40 UTC,13,20,33.11,8.96,32.8,51.3,Caution
2026-03-19 09:23:50 UTC,14,21,30.35,8.68,32.8,51.2,Safe
2026-03-19 09:24:00 UTC,14,20,33.39,8.96,32.8,51.1,Caution
2026-03-19 09:24:10 UTC,12,19,31.53,8.25,32.7,51.0,Safe
2026-03-19 09:24:20 UTC,9,16,33.48,9.0,32.6,50.2,Caution
2026-03-19 09:24:30 UTC,8,14,32.28,8.89,32.6,50.9,Safe
2026-03-19 09:24:40 UTC,9,14,28.79,8.51,32.6,51.1,Safe
2026-03-19 09:24:50 UTC,10,15,33.54,9.07,32.6,51.1,Caution
2026-03-19 09:25:00 UTC,10,15,30.49,8.72,32.6,51.2,Safe
2026-03-19 09:25:10 UTC,10,14,33.39,9.0,32.6,51.4,Caution
2026-03-19 09:25:20 UTC,9,11,29.31,8.55,32.6,51.5,Safe
2026-03-19 09:25:30 UTC,9,11,33.11,8.96,32.7,51.5,Caution
2026-03-19 09:25:40 UTC,9,13,30.4,8.65,32.7,50.6,Safe
2026-03-19 09:25:50 UTC,9,12,32.65,8.96,32.7,50.9,Caution
2026-03-19 09:26:00 UTC,10,12,31.04,8.65,32.7,50.8,Safe
2026-03-19 09:26:10 UTC,9,11,30.54,8.68,32.7,51.1,Safe
2026-03-19 09:26:20 UTC,11,14,32.86,9.03,32.7,51.3,Caution
2026-03-19 09:26:30 UTC,10,13,30.54,8.68,32.7,51.4,Safe
2026-03-19 09:26:40 UTC,9,12,33.11,9.0,32.8,51.4,Caution
2026-03-19 09:26:50 UTC,9,10,29.92,8.58,32.8,51.2,Safe
2026-03-19 09:27:00 UTC,10,10,32.49,8.93,32.9,51.2,Safe
2026-03-19 09:27:10 UTC,10,10,29.45,8.58,32.9,51.1,Safe
2026-03-19 09:27:20 UTC,9,11,33.64,9.0,32.9,50.6,Caution
2026-03-19 09:27:30 UTC,10,14,29.59,8.65,32.9,50.4,Safe
2026-03-19 09:27:40 UTC,11,13,34.18,9.03,32.9,50.2,Caution
2026-03-19 09:27:50 UTC,13,16,34.02,9.0,32.9,50.2,Caution
2026-03-19 09:28:00 UTC,14,21,30.63,8.65,33.0,50.5,Safe
2026-03-19 09:28:10 UTC,18,26,33.86,9.07,33.0,50.1,Caution
2026-03-19 09:28:20 UTC,19,22,30.4,8.65,32.9,49.6,Safe
2026-03-19 09:28:30 UTC,20,26,33.92,9.03,32.8,49.6,Caution
2026-03-19 09:28:40 UTC,18,25,31.04,8.72,32.8,49.9,Safe
2026-03-19 09:28:50 UTC,18,21,33.64,9.07,32.7,49.9,Caution
2026-03-19 09:29:00 UTC,16,20,30.75,8.72,32.7,50.2,Safe
2026-03-19 09:29:10 UTC,17,21,33.39,9.03,32.8,50.1,Caution
2026-03-19 09:29:20 UTC,17,21,30.01,8.62,32.8,49.9,Safe
2026-03-19 09:29:30 UTC,17,21,33.86,9.0,32.8,49.9,Caution
2026-03-19 09:29:40 UTC,18,21,30.69,8.68,32.8,49.5,Safe
2026-03-19 09:29:50 UTC,18,24,30.35,8.62,32.8,48.9,Safe
2026-03-19 09:30:00 UTC,17,23,33.11,9.0,32.8,48.3,Caution
2026-03-19 09:30:10 UTC,15,20,30.98,8.72,32.8,48.0,Safe
2026-03-19 09:30:20 UTC,11,17,33.8,9.07,32.7,47.8,Caution
2026-03-19 09:30:30 UTC,10,18,31.27,8.72,32.7,48.1,Safe
2026-03-19 09:30:40 UTC,9,18,33.8,9.0,32.7,48.6,Caution
2026-03-19 09:30:50 UTC,9,15,31.33,8.68,32.7,49.0,Safe
2026-03-19 09:31:00 UTC,7,11,33.64,9.0,32.7,49.3,Caution
2026-03-19 09:31:10 UTC,8,13,31.04,8.68,32.7,49.6,Safe
2026-03-19 09:31:20 UTC,8,14,33.11,8.96,32.8,49.8,Caution
2026-03-19 09:31:30 UTC,8,13,33.64,9.03,32.8,49.9,Caution
2026-03-19 09:31:40 UTC,7,10,30.69,8.72,32.8,50.6,Safe
2026-03-19 09:31:50 UTC,8,12,33.48,9.0,32.8,51.0,Caution
2026-03-19 09:32:00 UTC,8,15,30.49,8.68,32.8,50.8,Safe
2026-03-19 09:32:10 UTC,7,14,33.39,9.03,32.8,50.7,Caution
2026-03-19 09:32:20 UTC,7,11,30.75,8.68,32.9,50.1,Safe
2026-03-19 09:32:30 UTC,7,13,33.64,8.96,32.8,49.6,Caution
2026-03-19 09:32:40 UTC,7,12,30.26,8.55,32.8,50.2,Safe
2026-03-19 09:32:50 UTC,7,13,33.7,9.07,32.9,50.1,Caution
2026-03-19 09:33:00 UTC,6,11,33.17,9.03,32.9,50.0,Caution
2026-03-19 09:33:10 UTC,6,9,33.48,9.0,33.0,49.9,Caution
2026-03-19 09:33:20 UTC,6,8,30.69,8.72,33.0,49.5,Safe
2026-03-19 09:33:30 UTC,9,13,30.35,8.68,33.0,49.5,Safe
2026-03-19 09:33:40 UTC,7,9,33.7,9.03,33.0,49.5,Caution
2026-03-19 09:33:50 UTC,6,8,29.64,8.58,33.0,49.3,Safe
2026-03-19 09:34:00 UTC,6,8,32.86,9.0,32.9,49.6,Caution
2026-03-19 09:34:10 UTC,5,5,30.35,8.68,32.9,49.5,Safe
2026-03-19 09:34:20 UTC,5,7,33.39,9.03,32.9,49.7,Caution
2026-03-19 09:34:30 UTC,5,8,30.75,8.68,32.9,49.7,Safe
2026-03-19 09:34:40 UTC,6,9,32.86,9.03,32.9,49.7,Caution
2026-03-19 09:34:50 UTC,6,10,30.35,8.65,32.9,49.1,Safe
2026-03-19 09:35:00 UTC,7,13,33.39,9.03,32.9,49.2,Caution
2026-03-19 09:35:10 UTC,8,16,33.33,9.03,32.9,48.5,Caution
2026-03-19 09:35:20 UTC,6,11,30.4,8.65,32.7,48.3,Safe
2026-03-19 09:35:30 UTC,6,9,33.33,9.03,32.7,48.5,Caution
2026-03-19 09:35:40 UTC,6,10,30.69,8.68,32.7,48.8,Safe
2026-03-19 09:35:50 UTC,7,13,32.43,8.93,32.6,49.2,Safe
2026-03-19 09:36:00 UTC,9,17,30.35,8.68,32.6,49.5,Safe
2026-03-19 09:36:10 UTC,12,20,32.86,9.0,32.6,49.2,Caution
2026-03-19 09:36:20 UTC,10,19,30.35,8.68,32.6,48.6,Safe
2026-03-19 09:36:30 UTC,7,17,33.02,8.96,32.6,48.8,Caution
2026-03-19 09:36:40 UTC,7,16,33.17,9.0,32.6,49.0,Caution
2026-03-19 09:36:50 UTC,7,13,32.8,9.0,32.7,49.1,Caution
2026-03-19 09:37:00 UTC,4,8,33.17,9.0,32.6,48.7,Caution
2026-03-19 09:37:10 UTC,4,4,30.06,8.62,32.5,49.0,Safe
2026-03-19 09:37:20 UTC,5,5,33.11,9.07,32.5,49.2,Caution
2026-03-19 09:37:30 UTC,6,7,29.64,8.62,32.5,50.3,Safe
2026-03-19 09:37:40 UTC,6,7,32.86,9.03,32.5,49.8,Caution
2026-03-19 09:37:50 UTC,6,6,30.26,8.72,32.4,49.0,Safe
2026-03-19 09:38:00 UTC,6,9,33.17,9.0,32.4,48.5,Caution
2026-03-19 09:38:10 UTC,7,10,30.54,8.68,32.4,49.0,Safe
2026-03-19 09:38:20 UTC,6,8,33.11,9.03,32.5,49.4,Caution
2026-03-19 09:38:30 UTC,7,9,30.35,8.68,32.5,49.7,Safe
2026-03-19 09:38:40 UTC,7,9,33.39,9.0,32.5,49.8,Caution
2026-03-19 09:38:50 UTC,8,9,32.28,8.89,32.6,49.7,Safe
2026-03-19 09:39:00 UTC,8,9,30.69,8.65,32.7,49.7,Safe
2026-03-19 09:39:10 UTC,9,10,33.17,9.07,32.7,49.6,Caution
2026-03-19 09:39:20 UTC,7,10,30.83,8.68,32.8,49.5,Safe
2026-03-19 09:39:30 UTC,9,12,33.02,9.0,32.8,49.4,Caution
2026-03-19 09:39:40 UTC,9,12,30.69,8.62,32.8,49.2,Safe
2026-03-19 09:39:50 UTC,11,20,32.8,9.03,32.9,49.0,Caution
2026-03-19 09:40:00 UTC,23,46,30.49,8.65,32.9,48.9,Safe
2026-03-19 09:40:10 UTC,20,39,32.58,8.93,33.0,49.0,Safe
2026-03-19 09:40:20 UTC,18,31,33.33,9.03,33.0,49.0,Caution
2026-03-19 09:40:30 UTC,18,33,32.58,8.93,33.0,49.4,Safe
2026-03-19 09:40:40 UTC,18,30,33.17,8.96,33.0,49.4,Caution
2026-03-19 09:40:50 UTC,17,24,31.04,8.68,33.0,49.5,Safe
2026-03-19 09:41:00 UTC,16,22,33.8,9.03,33.1,49.9,Caution
2026-03-19 09:41:10 UTC,17,22,31.04,8.72,33.1,50.0,Safe
2026-03-19 09:41:20 UTC,18,26,33.64,8.96,33.1,50.0,Caution
2026-03-19 09:41:30 UTC,18,25,30.54,8.72,33.1,50.1,Safe
2026-03-19 09:41:40 UTC,14,22,32.28,8.89,33.2,50.4,Safe
2026-03-19 09:41:50 UTC,11,22,31.12,8.72,33.2,50.3,Safe
2026-03-19 09:42:00 UTC,9,20,33.54,9.03,33.2,50.1,Caution
2026-03-19 09:42:10 UTC,9,18,30.75,8.72,33.2,49.9,Safe
2026-03-19 09:42:20 UTC,13,22,30.98,8.72,33.3,49.7,Safe
2026-03-19 09:42:30 UTC,16,28,32.71,8.96,33.3,49.7,Caution
2026-03-19 09:42:40 UTC,15,23,30.83,8.68,33.3,49.5,Safe
2026-03-19 09:42:50 UTC,12,18,33.8,9.0,33.4,49.3,Caution
2026-03-19 09:43:00 UTC,11,20,30.35,8.62,33.4,49.4,Safe
2026-03-19 09:43:10 UTC,15,20,33.64,9.03,33.4,49.4,Caution
2026-03-19 09:43:20 UTC,16,22,30.35,8.72,33.4,49.5,Safe
2026-03-19 09:43:30 UTC,16,29,33.11,9.0,33.5,48.8,Caution
2026-03-19 09:43:40 UTC,16,29,30.83,8.68,33.5,48.5,Safe
2026-03-19 09:43:50 UTC,15,25,33.64,9.03,33.5,49.0,Caution
2026-03-19 09:44:00 UTC,11,24,33.33,9.03,33.5,49.0,Caution
2026-03-19 09:44:10 UTC,10,22,30.75,8.72,33.5,49.0,Safe
2026-03-19 09:44:20 UTC,11,22,33.64,9.0,33.5,49.3,Caution
2026-03-19 09:44:30 UTC,12,24,30.4,8.65,33.6,49.5,Safe
2026-03-19 09:44:40 UTC,14,28,33.54,9.0,33.6,49.1,Caution
2026-03-19 09:44:50 UTC,15,28,30.98,8.75,33.6,49.1,Safe
2026-03-19 09:45:00 UTC,17,28,32.65,8.93,33.7,48.8,Safe
2026-03-19 09:45:10 UTC,18,28,30.75,8.68,33.6,48.0,Safe
2026-03-19 09:45:20 UTC,18,24,32.58,8.93,33.7,47.9,Safe
2026-03-19 09:45:30 UTC,18,23,31.04,8.68,33.7,47.7,Safe
2026-03-19 09:45:40 UTC,16,22,33.11,9.03,33.7,47.7,Caution
2026-03-19 09:45:50 UTC,14,24,30.63,8.68,33.7,47.4,Safe
2026-03-19 09:46:00 UTC,14,22,30.54,8.68,33.7,47.2,Safe
2026-03-19 09:46:10 UTC,17,28,32.58,8.93,33.7,47.1,Safe
2026-03-19 09:46:20 UTC,13,22,30.35,8.68,33.7,47.7,Safe
2026-03-19 09:46:30 UTC,11,21,32.65,8.89,33.7,48.3,Safe
2026-03-19 09:46:40 UTC,10,21,30.49,8.68,33.8,48.3,Safe
2026-03-19 09:46:50 UTC,10,20,33.02,9.03,33.7,47.8,Caution
2026-03-19 09:47:00 UTC,8,18,29.73,8.58,33.7,47.2,Safe
2026-03-19 09:47:10 UTC,7,16,32.65,8.93,33.7,46.5,Safe
2026-03-19 09:47:20 UTC,7,12,30.54,8.68,33.7,46.3,Safe
2026-03-19 09:47:30 UTC,6,8,33.11,9.03,33.6,46.5,Caution
2026-03-19 09:47:40 UTC,7,8,32.43,8.86,33.6,47.1,Safe
2026-03-19 09:47:50 UTC,8,9,30.35,8.68,33.6,47.1,Safe
2026-03-19 09:48:00 UTC,7,10,32.8,9.03,33.6,46.5,Caution
2026-03-19 09:48:10 UTC,6,11,30.49,8.68,33.7,46.5,Safe
2026-03-19 09:48:20 UTC,6,11,32.49,8.89,33.7,46.9,Safe
2026-03-19 09:48:30 UTC,6,13,30.49,8.68,33.7,46.8,Safe
2026-03-19 09:48:40 UTC,8,12,32.71,8.89,33.7,47.1,Safe
2026-03-19 09:48:50 UTC,7,10,30.63,8.72,33.7,47.6,Safe
2026-03-19 09:49:00 UTC,7,11,32.95,8.93,33.7,47.5,Safe
2026-03-19 09:49:10 UTC,8,10,32.58,8.93,33.7,47.4,Safe
2026-03-19 09:49:20 UTC,6,7,33.02,9.0,33.7,47.7,Caution
2026-03-19 09:49:30 UTC,7,11,30.98,8.68,33.7,48.0,Safe
2026-03-19 09:49:40 UTC,8,12,30.89,8.68,33.7,48.0,Safe
2026-03-19 09:49:50 UTC,8,13,33.39,9.0,33.8,48.1,Caution
2026-03-19 09:50:00 UTC,8,16,30.35,8.65,33.8,48.5,Safe
2026-03-19 09:50:10 UTC,8,17,33.17,9.03,33.7,48.6,Caution
2026-03-19 09:50:20 UTC,7,14,30.63,8.65,33.8,48.7,Safe
2026-03-19 09:50:30 UTC,7,10,32.86,8.96,33.8,48.4,Caution
2026-03-19 09:50:40 UTC,11,11,30.4,8.65,33.8,48.4,Safe
2026-03-19 09:50:50 UTC,10,11,32.8,8.96,33.8,48.4,Caution
2026-03-19 09:51:00 UTC,8,13,30.4,8.65,33.9,48.4,Safe
2026-03-19 09:51:10 UTC,7,12,33.17,9.0,33.9,48.4,Caution
2026-03-19 09:51:20 UTC,8,10,32.65,8.93,33.9,48.2,Safe
2026-03-19 09:51:30 UTC,8,8,30.89,8.68,34.0,48.0,Safe
2026-03-19 09:51:40 UTC,7,8,33.17,9.0,34.0,47.4,Caution
2026-03-19 09:51:50 UTC,7,10,30.35,8.65,34.0,47.7,Safe
2026-03-19 09:52:00 UTC,8,8,32.8,8.96,34.0,47.9,Caution
2026-03-19 09:52:10 UTC,8,8,30.75,8.68,34.0,48.3,Safe
2026-03-19 09:52:20 UTC,9,10,32.19,8.93,34.0,47.8,Safe
2026-03-19 09:52:30 UTC,8,11,30.49,8.65,34.0,48.0,Safe
2026-03-19 09:52:40 UTC,8,9,33.64,9.03,34.1,48.2,Caution
2026-03-19 09:52:50 UTC,8,8,32.58,8.93,34.1,48.1,Safe
2026-03-19 09:53:00 UTC,9,9,33.7,9.0,34.1,48.2,Caution
2026-03-19 09:53:10 UTC,7,8,32.49,8.89,34.2,48.1,Safe
2026-03-19 09:53:20 UTC,8,9,30.54,8.68,34.1,48.2,Safe
2026-03-19 09:53:30 UTC,8,9,33.11,8.96,34.2,48.2,Caution
2026-03-19 09:53:40 UTC,7,9,29.92,8.62,34.2,48.2,Safe
2026-03-19 09:53:50 UTC,7,10,33.39,9.0,34.2,48.4,Caution
2026-03-19 09:54:00 UTC,6,9,30.69,8.65,34.2,48.6,Safe
2026-03-19 09:54:10 UTC,6,6,32.86,9.0,34.2,48.6,Caution
2026-03-19 09:54:20 UTC,7,9,30.4,8.65,34.2,47.9,Safe
2026-03-19 09:54:30 UTC,7,8,33.64,9.0,34.2,47.5,Caution
2026-03-19 09:54:40 UTC,6,6,31.12,8.68,34.2,47.8,Safe
2026-03-19 09:54:50 UTC,6,7,33.7,9.0,34.2,48.0,Caution
2026-03-19 09:55:00 UTC,4,5,32.8,8.96,34.2,48.6,Caution
2026-03-19 09:55:10 UTC,5,7,30.2,8.62,34.2,48.4,Safe
2026-03-19 09:55:20 UTC,5,6,33.39,9.0,34.1,47.9,Caution
2026-03-19 09:55:30 UTC,6,6,30.54,8.68,34.1,47.9,Safe
2026-03-19 09:55:40 UTC,7,7,33.39,9.0,34.1,47.4,Caution
2026-03-19 09:55:50 UTC,6,6,30.35,8.65,34.0,47.5,Safe
2026-03-19 09:56:00 UTC,6,7,33.7,9.03,33.8,47.8,Caution
2026-03-19 09:56:10 UTC,5,6,30.89,8.68,33.7,48.1,Safe
2026-03-19 09:56:20 UTC,4,7,32.49,8.93,33.7,48.6,Safe
2026-03-19 09:56:30 UTC,7,9,32.65,8.93,33.7,49.0,Safe
2026-03-19 09:56:40 UTC,6,7,33.48,9.03,33.7,49.3,Caution
2026-03-19 09:56:50 UTC,6,7,33.64,9.0,33.7,49.1,Caution
2026-03-19 09:57:00 UTC,7,9,30.75,8.65,33.7,49.3,Safe
2026-03-19 09:57:10 UTC,8,12,33.64,9.03,33.8,49.0,Caution
2026-03-19 09:57:20 UTC,10,17,30.75,8.68,33.8,48.4,Safe
2026-03-19 09:57:30 UTC,20,40,33.92,9.03,33.9,48.4,Caution
2026-03-19 09:57:40 UTC,33,66,31.04,8.68,33.9,48.5,Safe
2026-03-19 09:57:50 UTC,36,70,33.39,9.0,33.9,47.8,Caution
2026-03-19 09:58:00 UTC,35,65,30.83,8.68,33.9,47.6,Safe
2026-03-19 09:58:10 UTC,39,72,33.8,9.0,34.0,47.7,Caution
2026-03-19 09:58:20 UTC,40,76,30.49,8.68,34.0,47.6,Safe
2026-03-19 09:58:30 UTC,36,77,33.8,9.03,34.0,47.1,Caution
2026-03-19 09:58:40 UTC,30,66,33.48,9.0,34.0,46.8,Caution
2026-03-19 09:58:50 UTC,23,58,31.12,8.68,34.0,46.9,Safe
2026-03-19 09:59:00 UTC,22,51,34.02,9.03,34.0,47.3,Caution
2026-03-19 09:59:10 UTC,23,42,31.04,8.68,34.1,47.6,Safe
2026-03-19 09:59:20 UTC,20,34,33.39,9.03,34.1,47.9,Caution
2026-03-19 09:59:30 UTC,20,33,31.39,8.68,34.1,47.7,Safe
2026-03-19 09:59:40 UTC,16,26,33.86,9.0,34.1,47.1,Caution
2026-03-19 09:59:50 UTC,10,20,30.35,8.58,34.1,46.9,Safe
2026-03-19 10:00:00 UTC,8,17,34.02,9.07,34.1,46.9,Caution
2026-03-19 10:00:10 UTC,9,20,33.8,9.03,34.1,47.1,Caution
2026-03-19 10:00:20 UTC,9,19,32.71,8.93,34.2,47.3,Safe
2026-03-19 10:00:30 UTC,8,16,33.8,9.03,34.2,46.9,Caution
2026-03-19 10:00:40 UTC,8,14,30.2,8.62,34.1,46.7,Safe
2026-03-19 10:00:50 UTC,6,9,33.64,9.03,34.2,46.7,Caution
2026-03-19 10:01:00 UTC,5,8,30.83,8.65,34.1,46.7,Safe
2026-03-19 10:01:10 UTC,6,7,33.86,9.03,34.1,46.7,Caution
2026-03-19 10:01:20 UTC,6,7,30.35,8.58,34.2,46.9,Safe
2026-03-19 10:01:30 UTC,7,8,33.64,9.03,34.2,47.3,Caution
2026-03-19 10:01:40 UTC,7,9,31.33,8.75,34.2,47.7,Safe
2026-03-19 10:01:50 UTC,8,10,32.65,8.86,34.3,47.6,Safe
2026-03-19 10:02:00 UTC,7,9,31.27,8.72,34.3,47.4,Safe
2026-03-19 10:02:10 UTC,9,10,30.69,8.68,34.4,47.4,Safe
2026-03-19 10:02:20 UTC,8,9,33.86,9.0,34.4,47.2,Caution
2026-03-19 10:02:30 UTC,7,9,30.83,8.68,34.4,47.3,Safe
2026-03-19 10:02:40 UTC,8,10,32.95,8.89,34.4,47.1,Safe
2026-03-19 10:02:50 UTC,7,9,30.35,8.62,34.5,47.1,Safe
2026-03-19 10:03:00 UTC,6,8,32.8,8.93,34.5,47.5,Safe
2026-03-19 10:03:10 UTC,6,8,30.01,8.58,34.5,47.6,Safe
2026-03-19 10:03:20 UTC,7,7,33.7,9.0,34.5,47.6,Caution
2026-03-19 10:03:30 UTC,7,9,31.27,8.72,34.5,47.6,Safe
2026-03-19 10:03:40 UTC,8,11,32.86,8.93,34.5,47.6,Safe
2026-03-19 10:03:50 UTC,8,9,33.92,9.03,34.6,47.7,Caution
2026-03-19 10:04:00 UTC,7,8,30.63,8.65,34.6,47.9,Safe
2026-03-19 10:04:10 UTC,7,10,33.48,9.03,34.6,47.7,Caution
2026-03-19 10:04:20 UTC,7,10,30.35,8.62,34.6,47.8,Safe
2026-03-19 10:04:30 UTC,8,12,33.86,9.0,34.6,47.9,Caution
2026-03-19 10:04:40 UTC,6,11,30.98,8.68,34.6,47.9,Safe
2026-03-19 10:04:50 UTC,8,10,33.8,9.03,34.6,47.9,Caution
2026-03-19 10:05:00 UTC,8,10,30.35,8.65,34.7,47.8,Safe
2026-03-19 10:05:10 UTC,8,12,33.48,9.0,34.7,47.6,Caution
2026-03-19 10:05:20 UTC,8,15,30.69,8.68,34.7,47.6,Safe
2026-03-19 10:05:30 UTC,9,17,32.71,8.93,34.7,47.7,Safe
2026-03-19 10:05:40 UTC,9,18,31.47,8.68,34.7,47.7,Safe
2026-03-19 10:05:50 UTC,9,19,30.69,8.68,34.8,47.5,Safe
2026-03-19 10:06:00 UTC,8,18,32.71,8.93,34.7,47.0,Safe
2026-03-19 10:06:10 UTC,10,19,30.49,8.62,34.7,46.8,Safe
2026-03-19 10:06:20 UTC,8,17,32.65,8.93,34.7,46.8,Safe
2026-03-19 10:06:30 UTC,8,12,30.69,8.68,34.7,46.9,Safe
2026-03-19 10:06:40 UTC,8,13,33.8,9.03,34.8,47.0,Caution
2026-03-19 10:06:50 UTC,7,11,31.18,8.65,34.8,47.3,Safe
2026-03-19 10:07:00 UTC,8,11,33.64,9.03,34.8,47.3,Caution
2026-03-19 10:07:10 UTC,9,16,29.92,8.55,34.8,47.2,Safe
2026-03-19 10:07:20 UTC,8,15,33.48,9.03,34.8,47.1,Caution
2026-03-19 10:07:30 UTC,7,13,33.8,9.0,34.7,46.5,Caution
2026-03-19 10:07:40 UTC,7,11,30.49,8.62,34.6,45.9,Safe
2026-03-19 10:07:50 UTC,6,10,32.65,8.93,34.5,46.4,Safe
2026-03-19 10:08:00 UTC,6,9,30.4,8.65,34.5,47.6,Safe
2026-03-19 10:08:10 UTC,7,9,33.86,9.0,34.5,47.2,Caution
2026-03-19 10:08:20 UTC,7,9,30.83,8.68,34.5,46.8,Safe
2026-03-19 10:08:30 UTC,6,7,33.33,9.03,34.5,46.9,Caution
2026-03-19 10:08:40 UTC,6,6,30.69,8.68,34.5,46.9,Safe
2026-03-19 10:08:50 UTC,5,7,32.65,8.93,34.5,46.6,Safe
2026-03-19 10:09:00 UTC,6,6,32.71,8.93,34.5,46.4,Safe
2026-03-19 10:09:10 UTC,6,7,32.65,8.89,34.5,46.6,Safe
2026-03-19 10:09:20 UTC,5,9,30.69,8.75,34.6,46.6,Safe
2026-03-19 10:09:30 UTC,4,8,30.4,8.68,34.5,46.3,Safe
2026-03-19 10:09:40 UTC,6,7,33.64,9.07,34.5,46.4,Caution
2026-03-19 10:09:50 UTC,5,7,29.73,8.62,34.5,46.6,Safe
2026-03-19 10:10:00 UTC,7,9,33.48,8.96,34.5,46.2,Caution
2026-03-19 10:10:10 UTC,6,9,30.35,8.65,34.5,46.5,Safe
2026-03-19 10:10:20 UTC,6,9,33.54,9.03,34.5,46.8,Caution
2026-03-19 10:10:30 UTC,7,10,30.35,8.58,34.5,47.1,Safe
2026-03-19 10:10:40 UTC,6,9,33.02,9.07,34.6,47.2,Caution
2026-03-19 10:10:50 UTC,5,10,30.54,8.65,34.6,47.2,Safe
2026-03-19 10:11:00 UTC,5,7,33.86,9.03,34.6,47.2,Caution
2026-03-19 10:11:10 UTC,8,10,33.92,9.03,34.7,47.2,Caution
2026-03-19 10:11:20 UTC,8,10,30.54,8.68,34.7,47.3,Safe
2026-03-19 10:11:30 UTC,6,9,33.48,9.07,34.8,47.1,Caution
2026-03-19 10:11:40 UTC,6,8,30.75,8.72,34.8,47.4,Safe
2026-03-19 10:11:50 UTC,6,8,32.86,9.07,34.8,47.2,Caution
2026-03-19 10:12:00 UTC,6,8,31.12,8.75,34.8,47.2,Safe
2026-03-19 10:12:10 UTC,6,9,33.02,8.93,34.9,47.4,Safe
2026-03-19 10:12:20 UTC,7,14,29.92,8.58,34.9,47.5,Safe
2026-03-19 10:12:30 UTC,8,14,33.48,8.96,34.9,47.2,Caution
2026-03-19 10:12:40 UTC,6,14,33.48,8.96,34.9,47.0,Caution
2026-03-19 10:12:50 UTC,6,10,33.48,9.03,34.9,47.0,Caution
2026-03-19 10:13:00 UTC,6,7,33.8,9.0,35.0,46.8,Caution
2026-03-19 10:13:10 UTC,6,7,30.75,8.72,35.0,46.8,Safe
2026-03-19 10:13:20 UTC,5,7,33.92,9.03,35.0,47.6,Caution
2026-03-19 10:13:30 UTC,7,8,31.04,8.72,35.0,47.2,Safe
2026-03-19 10:13:40 UTC,8,10,32.65,8.93,35.0,47.2,Safe
2026-03-19 10:13:50 UTC,7,10,31.04,8.68,35.0,47.3,Safe
2026-03-19 10:14:00 UTC,7,9,33.86,9.03,35.0,47.2,Caution
2026-03-19 10:14:10 UTC,6,8,30.35,8.58,35.0,47.3,Safe
2026-03-19 10:14:20 UTC,6,8,33.86,9.07,35.1,47.3,Caution
2026-03-19 10:14:30 UTC,5,5,30.75,8.68,35.1,47.3,Safe
2026-03-19 10:14:40 UTC,7,7,32.95,8.96,35.0,47.0,Caution
2026-03-19 10:14:50 UTC,7,7,32.86,8.96,35.0,47.1,Caution
2026-03-19 10:15:00 UTC,6,7,31.27,8.68,35.0,47.0,Safe
2026-03-19 10:15:10 UTC,8,10,33.39,9.03,35.0,47.0,Caution
2026-03-19 10:15:20 UTC,8,9,30.75,8.65,35.0,46.8,Safe
2026-03-19 10:15:30 UTC,15,17,32.65,8.93,35.0,46.7,Safe
2026-03-19 10:15:40 UTC,28,32,31.27,8.68,35.1,46.6,Safe
2026-03-19 10:15:50 UTC,36,46,33.54,9.03,35.1,46.7,Caution
2026-03-19 10:16:00 UTC,38,46,31.18,8.68,35.1,46.8,Safe
2026-03-19 10:16:10 UTC,40,49,33.86,9.03,35.1,46.7,Caution
2026-03-19 10:16:20 UTC,37,47,33.92,9.07,35.1,46.4,Caution
2026-03-19 10:16:30 UTC,33,38,33.39,8.96,35.1,46.7,Caution
2026-03-19 10:16:40 UTC,25,31,33.48,9.03,35.0,46.7,Caution
2026-03-19 10:16:50 UTC,23,28,30.2,8.55,34.9,46.4,Safe
2026-03-19 10:17:00 UTC,21,25,33.86,9.0,34.9,46.9,Caution
2026-03-19 10:17:10 UTC,21,22,30.69,8.68,34.9,47.0,Safe
2026-03-19 10:17:20 UTC,18,22,33.7,9.03,35.0,46.7,Caution
2026-03-19 10:17:30 UTC,19,21,31.12,8.68,35.0,46.8,Safe
2026-03-19 10:17:40 UTC,18,21,33.64,9.0,35.0,46.7,Caution
2026-03-19 10:17:50 UTC,15,19,30.35,8.65,35.0,47.0,Safe
2026-03-19 10:18:00 UTC,11,15,33.8,9.0,35.1,46.9,Caution
2026-03-19 10:18:10 UTC,10,16,30.83,8.72,35.1,46.7,Safe
2026-03-19 10:18:20 UTC,10,17,33.8,9.07,35.1,46.9,Caution
2026-03-19 10:18:30 UTC,8,15,32.8,8.93,35.1,46.9,Safe
2026-03-19 10:18:40 UTC,7,11,31.27,8.72,35.1,46.3,Safe
2026-03-19 10:18:50 UTC,7,9,33.54,9.07,35.1,46.4,Caution
2026-03-19 10:19:00 UTC,6,8,31.27,8.72,35.1,46.4,Safe
2026-03-19 10:19:10 UTC,7,10,33.86,9.07,35.1,46.5,Caution
2026-03-19 10:19:20 UTC,6,10,31.33,8.72,35.1,46.3,Safe
2026-03-19 10:19:30 UTC,6,7,33.86,9.07,35.2,46.2,Caution
2026-03-19 10:19:40 UTC,5,6,30.4,8.65,35.1,45.7,Safe
2026-03-19 10:19:50 UTC,6,7,33.39,8.96,35.1,45.8,Caution
2026-03-19 10:20:00 UTC,6,7,33.64,9.07,35.2,46.0,Caution
2026-03-19 10:20:10 UTC,7,7,33.8,9.03,35.2,45.8,Caution
2026-03-19 10:20:20 UTC,5,6,32.95,9.07,35.2,45.3,Caution
2026-03-19 10:20:30 UTC,5,8,30.83,8.68,35.1,44.9,Safe
2026-03-19 10:20:40 UTC,4,7,33.39,9.03,35.1,44.8,Caution
2026-03-19 10:20:50 UTC,5,6,30.49,8.68,35.0,45.2,Safe
2026-03-19 10:21:00 UTC,6,7,33.48,9.03,34.9,45.4,Caution
2026-03-19 10:21:10 UTC,8,10,30.35,8.72,34.9,45.7,Safe
2026-03-19 10:21:20 UTC,11,14,32.95,8.96,34.9,45.8,Caution
2026-03-19 10:21:30 UTC,9,17,30.4,8.72,34.9,45.8,Safe
2026-03-19 10:21:40 UTC,9,20,33.86,9.03,35.0,46.2,Caution
2026-03-19 10:21:50 UTC,8,17,30.49,8.72,35.0,46.5,Safe
2026-03-19 10:22:00 UTC,7,17,30.75,8.68,35.0,46.7,Safe
2026-03-19 10:22:10 UTC,10,19,34.18,9.03,35.1,46.8,Caution
2026-03-19 10:22:20 UTC,8,16,30.54,8.65,35.1,46.9,Safe
2026-03-19 10:22:30 UTC,6,14,33.17,8.96,35.1,46.8,Caution
2026-03-19 10:22:40 UTC,7,11,31.12,8.68,35.1,46.7,Safe
2026-03-19 10:22:50 UTC,8,10,32.71,8.93,35.1,46.5,Safe
2026-03-19 10:23:00 UTC,6,7,30.83,8.68,35.1,46.5,Safe
2026-03-19 10:23:10 UTC,5,6,33.64,9.07,35.1,46.6,Caution
2026-03-19 10:23:20 UTC,5,7,30.75,8.75,35.2,46.7,Safe
2026-03-19 10:23:30 UTC,6,9,33.64,9.07,35.2,46.8,Caution
2026-03-19 10:23:40 UTC,6,8,33.48,9.03,35.2,46.5,Caution
2026-03-19 10:23:50 UTC,6,6,30.49,8.65,35.2,46.0,Safe
2026-03-19 10:24:00 UTC,5,7,32.65,8.96,35.2,45.0,Caution
2026-03-19 10:24:10 UTC,4,6,30.75,8.68,35.1,44.7,Safe
2026-03-19 10:24:20 UTC,5,5,33.17,9.03,35.0,45.0,Caution
2026-03-19 10:24:30 UTC,5,5,30.54,8.68,35.0,45.2,Safe
2026-03-19 10:24:40 UTC,5,5,33.39,8.96,35.0,45.4,Caution
2026-03-19 10:24:50 UTC,5,5,30.75,8.72,35.0,45.6,Safe
2026-03-19 10:25:00 UTC,5,5,32.58,8.93,35.0,45.9,Safe
2026-03-19 10:25:10 UTC,4,5,33.39,8.96,35.0,46.1,Caution
2026-03-19 10:25:20 UTC,5,5,34.02,9.0,35.1,46.4,Caution
2026-03-19 10:25:30 UTC,6,7,33.48,9.03,35.1,46.5,Caution
2026-03-19 10:25:40 UTC,5,6,30.89,8.72,35.1,45.8,Safe
2026-03-19 10:25:50 UTC,4,5,33.48,9.07,35.1,45.5,Caution
2026-03-19 10:26:00 UTC,5,5,30.98,8.72,35.1,45.8,Safe
2026-03-19 10:26:10 UTC,5,6,33.17,9.03,35.1,46.0,Caution
2026-03-19 10:26:20 UTC,6,10,31.04,8.72,35.0,46.1,Safe
2026-03-19 10:26:30 UTC,6,11,33.11,9.03,35.1,46.2,Caution
2026-03-19 10:26:40 UTC,6,10,30.63,8.68,35.1,46.2,Safe
2026-03-19 10:26:50 UTC,5,6,33.86,9.03,35.1,46.1,Caution
2026-03-19 10:27:00 UTC,6,8,30.83,8.72,35.2,46.1,Safe
2026-03-19 10:27:10 UTC,6,6,32.71,8.93,35.2,45.9,Safe
2026-03-19 10:27:20 UTC,6,8,33.7,9.0,35.2,45.8,Caution
2026-03-19 10:27:30 UTC,6,7,30.83,8.68,35.2,45.8,Safe
2026-03-19 10:27:40 UTC,5,6,32.86,9.03,35.3,45.7,Caution
2026-03-19 10:27:50 UTC,6,7,30.26,8.62,35.2,45.8,Safe
2026-03-19 10:28:00 UTC,6,7,33.7,9.03,35.3,45.8,Caution
2026-03-19 10:28:10 UTC,7,8,30.69,8.68,35.3,45.6,Safe
2026-03-19 10:28:20 UTC,7,7,33.8,9.0,35.4,45.5,Caution
2026-03-19 10:28:30 UTC,7,9,30.89,8.68,35.4,45.3,Safe
2026-03-19 10:28:40 UTC,5,8,32.8,8.93,35.4,45.4,Safe
2026-03-19 10:28:50 UTC,6,9,32.71,8.93,35.4,45.3,Safe
2026-03-19 10:29:00 UTC,4,5,33.86,9.07,35.5,45.3,Caution
2026-03-19 10:29:10 UTC,4,6,33.64,9.03,35.5,45.6,Caution
2026-03-19 10:29:20 UTC,4,7,30.35,8.58,35.5,45.7,Safe
2026-03-19 10:29:30 UTC,4,7,33.48,9.0,35.5,45.6,Caution
2026-03-19 10:29:40 UTC,4,6,30.75,8.68,35.5,45.7,Safe
2026-03-19 10:29:50 UTC,5,7,33.64,9.07,35.3,45.2,Caution
2026-03-19 10:30:00 UTC,5,5,30.49,8.75,35.3,45.4,Safe
2026-03-19 10:30:10 UTC,4,5,33.7,9.07,35.2,45.7,Caution
2026-03-19 10:30:20 UTC,5,5,30.2,8.62,35.2,45.8,Safe
2026-03-19 10:30:30 UTC,4,5,33.86,9.07,35.3,45.7,Caution
2026-03-19 10:30:40 UTC,4,5,30.98,8.72,35.2,45.2,Safe
2026-03-19 10:30:50 UTC,5,6,30.83,8.72,35.3,45.4,Safe
2026-03-19 10:31:00 UTC,6,7,33.39,9.03,35.3,45.8,Caution
2026-03-19 10:31:10 UTC,6,8,30.54,8.68,35.3,45.9,Safe
2026-03-19 10:31:20 UTC,7,8,33.11,8.93,35.2,46.2,Safe
2026-03-19 10:31:30 UTC,6,6,31.12,8.72,35.2,46.2,Safe
2026-03-19 10:31:40 UTC,6,7,33.02,9.03,35.2,46.2,Caution
2026-03-19 10:31:50 UTC,7,10,30.63,8.68,35.1,46.4,Safe
2026-03-19 10:32:00 UTC,6,9,32.86,9.03,35.1,46.5,Caution
2026-03-19 10:32:10 UTC,4,6,31.27,8.75,35.2,46.5,Safe
2026-03-19 10:32:20 UTC,5,6,33.48,9.03,35.1,46.9,Caution
2026-03-19 10:32:30 UTC,5,5,32.65,8.93,35.2,46.5,Safe
2026-03-19 10:32:40 UTC,5,6,31.12,8.68,35.2,46.4,Safe
2026-03-19 10:32:50 UTC,5,6,32.86,9.03,35.2,46.3,Caution
2026-03-19 10:33:00 UTC,5,6,30.75,8.72,35.2,46.4,Safe
2026-03-19 10:33:10 UTC,6,7,33.23,9.03,35.2,46.2,Caution
2026-03-19 10:33:20 UTC,5,6,30.89,8.72,35.2,46.3,Safe
2026-03-19 10:33:30 UTC,5,7,33.48,9.07,35.2,46.7,Caution
2026-03-19 10:33:40 UTC,5,7,30.83,8.72,35.2,46.8,Safe
2026-03-19 10:33:50 UTC,7,8,32.71,8.93,35.2,46.7,Safe
2026-03-19 10:34:00 UTC,7,9,33.54,9.03,35.2,46.7,Caution
2026-03-19 10:34:10 UTC,5,6,33.39,9.07,35.2,46.6,Caution
2026-03-19 10:34:20 UTC,5,5,30.75,8.72,35.2,45.7,Safe
2026-03-19 10:34:30 UTC,6,6,31.04,8.72,35.1,45.1,Safe
2026-03-19 10:34:40 UTC,7,7,33.39,9.03,35.0,45.4,Caution
2026-03-19 10:34:50 UTC,7,7,29.64,8.65,35.0,45.8,Safe
2026-03-19 10:35:00 UTC,6,7,33.7,9.03,35.1,46.2,Caution
2026-03-19 10:35:10 UTC,5,7,31.04,8.72,35.1,46.3,Safe
2026-03-19 10:35:20 UTC,7,7,33.92,9.07,35.1,46.0,Caution
2026-03-19 10:35:30 UTC,7,8,30.49,8.68,35.2,45.8,Safe
2026-03-19 10:35:40 UTC,6,8,33.33,9.0,35.2,45.6,Caution
2026-03-19 10:35:50 UTC,6,6,30.4,8.62,35.2,45.4,Safe
2026-03-19 10:36:00 UTC,5,6,32.65,8.93,35.2,45.7,Safe
2026-03-19 10:36:10 UTC,4,5,33.48,9.07,35.2,45.9,Caution
2026-03-19 10:36:20 UTC,5,5,30.26,8.62,35.2,45.9,Safe
2026-03-19 10:36:30 UTC,5,5,33.7,9.07,35.2,46.0,Caution
2026-03-19 10:36:40 UTC,5,6,30.83,8.75,35.3,45.9,Safe
2026-03-19 10:36:50 UTC,5,5,32.65,8.96,35.3,45.7,Caution
2026-03-19 10:37:00 UTC,4,6,31.33,8.72,35.4,45.6,Safe
2026-03-19 10:37:10 UTC,5,7,33.8,9.07,35.3,45.8,Caution
2026-03-19 10:37:20 UTC,5,6,31.27,8.68,35.3,45.8,Safe
2026-03-19 10:37:30 UTC,4,5,33.48,9.03,35.3,45.6,Caution
2026-03-19 10:37:40 UTC,4,5,34.34,9.11,35.3,45.2,Caution
2026-03-19 10:37:50 UTC,5,6,30.4,8.68,35.2,45.3,Safe
2026-03-19 10:38:00 UTC,6,6,33.64,9.07,35.2,46.0,Caution
2026-03-19 10:38:10 UTC,6,7,30.35,8.65,35.1,46.1,Safe
2026-03-19 10:38:20 UTC,6,6,33.92,9.03,35.0,46.3,Caution
2026-03-19 10:38:30 UTC,4,5,30.83,8.68,35.0,46.6,Safe
2026-03-19 10:38:40 UTC,5,5,33.86,9.03,34.9,46.5,Caution
2026-03-19 10:38:50 UTC,6,7,30.54,8.75,34.9,46.5,Safe
2026-03-19 10:39:00 UTC,4,5,33.64,9.07,34.9,46.7,Caution
2026-03-19 10:39:10 UTC,4,5,34.08,9.07,34.9,46.8,Caution
2026-03-19 10:39:20 UTC,4,4,34.08,9.07,34.9,46.6,Caution
2026-03-19 10:39:30 UTC,6,6,31.27,8.72,35.0,46.7,Safe
2026-03-19 10:39:40 UTC,6,7,31.18,8.75,35.0,46.7,Safe
2026-03-19 10:39:50 UTC,5,7,33.86,9.07,35.0,46.7,Caution
2026-03-19 10:40:00 UTC,5,7,31.27,8.75,35.0,46.7,Safe
2026-03-19 10:40:10 UTC,6,7,33.92,9.07,35.0,46.6,Caution
2026-03-19 10:40:20 UTC,8,8,31.27,8.75,35.0,46.5,Safe
2026-03-19 10:40:30 UTC,7,7,34.34,9.07,35.1,46.5,Caution
2026-03-19 10:40:40 UTC,6,6,31.62,8.79,35.1,46.3,Safe
2026-03-19 10:40:50 UTC,9,10,34.24,9.11,35.1,46.5,Caution
2026-03-19 10:41:00 UTC,8,10,31.83,8.79,35.1,46.3,Safe
2026-03-19 10:41:10 UTC,7,9,34.34,9.11,35.1,46.4,Caution
2026-03-19 10:41:20 UTC,7,8,33.7,9.07,35.1,46.8,Caution
2026-03-19 10:41:30 UTC,5,7,31.53,8.79,35.1,46.9,Safe
2026-03-19 10:41:40 UTC,6,8,33.48,9.03,35.1,46.9,Caution
2026-03-19 10:41:50 UTC,8,9,30.01,8.65,35.0,47.1,Safe
2026-03-19 10:42:00 UTC,8,10,33.8,9.11,34.9,46.5,Caution
2026-03-19 10:42:10 UTC,10,13,31.04,8.72,34.8,46.2,Safe
2026-03-19 10:42:20 UTC,12,17,33.8,9.07,34.7,46.3,Caution
2026-03-19 10:42:30 UTC,13,18,31.47,8.75,34.7,46.5,Safe
2026-03-19 10:42:40 UTC,12,19,33.86,9.03,34.7,46.6,Caution
2026-03-19 10:42:50 UTC,12,19,33.39,9.07,34.7,46.8,Caution
2026-03-19 10:43:00 UTC,11,18,31.33,8.72,34.8,47.1,Safe
2026-03-19 10:43:10 UTC,10,17,33.7,9.07,34.8,47.2,Caution
2026-03-19 10:43:20 UTC,10,16,31.27,8.75,34.8,47.1,Safe
2026-03-19 10:43:30 UTC,8,15,33.33,8.96,34.8,47.1,Caution
2026-03-19 10:43:40 UTC,9,17,31.27,8.75,34.8,47.2,Safe
2026-03-19 10:43:50 UTC,8,15,34.02,9.07,34.9,47.2,Caution
2026-03-19 10:44:00 UTC,7,12,30.98,8.72,34.9,47.3,Safe
2026-03-19 10:44:10 UTC,8,9,33.8,9.07,34.9,47.2,Caution
2026-03-19 10:44:20 UTC,8,8,30.4,8.68,34.9,46.6,Safe
2026-03-19 10:44:30 UTC,6,8,33.54,9.03,34.9,46.3,Caution
2026-03-19 10:44:40 UTC,7,8,30.54,8.72,34.8,46.5,Safe
2026-03-19 10:44:50 UTC,7,9,29.73,8.65,34.8,46.8,Safe
2026-03-19 10:45:00 UTC,7,10,33.86,9.07,34.7,47.3,Caution
2026-03-19 10:45:10 UTC,7,9,30.4,8.68,34.8,47.5,Safe
2026-03-19 10:45:20 UTC,8,11,33.64,9.03,34.8,47.6,Caution
2026-03-19 10:45:30 UTC,8,10,30.69,8.75,34.7,47.4,Safe
2026-03-19 10:45:40 UTC,9,11,33.64,9.07,34.8,47.5,Caution
2026-03-19 10:45:50 UTC,8,10,30.54,8.65,34.8,47.2,Safe
2026-03-19 10:46:00 UTC,8,10,33.8,9.03,34.8,47.3,Caution
2026-03-19 10:46:10 UTC,6,7,30.69,8.65,34.8,47.2,Safe
2026-03-19 10:46:20 UTC,7,8,33.64,9.0,34.8,47.0,Caution
2026-03-19 10:46:30 UTC,9,9,33.48,8.96,34.8,47.1,Caution
2026-03-19 10:46:40 UTC,9,9,30.54,8.75,34.9,47.2,Safe
2026-03-19 10:46:50 UTC,8,9,33.48,9.03,34.9,47.1,Caution
2026-03-19 10:47:00 UTC,6,10,31.33,8.75,35.0,46.9,Safe
2026-03-19 10:47:10 UTC,6,6,33.86,9.11,35.0,46.6,Caution
2026-03-19 10:47:20 UTC,6,8,30.63,8.79,35.0,46.5,Safe
2026-03-19 10:47:30 UTC,6,8,32.86,8.96,35.0,46.1,Caution
2026-03-19 10:47:40 UTC,6,8,30.63,8.72,35.1,46.0,Safe
2026-03-19 10:47:50 UTC,9,10,32.86,9.0,35.1,46.2,Caution
2026-03-19 10:48:00 UTC,9,11,32.28,8.93,35.1,46.4,Safe
2026-03-19 10:48:10 UTC,8,10,34.63,9.11,35.1,46.5,Caution
2026-03-19 10:48:20 UTC,9,9,34.63,9.07,35.2,46.5,Caution
2026-03-19 10:48:30 UTC,8,9,29.64,8.51,35.2,46.7,Safe
2026-03-19 10:48:40 UTC,9,10,34.08,9.11,35.2,46.8,Caution
2026-03-19 10:48:50 UTC,10,13,31.33,8.75,35.3,46.7,Safe
2026-03-19 10:49:00 UTC,9,10,33.86,9.03,35.3,46.6,Caution
2026-03-19 10:49:10 UTC,8,10,31.33,8.75,35.3,46.4,Safe
2026-03-19 10:49:20 UTC,8,10,33.8,9.07,35.4,46.4,Caution
2026-03-19 10:49:30 UTC,8,10,30.35,8.62,35.5,46.3,Safe
2026-03-19 10:49:40 UTC,9,10,34.08,9.07,35.5,46.2,Caution
2026-03-19 10:49:50 UTC,9,9,30.54,8.68,35.6,46.0,Safe
2026-03-19 10:50:00 UTC,10,10,33.86,9.03,35.6,46.0,Caution
2026-03-19 10:50:10 UTC,8,8,33.86,9.11,35.6,45.5,Caution
2026-03-19 10:50:20 UTC,8,8,31.53,8.72,35.6,45.1,Safe
2026-03-19 10:50:30 UTC,8,8,33.86,9.03,35.6,45.3,Caution
2026-03-19 10:50:40 UTC,9,9,30.49,8.68,35.6,45.4,Safe
2026-03-19 10:50:50 UTC,11,12,34.02,9.11,35.6,45.6,Caution
2026-03-19 10:51:00 UTC,12,14,31.27,8.72,35.7,45.6,Safe
2026-03-19 10:51:10 UTC,11,14,33.86,9.11,35.7,45.5,Caution
2026-03-19 10:51:20 UTC,11,15,31.47,8.75,35.8,45.5,Safe
2026-03-19 10:51:30 UTC,14,21,33.8,9.07,35.9,45.6,Caution
2026-03-19 10:51:40 UTC,33,43,34.18,9.07,35.9,45.4,Caution
2026-03-19 10:51:50 UTC,38,49,31.53,8.82,35.9,45.3,Safe
2026-03-19 10:52:00 UTC,40,49,33.92,9.11,36.0,45.2,Caution
2026-03-19 10:52:10 UTC,41,51,30.49,8.65,36.0,45.0,Safe
2026-03-19 10:52:20 UTC,46,58,33.86,9.11,36.0,45.0,Caution
2026-03-19 10:52:30 UTC,47,58,30.83,8.75,36.1,45.0,Safe
2026-03-19 10:52:40 UTC,47,61,33.11,9.03,36.1,45.1,Caution
2026-03-19 10:52:50 UTC,45,58,31.33,8.79,36.1,45.0,Safe
2026-03-19 10:53:00 UTC,42,52,34.34,9.07,36.1,45.0,Caution
2026-03-19 10:53:10 UTC,39,49,33.86,9.07,36.2,44.9,Caution
2026-03-19 10:53:20 UTC,38,50,33.86,9.11,36.2,45.0,Caution
2026-03-19 10:53:30 UTC,35,46,30.83,8.75,36.2,45.0,Safe
2026-03-19 10:53:40 UTC,33,40,31.39,8.72,36.3,45.0,Safe
2026-03-19 10:53:50 UTC,29,33,34.18,9.11,36.3,44.9,Caution
2026-03-19 10:54:00 UTC,27,30,30.75,8.68,36.3,45.2,Safe
2026-03-19 10:54:10 UTC,26,29,34.34,9.07,36.3,45.0,Caution
2026-03-19 10:54:20 UTC,27,31,31.62,8.72,36.4,45.0,Safe
2026-03-19 10:54:30 UTC,23,27,33.39,9.0,36.4,44.9,Caution
2026-03-19 10:54:40 UTC,21,27,31.04,8.72,36.4,44.7,Safe
2026-03-19 10:54:50 UTC,22,25,33.02,9.0,36.4,44.7,Caution
2026-03-19 10:55:00 UTC,19,20,31.47,8.75,36.5,44.6,Safe
2026-03-19 10:55:10 UTC,17,18,33.7,9.11,36.5,44.6,Caution
2026-03-19 10:55:20 UTC,17,18,33.92,9.07,36.5,44.5,Caution
2026-03-19 10:55:30 UTC,18,19,31.68,8.79,36.5,43.9,Safe
2026-03-19 10:55:40 UTC,17,21,34.02,9.07,36.5,44.0,Caution
2026-03-19 10:55:50 UTC,15,19,31.04,8.79,36.5,44.1,Safe
2026-03-19 10:56:00 UTC,13,18,34.08,9.11,36.5,44.2,Caution
2026-03-19 10:56:10 UTC,11,16,31.27,8.75,36.5,43.9,Safe
2026-03-19 10:56:20 UTC,11,15,33.92,9.07,36.5,43.8,Caution
2026-03-19 10:56:30 UTC,13,18,31.12,8.75,36.5,44.3,Safe
2026-03-19 10:56:40 UTC,12,16,33.86,9.07,36.6,44.4,Caution
2026-03-19 10:56:50 UTC,10,14,34.18,9.07,36.5,44.4,Caution
2026-03-19 10:57:00 UTC,10,13,30.49,8.65,36.6,44.2,Safe
2026-03-19 10:57:10 UTC,9,13,33.48,9.03,36.6,44.3,Caution
2026-03-19 10:57:20 UTC,10,12,30.54,8.68,36.6,44.4,Safe
2026-03-19 10:57:30 UTC,9,9,34.08,9.11,36.6,44.3,Caution
2026-03-19 10:57:40 UTC,9,10,30.69,8.68,36.6,44.2,Safe
2026-03-19 10:57:50 UTC,9,11,33.86,9.07,36.7,44.3,Caution
2026-03-19 10:58:00 UTC,8,13,31.68,8.72,36.7,44.0,Safe
2026-03-19 10:58:10 UTC,8,14,33.39,8.93,36.7,43.9,Safe
2026-03-19 10:58:20 UTC,9,14,34.08,9.07,36.8,44.0,Caution
2026-03-19 10:58:30 UTC,7,12,33.23,8.96,36.8,44.0,Caution
2026-03-19 10:58:40 UTC,7,11,31.39,8.72,36.8,43.9,Safe
2026-03-19 10:58:50 UTC,7,10,30.49,8.68,36.8,43.9,Safe
2026-03-19 10:59:00 UTC,6,8,33.86,9.07,36.8,43.6,Caution
2026-03-19 10:59:10 UTC,7,10,31.53,8.75,36.7,44.2,Safe
2026-03-19 10:59:20 UTC,7,8,33.86,9.07,36.7,44.1,Caution
2026-03-19 10:59:30 UTC,8,8,30.83,8.72,36.5,44.0,Safe
2026-03-19 10:59:40 UTC,8,8,33.86,9.07,36.5,44.5,Caution
2026-03-19 10:59:50 UTC,7,9,31.12,8.72,36.4,44.8,Safe
2026-03-19 11:00:00 UTC,6,8,34.24,9.07,36.4,45.0,Caution
2026-03-19 11:00:10 UTC,6,8,31.39,8.75,36.4,45.0,Safe
2026-03-19 11:00:20 UTC,7,7,33.86,9.11,36.4,45.0,Caution
2026-03-19 11:00:30 UTC,7,8,33.8,9.07,36.4,45.1,Caution
2026-03-19 11:00:40 UTC,7,9,31.12,8.72,36.4,45.2,Safe
2026-03-19 11:00:50 UTC,8,9,33.8,9.11,36.4,44.8,Caution
2026-03-19 11:01:00 UTC,8,8,30.83,8.68,36.3,43.8,Safe
2026-03-19 11:01:10 UTC,7,7,34.02,9.11,36.2,43.7,Caution
2026-03-19 11:01:20 UTC,7,7,31.47,8.68,36.1,44.0,Safe
2026-03-19 11:01:30 UTC,6,6,33.86,9.07,36.1,44.3,Caution
2026-03-19 11:01:40 UTC,6,6,31.04,8.72,36.1,44.7,Safe
2026-03-19 11:01:50 UTC,6,8,34.02,9.11,36.2,45.1,Caution
2026-03-19 11:02:00 UTC,6,9,34.08,9.07,36.2,45.1,Caution
2026-03-19 11:02:10 UTC,6,9,34.08,9.11,36.2,45.2,Caution
2026-03-19 11:02:20 UTC,8,9,34.34,9.07,36.2,44.8,Caution
2026-03-19 11:02:30 UTC,9,9,30.4,8.62,36.3,44.8,Safe
2026-03-19 11:02:40 UTC,8,8,34.02,9.07,36.3,45.2,Caution
2026-03-19 11:02:50 UTC,7,7,31.12,8.75,36.3,45.0,Safe
2026-03-19 11:03:00 UTC,7,9,34.02,9.03,36.3,44.7,Caution
2026-03-19 11:03:10 UTC,7,8,31.39,8.75,36.3,45.2,Safe
2026-03-19 11:03:20 UTC,7,9,33.64,9.07,36.3,45.3,Caution
2026-03-19 11:03:30 UTC,7,10,31.12,8.72,36.3,45.1,Safe
2026-03-19 11:03:40 UTC,10,12,33.92,9.07,36.3,45.4,Caution
2026-03-19 11:03:50 UTC,13,14,31.39,8.79,36.3,45.6,Safe
2026-03-19 11:04:00 UTC,18,21,31.33,8.75,36.3,45.6,Safe
2026-03-19 11:04:10 UTC,21,24,33.48,9.03,36.4,45.8,Caution
2026-03-19 11:04:20 UTC,22,27,31.27,8.75,36.4,46.2,Safe
2026-03-19 11:04:30 UTC,25,29,33.8,9.11,36.4,46.3,Caution
2026-03-19 11:04:40 UTC,27,31,31.33,8.79,36.3,46.3,Safe
2026-03-19 11:04:50 UTC,29,34,34.18,9.11,36.3,46.5,Caution
2026-03-19 11:05:00 UTC,31,34,31.62,8.79,36.3,46.5,Safe
2026-03-19 11:05:10 UTC,29,32,33.17,9.07,36.3,46.6,Caution
2026-03-19 11:05:20 UTC,29,32,31.18,8.72,36.3,46.6,Safe
2026-03-19 11:05:30 UTC,28,33,33.7,9.11,36.2,47.0,Caution
2026-03-19 11:05:40 UTC,30,32,34.34,9.11,36.0,47.2,Caution
2026-03-19 11:05:50 UTC,30,34,31.39,8.75,35.9,47.4,Safe
2026-03-19 11:06:00 UTC,30,36,33.54,9.07,35.8,47.7,Caution
2026-03-19 11:06:10 UTC,32,36,31.27,8.79,35.6,47.9,Safe
2026-03-19 11:06:20 UTC,33,36,32.8,8.96,35.5,48.2,Caution
2026-03-19 11:06:30 UTC,34,36,31.04,8.72,35.4,48.4,Safe
2026-03-19 11:06:40 UTC,35,38,33.64,9.11,35.4,48.6,Caution
2026-03-19 11:06:50 UTC,35,40,30.83,8.72,35.3,48.8,Safe
2026-03-19 11:07:00 UTC,33,40,33.86,9.11,35.3,49.0,Caution
2026-03-19 11:07:10 UTC,34,40,33.86,9.07,35.3,49.3,Caution
2026-03-19 11:07:20 UTC,33,39,33.02,9.03,35.3,49.7,Caution
2026-03-19 11:07:30 UTC,33,38,33.8,9.11,35.2,49.7,Caution
2026-03-19 11:07:40 UTC,33,39,31.27,8.79,35.2,49.5,Safe
2026-03-19 11:07:50 UTC,32,38,33.8,9.11,35.2,49.4,Caution
2026-03-19 11:08:00 UTC,31,36,31.18,8.79,35.2,49.4,Safe
2026-03-19 11:08:10 UTC,33,35,33.64,9.03,35.2,49.5,Caution
2026-03-19 11:08:20 UTC,33,36,31.47,8.79,35.3,49.6,Safe
2026-03-19 11:08:30 UTC,33,36,32.86,8.96,35.3,49.3,Caution
2026-03-19 11:08:40 UTC,34,37,31.12,8.79,35.3,49.1,Safe
2026-03-19 11:08:50 UTC,33,36,34.02,9.07,35.3,49.1,Caution
2026-03-19 11:09:00 UTC,34,37,31.77,8.79,35.3,49.3,Safe
2026-03-19 11:09:10 UTC,34,41,31.27,8.82,35.4,49.3,Safe
2026-03-19 11:09:20 UTC,31,38,33.64,9.07,35.4,49.4,Caution
2026-03-19 11:09:30 UTC,32,38,31.33,8.79,35.4,49.6,Safe
2026-03-19 11:09:40 UTC,31,38,33.02,9.0,35.5,49.9,Caution
2026-03-19 11:09:50 UTC,34,40,31.47,8.79,35.4,49.9,Safe
2026-03-19 11:10:00 UTC,34,38,33.86,9.03,35.5,49.8,Caution
2026-03-19 11:10:10 UTC,33,37,31.47,8.75,35.5,49.6,Safe
2026-03-19 11:10:20 UTC,33,36,33.02,9.0,35.5,49.3,Caution
2026-03-19 11:10:30 UTC,33,35,30.4,8.65,35.4,48.9,Safe
2026-03-19 11:10:40 UTC,34,35,33.86,9.07,35.3,48.9,Caution
2026-03-19 11:10:50 UTC,34,37,33.86,9.07,35.3,49.1,Caution
2026-03-19 11:11:00 UTC,34,41,31.33,8.79,35.3,49.2,Safe
2026-03-19 11:11:10 UTC,34,40,32.65,8.93,35.3,49.2,Safe
2026-03-19 11:11:20 UTC,31,39,31.62,8.75,35.2,49.2,Safe
2026-03-19 11:11:30 UTC,32,39,34.02,9.07,35.3,49.3,Caution
2026-03-19 11:11:40 UTC,31,38,30.98,8.72,35.3,49.5,Safe
2026-03-19 11:11:50 UTC,31,37,33.86,9.11,35.3,49.2,Caution
2026-03-19 11:12:00 UTC,31,36,30.75,8.75,35.2,49.1,Safe
2026-03-19 11:12:10 UTC,31,37,33.8,9.11,35.2,49.2,Caution
2026-03-19 11:12:20 UTC,29,34,34.18,9.07,35.2,49.4,Caution
2026-03-19 11:12:30 UTC,31,32,33.86,9.11,35.2,49.4,Caution
2026-03-19 11:12:40 UTC,30,31,34.24,9.11,35.2,49.3,Caution
2026-03-19 11:12:50 UTC,32,33,31.47,8.75,35.2,49.2,Safe
2026-03-19 11:13:00 UTC,33,37,33.92,9.07,35.2,49.1,Caution
2026-03-19 11:13:10 UTC,32,39,31.12,8.75,35.2,49.2,Safe
2026-03-19 11:13:20 UTC,33,37,33.8,9.11,35.2,49.2,Caution
2026-03-19 11:13:30 UTC,32,37,30.2,8.65,35.2,49.2,Safe
2026-03-19 11:13:40 UTC,32,36,33.92,9.11,35.2,49.3,Caution
2026-03-19 11:13:50 UTC,31,37,31.47,8.72,35.2,49.4,Safe
2026-03-19 11:14:00 UTC,33,38,33.92,9.11,35.2,49.3,Caution
2026-03-19 11:14:10 UTC,32,36,31.33,8.75,35.2,49.3,Safe
2026-03-19 11:14:20 UTC,34,36,31.62,8.75,35.2,49.4,Safe
2026-03-19 11:14:30 UTC,34,36,33.86,9.14,35.2,49.4,Caution
2026-03-19 11:14:40 UTC,32,36,31.39,8.72,35.2,49.4,Safe
2026-03-19 11:14:50 UTC,31,36,33.8,9.11,35.2,49.4,Caution
2026-03-19 11:15:00 UTC,31,35,31.33,8.75,35.2,49.2,Safe
2026-03-19 11:15:10 UTC,31,33,33.92,9.14,35.2,49.2,Caution
2026-03-19 11:15:20 UTC,34,35,31.47,8.79,35.2,49.2,Safe
2026-03-19 11:15:30 UTC,34,37,33.86,9.07,35.2,49.2,Caution
2026-03-19 11:15:40 UTC,34,36,30.69,8.65,35.2,49.3,Safe
2026-03-19 11:15:50 UTC,33,36,34.02,9.07,35.1,49.3,Caution
2026-03-19 11:16:00 UTC,32,35,34.24,9.11,35.1,49.2,Caution
2026-03-19 11:16:10 UTC,32,33,31.47,8.79,35.2,49.3,Safe
2026-03-19 11:16:20 UTC,32,35,33.7,9.07,35.2,49.4,Caution
2026-03-19 11:16:30 UTC,31,34,31.62,8.79,35.2,49.3,Safe
2026-03-19 11:16:40 UTC,30,34,33.86,9.07,35.2,49.6,Caution
2026-03-19 11:16:50 UTC,30,35,30.49,8.65,35.2,49.4,Safe
2026-03-19 11:17:00 UTC,28,34,34.08,9.07,35.2,48.9,Caution
2026-03-19 11:17:10 UTC,28,33,31.39,8.79,35.2,48.9,Safe
2026-03-19 11:17:20 UTC,28,32,33.86,9.07,35.1,48.8,Caution
2026-03-19 11:17:30 UTC,27,31,34.24,9.14,35.2,48.8,Caution
2026-03-19 11:17:40 UTC,27,30,33.86,9.07,35.1,48.8,Caution
2026-03-19 11:17:50 UTC,28,29,32.8,8.96,35.1,48.7,Caution
2026-03-19 11:18:00 UTC,27,27,30.83,8.75,35.2,48.8,Safe
2026-03-19 11:18:10 UTC,26,31,33.86,9.07,35.1,48.5,Caution
2026-03-19 11:18:20 UTC,25,32,31.18,8.75,35.1,48.4,Safe
2026-03-19 11:18:30 UTC,26,30,32.8,9.0,35.1,48.5,Caution
2026-03-19 11:18:40 UTC,27,30,30.35,8.65,35.1,48.6,Safe
2026-03-19 11:18:50 UTC,28,31,33.86,9.07,35.1,48.6,Caution
2026-03-19 11:19:00 UTC,27,29,31.39,8.79,35.1,48.6,Safe
2026-03-19 11:19:10 UTC,26,29,33.8,9.03,35.2,48.6,Caution
2026-03-19 11:19:20 UTC,28,33,30.83,8.65,35.2,48.6,Safe
2026-03-19 11:19:30 UTC,26,29,31.04,8.72,35.2,48.5,Safe
2026-03-19 11:19:40 UTC,26,28,32.8,9.03,35.2,48.5,Caution
2026-03-19 11:19:50 UTC,26,28,30.98,8.72,35.2,48.6,Safe
2026-03-19 11:20:00 UTC,27,27,33.7,9.11,35.2,48.6,Caution
2026-03-19 11:20:10 UTC,29,30,30.98,8.72,35.2,48.6,Safe
2026-03-19 11:20:20 UTC,28,31,33.48,9.03,35.1,48.5,Caution
2026-03-19 11:20:30 UTC,29,33,31.33,8.72,35.1,48.6,Safe
2026-03-19 11:20:40 UTC,30,34,33.7,9.07,35.1,48.3,Caution
2026-03-19 11:20:50 UTC,29,35,31.62,8.75,35.1,48.4,Safe
2026-03-19 11:21:00 UTC,28,32,33.86,9.07,35.1,48.4,Caution
2026-03-19 11:21:10 UTC,27,31,33.7,9.11,35.0,48.4,Caution
2026-03-19 11:21:20 UTC,28,30,31.12,8.79,35.0,48.5,Safe
2026-03-19 11:21:30 UTC,28,29,33.8,9.07,35.0,48.6,Caution
2026-03-19 11:21:40 UTC,29,31,31.04,8.75,35.0,48.7,Safe
2026-03-19 11:21:50 UTC,30,32,33.7,9.07,35.0,48.7,Caution
2026-03-19 11:22:00 UTC,32,32,30.83,8.72,35.0,48.8,Safe
2026-03-19 11:22:10 UTC,32,34,33.8,9.07,35.0,48.7,Caution
2026-03-19 11:22:20 UTC,31,33,31.53,8.72,34.9,48.8,Safe
2026-03-19 11:22:30 UTC,29,30,33.8,9.07,34.9,49.0,Caution
2026-03-19 11:22:40 UTC,28,32,32.8,8.96,34.9,49.0,Caution
2026-03-19 11:22:50 UTC,29,34,33.39,9.07,34.8,49.0,Caution
2026-03-19 11:23:00 UTC,27,32,31.04,8.75,34.8,49.0,Safe
2026-03-19 11:23:10 UTC,27,31,30.49,8.65,34.7,49.0,Safe
2026-03-19 11:23:20 UTC,29,31,33.64,9.03,34.7,49.1,Caution
2026-03-19 11:23:30 UTC,29,30,30.49,8.68,34.6,49.3,Safe
2026-03-19 11:23:40 UTC,28,31,33.11,9.03,34.6,49.4,Caution
2026-03-19 11:23:50 UTC,29,31,31.04,8.75,34.7,49.5,Safe
2026-03-19 11:24:00 UTC,27,30,32.86,9.0,34.6,49.5,Caution
2026-03-19 11:24:10 UTC,28,34,29.45,8.62,34.6,49.4,Safe
2026-03-19 11:24:20 UTC,31,34,33.48,9.07,34.6,49.4,Caution
2026-03-19 11:24:30 UTC,30,34,30.98,8.68,34.6,49.5,Safe
2026-03-19 11:24:40 UTC,29,35,33.11,9.0,34.7,49.6,Caution
2026-03-19 11:24:50 UTC,29,37,33.48,9.0,34.7,49.5,Caution
2026-03-19 11:25:00 UTC,30,34,30.83,8.68,34.7,49.6,Safe
2026-03-19 11:25:10 UTC,27,31,33.54,9.0,34.7,49.9,Caution
2026-03-19 11:25:20 UTC,28,34,30.75,8.72,34.7,50.0,Safe
2026-03-19 11:25:30 UTC,27,32,33.8,9.03,34.7,50.0,Caution
2026-03-19 11:25:40 UTC,26,30,30.83,8.68,34.7,50.0,Safe
2026-03-19 11:25:50 UTC,25,30,33.64,9.03,34.7,50.0,Caution
2026-03-19 11:26:00 UTC,25,29,30.69,8.72,34.7,50.0,Safe
2026-03-19 11:26:10 UTC,28,34,33.7,9.03,34.7,50.0,Caution
2026-03-19 11:26:20 UTC,32,36,33.64,9.03,34.8,50.0,Caution
2026-03-19 11:26:30 UTC,30,35,30.63,8.75,34.8,50.1,Safe
2026-03-19 11:26:40 UTC,29,33,33.54,9.03,34.8,50.2,Caution
2026-03-19 11:26:50 UTC,31,31,30.83,8.72,34.8,50.2,Safe
2026-03-19 11:27:00 UTC,32,36,33.64,9.07,34.8,50.1,Caution
2026-03-19 11:27:10 UTC,31,34,30.98,8.72,34.8,50.1,Safe
2026-03-19 11:27:20 UTC,31,36,34.02,9.03,34.8,50.0,Caution
2026-03-19 11:27:30 UTC,33,37,30.98,8.72,34.8,49.9,Safe
2026-03-19 11:27:40 UTC,31,37,33.54,9.07,34.8,49.8,Caution
2026-03-19 11:27:50 UTC,31,36,33.7,9.07,34.8,49.9,Caution
2026-03-19 11:28:00 UTC,31,37,33.92,9.03,34.8,50.2,Caution
2026-03-19 11:28:10 UTC,32,37,30.12,8.65,34.8,50.3,Safe
2026-03-19 11:28:20 UTC,30,35,30.49,8.72,34.7,50.1,Safe
2026-03-19 11:28:30 UTC,29,35,33.11,9.07,34.7,49.9,Caution
2026-03-19 11:28:40 UTC,30,32,30.75,8.68,34.6,49.8,Safe
2026-03-19 11:28:50 UTC,28,31,33.64,8.96,34.6,49.9,Caution
2026-03-19 11:29:00 UTC,28,31,30.4,8.72,34.6,50.1,Safe
2026-03-19 11:29:10 UTC,29,33,33.8,9.07,34.6,50.1,Caution
2026-03-19 11:29:20 UTC,28,34,30.54,8.72,34.6,50.1,Safe
2026-03-19 11:29:30 UTC,28,30,33.48,9.11,34.6,49.7,Caution
2026-03-19 11:29:40 UTC,28,29,31.04,8.72,34.6,49.7,Safe
2026-03-19 11:29:50 UTC,27,29,32.65,8.93,34.6,49.8,Safe
2026-03-19 11:30:00 UTC,27,29,33.39,9.07,34.6,49.8,Caution
2026-03-19 11:30:10 UTC,26,29,30.49,8.72,34.6,49.8,Safe
2026-03-19 11:30:20 UTC,25,29,33.48,9.07,34.6,49.6,Caution
2026-03-19 11:30:30 UTC,25,30,30.75,8.68,34.6,49.7,Safe
2026-03-19 11:30:40 UTC,26,27,33.64,9.07,34.6,49.6,Caution
2026-03-19 11:30:50 UTC,27,28,30.98,8.68,34.6,49.7,Safe
2026-03-19 11:31:00 UTC,27,27,32.43,8.93,34.6,49.6,Safe
2026-03-19 11:31:10 UTC,26,27,30.26,8.62,34.6,49.4,Safe
2026-03-19 11:31:20 UTC,25,26,33.64,9.07,34.6,49.4,Caution
2026-03-19 11:31:30 UTC,26,28,33.86,9.07,34.5,49.6,Caution
2026-03-19 11:31:40 UTC,27,32,33.39,9.07,34.5,49.7,Caution
2026-03-19 11:31:50 UTC,28,32,33.17,9.07,34.5,50.1,Caution
2026-03-19 11:32:00 UTC,27,34,30.35,8.68,34.5,50.3,Safe
2026-03-19 11:32:10 UTC,27,37,32.8,9.03,34.5,51.0,Caution
2026-03-19 11:32:20 UTC,29,37,30.54,8.68,34.5,52.0,Safe
2026-03-19 11:32:30 UTC,31,36,33.48,9.07,34.5,51.9,Caution
2026-03-19 11:32:40 UTC,30,36,30.35,8.62,34.5,51.7,Safe
2026-03-19 11:32:50 UTC,30,35,33.8,9.0,34.5,51.9,Caution
2026-03-19 11:33:00 UTC,29,33,30.63,8.72,34.5,52.0,Safe
2026-03-19 11:33:10 UTC,30,35,33.7,9.07,34.5,51.6,Caution
2026-03-19 11:33:20 UTC,28,35,31.18,8.79,34.4,51.1,Safe
2026-03-19 11:33:30 UTC,29,35,31.12,8.72,34.4,52.0,Safe
2026-03-19 11:33:40 UTC,29,34,33.92,9.07,34.4,52.3,Caution
2026-03-19 11:33:50 UTC,28,34,31.27,8.75,34.4,52.2,Safe
2026-03-19 11:34:00 UTC,30,33,33.7,9.07,34.4,52.9,Caution
2026-03-19 11:34:10 UTC,29,33,31.27,8.72,34.4,53.1,Safe
2026-03-19 11:34:20 UTC,29,33,33.86,9.07,34.5,53.2,Caution
2026-03-19 11:34:30 UTC,28,34,30.26,8.62,34.4,52.5,Safe
2026-03-19 11:34:40 UTC,29,34,33.8,9.07,34.4,53.2,Caution
2026-03-19 11:34:50 UTC,28,36,31.33,8.75,34.4,53.4,Safe
2026-03-19 11:35:00 UTC,28,39,33.8,9.11,34.4,53.1,Caution
2026-03-19 11:35:10 UTC,28,36,32.95,8.96,34.5,52.6,Caution
2026-03-19 11:35:20 UTC,29,37,30.35,8.68,34.5,51.5,Safe
2026-03-19 11:35:30 UTC,30,35,33.86,9.11,34.5,51.4,Caution
2026-03-19 11:35:40 UTC,30,33,30.63,8.72,34.5,51.5,Safe
2026-03-19 11:35:50 UTC,30,34,33.39,9.11,34.5,51.3,Caution
2026-03-19 11:36:00 UTC,28,31,30.4,8.68,34.5,50.9,Safe
2026-03-19 11:36:10 UTC,24,27,33.64,9.07,34.3,50.3,Caution
2026-03-19 11:36:20 UTC,25,29,30.12,8.65,34.0,50.3,Safe
2026-03-19 11:36:30 UTC,28,32,32.8,9.03,33.9,50.6,Caution
2026-03-19 11:36:40 UTC,28,34,33.64,9.07,33.9,50.9,Caution
2026-03-19 11:36:50 UTC,28,32,32.65,8.93,33.8,51.2,Safe
2026-03-19 11:37:00 UTC,30,32,33.17,9.07,33.8,51.4,Caution
2026-03-19 11:37:10 UTC,29,33,31.27,8.79,33.8,52.2,Safe
2026-03-19 11:37:20 UTC,30,34,33.39,9.11,33.8,54.8,Caution
2026-03-19 11:37:30 UTC,29,32,31.12,8.72,33.8,54.8,Safe
2026-03-19 11:37:40 UTC,29,32,33.86,9.11,33.9,55.6,Caution
2026-03-19 11:37:50 UTC,29,32,30.49,8.65,33.9,56.1,Safe
2026-03-19 11:38:00 UTC,28,29,34.24,9.14,34.0,55.1,Caution
2026-03-19 11:38:10 UTC,27,30,31.12,8.82,34.0,55.4,Safe
2026-03-19 11:38:20 UTC,27,30,33.8,9.11,34.0,53.1,Caution
2026-03-19 11:38:30 UTC,27,32,31.33,8.79,34.0,52.5,Safe
2026-03-19 11:38:40 UTC,27,31,33.7,9.11,34.0,53.1,Caution
2026-03-19 11:38:50 UTC,27,31,34.18,9.11,34.1,53.6,Caution
2026-03-19 11:39:00 UTC,27,32,31.39,8.79,34.0,53.1,Safe
2026-03-19 11:39:10 UTC,28,31,32.95,9.0,34.1,53.2,Caution
2026-03-19 11:39:20 UTC,29,32,30.26,8.65,34.1,53.4,Safe
2026-03-19 11:39:30 UTC,29,31,33.86,9.07,34.1,53.4,Caution
2026-03-19 11:39:40 UTC,29,30,32.13,8.86,34.2,52.9,Safe
2026-03-19 11:39:50 UTC,30,33,34.02,9.14,34.2,53.2,Caution
2026-03-19 11:40:00 UTC,28,32,31.47,8.82,34.2,53.1,Safe
2026-03-19 11:40:10 UTC,27,33,34.24,9.14,34.2,52.1,Caution
2026-03-19 11:40:20 UTC,26,31,34.24,9.14,34.2,51.5,Caution
2026-03-19 11:40:30 UTC,27,32,31.12,8.82,34.3,51.7,Safe
2026-03-19 11:40:40 UTC,27,30,34.34,9.11,34.3,51.2,Caution
2026-03-19 11:40:50 UTC,24,28,31.77,8.82,34.2,51.0,Safe
2026-03-19 11:41:00 UTC,24,28,33.92,9.11,34.2,51.2,Caution
2026-03-19 11:41:10 UTC,25,28,31.39,8.79,34.2,51.4,Safe
2026-03-19 11:41:20 UTC,25,28,33.8,9.07,34.3,51.8,Caution
2026-03-19 11:41:30 UTC,25,30,31.68,8.79,34.3,51.6,Safe
2026-03-19 11:41:40 UTC,26,29,34.73,9.14,34.3,51.7,Caution
2026-03-19 11:41:50 UTC,26,29,34.73,9.11,34.3,51.7,Caution
2026-03-19 11:42:00 UTC,25,29,34.34,9.14,34.4,52.1,Caution
2026-03-19 11:42:10 UTC,27,30,31.12,8.68,34.4,52.0,Safe
2026-03-19 11:42:20 UTC,28,28,31.77,8.75,34.4,51.8,Safe
2026-03-19 11:42:30 UTC,28,29,33.48,9.03,34.4,51.6,Caution
2026-03-19 11:42:40 UTC,29,32,31.33,8.72,34.4,51.6,Safe
2026-03-19 11:42:50 UTC,29,35,33.54,9.03,34.5,51.3,Caution
2026-03-19 11:43:00 UTC,29,36,31.53,8.75,34.5,51.4,Safe
2026-03-19 11:43:10 UTC,29,35,34.4,9.14,34.5,50.9,Caution
2026-03-19 11:43:20 UTC,29,32,31.27,8.79,34.5,50.9,Safe
2026-03-19 11:43:30 UTC,29,34,34.73,9.07,34.5,50.7,Caution
2026-03-19 11:43:40 UTC,29,33,30.26,8.65,34.5,50.6,Safe
2026-03-19 11:43:50 UTC,28,30,34.57,9.14,34.5,50.5,Caution
2026-03-19 11:44:00 UTC,27,30,33.86,9.07,34.5,50.3,Caution
2026-03-19 11:44:10 UTC,25,29,31.53,8.75,34.5,50.3,Safe
2026-03-19 11:44:20 UTC,26,29,33.11,9.0,34.5,50.7,Caution
2026-03-19 11:44:30 UTC,26,31,31.12,8.79,34.5,50.6,Safe
2026-03-19 11:44:40 UTC,26,31,33.86,9.11,34.5,50.4,Caution
2026-03-19 11:44:50 UTC,26,32,30.69,8.79,34.5,50.1,Safe
2026-03-19 11:45:00 UTC,24,29,33.64,9.07,34.4,49.8,Caution
2026-03-19 11:45:10 UTC,23,27,30.35,8.68,34.3,50.1,Safe
2026-03-19 11:45:20 UTC,23,24,33.92,9.07,34.3,50.3,Caution
2026-03-19 11:45:30 UTC,23,26,33.8,9.07,34.2,50.9,Caution
2026-03-19 11:45:40 UTC,23,24,33.92,9.03,34.2,50.6,Caution
2026-03-19 11:45:50 UTC,25,27,33.86,9.07,34.2,50.6,Caution
2026-03-19 11:46:00 UTC,23,28,31.18,8.79,34.2,51.0,Safe
2026-03-19 11:46:10 UTC,24,29,33.86,9.07,34.2,51.2,Caution
2026-03-19 11:46:20 UTC,25,30,31.47,8.79,34.2,51.2,Safe
2026-03-19 11:46:30 UTC,23,27,34.02,9.07,34.2,50.9,Caution
2026-03-19 11:46:40 UTC,23,31,31.68,8.79,34.3,50.9,Safe
2026-03-19 11:46:50 UTC,25,30,34.5,9.14,34.3,51.2,Caution
2026-03-19 11:47:00 UTC,25,27,30.4,8.65,34.3,51.1,Safe
2026-03-19 11:47:10 UTC,25,26,33.39,9.0,34.3,50.6,Caution
2026-03-19 11:47:20 UTC,27,29,31.47,8.75,34.2,49.9,Safe
2026-03-19 11:47:30 UTC,28,31,34.02,9.14,34.2,50.0,Caution
2026-03-19 11:47:40 UTC,28,29,34.02,9.11,34.1,50.0,Caution
2026-03-19 11:47:50 UTC,27,29,31.33,8.75,34.1,50.4,Safe
2026-03-19 11:48:00 UTC,25,30,33.11,9.0,34.1,50.4,Caution
2026-03-19 11:48:10 UTC,26,28,30.49,8.75,34.1,50.4,Safe
2026-03-19 11:48:20 UTC,25,28,33.7,9.11,34.0,50.4,Caution
2026-03-19 11:48:30 UTC,24,28,31.53,8.75,34.0,50.5,Safe
2026-03-19 11:48:40 UTC,25,29,33.17,9.0,33.9,50.6,Caution
2026-03-19 11:48:50 UTC,24,30,31.33,8.75,33.8,50.8,Safe
2026-03-19 11:49:00 UTC,25,28,34.18,9.11,33.8,51.1,Caution
2026-03-19 11:49:10 UTC,26,29,33.86,9.11,33.8,51.3,Caution
2026-03-19 11:49:20 UTC,26,28,33.86,9.11,33.8,51.5,Caution
2026-03-19 11:49:30 UTC,26,29,33.86,9.11,33.8,51.4,Caution
2026-03-19 11:49:40 UTC,27,30,30.98,8.75,33.8,51.7,Safe
2026-03-19 11:49:50 UTC,26,28,33.92,9.11,33.8,51.2,Caution
2026-03-19 11:50:00 UTC,25,28,31.39,8.79,33.8,51.3,Safe
2026-03-19 11:50:10 UTC,26,33,33.7,9.14,33.8,51.4,Caution
2026-03-19 11:50:20 UTC,25,31,30.89,8.75,33.8,51.4,Safe
2026-03-19 11:50:30 UTC,26,30,33.92,9.14,33.8,51.5,Caution
2026-03-19 11:50:40 UTC,24,28,31.12,8.82,33.8,51.5,Safe
2026-03-19 11:50:50 UTC,24,26,33.92,9.11,33.8,51.9,Caution
2026-03-19 11:51:00 UTC,23,25,31.62,8.82,33.9,52.3,Safe
2026-03-19 11:51:10 UTC,25,27,31.47,8.79,33.9,52.2,Safe
2026-03-19 11:51:20 UTC,24,27,34.24,9.07,33.9,52.2,Caution
2026-03-19 11:51:30 UTC,27,29,30.26,8.65,34.0,53.1,Safe
2026-03-19 11:51:40 UTC,26,28,33.8,9.11,34.0,52.9,Caution
2026-03-19 11:51:50 UTC,26,27,31.27,8.75,33.9,52.6,Safe
2026-03-19 11:52:00 UTC,26,28,33.86,9.07,33.9,52.2,Caution
2026-03-19 11:52:10 UTC,27,27,31.53,8.79,33.9,52.3,Safe
2026-03-19 11:52:20 UTC,26,26,34.18,9.14,33.9,52.5,Caution
2026-03-19 11:52:30 UTC,26,26,30.54,8.68,33.9,52.5,Safe
2026-03-19 11:52:40 UTC,26,26,33.92,9.11,33.9,52.2,Caution
2026-03-19 11:52:50 UTC,26,28,33.86,9.14,34.0,52.1,Caution
2026-03-19 11:53:00 UTC,27,29,30.75,8.79,34.0,51.6,Safe
2026-03-19 11:53:10 UTC,27,28,34.08,9.11,34.0,51.0,Caution
2026-03-19 11:53:20 UTC,26,28,30.83,8.75,34.0,51.2,Safe
2026-03-19 11:53:30 UTC,27,31,33.86,9.11,34.0,51.7,Caution
2026-03-19 11:53:40 UTC,27,31,30.54,8.65,34.0,51.9,Safe
2026-03-19 11:53:50 UTC,25,29,33.7,9.11,34.1,51.8,Caution
2026-03-19 11:54:00 UTC,25,29,30.75,8.72,34.1,51.3,Safe
2026-03-19 11:54:10 UTC,24,29,33.7,9.11,34.1,51.0,Caution
2026-03-19 11:54:20 UTC,23,26,33.8,9.03,34.0,50.7,Caution
2026-03-19 11:54:30 UTC,23,30,34.08,9.11,33.9,50.5,Caution
2026-03-19 11:54:40 UTC,25,31,31.39,8.82,33.8,50.6,Safe
2026-03-19 11:54:50 UTC,24,28,31.18,8.75,33.8,50.8,Safe
2026-03-19 11:55:00 UTC,25,27,33.7,9.07,33.8,51.1,Caution
2026-03-19 11:55:10 UTC,25,28,30.35,8.65,33.8,50.9,Safe
2026-03-19 11:55:20 UTC,24,29,32.95,8.96,33.8,51.0,Caution
2026-03-19 11:55:30 UTC,24,29,31.04,8.72,33.9,50.8,Safe
2026-03-19 11:55:40 UTC,25,27,34.08,9.14,33.8,50.6,Caution
2026-03-19 11:55:50 UTC,25,25,31.04,8.79,33.8,50.7,Safe
2026-03-19 11:56:00 UTC,25,27,33.86,9.11,33.8,51.0,Caution
2026-03-19 11:56:10 UTC,24,26,30.83,8.75,33.8,51.2,Safe
2026-03-19 11:56:20 UTC,23,26,33.39,9.03,33.8,50.8,Caution
2026-03-19 11:56:30 UTC,23,25,33.7,9.11,33.7,50.9,Caution
2026-03-19 11:56:40 UTC,23,26,31.04,8.72,33.7,51.3,Safe
2026-03-19 11:56:50 UTC,23,26,32.71,9.03,33.7,51.5,Caution
2026-03-19 11:57:00 UTC,24,27,30.98,8.75,33.7,51.2,Safe
2026-03-19 11:57:10 UTC,24,28,33.8,9.07,33.7,51.4,Caution
2026-03-19 11:57:20 UTC,24,29,30.69,8.79,33.7,51.6,Safe
2026-03-19 11:57:30 UTC,24,29,33.86,9.07,33.8,51.4,Caution
2026-03-19 11:57:40 UTC,24,30,30.54,8.75,33.9,51.6,Safe
2026-03-19 11:57:50 UTC,25,30,33.64,9.07,33.9,51.5,Caution
2026-03-19 11:58:00 UTC,26,27,33.11,9.03,34.0,51.3,Caution
2026-03-19 11:58:10 UTC,25,26,31.27,8.79,34.0,51.1,Safe
2026-03-19 11:58:20 UTC,24,26,33.92,9.07,34.1,51.0,Caution
2026-03-19 11:58:30 UTC,24,26,31.47,8.79,34.1,50.9,Safe
2026-03-19 11:58:40 UTC,24,25,34.02,9.11,34.2,50.8,Caution
2026-03-19 11:58:50 UTC,23,24,30.75,8.75,34.2,50.5,Safe
2026-03-19 11:59:00 UTC,23,25,32.86,9.0,34.2,50.2,Caution
2026-03-19 11:59:10 UTC,25,28,31.18,8.75,34.2,50.4,Safe
2026-03-19 11:59:20 UTC,25,29,33.64,9.07,34.2,50.7,Caution
2026-03-19 11:59:30 UTC,25,27,30.69,8.75,34.3,50.5,Safe
2026-03-19 11:59:40 UTC,24,27,32.65,9.0,34.3,50.6,Caution
2026-03-19 11:59:50 UTC,24,26,31.12,8.75,34.2,50.3,Safe
2026-03-19 12:00:00 UTC,25,26,30.06,8.68,34.2,50.4,Safe
2026-03-19 12:00:10 UTC,25,26,33.33,9.07,34.1,50.5,Caution
2026-03-19 12:00:20 UTC,25,26,31.12,8.82,34.2,50.7,Safe
2026-03-19 12:00:30 UTC,25,26,33.64,9.07,34.2,50.9,Caution
2026-03-19 12:00:40 UTC,24,26,31.18,8.75,34.2,51.1,Safe
2026-03-19 12:00:50 UTC,27,30,33.64,9.11,34.3,51.2,Caution
2026-03-19 12:01:00 UTC,28,31,31.27,8.75,34.3,50.9,Safe
2026-03-19 12:01:10 UTC,25,29,33.92,9.07,34.4,50.5,Caution
2026-03-19 12:01:20 UTC,25,28,31.04,8.75,34.4,50.6,Safe
2026-03-19 12:01:30 UTC,24,27,33.7,9.07,34.4,50.7,Caution
2026-03-19 12:01:40 UTC,24,27,34.08,9.07,34.4,50.6,Caution
2026-03-19 12:01:50 UTC,25,27,30.98,8.72,34.5,50.9,Safe
2026-03-19 12:02:00 UTC,26,27,33.92,9.07,34.5,51.0,Caution
2026-03-19 12:02:10 UTC,25,27,31.47,8.75,34.5,51.0,Safe
2026-03-19 12:02:20 UTC,25,27,32.86,8.96,34.6,51.0,Caution
2026-03-19 12:02:30 UTC,26,27,31.33,8.79,34.6,50.9,Safe
2026-03-19 12:02:40 UTC,26,28,33.39,9.0,34.6,50.6,Caution
2026-03-19 12:02:50 UTC,26,28,30.75,8.72,34.6,50.5,Safe
2026-03-19 12:03:00 UTC,24,29,34.02,9.07,34.6,50.5,Caution
2026-03-19 12:03:10 UTC,25,28,33.92,9.07,34.7,50.6,Caution
2026-03-19 12:03:20 UTC,24,27,34.73,9.07,34.7,50.4,Caution
2026-03-19 12:03:30 UTC,23,28,33.39,9.0,34.7,50.3,Caution
2026-03-19 12:03:40 UTC,24,28,30.4,8.72,34.7,49.9,Safe
2026-03-19 12:03:50 UTC,25,27,34.02,9.14,34.7,49.6,Caution
2026-03-19 12:04:00 UTC,25,27,30.83,8.68,34.6,49.5,Safe
2026-03-19 12:04:10 UTC,26,29,33.7,9.11,34.6,49.5,Caution
2026-03-19 12:04:20 UTC,26,32,30.98,8.75,34.6,49.6,Safe
2026-03-19 12:04:30 UTC,25,29,33.02,9.03,34.5,49.8,Caution
2026-03-19 12:04:40 UTC,26,29,31.04,8.72,34.5,50.4,Safe
2026-03-19 12:04:50 UTC,26,28,34.08,9.11,34.6,50.4,Caution
2026-03-19 12:05:00 UTC,25,31,31.39,8.79,34.6,50.4,Safe
2026-03-19 12:05:10 UTC,25,33,33.86,9.11,34.6,50.9,Caution
2026-03-19 12:05:20 UTC,24,31,33.86,9.07,34.6,50.4,Caution
2026-03-19 12:05:30 UTC,25,30,30.35,8.62,34.6,50.5,Safe
2026-03-19 12:05:40 UTC,24,29,33.48,9.11,34.6,50.9,Caution
2026-03-19 12:05:50 UTC,25,30,31.47,8.79,34.6,51.0,Safe
2026-03-19 12:06:00 UTC,25,27,34.34,9.14,34.6,51.0,Caution
2026-03-19 12:06:10 UTC,25,28,31.27,8.72,34.7,50.8,Safe
2026-03-19 12:06:20 UTC,26,30,34.18,9.11,34.7,50.9,Caution
2026-03-19 12:06:30 UTC,27,31,31.12,8.79,34.7,50.7,Safe
2026-03-19 12:06:40 UTC,29,31,33.92,9.07,34.8,50.5,Caution
2026-03-19 12:06:50 UTC,29,31,33.86,9.11,34.8,50.5,Caution
2026-03-19 12:07:00 UTC,27,29,31.53,8.75,34.8,50.5,Safe
2026-03-19 12:07:10 UTC,27,29,33.86,9.07,34.8,50.4,Caution
2026-03-19 12:07:20 UTC,26,30,31.62,8.79,34.9,50.3,Safe
2026-03-19 12:07:30 UTC,26,30,33.92,9.07,34.9,50.5,Caution
2026-03-19 12:07:40 UTC,27,30,31.12,8.75,34.9,50.6,Safe
2026-03-19 12:07:50 UTC,27,30,33.86,9.11,35.0,50.1,Caution
2026-03-19 12:08:00 UTC,28,31,31.39,8.79,35.0,49.8,Safe
2026-03-19 12:08:10 UTC,30,34,34.08,9.11,35.0,49.6,Caution
2026-03-19 12:08:20 UTC,29,31,30.35,8.65,35.0,49.8,Safe
2026-03-19 12:08:30 UTC,29,31,33.7,9.11,35.0,49.7,Caution
2026-03-19 12:08:40 UTC,29,30,31.47,8.79,35.0,49.5,Safe
2026-03-19 12:08:50 UTC,28,29,31.47,8.65,35.0,49.5,Safe
2026-03-19 12:09:00 UTC,27,29,34.02,9.07,35.1,49.3,Caution
2026-03-19 12:09:10 UTC,26,28,31.47,8.82,35.1,49.6,Safe
2026-03-19 12:09:20 UTC,26,29,33.86,9.11,35.1,49.5,Caution
2026-03-19 12:09:30 UTC,25,30,31.39,8.79,35.1,49.5,Safe
2026-03-19 12:09:40 UTC,26,32,34.18,9.07,35.1,49.6,Caution
2026-03-19 12:09:50 UTC,27,31,31.53,8.75,35.1,49.6,Safe
2026-03-19 12:10:00 UTC,27,31,34.08,9.11,35.1,49.7,Caution
2026-03-19 12:10:10 UTC,28,34,31.62,8.79,35.1,49.9,Safe
2026-03-19 12:10:20 UTC,29,34,33.64,9.07,35.2,49.9,Caution
2026-03-19 12:10:30 UTC,28,32,34.18,9.11,35.2,49.9,Caution
2026-03-19 12:10:40 UTC,30,31,31.47,8.75,35.2,49.5,Safe
2026-03-19 12:10:50 UTC,29,30,34.02,9.14,35.2,49.1,Caution
2026-03-19 12:11:00 UTC,30,32,31.12,8.72,35.1,48.9,Safe
2026-03-19 12:11:10 UTC,29,31,33.86,9.11,35.2,49.0,Caution
2026-03-19 12:11:20 UTC,28,30,31.47,8.79,35.1,48.9,Safe
2026-03-19 12:11:30 UTC,28,31,33.86,9.11,35.1,49.0,Caution
2026-03-19 12:11:40 UTC,29,34,31.33,8.82,35.1,48.6,Safe
2026-03-19 12:11:50 UTC,29,32,33.92,9.11,35.0,48.5,Caution
2026-03-19 12:12:00 UTC,27,31,33.64,9.11,34.9,48.3,Caution
2026-03-19 12:12:10 UTC,27,31,33.7,9.07,34.9,48.6,Caution
2026-03-19 12:12:20 UTC,26,28,30.83,8.72,34.8,48.8,Safe
2026-03-19 12:12:30 UTC,26,27,30.69,8.72,34.7,48.7,Safe
2026-03-19 12:12:40 UTC,25,28,33.86,9.07,34.7,49.0,Caution
2026-03-19 12:12:50 UTC,23,25,30.12,8.65,34.6,49.1,Safe
2026-03-19 12:13:00 UTC,24,26,34.34,9.07,34.6,49.3,Caution
2026-03-19 12:13:10 UTC,25,28,30.35,8.65,34.6,49.5,Safe
2026-03-19 12:13:20 UTC,25,28,31.62,8.86,34.6,49.6,Safe
2026-03-19 12:13:30 UTC,25,30,31.12,8.72,34.6,49.5,Safe
2026-03-19 12:13:40 UTC,24,30,33.8,9.07,34.6,49.7,Caution
2026-03-19 12:13:50 UTC,24,29,31.04,8.72,34.5,49.8,Safe
2026-03-19 12:14:00 UTC,24,29,34.02,9.11,34.5,49.7,Caution
2026-03-19 12:14:10 UTC,24,27,34.08,9.07,34.6,49.8,Caution
2026-03-19 12:14:20 UTC,26,28,30.12,8.55,34.5,49.8,Safe
2026-03-19 12:14:30 UTC,25,26,34.34,9.11,34.6,50.2,Caution
2026-03-19 12:14:40 UTC,25,25,30.83,8.75,34.6,50.4,Safe
2026-03-19 12:14:50 UTC,25,25,34.08,9.14,34.6,50.4,Caution
2026-03-19 12:15:00 UTC,26,27,31.47,8.79,34.6,50.3,Safe
2026-03-19 12:15:10 UTC,26,27,33.86,9.07,34.6,50.2,Caution
2026-03-19 12:15:20 UTC,25,27,29.92,8.58,34.6,50.2,Safe
2026-03-19 12:15:30 UTC,25,26,34.34,9.07,34.7,50.1,Caution
2026-03-19 12:15:40 UTC,25,28,34.34,9.11,34.7,50.1,Caution
2026-03-19 12:15:50 UTC,26,29,33.8,9.07,34.7,50.3,Caution
2026-03-19 12:16:00 UTC,25,28,33.92,9.07,34.7,50.1,Caution
2026-03-19 12:16:10 UTC,25,27,31.12,8.75,34.7,50.0,Safe
2026-03-19 12:16:20 UTC,27,30,34.02,9.11,34.8,50.0,Caution
2026-03-19 12:16:30 UTC,26,28,30.83,8.72,34.8,49.8,Safe
2026-03-19 12:16:40 UTC,26,28,33.86,9.07,34.7,49.7,Caution
2026-03-19 12:16:50 UTC,26,28,31.33,8.75,34.8,49.7,Safe
2026-03-19 12:17:00 UTC,26,26,34.08,9.07,34.8,49.6,Caution
2026-03-19 12:17:10 UTC,27,28,31.39,8.79,34.8,49.4,Safe
2026-03-19 12:17:20 UTC,25,31,33.92,9.11,34.8,49.3,Caution
2026-03-19 12:17:30 UTC,25,30,30.75,8.79,34.8,49.2,Safe
2026-03-19 12:17:40 UTC,25,29,31.27,8.75,34.8,49.4,Safe
2026-03-19 12:17:50 UTC,24,27,34.02,9.11,34.8,49.4,Caution
2026-03-19 12:18:00 UTC,25,28,30.89,8.75,34.8,49.6,Safe
2026-03-19 12:18:10 UTC,24,28,32.86,8.96,34.7,49.5,Caution
2026-03-19 12:18:20 UTC,25,29,30.69,8.65,34.7,49.6,Safe
2026-03-19 12:18:30 UTC,24,29,32.8,8.96,34.7,49.7,Caution
2026-03-19 12:18:40 UTC,24,28,31.27,8.75,34.6,49.8,Safe
2026-03-19 12:18:50 UTC,23,27,33.86,9.11,34.6,49.5,Caution
2026-03-19 12:19:00 UTC,22,26,30.69,8.65,34.6,49.6,Safe
2026-03-19 12:19:10 UTC,22,25,34.18,9.07,34.6,49.8,Caution
2026-03-19 12:19:20 UTC,22,24,34.02,9.07,34.6,49.9,Caution
2026-03-19 12:19:30 UTC,21,24,30.2,8.65,34.6,50.0,Safe
2026-03-19 12:19:40 UTC,22,25,33.17,9.03,34.6,49.7,Caution
2026-03-19 12:19:50 UTC,24,27,31.12,8.79,34.5,49.3,Safe
2026-03-19 12:20:00 UTC,25,27,33.23,9.07,34.5,49.3,Caution
2026-03-19 12:20:10 UTC,25,25,30.35,8.65,34.4,49.3,Safe
2026-03-19 12:20:20 UTC,23,23,34.57,9.11,34.4,49.5,Caution
2026-03-19 12:20:30 UTC,23,24,30.35,8.65,34.4,49.7,Safe
2026-03-19 12:20:40 UTC,24,24,33.92,9.11,34.4,49.9,Caution
2026-03-19 12:20:50 UTC,23,25,33.64,9.07,34.4,50.0,Caution
2026-03-19 12:21:00 UTC,22,25,33.86,9.11,34.4,50.0,Caution
2026-03-19 12:21:10 UTC,22,23,31.04,8.75,34.5,50.0,Safe
2026-03-19 12:21:20 UTC,21,22,30.83,8.75,34.5,50.1,Safe
2026-03-19 12:21:30 UTC,22,23,33.8,9.07,34.5,50.2,Caution
2026-03-19 12:21:40 UTC,22,24,30.12,8.68,34.5,50.2,Safe
2026-03-19 12:21:50 UTC,23,26,33.8,9.07,34.5,50.3,Caution
2026-03-19 12:22:00 UTC,22,27,31.12,8.75,34.5,50.3,Safe
2026-03-19 12:22:10 UTC,22,25,33.17,9.03,34.6,50.2,Caution
2026-03-19 12:22:20 UTC,21,25,30.12,8.62,34.5,49.9,Safe
2026-03-19 12:22:30 UTC,23,24,34.08,9.07,34.5,49.8,Caution
2026-03-19 12:22:40 UTC,22,24,30.98,8.75,34.5,49.9,Safe
2026-03-19 12:22:50 UTC,21,23,32.95,8.96,34.5,49.9,Caution
2026-03-19 12:23:00 UTC,20,25,32.65,8.93,34.4,49.9,Safe
2026-03-19 12:23:10 UTC,20,25,31.33,8.75,34.4,49.9,Safe
2026-03-19 12:23:20 UTC,21,24,34.02,9.11,34.4,50.0,Caution
2026-03-19 12:23:30 UTC,20,23,30.83,8.75,34.4,50.1,Safe
2026-03-19 12:23:40 UTC,21,22,33.86,9.11,34.4,50.2,Caution
2026-03-19 12:23:50 UTC,21,22,30.4,8.65,34.4,50.2,Safe
2026-03-19 12:24:00 UTC,22,24,33.33,8.93,34.5,50.4,Safe
2026-03-19 12:24:10 UTC,23,25,31.12,8.72,34.5,50.6,Safe
2026-03-19 12:24:20 UTC,25,28,33.23,8.96,34.5,50.6,Caution
2026-03-19 12:24:30 UTC,23,26,33.64,9.11,34.5,50.0,Caution
2026-03-19 12:24:40 UTC,22,25,33.54,9.07,34.4,49.6,Caution
2026-03-19 12:24:50 UTC,22,26,33.86,9.07,34.2,49.5,Caution
2026-03-19 12:25:00 UTC,23,27,31.18,8.75,34.1,49.7,Safe
2026-03-19 12:25:10 UTC,23,27,33.86,9.07,34.0,50.4,Caution
2026-03-19 12:25:20 UTC,22,25,31.27,8.75,34.0,50.7,Safe
2026-03-19 12:25:30 UTC,23,26,33.7,9.07,34.1,50.7,Caution
2026-03-19 12:25:40 UTC,23,25,31.12,8.75,34.1,50.6,Safe
2026-03-19 12:25:50 UTC,24,25,33.86,9.03,34.1,50.7,Caution
2026-03-19 12:26:00 UTC,24,28,30.75,8.68,34.1,51.1,Safe
2026-03-19 12:26:10 UTC,23,26,33.92,9.07,34.1,51.1,Caution
2026-03-19 12:26:20 UTC,22,24,31.04,8.75,34.2,51.1,Safe
2026-03-19 12:26:30 UTC,22,24,33.92,9.11,34.2,50.9,Caution
2026-03-19 12:26:40 UTC,21,24,33.86,9.07,34.2,50.8,Caution
2026-03-19 12:26:50 UTC,22,26,30.69,8.68,34.2,50.7,Safe
2026-03-19 12:27:00 UTC,22,25,33.7,9.07,34.2,50.7,Caution
2026-03-19 12:27:10 UTC,21,24,31.12,8.72,34.3,50.7,Safe
2026-03-19 12:27:20 UTC,21,26,33.86,9.07,34.3,50.5,Caution
2026-03-19 12:27:30 UTC,21,26,30.75,8.68,34.2,50.5,Safe
2026-03-19 12:27:40 UTC,21,26,33.86,9.11,34.2,50.1,Caution
2026-03-19 12:27:50 UTC,21,27,31.12,8.75,34.2,50.1,Safe
2026-03-19 12:28:00 UTC,21,26,33.7,9.07,34.2,50.2,Caution
2026-03-19 12:28:10 UTC,21,24,33.02,8.96,34.2,50.4,Caution
2026-03-19 12:28:20 UTC,20,24,34.08,9.03,34.2,50.5,Caution
2026-03-19 12:28:30 UTC,20,24,33.54,9.0,34.3,50.7,Caution
2026-03-19 12:28:40 UTC,20,23,30.49,8.65,34.3,51.0,Safe
2026-03-19 12:28:50 UTC,20,24,33.86,9.07,34.3,51.2,Caution
2026-03-19 12:29:00 UTC,21,24,31.39,8.75,34.3,51.3,Safe
2026-03-19 12:29:10 UTC,20,23,32.65,8.93,34.3,51.3,Safe
2026-03-19 12:29:20 UTC,21,24,31.04,8.75,34.3,51.4,Safe
2026-03-19 12:29:30 UTC,21,26,32.58,8.96,34.2,51.5,Caution
2026-03-19 12:29:40 UTC,21,26,30.35,8.68,34.2,51.8,Safe
2026-03-19 12:29:50 UTC,21,26,33.48,9.07,34.2,51.9,Caution
2026-03-19 12:30:00 UTC,20,25,30.35,8.72,34.2,51.9,Safe
2026-03-19 12:30:10 UTC,21,25,30.2,8.65,34.3,51.7,Safe
2026-03-19 12:30:20 UTC,22,25,33.86,9.07,34.2,51.4,Caution
2026-03-19 12:30:30 UTC,21,25,30.35,8.62,34.3,51.2,Safe
2026-03-19 12:30:40 UTC,22,26,33.17,8.96,34.2,50.8,Caution
2026-03-19 12:30:50 UTC,23,27,31.04,8.75,34.2,50.7,Safe
2026-03-19 12:31:00 UTC,23,26,33.8,9.07,34.2,50.8,Caution
2026-03-19 12:31:10 UTC,24,27,30.75,8.72,34.3,50.8,Safe
2026-03-19 12:31:20 UTC,22,28,33.02,9.0,34.2,51.0,Caution
2026-03-19 12:31:30 UTC,23,26,30.75,8.72,34.3,51.1,Safe
2026-03-19 12:31:40 UTC,25,26,33.8,9.11,34.3,51.1,Caution
2026-03-19 12:31:50 UTC,26,28,33.86,9.11,34.3,50.8,Caution
2026-03-19 12:32:00 UTC,25,27,30.35,8.68,34.4,50.6,Safe
2026-03-19 12:32:10 UTC,24,26,33.86,9.07,34.4,50.4,Caution
2026-03-19 12:32:20 UTC,22,26,31.39,8.79,34.4,50.4,Safe
2026-03-19 12:32:30 UTC,22,26,32.86,9.0,34.4,50.6,Caution
2026-03-19 12:32:40 UTC,23,27,31.27,8.75,34.4,50.6,Safe
2026-03-19 12:32:50 UTC,24,29,33.48,9.11,34.5,51.1,Caution
2026-03-19 12:33:00 UTC,24,29,31.04,8.75,34.5,51.1,Safe
2026-03-19 12:33:10 UTC,24,27,33.92,9.07,34.5,50.7,Caution
2026-03-19 12:33:20 UTC,25,27,33.86,9.07,34.5,50.7,Caution
2026-03-19 12:33:30 UTC,26,29,34.18,9.11,34.5,50.6,Caution
2026-03-19 12:33:40 UTC,25,31,33.39,9.0,34.5,50.7,Caution
2026-03-19 12:33:50 UTC,25,31,31.33,8.79,34.6,50.9,Safe
2026-03-19 12:34:00 UTC,25,31,34.08,9.11,34.6,50.8,Caution
2026-03-19 12:34:10 UTC,27,29,31.47,8.72,34.7,50.7,Safe
2026-03-19 12:34:20 UTC,27,29,34.02,9.07,34.7,50.4,Caution
2026-03-19 12:34:30 UTC,27,30,31.53,8.75,34.8,50.5,Safe
2026-03-19 12:34:40 UTC,27,29,34.24,9.11,34.8,50.5,Caution
2026-03-19 12:34:50 UTC,25,27,31.33,8.75,34.9,50.4,Safe
2026-03-19 12:35:00 UTC,24,26,33.92,9.11,34.9,50.3,Caution
2026-03-19 12:35:10 UTC,24,24,31.12,8.75,35.0,50.0,Safe
2026-03-19 12:35:20 UTC,24,24,33.64,9.03,35.0,49.7,Caution
2026-03-19 12:35:30 UTC,23,25,33.86,9.07,35.0,49.7,Caution
2026-03-19 12:35:40 UTC,22,23,30.98,8.75,35.1,49.6,Safe
2026-03-19 12:35:50 UTC,20,20,33.39,8.96,35.0,49.8,Caution
2026-03-19 12:36:00 UTC,20,20,30.54,8.72,35.0,49.6,Safe
2026-03-19 12:36:10 UTC,20,22,33.86,9.11,35.0,49.9,Caution
2026-03-19 12:36:20 UTC,18,22,30.35,8.65,35.0,49.8,Safe
2026-03-19 12:36:30 UTC,18,19,33.86,9.07,35.1,49.6,Caution
2026-03-19 12:36:40 UTC,20,20,31.33,8.79,35.1,49.7,Safe
2026-03-19 12:36:50 UTC,21,22,34.34,9.11,35.2,49.8,Caution
2026-03-19 12:37:00 UTC,20,22,34.24,9.11,35.3,49.7,Caution
2026-03-19 12:37:10 UTC,21,22,34.18,9.11,35.3,49.6,Caution
2026-03-19 12:37:20 UTC,21,22,34.63,9.18,35.4,49.5,Caution
2026-03-19 12:37:30 UTC,19,23,31.62,8.75,35.4,49.3,Safe
2026-03-19 12:37:40 UTC,20,23,34.34,9.11,35.5,49.2,Caution
2026-03-19 12:37:50 UTC,19,25,31.53,8.79,35.6,49.1,Safe
2026-03-19 12:38:00 UTC,19,25,34.24,9.07,35.6,49.0,Caution
2026-03-19 12:38:10 UTC,20,25,31.27,8.79,35.7,49.0,Safe
2026-03-19 12:38:20 UTC,20,25,34.08,9.11,35.7,49.0,Caution
2026-03-19 12:38:30 UTC,21,25,30.83,8.72,35.8,49.0,Safe
2026-03-19 12:38:40 UTC,20,21,34.34,9.11,35.8,48.9,Caution
2026-03-19 12:38:50 UTC,19,21,30.49,8.65,35.9,48.7,Safe
2026-03-19 12:39:00 UTC,20,21,31.04,8.79,35.9,48.2,Safe
2026-03-19 12:39:10 UTC,20,21,34.08,9.03,36.0,47.5,Caution
2026-03-19 12:39:20 UTC,22,24,31.33,8.79,36.0,47.6,Safe
2026-03-19 12:39:30 UTC,21,23,33.39,9.03,36.0,47.6,Caution
2026-03-19 12:39:40 UTC,20,23,31.33,8.79,36.1,47.4,Safe
2026-03-19 12:39:50 UTC,19,22,34.02,9.11,36.1,47.2,Caution
2026-03-19 12:40:00 UTC,19,22,32.13,8.79,36.1,47.5,Safe
2026-03-19 12:40:10 UTC,20,23,34.57,9.07,36.2,47.5,Caution
2026-03-19 12:40:20 UTC,21,26,31.12,8.72,36.2,47.7,Safe
2026-03-19 12:40:30 UTC,23,25,34.02,9.11,36.3,47.7,Caution
2026-03-19 12:40:40 UTC,24,27,34.73,9.11,36.4,48.0,Caution
2026-03-19 12:40:50 UTC,24,25,31.47,8.82,36.4,47.9,Safe
2026-03-19 12:41:00 UTC,26,27,34.24,9.07,36.5,47.9,Caution
2026-03-19 12:41:10 UTC,25,26,31.47,8.79,36.5,47.9,Safe
2026-03-19 12:41:20 UTC,25,26,34.4,9.11,36.6,47.6,Caution
2026-03-19 12:41:30 UTC,24,27,31.27,8.79,36.6,47.3,Safe
2026-03-19 12:41:40 UTC,24,28,33.8,9.07,36.7,47.1,Caution
2026-03-19 12:41:50 UTC,24,27,30.75,8.75,36.7,46.7,Safe
2026-03-19 12:42:00 UTC,24,27,34.02,9.14,36.7,46.5,Caution
2026-03-19 12:42:10 UTC,26,29,34.34,9.18,36.8,46.5,Caution
2026-03-19 12:42:20 UTC,29,31,34.34,9.07,36.8,46.3,Caution
2026-03-19 12:42:30 UTC,29,32,33.54,9.07,36.9,46.4,Caution
2026-03-19 12:42:40 UTC,28,32,30.75,8.65,36.8,46.4,Safe
2026-03-19 12:42:50 UTC,27,28,34.24,9.14,36.9,46.2,Caution
2026-03-19 12:43:00 UTC,28,29,31.47,8.75,36.9,46.3,Safe
2026-03-19 12:43:10 UTC,27,29,33.48,9.03,36.9,46.2,Caution
2026-03-19 12:43:20 UTC,27,30,31.62,8.72,37.0,46.2,Safe
2026-03-19 12:43:30 UTC,26,28,33.86,9.07,37.0,46.5,Caution
2026-03-19 12:43:40 UTC,25,27,31.12,8.72,37.1,46.7,Safe
2026-03-19 12:43:50 UTC,22,23,34.4,9.11,37.2,46.9,Caution
2026-03-19 12:44:00 UTC,21,24,31.12,8.79,37.2,46.6,Safe
2026-03-19 12:44:10 UTC,22,25,34.02,9.11,37.1,46.0,Caution
2026-03-19 12:44:20 UTC,21,23,34.24,9.11,37.0,46.4,Caution
2026-03-19 12:44:30 UTC,21,23,31.27,8.79,36.9,46.2,Safe
2026-03-19 12:44:40 UTC,21,24,34.02,9.18,36.8,46.0,Caution
2026-03-19 12:44:50 UTC,21,24,30.2,8.65,36.6,46.3,Safe
2026-03-19 12:45:00 UTC,20,23,34.34,9.14,36.6,46.7,Caution
2026-03-19 12:45:10 UTC,20,26,31.12,8.79,36.6,46.6,Safe
2026-03-19 12:45:20 UTC,20,26,33.92,9.07,36.6,46.5,Caution
2026-03-19 12:45:30 UTC,20,25,31.47,8.75,36.6,46.3,Safe
2026-03-19 12:45:40 UTC,19,22,33.39,9.0,36.7,46.3,Caution
2026-03-19 12:45:50 UTC,19,22,34.02,9.14,36.8,46.1,Caution
2026-03-19 12:46:00 UTC,20,22,31.27,8.82,36.8,46.0,Safe
2026-03-19 12:46:10 UTC,19,21,34.24,9.11,36.9,46.3,Caution
2026-03-19 12:46:20 UTC,20,21,31.27,8.79,37.0,46.7,Safe
2026-03-19 12:46:30 UTC,18,19,34.02,9.11,37.1,46.8,Caution
2026-03-19 12:46:40 UTC,18,18,31.39,8.79,37.0,46.9,Safe
2026-03-19 12:46:50 UTC,18,19,34.4,9.14,37.0,47.1,Caution
2026-03-19 12:47:00 UTC,18,20,31.12,8.79,36.9,46.8,Safe
2026-03-19 12:47:10 UTC,18,20,34.24,9.14,37.0,46.8,Caution
2026-03-19 12:47:20 UTC,18,19,33.86,9.07,37.1,46.6,Caution
2026-03-19 12:47:30 UTC,19,19,34.08,9.14,37.1,46.4,Caution
2026-03-19 12:47:40 UTC,18,20,31.47,8.82,37.2,46.5,Safe
2026-03-19 12:47:50 UTC,18,22,31.62,8.79,37.3,46.4,Safe
2026-03-19 12:48:00 UTC,18,22,34.18,9.14,37.4,46.3,Caution
2026-03-19 12:48:10 UTC,19,20,31.62,8.79,37.4,45.9,Safe
2026-03-19 12:48:20 UTC,20,20,34.02,9.14,37.5,45.8,Caution
2026-03-19 12:48:30 UTC,19,20,31.47,8.82,37.6,45.6,Safe
2026-03-19 12:48:40 UTC,19,20,34.24,9.11,37.7,45.2,Caution
2026-03-19 12:48:50 UTC,18,19,31.53,8.82,37.8,45.0,Safe
2026-03-19 12:49:00 UTC,18,19,34.57,9.14,37.8,45.0,Caution
2026-03-19 12:49:10 UTC,17,18,30.83,8.72,37.8,44.2,Safe
2026-03-19 12:49:20 UTC,16,18,33.86,9.11,37.7,43.7,Caution
2026-03-19 12:49:30 UTC,15,17,33.86,9.11,37.7,43.8,Caution
2026-03-19 12:49:40 UTC,13,16,31.62,8.75,37.7,44.2,Safe
2026-03-19 12:49:50 UTC,10,17,33.92,9.07,37.7,44.6,Caution
2026-03-19 12:50:00 UTC,9,17,31.53,8.75,37.8,44.9,Safe
2026-03-19 12:50:10 UTC,10,15,34.08,9.11,37.9,45.1,Caution
2026-03-19 12:50:20 UTC,9,13,31.92,8.82,38.0,44.9,Safe
2026-03-19 12:50:30 UTC,10,13,35.06,9.14,38.1,44.8,Caution
2026-03-19 12:50:40 UTC,12,15,32.19,8.62,38.2,44.9,Safe
2026-03-19 12:50:50 UTC,14,20,33.48,9.07,38.3,44.8,Caution
2026-03-19 12:51:00 UTC,14,19,34.96,9.18,38.4,44.5,Caution
2026-03-19 12:51:10 UTC,15,20,35.06,9.11,38.5,44.4,Caution
2026-03-19 12:51:20 UTC,16,22,34.63,9.11,38.6,44.1,Caution
2026-03-19 12:51:30 UTC,17,21,31.27,8.75,38.6,43.9,Safe
2026-03-19 12:51:40 UTC,18,21,34.96,9.18,38.6,43.5,Caution
2026-03-19 12:51:50 UTC,18,21,31.33,8.79,38.7,43.5,Safe
2026-03-19 12:52:00 UTC,20,22,35.95,9.25,38.7,43.4,Caution
2026-03-19 12:52:10 UTC,20,22,31.92,8.79,38.8,43.4,Safe
2026-03-19 12:52:20 UTC,19,22,34.08,9.18,38.8,43.6,Caution
2026-03-19 12:52:30 UTC,19,21,31.12,8.79,38.9,43.8,Safe
2026-03-19 12:52:40 UTC,19,20,33.8,9.07,38.9,43.6,Caution
2026-03-19 12:52:50 UTC,18,20,30.98,8.79,38.9,43.4,Safe
2026-03-19 12:53:00 UTC,15,17,31.33,8.79,38.8,42.2,Safe
2026-03-19 12:53:10 UTC,16,17,33.64,9.07,38.6,42.7,Caution
2026-03-19 12:53:20 UTC,16,18,30.54,8.68,38.4,42.7,Safe
2026-03-19 12:53:30 UTC,16,19,33.86,9.14,38.4,43.4,Caution
2026-03-19 12:53:40 UTC,15,19,31.47,8.79,38.4,43.5,Safe
2026-03-19 12:53:50 UTC,13,17,34.02,9.07,38.4,43.4,Caution
2026-03-19 12:54:00 UTC,13,15,31.39,8.79,38.5,43.6,Safe
2026-03-19 12:54:10 UTC,10,12,34.4,9.14,38.5,43.5,Caution
2026-03-19 12:54:20 UTC,9,12,31.33,8.79,38.6,43.4,Safe
2026-03-19 12:54:30 UTC,9,10,34.02,9.14,38.7,43.2,Caution
2026-03-19 12:54:40 UTC,10,11,33.86,9.07,38.8,43.1,Caution
2026-03-19 12:54:50 UTC,8,9,30.75,8.68,38.8,43.1,Safe
2026-03-19 12:55:00 UTC,7,9,33.7,9.03,38.7,42.8,Caution
2026-03-19 12:55:10 UTC,8,9,30.98,8.75,38.7,43.1,Safe
2026-03-19 12:55:20 UTC,7,11,34.08,9.11,38.8,43.5,Caution
2026-03-19 12:55:30 UTC,6,8,31.12,8.72,38.8,43.4,Safe
2026-03-19 12:55:40 UTC,5,6,34.18,9.11,38.8,43.2,Caution
2026-03-19 12:55:50 UTC,5,6,31.53,8.82,38.8,43.4,Safe
2026-03-19 12:56:00 UTC,6,7,34.5,9.11,38.9,43.7,Caution
2026-03-19 12:56:10 UTC,6,7,33.86,9.0,39.0,43.4,Caution
2026-03-19 12:56:20 UTC,6,7,34.4,9.14,39.0,42.9,Caution
2026-03-19 12:56:30 UTC,6,8,34.73,9.14,39.1,42.6,Caution
2026-03-19 12:56:40 UTC,7,8,31.53,8.79,39.2,42.1,Safe
2026-03-19 12:56:50 UTC,7,7,33.54,9.03,39.1,41.9,Caution
2026-03-19 12:57:00 UTC,7,7,30.54,8.68,39.1,42.3,Safe
2026-03-19 12:57:10 UTC,6,8,34.57,9.14,39.2,42.3,Caution
2026-03-19 12:57:20 UTC,6,7,30.98,8.79,39.1,41.8,Safe
2026-03-19 12:57:30 UTC,5,8,34.02,9.18,39.0,41.7,Caution
2026-03-19 12:57:40 UTC,5,8,31.39,8.79,39.0,41.9,Safe
2026-03-19 12:57:50 UTC,5,9,34.63,9.18,39.1,42.4,Caution
2026-03-19 12:58:00 UTC,5,7,31.47,8.75,39.1,42.5,Safe
2026-03-19 12:58:10 UTC,4,7,31.68,8.79,39.2,42.3,Safe
2026-03-19 12:58:20 UTC,5,7,34.73,9.14,39.1,42.4,Caution
2026-03-19 12:58:30 UTC,7,8,31.53,8.86,39.1,42.5,Safe
2026-03-19 12:58:40 UTC,8,12,34.34,9.21,39.2,42.9,Caution
2026-03-19 12:58:50 UTC,7,13,31.39,8.79,39.2,43.3,Safe
2026-03-19 12:59:00 UTC,7,11,34.24,9.14,39.2,43.3,Caution
2026-03-19 12:59:10 UTC,6,10,31.04,8.68,39.3,43.1,Safe
2026-03-19 12:59:20 UTC,6,8,34.18,9.11,39.3,43.1,Caution
2026-03-19 12:59:30 UTC,6,7,31.47,8.75,39.3,43.0,Safe
2026-03-19 12:59:40 UTC,4,6,34.02,9.11,39.2,41.9,Caution
2026-03-19 12:59:50 UTC,4,8,33.86,9.11,39.1,41.5,Caution
2026-03-19 13:00:00 UTC,4,5,30.4,8.72,39.0,42.0,Safe
2026-03-19 13:00:10 UTC,4,6,34.79,9.11,39.0,42.5,Caution
2026-03-19 13:00:20 UTC,4,6,31.53,8.79,39.1,42.7,Safe
2026-03-19 13:00:30 UTC,3,4,34.63,9.11,39.1,42.9,Caution
2026-03-19 13:00:40 UTC,3,5,31.68,8.79,39.1,42.9,Safe
2026-03-19 13:00:50 UTC,3,4,35.06,9.14,39.2,42.7,Caution
2026-03-19 13:01:00 UTC,3,5,31.62,8.82,39.3,42.9,Safe
2026-03-19 13:01:10 UTC,4,6,34.96,9.18,39.4,42.5,Caution
2026-03-19 13:01:20 UTC,3,5,34.24,9.14,39.4,42.1,Caution
2026-03-19 13:01:30 UTC,3,5,31.83,8.75,39.5,41.9,Safe
2026-03-19 13:01:40 UTC,3,6,34.63,9.11,39.5,41.9,Caution
2026-03-19 13:01:50 UTC,3,5,31.62,8.79,39.6,41.7,Safe
2026-03-19 13:02:00 UTC,5,5,34.63,9.11,39.6,42.1,Caution
2026-03-19 13:02:10 UTC,9,10,31.68,8.82,39.5,42.3,Safe
2026-03-19 13:02:20 UTC,8,11,33.92,9.11,39.6,42.6,Caution
2026-03-19 13:02:30 UTC,7,12,31.12,8.82,39.7,42.5,Safe
2026-03-19 13:02:40 UTC,9,15,33.7,9.07,39.7,42.1,Caution
2026-03-19 13:02:50 UTC,8,14,34.73,9.11,39.8,41.9,Caution
2026-03-19 13:03:00 UTC,6,9,34.4,9.11,39.9,41.3,Caution
2026-03-19 13:03:10 UTC,4,6,33.86,9.07,39.9,40.7,Caution
2026-03-19 13:03:20 UTC,3,4,31.53,8.75,40.0,40.7,Safe
2026-03-19 13:03:30 UTC,3,4,34.63,9.14,39.9,40.8,Caution
2026-03-19 13:03:40 UTC,3,6,30.83,8.72,39.7,40.0,Safe
2026-03-19 13:03:50 UTC,3,5,34.34,9.14,39.7,40.7,Caution
2026-03-19 13:04:00 UTC,2,7,31.83,8.79,39.7,41.1,Safe
2026-03-19 13:04:10 UTC,2,5,34.24,9.07,39.8,41.4,Caution
2026-03-19 13:04:20 UTC,2,4,31.27,8.79,39.9,41.5,Safe
2026-03-19 13:04:30 UTC,4,8,34.5,9.11,40.0,41.7,Caution
2026-03-19 13:04:40 UTC,6,6,31.92,8.82,40.1,41.1,Safe
2026-03-19 13:04:50 UTC,5,6,34.63,9.11,40.1,40.4,Caution
2026-03-19 13:05:00 UTC,5,6,34.4,9.18,40.1,40.0,Caution
2026-03-19 13:05:10 UTC,3,7,31.62,8.86,40.1,39.9,Safe
2026-03-19 13:05:20 UTC,5,12,34.24,9.18,40.0,40.5,Caution
2026-03-19 13:05:30 UTC,3,7,31.53,8.82,39.9,40.2,Safe
2026-03-19 13:05:40 UTC,3,4,34.08,9.14,39.8,40.3,Caution
2026-03-19 13:05:50 UTC,3,4,30.83,8.72,39.8,40.9,Safe
2026-03-19 13:06:00 UTC,4,5,33.8,9.03,39.9,41.1,Caution
2026-03-19 13:06:10 UTC,2,4,31.47,8.72,39.9,41.2,Safe
2026-03-19 13:06:20 UTC,3,3,34.34,9.14,40.0,41.2,Caution
2026-03-19 13:06:30 UTC,3,3,34.73,9.14,40.0,41.2,Caution
2026-03-19 13:06:40 UTC,2,3,30.98,8.72,40.2,40.7,Safe
2026-03-19 13:06:50 UTC,1,2,34.34,9.11,40.3,40.4,Caution
2026-03-19 13:07:00 UTC,1,2,31.04,8.68,40.3,40.2,Safe
2026-03-19 13:07:10 UTC,1,1,33.92,9.07,40.2,39.8,Caution
2026-03-19 13:07:20 UTC,1,1,31.39,8.79,40.1,39.7,Safe
2026-03-19 13:07:30 UTC,2,2,34.63,9.18,40.1,39.9,Caution
2026-03-19 13:07:40 UTC,4,6,31.83,8.72,40.1,40.2,Safe
2026-03-19 13:07:50 UTC,3,6,34.08,9.11,40.2,40.3,Caution
2026-03-19 13:08:00 UTC,3,6,34.89,9.18,40.2,40.4,Caution
2026-03-19 13:08:10 UTC,1,5,33.7,9.03,40.3,40.1,Caution
2026-03-19 13:08:20 UTC,2,4,33.92,9.11,40.3,40.0,Caution
2026-03-19 13:08:30 UTC,2,3,31.47,8.72,40.3,40.1,Safe
2026-03-19 13:08:40 UTC,1,2,34.08,9.07,40.3,40.1,Caution
2026-03-19 13:08:50 UTC,1,1,31.77,8.79,40.3,40.0,Safe
2026-03-19 13:09:00 UTC,0,0,33.7,9.07,40.4,39.8,Caution
2026-03-19 13:09:10 UTC,0,2,31.62,8.75,40.3,40.1,Safe
2026-03-19 13:09:20 UTC,1,1,34.63,9.11,40.3,40.0,Caution
2026-03-19 13:09:30 UTC,1,1,31.39,8.79,40.3,39.5,Safe
2026-03-19 13:09:40 UTC,1,1,33.86,9.11,40.1,39.2,Caution
2026-03-19 13:09:50 UTC,1,1,31.33,8.79,39.9,39.4,Safe
2026-03-19 13:10:00 UTC,1,1,33.86,9.11,39.8,39.6,Caution
2026-03-19 13:10:10 UTC,1,1,33.86,9.11,39.6,39.5,Caution
2026-03-19 13:10:20 UTC,2,2,31.83,8.79,39.2,39.6,Safe
2026-03-19 13:10:30 UTC,2,3,34.63,9.18,39.0,40.5,Caution
2026-03-19 13:10:40 UTC,1,1,31.62,8.79,38.8,41.3,Safe
2026-03-19 13:10:50 UTC,1,1,34.63,9.21,38.6,41.7,Caution
2026-03-19 13:11:00 UTC,2,2,31.92,8.79,38.1,42.0,Safe
2026-03-19 13:11:10 UTC,2,3,34.57,9.21,37.8,42.6,Caution
2026-03-19 13:11:20 UTC,2,3,31.18,8.79,37.7,43.1,Safe
2026-03-19 13:11:30 UTC,2,2,33.86,9.03,37.7,43.6,Caution
2026-03-19 13:11:40 UTC,2,2,34.18,9.18,37.7,43.6,Caution
2026-03-19 13:11:50 UTC,2,2,31.27,8.72,37.8,43.9,Safe
2026-03-19 13:12:00 UTC,2,3,34.08,9.14,37.6,44.4,Caution
2026-03-19 13:12:10 UTC,3,3,31.62,8.75,37.6,44.6,Safe
2026-03-19 13:12:20 UTC,2,5,34.08,9.18,37.7,44.7,Caution
2026-03-19 13:12:30 UTC,1,3,31.39,8.82,37.8,44.7,Safe
2026-03-19 13:12:40 UTC,2,4,34.08,9.18,37.9,44.0,Caution
2026-03-19 13:12:50 UTC,3,5,31.77,8.79,38.0,44.0,Safe
2026-03-19 13:13:00 UTC,3,3,34.57,9.14,38.2,43.9,Caution
2026-03-19 13:13:10 UTC,3,5,31.68,8.82,38.3,43.9,Safe
2026-03-19 13:13:20 UTC,3,3,34.34,9.14,38.4,43.8,Caution
2026-03-19 13:13:30 UTC,2,2,31.53,8.79,38.6,43.5,Safe
2026-03-19 13:13:40 UTC,2,2,31.83,8.82,38.7,43.1,Safe
2026-03-19 13:13:50 UTC,2,2,35.12,9.18,38.9,43.1,Caution
2026-03-19 13:14:00 UTC,2,2,31.83,8.86,39.0,43.0,Safe
2026-03-19 13:14:10 UTC,3,3,34.89,9.18,39.1,42.8,Caution
2026-03-19 13:14:20 UTC,3,3,31.33,8.75,39.1,42.2,Safe
2026-03-19 13:14:30 UTC,2,2,35.12,9.18,39.1,42.2,Caution
2026-03-19 13:14:40 UTC,2,2,31.77,8.82,39.0,41.7,Safe
2026-03-19 13:14:50 UTC,4,4,34.57,9.14,38.8,41.4,Caution
2026-03-19 13:15:00 UTC,3,3,31.92,8.79,38.7,41.8,Safe
2026-03-19 13:15:10 UTC,3,4,34.4,9.18,38.7,42.3,Caution
2026-03-19 13:15:20 UTC,2,4,34.89,9.14,38.8,42.3,Caution
2026-03-19 13:15:30 UTC,1,1,31.98,8.79,38.8,42.2,Safe
2026-03-19 13:15:40 UTC,1,1,34.4,9.07,38.8,41.9,Caution
2026-03-19 13:15:50 UTC,2,2,31.12,8.72,38.7,42.1,Safe
2026-03-19 13:16:00 UTC,1,2,34.57,9.14,38.7,42.7,Caution
2026-03-19 13:16:10 UTC,2,2,31.68,8.82,38.6,42.6,Safe
2026-03-19 13:16:20 UTC,3,3,33.86,9.07,38.6,42.6,Caution
2026-03-19 13:16:30 UTC,2,3,31.47,8.82,38.6,42.7,Safe
2026-03-19 13:16:40 UTC,3,3,35.06,9.18,38.5,42.8,Caution
2026-03-19 13:16:50 UTC,3,3,34.4,9.18,38.4,42.9,Caution
2026-03-19 13:17:00 UTC,2,4,34.4,9.14,38.4,43.1,Caution
2026-03-19 13:17:10 UTC,4,4,34.24,9.18,38.3,43.2,Caution
2026-03-19 13:17:20 UTC,5,5,31.83,8.82,38.3,43.1,Safe
2026-03-19 13:17:30 UTC,4,4,34.34,9.14,38.3,43.2,Caution
2026-03-19 13:17:40 UTC,4,4,31.62,8.82,38.4,43.1,Safe
2026-03-19 13:17:50 UTC,3,3,34.73,9.11,38.4,42.9,Caution
2026-03-19 13:18:00 UTC,2,4,31.53,8.82,38.4,43.0,Safe
2026-03-19 13:18:10 UTC,1,2,34.4,9.14,38.3,42.4,Caution
2026-03-19 13:18:20 UTC,1,1,30.83,8.72,38.1,42.9,Safe
2026-03-19 13:18:30 UTC,1,2,33.8,9.14,38.0,43.2,Caution
2026-03-19 13:18:40 UTC,1,2,31.62,8.82,38.0,43.3,Safe
2026-03-19 13:18:50 UTC,1,3,31.47,8.75,38.0,43.3,Safe
2026-03-19 13:19:00 UTC,2,5,34.89,9.14,38.0,43.4,Caution
2026-03-19 13:19:10 UTC,3,5,32.19,8.82,38.1,43.4,Safe
2026-03-19 13:19:20 UTC,4,4,34.24,9.14,38.1,43.2,Caution
2026-03-19 13:19:30 UTC,4,5,30.35,8.72,38.2,43.1,Safe
2026-03-19 13:19:40 UTC,4,4,34.34,9.18,38.2,42.9,Caution
2026-03-19 13:19:50 UTC,3,3,30.75,8.79,38.2,43.1,Safe
2026-03-19 13:20:00 UTC,2,2,34.73,9.14,38.2,43.0,Caution
2026-03-19 13:20:10 UTC,2,3,31.47,8.79,38.1,42.7,Safe
2026-03-19 13:20:20 UTC,2,2,34.4,9.18,38.1,42.7,Caution
2026-03-19 13:20:30 UTC,2,5,34.24,9.11,38.1,42.7,Caution
2026-03-19 13:20:40 UTC,2,3,30.69,8.65,38.0,42.7,Safe
2026-03-19 13:20:50 UTC,2,4,33.17,9.03,37.8,42.5,Caution
2026-03-19 13:21:00 UTC,2,5,31.47,8.82,37.7,42.8,Safe
2026-03-19 13:21:10 UTC,3,4,34.57,9.11,37.5,43.1,Caution
2026-03-19 13:21:20 UTC,3,5,31.68,8.79,37.5,43.5,Safe
2026-03-19 13:21:30 UTC,2,3,34.4,9.14,37.5,43.4,Caution
2026-03-19 13:21:40 UTC,4,4,31.47,8.79,37.4,43.5,Safe
2026-03-19 13:21:50 UTC,2,2,34.4,9.14,37.3,43.7,Caution
2026-03-19 13:22:00 UTC,2,2,34.57,9.11,37.3,43.7,Caution
2026-03-19 13:22:10 UTC,3,3,34.4,9.11,37.2,43.8,Caution
2026-03-19 13:22:20 UTC,3,3,34.63,9.11,37.2,43.9,Caution
2026-03-19 13:22:30 UTC,2,3,31.39,8.75,37.2,44.0,Safe
2026-03-19 13:22:40 UTC,2,2,35.12,9.14,37.3,43.9,Caution
2026-03-19 13:22:50 UTC,2,2,31.92,8.75,37.3,44.0,Safe
2026-03-19 13:23:00 UTC,2,2,34.57,9.14,37.4,44.0,Caution
2026-03-19 13:23:10 UTC,3,4,31.47,8.79,37.4,43.8,Safe
2026-03-19 13:23:20 UTC,3,6,34.89,9.14,37.3,43.5,Caution
2026-03-19 13:23:30 UTC,3,6,30.89,8.75,37.3,43.5,Safe
2026-03-19 13:23:40 UTC,3,4,34.18,9.11,37.3,43.6,Caution
2026-03-19 13:23:50 UTC,2,2,31.04,8.75,37.2,43.8,Safe
2026-03-19 13:24:00 UTC,2,2,34.4,9.11,37.3,43.7,Caution
2026-03-19 13:24:10 UTC,2,3,33.86,9.07,37.2,43.8,Caution
2026-03-19 13:24:20 UTC,2,3,30.98,8.68,37.2,43.7,Safe
2026-03-19 13:24:30 UTC,2,3,33.8,9.11,37.2,43.8,Caution
2026-03-19 13:24:40 UTC,4,5,31.12,8.72,37.2,43.9,Safe
2026-03-19 13:24:50 UTC,6,6,34.24,9.11,37.3,44.0,Caution
2026-03-19 13:25:00 UTC,6,6,31.47,8.79,37.3,44.5,Safe
2026-03-19 13:25:10 UTC,5,5,33.64,9.07,37.3,44.9,Caution
2026-03-19 13:25:20 UTC,3,6,31.77,8.79,37.4,44.6,Safe
2026-03-19 13:25:30 UTC,3,6,33.86,9.07,37.4,44.8,Caution
2026-03-19 13:25:40 UTC,3,3,34.34,9.18,37.4,44.7,Caution
2026-03-19 13:25:50 UTC,3,4,32.13,8.82,37.4,44.7,Safe
2026-03-19 13:26:00 UTC,4,4,34.96,9.18,37.5,44.7,Caution
2026-03-19 13:26:10 UTC,4,5,31.53,8.79,37.6,44.5,Safe
2026-03-19 13:26:20 UTC,4,5,34.79,9.11,37.6,44.3,Caution
2026-03-19 13:26:30 UTC,3,4,31.98,8.79,37.6,44.3,Safe
2026-03-19 13:26:40 UTC,4,4,34.4,9.14,37.6,44.0,Caution
2026-03-19 13:26:50 UTC,4,5,31.62,8.79,37.6,44.0,Safe
2026-03-19 13:27:00 UTC,3,4,34.73,9.14,37.6,43.9,Caution
2026-03-19 13:27:10 UTC,5,5,34.79,9.14,37.6,43.9,Caution
2026-03-19 13:27:20 UTC,4,5,34.79,9.18,37.7,43.9,Caution
2026-03-19 13:27:30 UTC,4,4,34.79,9.14,37.7,44.0,Caution
2026-03-19 13:27:40 UTC,3,4,31.12,8.68,37.8,43.8,Safe
2026-03-19 13:27:50 UTC,4,5,34.63,9.11,37.8,43.9,Caution
2026-03-19 13:28:00 UTC,4,4,31.83,8.82,37.8,43.9,Safe
2026-03-19 13:28:10 UTC,4,4,34.96,9.18,37.8,43.4,Caution
2026-03-19 13:28:20 UTC,4,5,31.53,8.79,37.7,43.5,Safe
2026-03-19 13:28:30 UTC,2,2,34.96,9.18,37.7,43.6,Caution
2026-03-19 13:28:40 UTC,2,3,31.92,8.79,37.7,43.5,Safe
2026-03-19 13:28:50 UTC,3,4,33.48,9.0,37.7,43.6,Caution
2026-03-19 13:29:00 UTC,3,3,30.83,8.65,37.7,43.5,Safe
2026-03-19 13:29:10 UTC,3,3,34.4,9.14,37.8,43.4,Caution
2026-03-19 13:29:20 UTC,3,3,34.79,9.18,37.8,43.3,Caution
2026-03-19 13:29:30 UTC,3,3,31.53,8.79,37.8,43.3,Safe
2026-03-19 13:29:40 UTC,3,3,33.54,9.0,37.6,43.6,Caution
2026-03-19 13:29:50 UTC,4,4,31.33,8.79,37.3,44.3,Safe
2026-03-19 13:30:00 UTC,5,5,33.64,9.07,37.2,44.4,Caution
2026-03-19 13:30:10 UTC,5,6,31.04,8.72,37.1,44.6,Safe
2026-03-19 13:30:20 UTC,6,7,34.24,9.11,37.1,44.6,Caution
2026-03-19 13:30:30 UTC,5,8,31.98,8.79,37.0,44.6,Safe
2026-03-19 13:30:40 UTC,5,7,34.73,9.14,37.1,44.7,Caution
2026-03-19 13:30:50 UTC,5,7,34.4,9.11,37.1,44.7,Caution
2026-03-19 13:31:00 UTC,4,6,31.77,8.75,37.2,44.5,Safe
2026-03-19 13:31:10 UTC,4,5,34.5,9.18,37.3,44.3,Caution
2026-03-19 13:31:20 UTC,4,6,31.68,8.75,37.4,44.2,Safe
2026-03-19 13:31:30 UTC,4,4,34.73,9.14,37.5,44.2,Caution
2026-03-19 13:31:40 UTC,4,4,31.62,8.75,37.5,44.2,Safe
2026-03-19 13:31:50 UTC,5,6,34.63,9.11,37.5,44.3,Caution
2026-03-19 13:32:00 UTC,5,5,31.62,8.82,37.5,44.2,Safe
2026-03-19 13:32:10 UTC,4,5,33.86,9.55,37.5,44.3,Caution
2026-03-19 13:32:20 UTC,5,5,34.73,9.18,37.5,44.1,Caution
2026-03-19 13:32:30 UTC,4,5,34.34,9.07,37.5,43.6,Caution
2026-03-19 13:32:40 UTC,4,7,31.18,8.79,37.5,43.3,Safe
2026-03-19 13:32:50 UTC,5,7,31.39,8.72,37.4,43.2,Safe
2026-03-19 13:33:00 UTC,4,6,33.86,9.07,37.4,43.5,Caution
2026-03-19 13:33:10 UTC,4,5,31.39,8.79,37.3,43.8,Safe
2026-03-19 13:33:20 UTC,4,5,34.63,9.11,37.3,44.0,Caution
2026-03-19 13:33:30 UTC,4,6,31.83,8.75,37.4,44.2,Safe
2026-03-19 13:33:40 UTC,5,7,34.4,9.11,37.3,44.4,Caution
2026-03-19 13:33:50 UTC,5,6,31.53,8.79,37.3,44.6,Safe
2026-03-19 13:34:00 UTC,4,5,34.73,9.14,37.3,44.6,Caution
2026-03-19 13:34:10 UTC,5,5,31.39,8.79,37.3,44.6,Safe
2026-03-19 13:34:20 UTC,4,6,34.4,9.14,37.2,44.8,Caution
2026-03-19 13:34:30 UTC,4,6,34.73,9.11,37.2,44.9,Caution
2026-03-19 13:34:40 UTC,5,6,30.63,8.72,37.1,45.1,Safe
2026-03-19 13:34:50 UTC,3,4,34.18,9.14,37.1,45.1,Caution
2026-03-19 13:35:00 UTC,2,4,31.39,8.75,36.9,45.2,Safe
2026-03-19 13:35:10 UTC,3,3,33.48,9.07,36.9,45.3,Caution
2026-03-19 13:35:20 UTC,3,3,31.39,8.79,36.8,45.2,Safe
2026-03-19 13:35:30 UTC,3,3,33.92,9.11,36.8,45.3,Caution
2026-03-19 13:35:40 UTC,3,3,31.62,8.79,36.9,45.3,Safe
2026-03-19 13:35:50 UTC,3,3,34.02,9.14,36.9,45.2,Caution
2026-03-19 13:36:00 UTC,3,4,34.34,9.14,36.9,45.5,Caution
2026-03-19 13:36:10 UTC,3,5,30.89,8.68,36.9,45.4,Safe
2026-03-19 13:36:20 UTC,3,6,33.64,9.07,36.8,45.3,Caution
2026-03-19 13:36:30 UTC,4,6,30.83,8.75,36.8,45.4,Safe
2026-03-19 13:36:40 UTC,5,5,34.24,9.07,36.8,45.4,Caution
2026-03-19 13:36:50 UTC,5,6,31.18,8.79,36.9,45.5,Safe
2026-03-19 13:37:00 UTC,5,5,33.17,9.03,36.9,45.5,Caution
2026-03-19 13:37:10 UTC,4,5,30.12,8.65,36.9,45.4,Safe
2026-03-19 13:37:20 UTC,4,5,34.18,9.11,36.9,45.5,Caution
2026-03-19 13:37:30 UTC,3,5,31.04,8.68,36.7,45.6,Safe
2026-03-19 13:37:40 UTC,3,4,32.71,8.93,36.4,46.3,Safe
2026-03-19 13:37:50 UTC,4,5,31.04,8.79,36.3,46.7,Safe
2026-03-19 13:38:00 UTC,2,4,31.39,8.72,36.1,46.8,Safe
2026-03-19 13:38:10 UTC,2,3,31.92,8.89,36.0,46.8,Safe
2026-03-19 13:38:20 UTC,2,2,31.39,8.75,35.9,47.0,Safe
2026-03-19 13:38:30 UTC,2,3,34.18,9.14,35.9,47.1,Caution
2026-03-19 13:38:40 UTC,3,4,29.64,8.68,35.9,47.2,Safe
2026-03-19 13:38:50 UTC,3,4,33.86,9.07,36.0,47.2,Caution
2026-03-19 13:39:00 UTC,3,3,30.69,8.68,36.0,47.0,Safe
2026-03-19 13:39:10 UTC,3,3,33.39,9.07,36.1,46.8,Caution
2026-03-19 13:39:20 UTC,2,2,30.49,8.65,36.1,46.9,Safe
2026-03-19 13:39:30 UTC,2,2,33.17,9.0,36.1,46.9,Caution
2026-03-19 13:39:40 UTC,3,3,34.02,9.14,36.2,46.7,Caution
2026-03-19 13:39:50 UTC,3,3,31.62,8.79,36.2,46.8,Safe
2026-03-19 13:40:00 UTC,2,3,34.08,9.14,36.3,47.0,Caution
2026-03-19 13:40:10 UTC,2,4,31.83,8.79,36.3,47.0,Safe
2026-03-19 13:40:20 UTC,3,5,34.34,9.14,36.3,46.8,Caution
2026-03-19 13:40:30 UTC,3,5,31.62,8.82,36.3,46.7,Safe
2026-03-19 13:40:40 UTC,4,5,33.92,9.07,36.4,46.7,Caution
2026-03-19 13:40:50 UTC,3,5,30.4,8.65,36.4,46.6,Safe
2026-03-19 13:41:00 UTC,3,4,33.92,9.07,36.4,46.6,Caution
2026-03-19 13:41:10 UTC,3,4,33.33,8.96,36.3,46.6,Caution
2026-03-19 13:41:20 UTC,3,4,34.02,9.18,36.3,46.9,Caution
2026-03-19 13:41:30 UTC,3,3,33.86,9.07,36.2,47.1,Caution
2026-03-19 13:41:40 UTC,3,4,31.39,8.79,36.2,47.1,Safe
2026-03-19 13:41:50 UTC,3,4,34.08,9.11,36.1,47.1,Caution
2026-03-19 13:42:00 UTC,2,2,30.69,8.68,36.1,46.9,Safe
2026-03-19 13:42:10 UTC,2,3,34.24,9.14,36.0,47.0,Caution
2026-03-19 13:42:20 UTC,3,4,31.39,8.75,35.7,47.3,Safe
2026-03-19 13:42:30 UTC,2,4,34.34,9.11,35.6,47.6,Caution
2026-03-19 13:42:40 UTC,2,4,31.12,8.79,35.6,47.8,Safe
2026-03-19 13:42:50 UTC,3,4,34.24,9.11,35.6,48.0,Caution
2026-03-19 13:43:00 UTC,3,4,31.47,8.75,35.5,48.0,Safe
2026-03-19 13:43:10 UTC,4,5,34.18,9.11,35.5,48.1,Caution
2026-03-19 13:43:20 UTC,3,5,33.48,9.07,35.5,48.1,Caution
2026-03-19 13:43:30 UTC,2,5,30.63,8.65,35.5,48.1,Safe
2026-03-19 13:43:40 UTC,2,3,33.86,9.11,35.5,48.2,Caution
2026-03-19 13:43:50 UTC,1,2,31.18,8.79,35.5,48.2,Safe
2026-03-19 13:44:00 UTC,1,2,34.34,9.11,35.6,48.1,Caution
2026-03-19 13:44:10 UTC,2,2,31.18,8.75,35.6,48.0,Safe
2026-03-19 13:44:20 UTC,2,2,33.48,9.03,35.6,47.9,Caution
2026-03-19 13:44:30 UTC,0,0,30.54,8.65,35.7,47.8,Safe
2026-03-19 13:44:40 UTC,0,0,34.24,9.07,35.7,47.8,Caution
2026-03-19 13:44:50 UTC,0,0,33.48,9.07,35.7,47.8,Caution
2026-03-19 13:45:00 UTC,2,3,30.26,8.65,35.7,47.8,Safe
2026-03-19 13:45:10 UTC,2,2,33.86,9.11,35.7,47.9,Caution
2026-03-19 13:45:20 UTC,2,3,31.27,8.79,35.6,48.0,Safe
2026-03-19 13:45:30 UTC,3,4,33.8,9.07,35.6,48.0,Caution
2026-03-19 13:45:40 UTC,3,3,31.18,8.79,35.6,48.0,Safe
2026-03-19 13:45:50 UTC,3,3,33.39,9.03,35.6,48.2,Caution
2026-03-19 13:46:00 UTC,2,3,31.62,8.75,35.6,48.1,Safe
2026-03-19 13:46:10 UTC,1,1,34.02,9.11,35.6,48.2,Caution
2026-03-19 13:46:20 UTC,1,1,33.86,9.07,35.6,48.2,Caution
2026-03-19 13:46:30 UTC,1,3,33.64,9.0,35.6,48.1,Caution
2026-03-19 13:46:40 UTC,1,4,31.27,8.79,35.7,48.1,Safe
2026-03-19 13:46:50 UTC,1,4,31.53,8.75,35.7,48.2,Safe
2026-03-19 13:47:00 UTC,2,4,33.86,9.07,35.7,48.1,Caution
2026-03-19 13:47:10 UTC,2,4,31.27,8.75,35.6,47.9,Safe
2026-03-19 13:47:20 UTC,4,5,33.8,9.11,35.7,48.0,Caution
2026-03-19 13:47:30 UTC,4,7,30.49,8.72,35.6,48.0,Safe
2026-03-19 13:47:40 UTC,3,5,34.24,9.14,35.6,48.2,Caution
2026-03-19 13:47:50 UTC,4,7,31.47,8.79,35.5,48.4,Safe
2026-03-19 13:48:00 UTC,2,5,34.02,9.11,35.5,48.4,Caution
2026-03-19 13:48:10 UTC,3,5,31.18,8.75,35.5,48.3,Safe
2026-03-19 13:48:20 UTC,4,5,33.17,9.0,35.4,48.1,Caution
2026-03-19 13:48:30 UTC,3,5,34.5,9.14,35.4,48.2,Caution
2026-03-19 13:48:40 UTC,3,6,31.04,8.79,35.4,48.1,Safe
2026-03-19 13:48:50 UTC,2,5,33.92,9.11,35.5,48.1,Caution
2026-03-19 13:49:00 UTC,2,5,31.33,8.79,35.5,48.4,Safe
2026-03-19 13:49:10 UTC,3,5,34.4,9.14,35.6,48.7,Caution
2026-03-19 13:49:20 UTC,3,5,31.53,8.79,35.7,48.7,Safe
2026-03-19 13:49:30 UTC,3,3,34.08,9.11,35.8,48.9,Caution
2026-03-19 13:49:40 UTC,3,4,31.53,8.79,35.8,49.2,Safe
2026-03-19 13:49:50 UTC,3,4,34.73,9.14,35.9,48.9,Caution
2026-03-19 13:50:00 UTC,2,4,33.7,9.11,36.0,49.3,Caution
2026-03-19 13:50:10 UTC,2,2,33.92,9.11,35.9,47.8,Caution
2026-03-19 13:50:20 UTC,2,2,34.24,9.14,35.8,47.8,Caution
2026-03-19 13:50:30 UTC,2,2,31.04,8.79,35.8,48.1,Safe
2026-03-19 13:50:40 UTC,2,3,33.64,9.07,35.9,48.2,Caution
2026-03-19 13:50:50 UTC,3,3,31.27,8.75,36.0,48.1,Safe
2026-03-19 13:51:00 UTC,4,4,33.86,9.11,36.0,48.0,Caution
2026-03-19 13:51:10 UTC,4,4,31.53,8.79,36.0,47.9,Safe
2026-03-19 13:51:20 UTC,3,6,33.48,9.07,36.0,47.8,Caution
2026-03-19 13:51:30 UTC,4,5,30.98,8.75,36.0,47.8,Safe
2026-03-19 13:51:40 UTC,4,4,34.4,9.14,36.0,47.7,Caution
2026-03-19 13:51:50 UTC,4,6,31.33,8.75,36.1,47.7,Safe
2026-03-19 13:52:00 UTC,5,6,31.33,8.79,36.1,47.5,Safe
2026-03-19 13:52:10 UTC,4,5,34.34,9.14,36.2,47.4,Caution
2026-03-19 13:52:20 UTC,4,4,31.39,8.79,36.2,47.3,Safe
2026-03-19 13:52:30 UTC,3,4,33.86,9.11,36.2,47.4,Caution
2026-03-19 13:52:40 UTC,4,6,31.12,8.75,36.2,47.3,Safe
2026-03-19 13:52:50 UTC,5,6,34.63,9.14,36.2,47.6,Caution
2026-03-19 13:53:00 UTC,6,8,31.92,8.79,36.2,47.5,Safe
2026-03-19 13:53:10 UTC,7,9,34.02,9.14,36.3,47.3,Caution
2026-03-19 13:53:20 UTC,4,7,30.63,8.68,36.3,47.3,Safe
2026-03-19 13:53:30 UTC,4,5,34.24,9.11,36.3,47.2,Caution
2026-03-19 13:53:40 UTC,5,5,34.02,9.11,36.2,47.0,Caution
2026-03-19 13:53:50 UTC,4,5,31.53,8.75,36.1,46.9,Safe
2026-03-19 13:54:00 UTC,3,4,34.08,9.11,36.0,46.9,Caution
2026-03-19 13:54:10 UTC,6,8,30.35,8.68,36.0,47.1,Safe
2026-03-19 13:54:20 UTC,12,17,33.86,9.07,36.0,47.2,Caution
2026-03-19 13:54:30 UTC,15,21,31.83,8.82,36.0,47.3,Safe
2026-03-19 13:54:40 UTC,16,21,34.02,9.11,36.1,47.2,Caution
2026-03-19 13:54:50 UTC,14,17,31.47,8.82,36.1,47.0,Safe
2026-03-19 13:55:00 UTC,8,14,34.57,9.14,36.1,47.0,Caution
2026-03-19 13:55:10 UTC,6,10,32.95,8.96,36.1,46.8,Caution
2026-03-19 13:55:20 UTC,6,7,34.02,9.11,36.1,46.9,Caution
2026-03-19 13:55:30 UTC,5,9,31.18,8.75,36.1,46.9,Safe
2026-03-19 13:55:40 UTC,8,11,31.39,8.75,36.2,46.7,Safe
2026-03-19 13:55:50 UTC,8,11,34.24,9.14,36.3,46.6,Caution
2026-03-19 13:56:00 UTC,8,14,31.68,8.79,36.3,46.8,Safe
2026-03-19 13:56:10 UTC,9,15,34.24,9.11,36.4,46.8,Caution
2026-03-19 13:56:20 UTC,8,13,31.62,8.79,36.4,46.7,Safe
2026-03-19 13:56:30 UTC,8,14,34.18,9.11,36.4,46.8,Caution
2026-03-19 13:56:40 UTC,8,14,31.27,8.75,36.5,46.8,Safe
2026-03-19 13:56:50 UTC,6,12,34.4,9.14,36.6,46.8,Caution
2026-03-19 13:57:00 UTC,6,9,31.53,8.75,36.7,46.6,Safe
2026-03-19 13:57:10 UTC,5,8,34.96,9.14,36.7,46.7,Caution
2026-03-19 13:57:20 UTC,4,5,33.39,9.03,36.7,46.5,Caution
2026-03-19 13:57:30 UTC,4,4,31.27,8.79,36.7,46.5,Safe
2026-03-19 13:57:40 UTC,1,3,34.5,9.11,36.6,46.1,Caution
2026-03-19 13:57:50 UTC,2,6,30.4,8.68,36.6,46.3,Safe
2026-03-19 13:58:00 UTC,3,4,34.4,9.11,36.6,46.5,Caution
2026-03-19 13:58:10 UTC,3,4,30.54,8.65,36.6,46.5,Safe
2026-03-19 13:58:20 UTC,3,5,34.24,9.14,36.7,46.5,Caution
2026-03-19 13:58:30 UTC,5,5,31.27,8.79,36.7,46.4,Safe
2026-03-19 13:58:40 UTC,4,6,34.73,9.14,36.6,46.1,Caution
2026-03-19 13:58:50 UTC,4,5,33.92,9.11,36.6,46.1,Caution
2026-03-19 13:59:00 UTC,4,6,31.53,8.82,36.6,46.2,Safe
2026-03-19 13:59:10 UTC,3,5,34.34,9.11,36.6,46.6,Caution
2026-03-19 13:59:20 UTC,3,3,30.69,8.75,36.6,46.7,Safe
2026-03-19 13:59:30 UTC,4,4,34.08,9.11,36.6,46.8,Caution
2026-03-19 13:59:40 UTC,3,4,31.27,8.79,36.6,47.0,Safe
2026-03-19 13:59:50 UTC,4,5,34.34,9.11,36.6,46.8,Caution
2026-03-19 14:00:00 UTC,3,5,31.47,8.75,36.6,46.6,Safe
2026-03-19 14:00:10 UTC,2,3,34.34,9.14,36.6,46.5,Caution
2026-03-19 14:00:20 UTC,2,3,31.62,8.79,36.6,46.6,Safe
2026-03-19 14:00:30 UTC,2,3,33.7,9.07,36.6,46.6,Caution
2026-03-19 14:00:40 UTC,2,3,31.18,8.79,36.7,46.3,Safe
2026-03-19 14:00:50 UTC,2,3,31.68,8.79,36.6,46.0,Safe
2026-03-19 14:01:00 UTC,1,1,34.08,9.07,36.6,46.0,Caution
2026-03-19 14:01:10 UTC,1,1,31.68,8.79,36.6,46.0,Safe
2026-03-19 14:01:20 UTC,1,2,34.18,9.11,36.6,46.0,Caution
2026-03-19 14:01:30 UTC,2,4,30.89,8.75,36.5,45.8,Safe
2026-03-19 14:01:40 UTC,1,3,33.86,9.11,36.4,45.8,Caution
2026-03-19 14:01:50 UTC,1,3,31.33,8.79,36.3,45.9,Safe
2026-03-19 14:02:00 UTC,1,3,34.02,9.07,36.2,46.1,Caution
2026-03-19 14:02:10 UTC,2,3,31.53,8.79,36.2,46.5,Safe
2026-03-19 14:02:20 UTC,3,4,34.08,9.11,36.2,47.0,Caution
2026-03-19 14:02:30 UTC,2,3,33.86,9.07,36.1,47.4,Caution
2026-03-19 14:02:40 UTC,3,3,31.39,8.75,36.1,47.5,Safe
2026-03-19 14:02:50 UTC,3,4,33.86,9.11,36.1,47.7,Caution
2026-03-19 14:03:00 UTC,4,4,31.39,8.79,36.0,47.8,Safe
2026-03-19 14:03:10 UTC,5,5,33.17,8.96,36.0,47.4,Caution
2026-03-19 14:03:20 UTC,5,6,30.49,8.72,36.1,47.3,Safe
2026-03-19 14:03:30 UTC,4,5,34.24,9.14,36.1,47.3,Caution
2026-03-19 14:03:40 UTC,4,4,32.28,8.82,36.1,47.8,Safe
2026-03-19 14:03:50 UTC,4,4,35.06,9.21,36.1,47.7,Caution
2026-03-19 14:04:00 UTC,4,4,35.12,9.21,36.2,47.6,Caution
2026-03-19 14:04:10 UTC,5,5,34.02,9.11,36.2,47.4,Caution
2026-03-19 14:04:20 UTC,5,7,35.22,9.21,36.2,47.5,Caution
2026-03-19 14:04:30 UTC,7,8,32.65,8.93,36.3,47.3,Safe
2026-03-19 14:04:40 UTC,5,7,35.22,9.21,36.3,47.2,Caution
2026-03-19 14:04:50 UTC,5,9,32.28,8.93,36.3,47.1,Safe
2026-03-19 14:05:00 UTC,5,6,34.24,9.18,36.3,46.9,Caution
2026-03-19 14:05:10 UTC,5,5,31.04,8.75,36.4,47.0,Safe
2026-03-19 14:05:20 UTC,4,5,35.06,9.21,36.4,46.9,Caution
2026-03-19 14:05:30 UTC,5,5,31.83,8.89,36.4,46.8,Safe
2026-03-19 14:05:40 UTC,4,5,34.96,9.18,36.5,46.8,Caution
2026-03-19 14:05:50 UTC,4,6,31.53,8.86,36.4,46.7,Safe
2026-03-19 14:06:00 UTC,4,6,31.92,8.86,36.3,46.6,Safe
2026-03-19 14:06:10 UTC,5,7,34.02,9.07,36.2,46.6,Caution
2026-03-19 14:06:20 UTC,5,7,31.68,8.79,36.2,46.6,Safe
2026-03-19 14:06:30 UTC,5,7,33.8,9.11,36.2,46.6,Caution
2026-03-19 14:06:40 UTC,4,6,31.68,8.86,36.2,46.8,Safe
2026-03-19 14:06:50 UTC,3,4,34.34,9.18,36.2,47.0,Caution
2026-03-19 14:07:00 UTC,5,6,31.53,8.79,36.2,47.0,Safe
2026-03-19 14:07:10 UTC,9,13,34.79,9.18,36.2,47.1,Caution
2026-03-19 14:07:20 UTC,14,18,31.68,8.79,36.3,47.0,Safe
2026-03-19 14:07:30 UTC,13,20,34.08,9.18,36.2,46.9,Caution
2026-03-19 14:07:40 UTC,10,18,34.57,9.14,36.2,46.7,Caution
2026-03-19 14:07:50 UTC,7,13,31.77,8.82,36.2,46.9,Safe
2026-03-19 14:08:00 UTC,6,9,33.7,9.07,36.2,47.2,Caution
2026-03-19 14:08:10 UTC,7,9,31.83,8.75,36.1,47.9,Safe
2026-03-19 14:08:20 UTC,6,9,34.4,9.11,36.2,47.8,Caution
2026-03-19 14:08:30 UTC,5,7,31.39,8.79,36.2,47.5,Safe
2026-03-19 14:08:40 UTC,5,7,34.4,9.14,36.2,47.3,Caution
2026-03-19 14:08:50 UTC,4,5,31.27,8.82,36.3,47.0,Safe
2026-03-19 14:09:00 UTC,3,3,34.4,9.11,36.3,46.9,Caution
2026-03-19 14:09:10 UTC,2,3,34.18,9.14,36.3,46.7,Caution
2026-03-19 14:09:20 UTC,2,3,34.24,9.14,36.2,47.0,Caution
2026-03-19 14:09:30 UTC,3,4,34.24,9.14,36.2,47.0,Caution
2026-03-19 14:09:40 UTC,2,4,30.54,8.65,36.1,47.0,Safe
2026-03-19 14:09:50 UTC,2,4,34.08,9.14,36.2,47.1,Caution
2026-03-19 14:10:00 UTC,2,3,31.39,8.75,36.2,46.9,Safe
2026-03-19 14:10:10 UTC,3,4,33.48,9.07,36.1,47.1,Caution
2026-03-19 14:10:20 UTC,4,5,31.04,8.79,36.1,47.2,Safe
2026-03-19 14:10:30 UTC,4,5,34.08,9.14,36.0,47.4,Caution
2026-03-19 14:10:40 UTC,4,4,31.04,8.75,35.9,47.1,Safe
2026-03-19 14:10:50 UTC,3,3,34.02,9.11,36.0,47.1,Caution
2026-03-19 14:11:00 UTC,2,3,31.27,8.79,36.0,47.3,Safe
2026-03-19 14:11:10 UTC,3,4,32.86,8.96,36.0,47.4,Caution
2026-03-19 14:11:20 UTC,2,3,34.34,9.11,36.0,47.4,Caution
2026-03-19 14:11:30 UTC,3,4,31.83,8.79,36.1,47.2,Safe
2026-03-19 14:11:40 UTC,3,5,34.02,9.11,36.1,47.1,Caution
2026-03-19 14:11:50 UTC,3,5,30.98,8.65,36.1,47.0,Safe
2026-03-19 14:12:00 UTC,4,6,34.34,9.11,36.1,46.9,Caution
2026-03-19 14:12:10 UTC,8,9,31.47,8.79,36.1,46.8,Safe
2026-03-19 14:12:20 UTC,14,16,33.7,9.03,36.1,46.9,Caution
2026-03-19 14:12:30 UTC,18,21,30.35,8.65,36.1,47.0,Safe
2026-03-19 14:12:40 UTC,20,24,33.8,9.03,36.1,46.9,Caution
2026-03-19 14:12:50 UTC,22,23,34.34,9.11,36.1,46.9,Caution
2026-03-19 14:13:00 UTC,23,24,31.47,8.79,36.1,47.0,Safe
2026-03-19 14:13:10 UTC,24,25,34.4,9.14,36.2,47.2,Caution
2026-03-19 14:13:20 UTC,26,28,31.53,8.82,36.2,47.2,Safe
2026-03-19 14:13:30 UTC,25,28,34.34,9.07,36.3,47.3,Caution
2026-03-19 14:13:40 UTC,25,28,31.83,8.79,36.3,47.4,Safe
2026-03-19 14:13:50 UTC,27,30,33.86,9.07,36.3,47.3,Caution
2026-03-19 14:14:00 UTC,29,31,31.27,8.72,36.3,47.3,Safe
2026-03-19 14:14:10 UTC,28,30,34.89,9.18,36.4,47.0,Caution
2026-03-19 14:14:20 UTC,26,30,34.08,9.14,36.4,46.8,Caution
2026-03-19 14:14:30 UTC,23,27,34.5,9.11,36.3,46.6,Caution
2026-03-19 14:14:40 UTC,22,25,31.68,8.79,36.3,46.7,Safe
2026-03-19 14:14:50 UTC,21,21,31.53,8.79,36.3,46.8,Safe
2026-03-19 14:15:00 UTC,19,19,34.18,9.11,36.2,46.8,Caution
2026-03-19 14:15:10 UTC,17,20,32.13,8.82,36.2,46.9,Safe
2026-03-19 14:15:20 UTC,16,18,34.34,9.11,36.2,47.0,Caution
2026-03-19 14:15:30 UTC,13,16,30.98,8.75,36.1,47.0,Safe
2026-03-19 14:15:40 UTC,13,17,34.02,9.07,36.1,47.1,Caution
2026-03-19 14:15:50 UTC,14,19,31.68,8.75,36.1,47.0,Safe
2026-03-19 14:16:00 UTC,13,18,34.24,9.11,36.1,47.0,Caution
2026-03-19 14:16:10 UTC,14,17,31.39,8.79,36.0,47.1,Safe
2026-03-19 14:16:20 UTC,11,16,33.7,9.0,36.0,47.1,Caution
2026-03-19 14:16:30 UTC,9,15,34.18,9.11,36.1,47.2,Caution
2026-03-19 14:16:40 UTC,8,13,31.92,8.82,36.1,47.1,Safe
2026-03-19 14:16:50 UTC,8,12,34.24,9.11,36.1,47.5,Caution
2026-03-19 14:17:00 UTC,8,11,31.77,8.82,36.1,47.3,Safe
2026-03-19 14:17:10 UTC,8,9,34.96,9.11,36.1,47.2,Caution
2026-03-19 14:17:20 UTC,6,9,30.54,8.72,36.1,47.2,Safe
2026-03-19 14:17:30 UTC,6,11,34.63,9.11,36.1,47.0,Caution
2026-03-19 14:17:40 UTC,5,7,30.49,8.65,36.0,47.1,Safe
2026-03-19 14:17:50 UTC,5,5,34.24,9.14,36.0,47.0,Caution
2026-03-19 14:18:00 UTC,4,4,33.7,9.03,36.0,47.1,Caution
2026-03-19 14:18:10 UTC,4,7,34.4,9.11,36.0,47.3,Caution
2026-03-19 14:18:20 UTC,5,5,34.08,9.11,36.0,47.3,Caution
2026-03-19 14:18:30 UTC,4,4,31.77,8.82,36.0,47.5,Safe
2026-03-19 14:18:40 UTC,6,6,34.63,9.11,36.1,47.6,Caution
2026-03-19 14:18:50 UTC,7,10,31.33,8.79,36.1,47.7,Safe
2026-03-19 14:19:00 UTC,7,9,33.86,9.11,36.0,47.8,Caution
2026-03-19 14:19:10 UTC,7,11,30.69,8.75,36.0,47.7,Safe
2026-03-19 14:19:20 UTC,7,10,34.57,9.18,36.0,47.8,Caution
2026-03-19 14:19:30 UTC,7,8,31.53,8.79,36.0,47.6,Safe
2026-03-19 14:19:40 UTC,5,7,33.86,9.07,36.0,47.4,Caution
2026-03-19 14:19:50 UTC,3,5,31.53,8.79,36.0,47.0,Safe
2026-03-19 14:20:00 UTC,4,6,31.33,8.75,36.0,47.2,Safe
2026-03-19 14:20:10 UTC,3,4,33.48,8.96,36.0,47.2,Caution
2026-03-19 14:20:20 UTC,3,3,31.12,8.75,36.0,47.1,Safe
2026-03-19 14:20:30 UTC,4,4,34.34,9.11,36.0,47.2,Caution
2026-03-19 14:20:40 UTC,3,3,31.47,8.79,36.0,47.1,Safe
2026-03-19 14:20:50 UTC,3,4,34.4,9.11,36.1,47.1,Caution
2026-03-19 14:21:00 UTC,3,4,31.47,8.79,36.1,47.4,Safe
2026-03-19 14:21:10 UTC,3,4,33.11,9.0,36.0,47.5,Caution
2026-03-19 14:21:20 UTC,3,4,31.68,8.79,36.0,47.6,Safe
2026-03-19 14:21:30 UTC,3,5,34.34,9.11,36.0,47.7,Caution
2026-03-19 14:21:40 UTC,4,5,33.64,8.96,35.9,47.6,Caution
2026-03-19 14:21:50 UTC,4,4,31.62,8.79,36.0,47.4,Safe
2026-03-19 14:22:00 UTC,4,4,34.02,9.11,36.0,47.3,Caution
2026-03-19 14:22:10 UTC,4,4,31.39,8.79,36.0,47.3,Safe
2026-03-19 14:22:20 UTC,4,4,33.86,9.07,36.0,47.3,Caution
2026-03-19 14:22:30 UTC,3,3,31.12,8.79,36.0,47.4,Safe
2026-03-19 14:22:40 UTC,3,3,34.24,9.14,36.0,47.5,Caution
2026-03-19 14:22:50 UTC,3,3,30.69,8.65,36.0,47.4,Safe
2026-03-19 14:23:00 UTC,3,3,33.8,8.96,36.0,47.3,Caution
2026-03-19 14:23:10 UTC,2,4,33.11,9.07,36.0,47.4,Caution
2026-03-19 14:23:20 UTC,2,4,34.34,9.18,36.0,47.4,Caution
2026-03-19 14:23:30 UTC,3,3,33.92,9.07,35.9,47.1,Caution
2026-03-19 14:23:40 UTC,3,4,31.04,8.75,35.8,47.2,Safe
2026-03-19 14:23:50 UTC,3,4,33.86,9.14,35.7,47.4,Caution
2026-03-19 14:24:00 UTC,4,5,31.47,8.72,35.7,47.5,Safe
2026-03-19 14:24:10 UTC,3,3,33.92,9.11,35.7,47.3,Caution
2026-03-19 14:24:20 UTC,2,3,31.62,8.75,35.6,47.2,Safe
2026-03-19 14:24:30 UTC,2,5,34.24,9.11,35.6,47.5,Caution
2026-03-19 14:24:40 UTC,3,5,31.33,8.79,35.5,47.5,Safe
2026-03-19 14:24:50 UTC,3,3,34.18,9.11,35.6,47.5,Caution
2026-03-19 14:25:00 UTC,4,5,31.47,8.75,35.6,47.5,Safe
2026-03-19 14:25:10 UTC,4,4,34.34,9.11,35.6,47.4,Caution
2026-03-19 14:25:20 UTC,3,4,34.02,9.07,35.6,47.3,Caution
2026-03-19 14:25:30 UTC,4,4,31.12,8.72,35.6,47.3,Safe
2026-03-19 14:25:40 UTC,5,6,33.64,9.11,35.5,47.4,Caution
2026-03-19 14:25:50 UTC,4,4,30.75,8.72,35.5,47.5,Safe
2026-03-19 14:26:00 UTC,4,5,33.86,9.11,35.4,48.1,Caution
2026-03-19 14:26:10 UTC,4,4,30.35,8.65,35.3,48.1,Safe
2026-03-19 14:26:20 UTC,3,3,34.08,9.11,35.3,48.2,Caution
2026-03-19 14:26:30 UTC,5,6,31.53,8.79,35.3,48.5,Safe
2026-03-19 14:26:40 UTC,10,11,34.63,9.11,35.3,48.4,Caution
2026-03-19 14:26:50 UTC,13,17,33.17,9.03,35.4,48.6,Caution
2026-03-19 14:27:00 UTC,18,21,31.53,8.79,35.4,48.5,Safe
2026-03-19 14:27:10 UTC,24,27,34.08,9.07,35.4,48.7,Caution
2026-03-19 14:27:20 UTC,24,28,30.75,8.68,35.5,48.5,Safe
2026-03-19 14:27:30 UTC,23,27,34.57,9.11,35.5,48.4,Caution
2026-03-19 14:27:40 UTC,22,23,31.12,8.72,35.5,48.4,Safe
2026-03-19 14:27:50 UTC,23,24,34.34,9.14,35.5,48.8,Caution
2026-03-19 14:28:00 UTC,22,26,32.86,8.93,35.5,48.9,Safe
2026-03-19 14:28:10 UTC,21,25,33.48,9.0,35.5,48.7,Caution
2026-03-19 14:28:20 UTC,21,23,34.24,9.11,35.5,48.6,Caution
2026-03-19 14:28:30 UTC,20,21,34.02,9.11,35.5,48.4,Caution
2026-03-19 14:28:40 UTC,20,21,31.47,8.82,35.6,48.2,Safe
2026-03-19 14:28:50 UTC,19,21,31.53,8.79,35.6,48.1,Safe
2026-03-19 14:29:00 UTC,19,19,34.5,9.11,35.6,48.0,Caution
2026-03-19 14:29:10 UTC,18,18,31.12,8.79,35.6,47.9,Safe
2026-03-19 14:29:20 UTC,16,17,34.08,9.11,35.6,47.8,Caution
2026-03-19 14:29:30 UTC,18,19,30.75,8.65,35.6,47.8,Safe
2026-03-19 14:29:40 UTC,14,18,33.54,9.0,35.6,47.9,Caution
2026-03-19 14:29:50 UTC,11,15,31.77,8.75,35.6,48.0,Safe
2026-03-19 14:30:00 UTC,9,17,34.63,9.11,35.6,48.0,Caution
2026-03-19 14:30:10 UTC,8,16,31.04,8.68,35.6,47.9,Safe
2026-03-19 14:30:20 UTC,7,16,34.18,9.11,35.6,47.7,Caution
2026-03-19 14:30:30 UTC,6,13,34.02,9.07,35.5,47.9,Caution
2026-03-19 14:30:40 UTC,7,11,31.47,8.75,35.6,48.1,Safe
2026-03-19 14:30:50 UTC,7,10,34.02,9.11,35.6,48.4,Caution
2026-03-19 14:31:00 UTC,6,11,31.27,8.79,35.6,48.4,Safe
2026-03-19 14:31:10 UTC,5,11,33.7,8.96,35.6,48.5,Caution
2026-03-19 14:31:20 UTC,7,9,30.54,8.68,35.6,48.8,Safe
2026-03-19 14:31:30 UTC,7,9,34.02,9.11,35.6,48.2,Caution
2026-03-19 14:31:40 UTC,7,9,30.83,8.72,35.4,48.2,Safe
2026-03-19 14:31:50 UTC,5,7,34.4,9.14,35.3,48.2,Caution
2026-03-19 14:32:00 UTC,5,7,33.86,9.03,35.3,48.4,Caution
2026-03-19 14:32:10 UTC,5,6,31.33,8.75,35.3,48.7,Safe
2026-03-19 14:32:20 UTC,5,7,34.57,9.11,35.4,48.8,Caution
2026-03-19 14:32:30 UTC,5,7,30.49,8.72,35.4,48.8,Safe
2026-03-19 14:32:40 UTC,5,6,33.64,8.96,35.4,48.8,Caution
2026-03-19 14:32:50 UTC,4,7,30.69,8.72,35.4,48.8,Safe
2026-03-19 14:33:00 UTC,5,6,33.7,9.07,35.5,48.9,Caution
2026-03-19 14:33:10 UTC,5,5,31.68,8.79,35.4,48.8,Safe
2026-03-19 14:33:20 UTC,4,7,34.24,9.18,35.4,48.9,Caution
2026-03-19 14:33:30 UTC,4,7,33.92,9.14,35.4,49.1,Caution
2026-03-19 14:33:40 UTC,5,8,33.92,9.11,35.4,49.0,Caution
2026-03-19 14:33:50 UTC,4,7,31.68,8.79,35.4,48.7,Safe
2026-03-19 14:34:00 UTC,3,4,31.12,8.82,35.3,48.5,Safe
2026-03-19 14:34:10 UTC,3,4,33.33,9.03,35.4,48.6,Caution
2026-03-19 14:34:20 UTC,4,5,31.47,8.82,35.3,48.3,Safe
2026-03-19 14:34:30 UTC,5,6,33.8,9.11,35.3,48.4,Caution
2026-03-19 14:34:40 UTC,4,4,31.33,8.79,35.3,48.3,Safe
2026-03-19 14:34:50 UTC,3,3,34.24,9.11,35.2,48.3,Caution
2026-03-19 14:35:00 UTC,2,4,31.47,8.82,35.2,48.4,Safe
2026-03-19 14:35:10 UTC,3,4,33.86,9.11,35.2,48.5,Caution
2026-03-19 14:35:20 UTC,4,4,31.04,8.79,35.1,48.6,Safe
2026-03-19 14:35:30 UTC,4,4,33.92,9.18,35.0,48.8,Caution
2026-03-19 14:35:40 UTC,6,7,33.8,9.11,35.0,49.0,Caution
2026-03-19 14:35:50 UTC,5,6,30.98,8.79,35.0,48.9,Safe
2026-03-19 14:36:00 UTC,4,4,33.7,9.11,34.9,48.9,Caution
2026-03-19 14:36:10 UTC,4,5,30.83,8.79,34.8,48.9,Safe
2026-03-19 14:36:20 UTC,4,4,33.86,9.11,34.7,49.1,Caution
2026-03-19 14:36:30 UTC,4,5,30.54,8.72,34.6,49.4,Safe
2026-03-19 14:36:40 UTC,3,4,32.71,9.0,34.5,50.3,Caution
2026-03-19 14:36:50 UTC,4,5,30.4,8.72,34.5,50.3,Safe
2026-03-19 14:37:00 UTC,5,6,34.18,9.11,34.5,50.2,Caution
2026-03-19 14:37:10 UTC,5,9,34.02,9.11,34.6,50.2,Caution
2026-03-19 14:37:20 UTC,4,7,33.39,9.11,34.7,50.0,Caution
2026-03-19 14:37:30 UTC,5,7,34.24,9.11,34.8,49.9,Caution
2026-03-19 14:37:40 UTC,3,6,31.12,8.79,34.9,49.9,Safe
2026-03-19 14:37:50 UTC,3,4,33.8,9.07,34.9,50.2,Caution
2026-03-19 14:38:00 UTC,3,3,30.98,8.72,34.9,50.4,Safe
2026-03-19 14:38:10 UTC,4,8,34.02,9.07,34.9,50.2,Caution
2026-03-19 14:38:20 UTC,3,6,31.33,8.75,35.0,50.1,Safe
2026-03-19 14:38:30 UTC,4,5,32.95,9.07,35.0,49.8,Caution
2026-03-19 14:38:40 UTC,4,5,30.69,8.75,35.1,49.7,Safe
2026-03-19 14:38:50 UTC,5,6,32.86,9.03,35.2,49.7,Caution
2026-03-19 14:39:00 UTC,6,7,31.33,8.79,35.3,49.6,Safe
2026-03-19 14:39:10 UTC,6,7,31.47,8.79,35.4,49.5,Safe
2026-03-19 14:39:20 UTC,5,7,33.8,9.07,35.4,49.4,Caution
2026-03-19 14:39:30 UTC,4,5,30.98,8.79,35.5,49.4,Safe
2026-03-19 14:39:40 UTC,4,5,34.24,9.11,35.6,49.3,Caution
2026-03-19 14:39:50 UTC,4,5,31.47,8.79,35.7,49.2,Safe
2026-03-19 14:40:00 UTC,4,5,34.24,9.11,35.7,49.2,Caution
2026-03-19 14:40:10 UTC,5,5,30.4,8.72,35.8,49.1,Safe
2026-03-19 14:40:20 UTC,5,9,33.86,9.11,35.9,49.0,Caution
2026-03-19 14:40:30 UTC,3,4,31.47,8.82,36.0,48.6,Safe
2026-03-19 14:40:40 UTC,4,4,34.08,9.14,36.0,48.1,Caution
2026-03-19 14:40:50 UTC,4,5,34.02,9.11,36.1,48.3,Caution
2026-03-19 14:41:00 UTC,4,5,31.39,8.79,36.1,48.4,Safe
2026-03-19 14:41:10 UTC,5,6,34.02,9.11,36.2,48.4,Caution
2026-03-19 14:41:20 UTC,5,5,31.47,8.82,36.3,48.6,Safe
2026-03-19 14:41:30 UTC,6,7,33.48,9.07,36.4,48.4,Caution
2026-03-19 14:41:40 UTC,5,5,31.47,8.82,36.4,47.7,Safe
2026-03-19 14:41:50 UTC,6,6,33.92,9.07,36.4,47.6,Caution
2026-03-19 14:42:00 UTC,7,7,31.39,8.79,36.5,48.0,Safe
2026-03-19 14:42:10 UTC,7,8,33.48,9.03,36.5,48.4,Caution
2026-03-19 14:42:20 UTC,7,9,33.39,9.03,36.6,47.7,Caution
2026-03-19 14:42:30 UTC,6,8,34.08,9.11,36.6,47.1,Caution
2026-03-19 14:42:40 UTC,6,7,33.64,9.07,36.6,47.2,Caution
2026-03-19 14:42:50 UTC,5,5,31.39,8.82,36.6,47.1,Safe
2026-03-19 14:43:00 UTC,3,6,34.63,9.14,36.7,47.4,Caution
2026-03-19 14:43:10 UTC,3,8,31.39,8.79,36.7,47.6,Safe
2026-03-19 14:43:20 UTC,5,10,34.57,9.14,36.8,47.4,Caution
2026-03-19 14:43:30 UTC,5,7,31.27,8.79,36.9,47.5,Safe
2026-03-19 14:43:40 UTC,4,8,34.18,9.14,36.9,47.8,Caution
2026-03-19 14:43:50 UTC,6,8,31.12,8.79,37.0,47.8,Safe
2026-03-19 14:44:00 UTC,7,10,33.86,9.11,37.0,46.7,Caution
2026-03-19 14:44:10 UTC,7,9,31.18,8.79,37.0,46.0,Safe
2026-03-19 14:44:20 UTC,7,7,32.58,8.89,36.9,45.8,Safe
2026-03-19 14:44:30 UTC,6,7,34.18,9.11,36.9,46.2,Caution
2026-03-19 14:44:40 UTC,6,7,30.63,8.75,36.8,47.1,Safe
2026-03-19 14:44:50 UTC,6,8,34.18,9.11,36.9,47.7,Caution
2026-03-19 14:45:00 UTC,4,5,31.27,8.79,36.9,47.2,Safe
2026-03-19 14:45:10 UTC,4,4,33.92,9.18,36.9,47.3,Caution
2026-03-19 14:45:20 UTC,5,7,31.39,8.79,36.9,47.2,Safe
2026-03-19 14:45:30 UTC,5,6,34.24,9.11,37.0,47.2,Caution
2026-03-19 14:45:40 UTC,6,7,31.47,8.79,37.0,47.0,Safe
2026-03-19 14:45:50 UTC,4,5,34.08,9.11,37.1,46.9,Caution
2026-03-19 14:46:00 UTC,4,6,34.02,9.11,37.1,46.7,Caution
2026-03-19 14:46:10 UTC,6,6,31.27,8.79,37.2,46.6,Safe
2026-03-19 14:46:20 UTC,6,8,34.02,9.14,37.2,46.1,Caution
2026-03-19 14:46:30 UTC,6,7,31.18,8.79,37.2,46.1,Safe
2026-03-19 14:46:40 UTC,8,8,33.39,9.07,37.2,46.5,Caution
2026-03-19 14:46:50 UTC,7,7,30.49,8.72,37.3,46.5,Safe
2026-03-19 14:47:00 UTC,6,8,34.34,9.11,37.3,46.4,Caution
2026-03-19 14:47:10 UTC,6,7,31.47,8.79,37.3,45.9,Safe
2026-03-19 14:47:20 UTC,4,5,33.7,9.11,37.2,45.5,Caution
2026-03-19 14:47:30 UTC,5,5,34.18,9.14,37.2,45.7,Caution
2026-03-19 14:47:40 UTC,4,4,34.24,9.11,37.2,45.9,Caution
2026-03-19 14:47:50 UTC,4,4,33.86,9.11,37.2,46.0,Caution
2026-03-19 14:48:00 UTC,3,4,31.27,8.79,37.2,45.7,Safe
2026-03-19 14:48:10 UTC,3,4,34.02,9.07,37.3,45.6,Caution
2026-03-19 14:48:20 UTC,4,5,30.83,8.79,37.3,45.5,Safe
2026-03-19 14:48:30 UTC,4,5,33.86,9.11,37.3,45.6,Caution
2026-03-19 14:48:40 UTC,4,4,31.92,8.82,37.3,45.6,Safe
2026-03-19 14:48:50 UTC,4,4,34.18,9.11,37.3,45.5,Caution
2026-03-19 14:49:00 UTC,4,6,31.62,8.79,37.4,45.3,Safe
2026-03-19 14:49:10 UTC,5,7,33.17,9.07,37.3,45.2,Caution
2026-03-19 14:49:20 UTC,5,6,31.04,8.68,37.3,45.2,Safe
2026-03-19 14:49:30 UTC,5,6,30.54,8.75,37.4,45.5,Safe
2026-03-19 14:49:40 UTC,6,7,34.24,9.14,37.3,45.6,Caution
2026-03-19 14:49:50 UTC,6,8,31.27,8.79,37.4,45.6,Safe
2026-03-19 14:50:00 UTC,5,7,34.4,9.18,37.4,45.6,Caution
2026-03-19 14:50:10 UTC,5,7,31.04,8.79,37.4,45.6,Safe
2026-03-19 14:50:20 UTC,4,4,34.57,9.18,37.4,45.7,Caution
2026-03-19 14:50:30 UTC,5,5,31.27,8.75,37.4,45.6,Safe
2026-03-19 14:50:40 UTC,5,7,33.64,9.07,37.4,45.7,Caution
2026-03-19 14:50:50 UTC,5,8,31.62,8.79,37.4,45.7,Safe
2026-03-19 14:51:00 UTC,5,7,34.96,9.14,37.4,45.8,Caution
2026-03-19 14:51:10 UTC,4,8,34.57,9.14,37.4,45.8,Caution
2026-03-19 14:51:20 UTC,5,8,31.39,8.79,37.4,45.7,Safe
2026-03-19 14:51:30 UTC,5,7,34.08,9.18,37.4,45.8,Caution
2026-03-19 14:51:40 UTC,5,7,30.54,8.65,37.4,45.7,Safe
2026-03-19 14:51:50 UTC,7,9,34.63,9.11,37.4,45.9,Caution
2026-03-19 14:52:00 UTC,6,8,30.98,8.79,37.4,45.9,Safe
2026-03-19 14:52:10 UTC,6,6,34.73,9.21,37.4,45.9,Caution
2026-03-19 14:52:20 UTC,6,8,30.69,8.75,37.4,45.7,Safe
2026-03-19 14:52:30 UTC,5,8,33.54,9.11,37.3,45.5,Caution
2026-03-19 14:52:40 UTC,5,8,33.92,9.14,37.3,45.4,Caution
2026-03-19 14:52:50 UTC,5,6,34.18,9.14,37.2,45.4,Caution
2026-03-19 14:53:00 UTC,4,4,34.24,9.18,37.1,45.3,Caution
2026-03-19 14:53:10 UTC,3,4,31.27,8.82,36.9,45.4,Safe
2026-03-19 14:53:20 UTC,4,5,33.86,9.11,36.9,45.7,Caution
2026-03-19 14:53:30 UTC,4,5,31.39,8.79,36.9,45.7,Safe
2026-03-19 14:53:40 UTC,3,4,34.08,9.18,36.9,45.9,Caution
2026-03-19 14:53:50 UTC,4,5,31.47,8.79,36.9,46.1,Safe
2026-03-19 14:54:00 UTC,4,5,33.8,9.07,36.9,46.1,Caution
2026-03-19 14:54:10 UTC,3,3,31.39,8.82,36.9,46.0,Safe
2026-03-19 14:54:20 UTC,2,3,34.02,9.11,36.9,46.1,Caution
2026-03-19 14:54:30 UTC,4,4,31.39,8.79,36.8,46.0,Safe
2026-03-19 14:54:40 UTC,4,4,31.47,8.79,36.9,46.2,Safe
2026-03-19 14:54:50 UTC,3,3,34.24,9.14,36.8,46.1,Caution
2026-03-19 14:55:00 UTC,3,4,31.83,8.86,36.8,46.3,Safe
2026-03-19 14:55:10 UTC,2,2,33.86,9.18,36.7,46.5,Caution
2026-03-19 14:55:20 UTC,3,3,30.75,8.72,36.6,46.6,Safe
2026-03-19 14:55:30 UTC,3,5,34.63,9.18,36.6,46.7,Caution
2026-03-19 14:55:40 UTC,4,4,31.68,8.86,36.7,46.8,Safe
2026-03-19 14:55:50 UTC,4,5,34.79,9.18,36.7,46.8,Caution
2026-03-19 14:56:00 UTC,4,5,31.47,8.82,36.8,46.7,Safe
2026-03-19 14:56:10 UTC,4,4,34.4,9.18,36.7,47.0,Caution
2026-03-19 14:56:20 UTC,3,4,33.86,9.11,36.7,47.1,Caution
2026-03-19 14:56:30 UTC,3,4,31.27,8.79,36.7,47.1,Safe
2026-03-19 14:56:40 UTC,3,3,34.08,9.14,36.7,47.1,Caution
2026-03-19 14:56:50 UTC,3,3,31.12,8.79,36.7,47.2,Safe
2026-03-19 14:57:00 UTC,3,4,34.4,9.18,36.7,46.9,Caution
2026-03-19 14:57:10 UTC,5,6,30.83,8.79,36.7,46.9,Safe
2026-03-19 14:57:20 UTC,5,5,34.02,9.14,36.8,46.9,Caution
2026-03-19 14:57:30 UTC,4,4,31.12,8.79,36.8,46.9,Safe
2026-03-19 14:57:40 UTC,3,3,34.24,9.14,36.8,47.0,Caution
2026-03-19 14:57:50 UTC,4,4,34.08,9.14,36.8,47.0,Caution
2026-03-19 14:58:00 UTC,4,5,33.92,9.18,36.8,46.9,Caution
2026-03-19 14:58:10 UTC,3,4,33.64,9.03,36.8,46.8,Caution
2026-03-19 14:58:20 UTC,4,5,30.69,8.72,36.8,46.7,Safe
2026-03-19 14:58:30 UTC,4,5,33.48,9.18,36.8,46.9,Caution
2026-03-19 14:58:40 UTC,4,4,31.33,8.86,36.7,47.0,Safe
2026-03-19 14:58:50 UTC,4,4,33.54,9.07,36.6,47.1,Caution
2026-03-19 14:59:00 UTC,4,4,31.39,8.86,36.6,47.0,Safe
2026-03-19 14:59:10 UTC,4,5,33.7,9.07,36.7,47.1,Caution
2026-03-19 14:59:20 UTC,6,8,31.27,8.82,36.7,47.0,Safe
2026-03-19 14:59:30 UTC,5,6,34.02,9.11,36.8,47.0,Caution
2026-03-19 14:59:40 UTC,3,4,31.12,8.82,36.7,46.8,Safe
2026-03-19 14:59:50 UTC,3,5,30.98,8.75,36.6,46.4,Safe
2026-03-19 15:00:00 UTC,3,6,32.58,9.0,36.5,46.5,Caution
2026-03-19 15:00:10 UTC,5,9,30.63,8.72,36.5,46.9,Safe
2026-03-19 15:00:20 UTC,14,33,34.02,9.14,36.5,47.4,Caution
2026-03-19 15:00:30 UTC,18,42,31.27,8.82,36.5,47.3,Safe
2026-03-19 15:00:40 UTC,33,62,34.02,9.18,36.4,47.3,Caution
2026-03-19 15:00:50 UTC,37,67,31.47,8.79,36.3,47.5,Safe
2026-03-19 15:01:00 UTC,34,63,32.8,9.07,36.3,47.5,Caution
2026-03-19 15:01:10 UTC,28,51,29.73,8.65,36.3,47.2,Safe
2026-03-19 15:01:20 UTC,24,47,33.92,9.14,36.3,47.1,Caution
2026-03-19 15:01:30 UTC,22,43,35.29,9.25,36.3,47.3,Caution
2026-03-19 15:01:40 UTC,20,39,31.27,8.79,36.3,47.5,Safe
2026-03-19 15:01:50 UTC,16,30,34.24,9.11,36.3,47.8,Caution
2026-03-19 15:02:00 UTC,15,25,30.75,8.79,36.3,47.8,Safe
2026-03-19 15:02:10 UTC,12,18,33.92,9.11,36.3,47.7,Caution
2026-03-19 15:02:20 UTC,8,13,31.27,8.79,36.3,47.7,Safe
2026-03-19 15:02:30 UTC,5,9,33.7,9.11,36.3,47.4,Caution
2026-03-19 15:02:40 UTC,5,7,30.63,8.72,36.4,47.4,Safe
2026-03-19 15:02:50 UTC,5,7,33.39,9.03,36.3,47.7,Caution
2026-03-19 15:03:00 UTC,5,9,33.7,9.11,36.3,47.5,Caution
2026-03-19 15:03:10 UTC,7,8,31.33,8.82,36.3,47.4,Safe
2026-03-19 15:03:20 UTC,7,10,33.8,9.18,36.2,47.5,Caution
2026-03-19 15:03:30 UTC,6,7,30.26,8.68,36.1,47.8,Safe
2026-03-19 15:03:40 UTC,5,7,33.17,9.03,36.0,48.3,Caution
2026-03-19 15:03:50 UTC,5,5,31.53,8.82,36.0,48.5,Safe
2026-03-19 15:04:00 UTC,4,5,32.71,9.03,36.0,48.5,Caution
2026-03-19 15:04:10 UTC,3,6,31.33,8.79,36.0,48.3,Safe
2026-03-19 15:04:20 UTC,4,5,34.02,9.11,36.0,48.0,Caution
2026-03-19 15:04:30 UTC,4,4,33.86,9.11,36.1,48.1,Caution
2026-03-19 15:04:40 UTC,4,5,33.92,9.11,36.1,48.0,Caution
2026-03-19 15:04:50 UTC,3,4,33.48,9.11,36.1,48.0,Caution
2026-03-19 15:05:00 UTC,3,5,31.27,8.82,36.0,48.0,Safe
2026-03-19 15:05:10 UTC,4,5,33.86,9.14,36.0,47.9,Caution
2026-03-19 15:05:20 UTC,4,4,30.54,8.75,36.0,48.0,Safe
2026-03-19 15:05:30 UTC,4,5,33.17,9.07,36.0,48.0,Caution
2026-03-19 15:05:40 UTC,3,6,31.47,8.75,36.0,48.1,Safe
2026-03-19 15:05:50 UTC,3,5,33.92,9.14,36.0,48.2,Caution
2026-03-19 15:06:00 UTC,4,5,31.27,8.79,36.0,48.2,Safe
2026-03-19 15:06:10 UTC,4,5,33.86,9.14,36.0,48.2,Caution
2026-03-19 15:06:20 UTC,3,5,31.39,8.82,36.1,48.3,Safe
2026-03-19 15:06:30 UTC,4,5,30.54,8.68,36.1,48.2,Safe
2026-03-19 15:06:40 UTC,5,5,34.18,9.07,36.1,48.2,Caution
2026-03-19 15:06:50 UTC,5,5,31.47,8.82,36.1,48.2,Safe
2026-03-19 15:07:00 UTC,5,5,34.34,9.11,36.1,48.1,Caution
2026-03-19 15:07:10 UTC,5,6,31.53,8.75,36.2,48.1,Safe
2026-03-19 15:07:20 UTC,4,6,34.08,9.14,36.2,48.2,Caution
2026-03-19 15:07:30 UTC,6,6,31.47,8.82,36.3,48.1,Safe
2026-03-19 15:07:40 UTC,5,5,34.08,9.11,36.3,48.0,Caution
2026-03-19 15:07:50 UTC,5,7,31.12,8.79,36.3,48.3,Safe
2026-03-19 15:08:00 UTC,7,10,33.11,9.03,36.3,48.3,Caution
2026-03-19 15:08:10 UTC,8,9,34.18,9.11,36.3,48.2,Caution
2026-03-19 15:08:20 UTC,7,8,31.27,8.82,36.2,48.1,Safe
2026-03-19 15:08:30 UTC,7,9,33.02,9.03,36.3,48.1,Caution
2026-03-19 15:08:40 UTC,7,8,31.39,8.79,36.3,48.2,Safe
2026-03-19 15:08:50 UTC,5,8,34.24,9.18,36.3,48.5,Caution
2026-03-19 15:09:00 UTC,7,11,31.39,8.79,36.3,48.4,Safe
2026-03-19 15:09:10 UTC,6,8,34.02,9.11,36.3,48.2,Caution
2026-03-19 15:09:20 UTC,5,8,31.27,8.79,36.3,48.1,Safe
2026-03-19 15:09:30 UTC,6,10,33.48,9.07,36.2,47.8,Caution
2026-03-19 15:09:40 UTC,7,12,33.8,9.07,36.1,47.7,Caution
2026-03-19 15:09:50 UTC,13,22,34.02,9.11,36.0,47.7,Caution
2026-03-19 15:10:00 UTC,15,25,33.92,9.11,36.0,47.8,Caution
2026-03-19 15:10:10 UTC,16,28,31.18,8.79,35.9,48.0,Safe
2026-03-19 15:10:20 UTC,15,28,34.02,9.14,35.9,48.1,Caution
2026-03-19 15:10:30 UTC,13,25,31.27,8.79,36.0,48.1,Safe
2026-03-19 15:10:40 UTC,9,20,33.92,9.18,36.0,48.2,Caution
2026-03-19 15:10:50 UTC,7,17,31.33,8.79,35.9,48.1,Safe
2026-03-19 15:11:00 UTC,5,13,33.8,9.14,36.0,48.1,Caution
2026-03-19 15:11:10 UTC,5,12,31.39,8.79,36.0,48.1,Safe
2026-03-19 15:11:20 UTC,5,9,33.33,9.07,36.0,48.0,Caution
2026-03-19 15:11:30 UTC,5,9,31.33,8.82,35.9,48.0,Safe
2026-03-19 15:11:40 UTC,6,8,30.83,8.82,35.8,48.0,Safe
2026-03-19 15:11:50 UTC,5,9,34.18,9.18,35.7,48.2,Caution
2026-03-19 15:12:00 UTC,5,10,31.18,8.79,35.6,48.6,Safe
2026-03-19 15:12:10 UTC,7,9,33.86,9.14,35.6,48.6,Caution
2026-03-19 15:12:20 UTC,6,8,31.12,8.79,35.5,48.7,Safe
2026-03-19 15:12:30 UTC,5,5,34.02,9.14,35.5,48.8,Caution
2026-03-19 15:12:40 UTC,4,7,31.18,8.79,35.5,48.9,Safe
2026-03-19 15:12:50 UTC,6,9,34.08,9.14,35.5,48.9,Caution
2026-03-19 15:13:00 UTC,7,16,31.12,8.79,35.4,49.1,Safe
2026-03-19 15:13:10 UTC,9,22,33.8,9.14,35.4,49.0,Caution
2026-03-19 15:13:20 UTC,12,24,33.86,9.14,35.5,48.9,Caution
2026-03-19 15:13:30 UTC,13,24,31.04,8.79,35.5,48.9,Safe
2026-03-19 15:13:40 UTC,9,22,33.8,9.11,35.5,48.9,Caution
2026-03-19 15:13:50 UTC,8,20,30.89,8.82,35.4,49.0,Safe
2026-03-19 15:14:00 UTC,7,20,33.64,9.07,35.4,49.1,Caution
2026-03-19 15:14:10 UTC,7,17,31.27,8.86,35.5,49.0,Safe
2026-03-19 15:14:20 UTC,5,12,33.64,9.14,35.5,49.1,Caution
2026-03-19 15:14:30 UTC,6,13,30.83,8.79,35.5,49.4,Safe
2026-03-19 15:14:40 UTC,6,14,34.18,9.14,35.5,49.4,Caution
2026-03-19 15:14:50 UTC,7,14,33.33,9.07,35.5,49.3,Caution
2026-03-19 15:15:00 UTC,10,14,31.39,8.79,35.5,49.3,Safe
2026-03-19 15:15:10 UTC,15,18,33.86,9.11,35.5,49.4,Caution
2026-03-19 15:15:20 UTC,18,22,31.04,8.79,35.5,49.4,Safe
2026-03-19 15:15:30 UTC,16,21,33.02,9.03,35.3,49.3,Caution
2026-03-19 15:15:40 UTC,12,18,30.26,8.65,35.2,49.7,Safe
2026-03-19 15:15:50 UTC,10,14,33.8,9.07,35.1,49.8,Caution
2026-03-19 15:16:00 UTC,8,11,31.04,8.82,35.1,50.0,Safe
2026-03-19 15:16:10 UTC,8,9,33.8,9.11,35.1,49.9,Caution
2026-03-19 15:16:20 UTC,6,8,33.86,9.18,35.1,49.8,Caution
2026-03-19 15:16:30 UTC,5,7,32.8,9.03,35.1,49.7,Caution
2026-03-19 15:16:40 UTC,5,7,30.89,8.79,35.2,49.7,Safe
2026-03-19 15:16:50 UTC,5,6,30.26,8.68,35.2,49.7,Safe
2026-03-19 15:17:00 UTC,4,5,33.86,9.11,35.2,49.7,Caution
2026-03-19 15:17:10 UTC,3,4,31.18,8.79,35.3,49.6,Safe
2026-03-19 15:17:20 UTC,4,4,33.7,9.07,35.4,49.6,Caution
2026-03-19 15:17:30 UTC,4,5,31.12,8.82,35.4,49.6,Safe
2026-03-19 15:17:40 UTC,5,7,34.02,9.14,35.5,49.4,Caution
2026-03-19 15:17:50 UTC,5,5,30.83,8.82,35.5,49.6,Safe
2026-03-19 15:18:00 UTC,5,5,32.8,9.07,35.6,49.4,Caution
2026-03-19 15:18:10 UTC,6,7,31.12,8.79,35.5,49.0,Safe
2026-03-19 15:18:20 UTC,5,5,33.8,9.11,35.5,49.1,Caution
2026-03-19 15:18:30 UTC,5,7,34.02,9.11,35.4,49.1,Caution
2026-03-19 15:18:40 UTC,5,7,31.12,8.82,35.4,49.3,Safe
2026-03-19 15:18:50 UTC,4,6,34.02,9.11,35.4,49.3,Caution
2026-03-19 15:19:00 UTC,5,6,30.54,8.75,35.5,49.3,Safe
2026-03-19 15:19:10 UTC,5,6,33.48,9.07,35.4,49.8,Caution
2026-03-19 15:19:20 UTC,5,6,31.18,8.82,35.4,50.0,Safe
2026-03-19 15:19:30 UTC,4,6,33.39,9.11,35.4,49.8,Caution
2026-03-19 15:19:40 UTC,3,4,31.12,8.79,35.4,49.5,Safe
2026-03-19 15:19:50 UTC,4,5,33.8,9.18,35.4,49.5,Caution
2026-03-19 15:20:00 UTC,5,6,34.18,9.18,35.4,49.6,Caution
2026-03-19 15:20:10 UTC,5,6,31.68,8.79,35.4,49.5,Safe
2026-03-19 15:20:20 UTC,5,6,33.8,9.11,35.5,49.4,Caution
2026-03-19 15:20:30 UTC,6,7,30.35,8.68,35.5,49.3,Safe
2026-03-19 15:20:40 UTC,5,6,33.86,9.14,35.5,49.2,Caution
2026-03-19 15:20:50 UTC,5,7,30.35,8.68,35.4,49.3,Safe
2026-03-19 15:21:00 UTC,5,7,33.86,9.11,35.4,49.1,Caution
2026-03-19 15:21:10 UTC,6,8,30.75,8.79,35.4,49.0,Safe
2026-03-19 15:21:20 UTC,6,6,33.02,9.0,35.4,49.0,Caution
2026-03-19 15:21:30 UTC,4,4,33.86,9.11,35.4,49.1,Caution
2026-03-19 15:21:40 UTC,4,5,33.86,9.11,35.4,49.2,Caution
2026-03-19 15:21:50 UTC,3,5,30.54,8.72,35.4,49.3,Safe
2026-03-19 15:22:00 UTC,4,5,31.04,8.79,35.4,49.3,Safe
2026-03-19 15:22:10 UTC,3,7,33.86,9.11,35.4,49.4,Caution
2026-03-19 15:22:20 UTC,3,6,31.33,8.79,35.4,49.3,Safe
2026-03-19 15:22:30 UTC,3,4,33.11,9.03,35.5,49.2,Caution
2026-03-19 15:22:40 UTC,3,6,31.12,8.82,35.5,49.1,Safe
2026-03-19 15:22:50 UTC,4,7,33.48,9.07,35.6,49.1,Caution
2026-03-19 15:23:00 UTC,3,5,31.04,8.79,35.6,49.0,Safe
2026-03-19 15:23:10 UTC,3,6,33.92,9.11,35.6,48.7,Caution
2026-03-19 15:23:20 UTC,4,7,30.4,8.68,35.4,48.4,Safe
2026-03-19 15:23:30 UTC,3,6,33.02,9.03,35.4,48.7,Caution
2026-03-19 15:23:40 UTC,3,5,33.86,9.11,35.4,49.1,Caution
2026-03-19 15:23:50 UTC,3,5,30.83,8.75,35.4,49.2,Safe
2026-03-19 15:24:00 UTC,3,3,33.86,9.11,35.4,49.1,Caution
2026-03-19 15:24:10 UTC,3,3,31.04,8.79,35.4,49.3,Safe
2026-03-19 15:24:20 UTC,3,4,33.86,9.11,35.4,49.4,Caution
2026-03-19 15:24:30 UTC,3,4,30.35,8.65,35.4,49.4,Safe
2026-03-19 15:24:40 UTC,3,4,33.92,9.11,35.3,49.3,Caution
2026-03-19 15:24:50 UTC,3,4,31.27,8.79,35.3,49.2,Safe
2026-03-19 15:25:00 UTC,3,3,33.7,9.07,35.3,49.2,Caution
2026-03-19 15:25:10 UTC,3,5,34.4,9.11,35.3,49.2,Caution
2026-03-19 15:25:20 UTC,3,7,31.47,8.86,35.3,49.2,Safe
2026-03-19 15:25:30 UTC,4,7,33.92,9.07,35.3,49.2,Caution
2026-03-19 15:25:40 UTC,4,5,30.75,8.79,35.4,49.4,Safe
2026-03-19 15:25:50 UTC,4,6,33.54,9.11,35.4,49.4,Caution
2026-03-19 15:26:00 UTC,3,7,30.83,8.75,35.4,49.2,Safe
2026-03-19 15:26:10 UTC,2,5,33.86,9.11,35.3,49.2,Caution
2026-03-19 15:26:20 UTC,2,4,31.04,8.75,35.3,49.0,Safe
2026-03-19 15:26:30 UTC,3,5,33.11,9.07,35.3,49.1,Caution
2026-03-19 15:26:40 UTC,4,4,30.98,8.75,35.2,49.3,Safe
2026-03-19 15:26:50 UTC,3,4,32.71,9.03,35.1,49.6,Caution
2026-03-19 15:27:00 UTC,3,3,30.69,8.75,35.1,49.7,Safe
2026-03-19 15:27:10 UTC,3,3,31.18,8.79,35.1,49.8,Safe
2026-03-19 15:27:20 UTC,2,3,33.02,9.07,35.1,49.9,Caution
2026-03-19 15:27:30 UTC,3,4,31.18,8.79,35.2,49.7,Safe
2026-03-19 15:27:40 UTC,4,5,33.7,9.07,35.2,49.8,Caution
2026-03-19 15:27:50 UTC,5,6,31.33,8.79,35.2,49.8,Safe
2026-03-19 15:28:00 UTC,5,5,33.54,9.07,35.3,49.6,Caution
2026-03-19 15:28:10 UTC,7,7,30.75,8.75,35.3,49.2,Safe
2026-03-19 15:28:20 UTC,8,8,33.48,9.11,35.3,49.3,Caution
2026-03-19 15:28:30 UTC,7,9,30.83,8.79,35.3,49.4,Safe
2026-03-19 15:28:40 UTC,7,8,33.86,9.14,35.4,49.3,Caution
2026-03-19 15:28:50 UTC,8,8,33.92,9.11,35.5,49.2,Caution
2026-03-19 15:29:00 UTC,6,6,31.18,8.79,35.5,49.2,Safe
2026-03-19 15:29:10 UTC,5,5,33.86,9.14,35.6,49.2,Caution
2026-03-19 15:29:20 UTC,6,7,30.54,8.68,35.6,49.0,Safe
2026-03-19 15:29:30 UTC,6,8,33.86,9.11,35.7,48.9,Caution
2026-03-19 15:29:40 UTC,6,8,31.18,8.82,35.7,48.4,Safe
2026-03-19 15:29:50 UTC,6,6,33.86,9.11,35.8,48.4,Caution
2026-03-19 15:30:00 UTC,5,5,30.35,8.65,35.8,48.6,Safe
2026-03-19 15:30:10 UTC,5,6,33.8,9.11,35.9,48.7,Caution
2026-03-19 15:30:20 UTC,6,7,33.7,9.07,36.0,48.6,Caution
2026-03-19 15:30:30 UTC,5,6,32.71,9.07,36.0,48.8,Caution
2026-03-19 15:30:40 UTC,4,4,33.86,9.07,36.1,48.7,Caution
2026-03-19 15:30:50 UTC,4,5,31.18,8.82,36.1,48.6,Safe
2026-03-19 15:31:00 UTC,4,5,34.08,9.14,36.2,48.6,Caution
2026-03-19 15:31:10 UTC,4,5,30.54,8.75,36.2,48.5,Safe
2026-03-19 15:31:20 UTC,5,7,33.64,9.11,36.2,48.2,Caution
2026-03-19 15:31:30 UTC,5,6,31.47,8.86,36.2,48.2,Safe
2026-03-19 15:31:40 UTC,5,5,34.08,9.14,36.3,48.3,Caution
2026-03-19 15:31:50 UTC,6,7,31.27,8.79,36.4,48.2,Safe
2026-03-19 15:32:00 UTC,4,5,33.48,9.07,36.4,48.2,Caution
2026-03-19 15:32:10 UTC,2,4,31.27,8.79,36.5,48.3,Safe
2026-03-19 15:32:20 UTC,2,3,29.87,8.65,36.5,48.2,Safe
2026-03-19 15:32:30 UTC,3,3,33.86,9.11,36.6,48.1,Caution
2026-03-19 15:32:40 UTC,4,4,31.39,8.79,36.6,48.1,Safe
2026-03-19 15:32:50 UTC,7,8,34.02,9.11,36.7,48.2,Caution
2026-03-19 15:33:00 UTC,7,8,31.12,8.82,36.7,48.0,Safe
2026-03-19 15:33:10 UTC,5,8,33.17,9.03,36.8,47.9,Caution
2026-03-19 15:33:20 UTC,4,7,30.4,8.68,36.8,47.9,Safe
2026-03-19 15:33:30 UTC,3,6,34.18,9.14,36.9,47.8,Caution
2026-03-19 15:33:40 UTC,4,7,31.27,8.82,36.9,47.7,Safe
2026-03-19 15:33:50 UTC,4,6,34.5,9.14,37.0,47.4,Caution
2026-03-19 15:34:00 UTC,3,4,33.8,9.07,37.0,47.1,Caution
2026-03-19 15:34:10 UTC,4,6,30.4,8.68,37.0,46.9,Safe
2026-03-19 15:34:20 UTC,4,5,34.34,9.18,37.0,47.0,Caution
2026-03-19 15:34:30 UTC,2,8,31.04,8.79,37.0,47.0,Safe
2026-03-19 15:34:40 UTC,3,6,34.02,9.11,37.0,46.9,Caution
2026-03-19 15:34:50 UTC,3,5,31.39,8.79,37.1,46.9,Safe
2026-03-19 15:35:00 UTC,5,5,34.24,9.14,37.1,46.3,Caution
2026-03-19 15:35:10 UTC,5,6,30.83,8.79,37.1,46.3,Safe
2026-03-19 15:35:20 UTC,4,6,34.02,9.11,37.1,46.0,Caution
2026-03-19 15:35:30 UTC,3,4,33.48,9.07,37.0,46.1,Caution
2026-03-19 15:35:40 UTC,4,6,31.47,8.79,37.0,46.2,Safe
2026-03-19 15:35:50 UTC,4,6,34.18,9.11,37.0,46.5,Caution
2026-03-19 15:36:00 UTC,5,6,31.39,8.79,37.0,47.1,Safe
2026-03-19 15:36:10 UTC,4,5,33.86,9.11,37.0,47.3,Caution
2026-03-19 15:36:20 UTC,5,6,30.83,8.72,37.0,47.4,Safe
2026-03-19 15:36:30 UTC,3,7,34.02,9.11,37.0,47.3,Caution
2026-03-19 15:36:40 UTC,3,8,31.27,8.79,37.1,47.3,Safe
2026-03-19 15:36:50 UTC,5,7,34.4,9.14,37.2,47.1,Caution
2026-03-19 15:37:00 UTC,4,5,33.54,9.11,37.3,46.8,Caution
2026-03-19 15:37:10 UTC,4,5,33.48,9.18,37.2,46.0,Caution
2026-03-19 15:37:20 UTC,5,6,30.98,8.75,37.0,46.1,Safe
2026-03-19 15:37:30 UTC,7,7,30.75,8.79,36.9,46.5,Safe
2026-03-19 15:37:40 UTC,5,6,33.7,9.11,36.8,47.1,Caution
2026-03-19 15:37:50 UTC,3,5,30.35,8.68,36.6,47.3,Safe
2026-03-19 15:38:00 UTC,4,4,33.86,9.14,36.4,47.5,Caution
2026-03-19 15:38:10 UTC,5,5,30.98,8.79,36.3,47.7,Safe
2026-03-19 15:38:20 UTC,4,5,33.11,9.03,36.3,47.7,Caution
2026-03-19 15:38:30 UTC,4,4,30.49,8.79,36.3,47.6,Safe
2026-03-19 15:38:40 UTC,4,4,34.4,9.11,36.3,47.6,Caution
2026-03-19 15:38:50 UTC,3,3,31.47,8.75,36.3,47.6,Safe
2026-03-19 15:39:00 UTC,3,4,33.8,9.14,36.3,47.7,Caution
2026-03-19 15:39:10 UTC,4,5,33.7,9.11,36.3,47.7,Caution
2026-03-19 15:39:20 UTC,4,4,31.12,8.72,36.4,47.8,Safe
2026-03-19 15:39:30 UTC,4,4,33.86,9.11,36.4,48.0,Caution
2026-03-19 15:39:40 UTC,5,5,30.75,8.68,36.5,47.8,Safe
2026-03-19 15:39:50 UTC,5,5,33.86,9.11,36.5,47.6,Caution
2026-03-19 15:40:00 UTC,4,5,31.12,8.75,36.6,47.6,Safe
2026-03-19 15:40:10 UTC,4,6,33.92,9.11,36.6,47.5,Caution
2026-03-19 15:40:20 UTC,4,8,31.12,8.79,36.7,47.4,Safe
2026-03-19 15:40:30 UTC,4,6,34.18,9.14,36.7,47.2,Caution
2026-03-19 15:40:40 UTC,5,6,34.08,9.18,36.8,47.1,Caution
2026-03-19 15:40:50 UTC,4,4,31.27,8.79,36.8,47.1,Safe
2026-03-19 15:41:00 UTC,4,4,33.8,9.11,36.7,47.1,Caution
2026-03-19 15:41:10 UTC,4,5,31.27,8.79,36.7,47.2,Safe
2026-03-19 15:41:20 UTC,3,3,33.86,9.11,36.6,47.2,Caution
2026-03-19 15:41:30 UTC,3,4,31.33,8.79,36.5,47.5,Safe
2026-03-19 15:41:40 UTC,5,6,33.86,9.11,36.5,47.4,Caution
2026-03-19 15:41:50 UTC,5,6,31.33,8.79,36.5,47.4,Safe
2026-03-19 15:42:00 UTC,5,7,33.33,9.07,36.5,47.4,Caution
2026-03-19 15:42:10 UTC,6,7,33.86,9.11,36.5,47.6,Caution
2026-03-19 15:42:20 UTC,5,8,33.86,9.14,36.5,47.6,Caution
2026-03-19 15:42:30 UTC,5,7,33.92,9.11,36.6,47.5,Caution
2026-03-19 15:42:40 UTC,3,6,30.83,8.79,36.6,47.5,Safe
2026-03-19 15:42:50 UTC,4,6,33.86,9.11,36.7,47.5,Caution
2026-03-19 15:43:00 UTC,4,5,31.12,8.82,36.7,47.4,Safe
2026-03-19 15:43:10 UTC,4,4,34.08,9.18,36.7,47.3,Caution
2026-03-19 15:43:20 UTC,6,7,31.39,8.79,36.8,47.2,Safe
2026-03-19 15:43:30 UTC,6,7,33.86,9.18,36.8,47.0,Caution
2026-03-19 15:43:40 UTC,5,6,30.35,8.72,36.9,47.0,Safe
2026-03-19 15:43:50 UTC,5,5,34.34,9.11,36.9,46.8,Caution
2026-03-19 15:44:00 UTC,3,3,30.75,8.79,36.9,46.7,Safe
2026-03-19 15:44:10 UTC,4,4,34.02,9.14,36.8,46.9,Caution
2026-03-19 15:44:20 UTC,4,5,33.02,9.07,36.8,47.0,Caution
2026-03-19 15:44:30 UTC,4,5,31.53,8.79,36.7,47.2,Safe
2026-03-19 15:44:40 UTC,5,5,33.86,9.11,36.7,47.3,Caution
2026-03-19 15:44:50 UTC,5,5,30.2,8.72,36.7,47.4,Safe
2026-03-19 15:45:00 UTC,3,3,33.86,9.11,36.7,47.4,Caution
2026-03-19 15:45:10 UTC,4,4,31.12,8.82,36.4,47.3,Safe
2026-03-19 15:45:20 UTC,5,6,33.86,9.18,36.3,47.6,Caution
2026-03-19 15:45:30 UTC,3,5,31.18,8.79,36.3,47.9,Safe
2026-03-19 15:45:40 UTC,3,5,32.95,9.0,36.2,47.8,Caution
2026-03-19 15:45:50 UTC,3,3,34.08,9.14,36.1,47.9,Caution
2026-03-19 15:46:00 UTC,4,7,31.27,8.79,36.2,48.1,Safe
2026-03-19 15:46:10 UTC,5,8,33.48,9.14,36.2,48.1,Caution
2026-03-19 15:46:20 UTC,3,5,30.54,8.72,36.2,48.1,Safe
2026-03-19 15:46:30 UTC,2,4,33.02,9.07,36.1,48.1,Caution
2026-03-19 15:46:40 UTC,3,4,31.53,8.79,36.0,48.4,Safe
2026-03-19 15:46:50 UTC,3,3,34.08,9.14,36.1,48.4,Caution
2026-03-19 15:47:00 UTC,4,5,31.47,8.79,36.1,48.4,Safe
2026-03-19 15:47:10 UTC,4,5,33.86,9.14,36.1,48.4,Caution
2026-03-19 15:47:20 UTC,4,5,33.11,9.07,36.1,48.4,Caution
2026-03-19 15:47:30 UTC,4,5,33.39,9.11,36.1,48.5,Caution
2026-03-19 15:47:40 UTC,5,5,34.24,9.11,36.1,48.4,Caution
2026-03-19 15:47:50 UTC,5,7,30.83,8.79,36.2,48.4,Safe
2026-03-19 15:48:00 UTC,6,7,33.86,9.11,36.1,48.2,Caution
2026-03-19 15:48:10 UTC,7,8,31.53,8.79,36.1,48.4,Safe
2026-03-19 15:48:20 UTC,5,6,33.8,9.11,36.1,48.4,Caution
2026-03-19 15:48:30 UTC,4,7,30.35,8.75,36.0,48.4,Safe
2026-03-19 15:48:40 UTC,4,5,33.92,9.18,35.9,48.6,Caution
2026-03-19 15:48:50 UTC,5,6,31.12,8.82,35.9,48.9,Safe
2026-03-19 15:49:00 UTC,5,5,33.86,9.11,35.9,48.9,Caution
2026-03-19 15:49:10 UTC,6,9,30.98,8.79,36.0,49.5,Safe
2026-03-19 15:49:20 UTC,8,14,34.34,9.11,36.0,49.3,Caution
2026-03-19 15:49:30 UTC,7,14,33.8,9.11,36.1,49.3,Caution
2026-03-19 15:49:40 UTC,6,10,31.33,8.79,36.1,49.0,Safe
2026-03-19 15:49:50 UTC,5,8,33.8,9.11,36.2,48.8,Caution
2026-03-19 15:50:00 UTC,4,8,31.04,8.82,36.2,48.6,Safe
2026-03-19 15:50:10 UTC,5,6,34.02,9.11,36.3,48.5,Caution
2026-03-19 15:50:20 UTC,4,5,30.83,8.86,36.2,48.4,Safe
2026-03-19 15:50:30 UTC,4,4,32.95,9.0,36.2,48.4,Caution
2026-03-19 15:50:40 UTC,4,4,30.49,8.68,36.2,48.5,Safe
2026-03-19 15:50:50 UTC,4,6,32.86,9.03,36.3,48.4,Caution
2026-03-19 15:51:00 UTC,5,5,32.71,9.03,36.4,48.3,Caution
2026-03-19 15:51:10 UTC,4,4,30.49,8.72,36.5,48.1,Safe
2026-03-19 15:51:20 UTC,5,6,34.02,9.11,36.6,48.0,Caution
2026-03-19 15:51:30 UTC,5,6,31.53,8.79,36.6,48.0,Safe
2026-03-19 15:51:40 UTC,4,6,34.02,9.14,36.6,47.9,Caution
2026-03-19 15:51:50 UTC,4,6,31.12,8.75,36.6,47.8,Safe
2026-03-19 15:52:00 UTC,4,4,33.8,9.11,36.7,47.8,Caution
2026-03-19 15:52:10 UTC,5,5,31.12,8.79,36.6,47.6,Safe
2026-03-19 15:52:20 UTC,4,5,33.86,9.18,36.6,47.8,Caution
2026-03-19 15:52:30 UTC,5,6,33.86,9.11,36.6,47.7,Caution
2026-03-19 15:52:40 UTC,3,3,33.86,9.14,36.6,47.7,Caution
2026-03-19 15:52:50 UTC,5,5,33.86,9.18,36.7,47.8,Caution
2026-03-19 15:53:00 UTC,5,6,31.27,8.79,36.7,47.6,Safe
2026-03-19 15:53:10 UTC,4,5,33.54,9.11,36.8,47.6,Caution
2026-03-19 15:53:20 UTC,3,4,30.49,8.68,36.8,47.7,Safe
2026-03-19 15:53:30 UTC,3,4,34.24,9.14,36.8,47.7,Caution
2026-03-19 15:53:40 UTC,4,4,31.53,8.75,36.8,47.8,Safe
2026-03-19 15:53:50 UTC,4,5,33.92,9.14,36.8,47.7,Caution
2026-03-19 15:54:00 UTC,5,5,30.49,8.68,36.8,47.6,Safe
2026-03-19 15:54:10 UTC,3,4,33.54,9.11,36.8,47.5,Caution
2026-03-19 15:54:20 UTC,4,4,30.98,8.79,36.8,47.3,Safe
2026-03-19 15:54:30 UTC,3,3,33.8,9.14,36.6,47.5,Caution
2026-03-19 15:54:40 UTC,3,4,33.92,9.11,36.4,47.7,Caution
2026-03-19 15:54:50 UTC,4,5,31.18,8.82,36.4,47.9,Safe
2026-03-19 15:55:00 UTC,4,4,34.02,9.14,36.3,48.1,Caution
2026-03-19 15:55:10 UTC,3,4,30.35,8.72,36.2,47.8,Safe
2026-03-19 15:55:20 UTC,3,4,33.39,9.14,36.2,47.8,Caution
2026-03-19 15:55:30 UTC,3,5,30.35,8.68,36.1,48.1,Safe
2026-03-19 15:55:40 UTC,3,4,33.7,9.11,36.1,48.7,Caution
2026-03-19 15:55:50 UTC,4,6,30.75,8.79,36.0,48.5,Safe
2026-03-19 15:56:00 UTC,3,4,33.48,9.14,36.0,48.4,Caution
2026-03-19 15:56:10 UTC,3,3,33.86,9.11,36.1,48.3,Caution
2026-03-19 15:56:20 UTC,4,4,30.26,8.68,36.0,48.2,Safe
2026-03-19 15:56:30 UTC,2,3,33.8,9.11,36.0,48.3,Caution
2026-03-19 15:56:40 UTC,2,3,30.75,8.72,36.0,48.6,Safe
2026-03-19 15:56:50 UTC,3,3,33.39,9.11,36.1,48.8,Caution
2026-03-19 15:57:00 UTC,3,4,31.33,8.79,36.1,48.9,Safe
2026-03-19 15:57:10 UTC,4,6,33.54,9.11,36.2,48.9,Caution
2026-03-19 15:57:20 UTC,5,7,31.04,8.75,36.2,48.8,Safe
2026-03-19 15:57:30 UTC,5,6,34.24,9.14,36.3,48.5,Caution
2026-03-19 15:57:40 UTC,5,5,34.02,9.18,36.3,48.4,Caution
2026-03-19 15:57:50 UTC,5,5,34.02,9.14,36.3,48.3,Caution
2026-03-19 15:58:00 UTC,6,6,34.24,9.11,36.4,48.4,Caution
2026-03-19 15:58:10 UTC,5,6,30.63,8.68,36.5,48.3,Safe
2026-03-19 15:58:20 UTC,5,7,32.65,9.0,36.5,48.3,Caution
2026-03-19 15:58:30 UTC,4,4,31.04,8.79,36.5,48.2,Safe
2026-03-19 15:58:40 UTC,3,4,33.86,9.18,36.5,48.2,Caution
2026-03-19 15:58:50 UTC,4,6,30.98,8.79,36.4,48.1,Safe
2026-03-19 15:59:00 UTC,5,8,33.17,9.07,36.3,48.3,Caution
2026-03-19 15:59:10 UTC,4,6,30.83,8.75,36.3,48.4,Safe
2026-03-19 15:59:20 UTC,4,6,33.54,9.11,36.2,48.3,Caution
2026-03-19 15:59:30 UTC,5,6,31.12,8.82,36.2,48.4,Safe
2026-03-19 15:59:40 UTC,6,7,31.47,8.79,36.2,48.5,Safe
2026-03-19 15:59:50 UTC,7,8,33.7,9.14,36.3,48.6,Caution
2026-03-19 16:00:00 UTC,6,8,31.33,8.82,36.3,48.4,Safe
2026-03-19 16:00:10 UTC,5,7,33.92,9.14,36.3,48.2,Caution
2026-03-19 16:00:20 UTC,7,8,31.33,8.79,36.3,48.3,Safe
2026-03-19 16:00:30 UTC,6,7,33.86,9.14,36.3,48.4,Caution
2026-03-19 16:00:40 UTC,6,7,31.39,8.75,36.4,48.3,Safe
2026-03-19 16:00:50 UTC,7,8,33.92,9.14,36.4,48.4,Caution
2026-03-19 16:01:00 UTC,6,7,31.04,8.82,36.4,48.2,Safe
2026-03-19 16:01:10 UTC,7,7,33.86,9.14,36.4,48.3,Caution
2026-03-19 16:01:20 UTC,7,7,34.02,9.11,36.4,48.5,Caution
2026-03-19 16:01:30 UTC,6,7,31.47,8.79,36.4,48.4,Safe
2026-03-19 16:01:40 UTC,6,9,34.02,9.14,36.4,48.3,Caution
2026-03-19 16:01:50 UTC,7,10,31.27,8.72,36.5,48.3,Safe
2026-03-19 16:02:00 UTC,6,7,33.86,9.11,36.5,48.3,Caution
2026-03-19 16:02:10 UTC,6,6,31.04,8.79,36.6,48.5,Safe
2026-03-19 16:02:20 UTC,7,8,33.8,9.14,36.5,48.5,Caution
2026-03-19 16:02:30 UTC,7,7,30.98,8.79,36.6,48.3,Safe
2026-03-19 16:02:40 UTC,7,7,34.24,9.14,36.6,48.1,Caution
2026-03-19 16:02:50 UTC,6,6,34.34,9.14,36.6,48.2,Caution
2026-03-19 16:03:00 UTC,7,8,31.33,8.79,36.6,48.1,Safe
2026-03-19 16:03:10 UTC,8,8,33.86,9.14,36.7,48.0,Caution
2026-03-19 16:03:20 UTC,10,10,31.47,8.82,36.7,47.8,Safe
2026-03-19 16:03:30 UTC,8,9,34.08,9.14,36.7,47.6,Caution
2026-03-19 16:03:40 UTC,9,9,31.47,8.75,36.7,47.8,Safe
2026-03-19 16:03:50 UTC,9,10,34.08,9.11,36.7,47.6,Caution
2026-03-19 16:04:00 UTC,10,11,32.28,8.96,36.6,47.3,Caution
2026-03-19 16:04:10 UTC,9,10,34.08,9.11,36.5,47.2,Caution
2026-03-19 16:04:20 UTC,7,8,33.8,9.11,36.4,47.5,Caution
2026-03-19 16:04:30 UTC,6,9,32.95,8.96,36.2,47.7,Caution
2026-03-19 16:04:40 UTC,6,10,33.8,9.11,36.2,48.1,Caution
2026-03-19 16:04:50 UTC,5,9,31.04,8.79,36.2,48.4,Safe
2026-03-19 16:05:00 UTC,7,10,34.34,9.11,36.2,48.4,Caution
2026-03-19 16:05:10 UTC,8,9,30.54,8.75,36.2,48.7,Safe
2026-03-19 16:05:20 UTC,8,10,32.86,9.0,36.1,48.5,Caution
2026-03-19 16:05:30 UTC,8,11,30.69,8.75,36.1,48.5,Safe
2026-03-19 16:05:40 UTC,9,11,34.08,9.14,36.1,48.8,Caution
2026-03-19 16:05:50 UTC,9,9,31.04,8.79,36.1,48.8,Safe
2026-03-19 16:06:00 UTC,9,10,33.23,9.07,36.0,48.9,Caution
2026-03-19 16:06:10 UTC,8,10,31.12,8.82,36.0,49.0,Safe
2026-03-19 16:06:20 UTC,8,10,31.27,8.82,36.0,49.0,Safe
2026-03-19 16:06:30 UTC,8,9,34.18,9.14,36.0,49.0,Caution
2026-03-19 16:06:40 UTC,9,10,31.04,8.75,36.1,49.0,Safe
2026-03-19 16:06:50 UTC,10,11,33.86,9.18,36.1,49.1,Caution
2026-03-19 16:07:00 UTC,10,11,30.69,8.79,36.0,49.1,Safe
2026-03-19 16:07:10 UTC,8,10,33.86,9.14,36.0,49.2,Caution
2026-03-19 16:07:20 UTC,8,9,30.4,8.68,35.9,49.2,Safe
2026-03-19 16:07:30 UTC,9,9,34.08,9.14,35.9,49.2,Caution
2026-03-19 16:07:40 UTC,9,9,30.63,8.79,35.9,49.3,Safe
2026-03-19 16:07:50 UTC,8,8,33.86,9.14,35.9,49.1,Caution
2026-03-19 16:08:00 UTC,8,9,33.7,9.14,35.9,49.3,Caution
2026-03-19 16:08:10 UTC,9,12,30.54,8.82,35.8,49.3,Safe
2026-03-19 16:08:20 UTC,10,13,33.8,9.11,35.8,49.1,Caution
2026-03-19 16:08:30 UTC,12,15,30.26,8.68,35.8,49.2,Safe
2026-03-19 16:08:40 UTC,13,16,33.86,9.14,35.8,49.2,Caution
2026-03-19 16:08:50 UTC,14,17,30.4,8.65,35.7,49.2,Safe
2026-03-19 16:09:00 UTC,15,18,33.7,9.14,35.8,49.3,Caution
2026-03-19 16:09:10 UTC,13,16,31.27,8.75,35.8,49.2,Safe
2026-03-19 16:09:20 UTC,12,19,34.08,9.11,35.8,49.1,Caution
2026-03-19 16:09:30 UTC,11,18,33.86,9.11,35.8,49.1,Caution
2026-03-19 16:09:40 UTC,11,16,31.33,8.75,35.8,49.0,Safe
2026-03-19 16:09:50 UTC,11,17,33.8,9.11,35.7,49.1,Caution
2026-03-19 16:10:00 UTC,10,16,31.47,8.79,35.8,49.1,Safe
2026-03-19 16:10:10 UTC,9,15,33.8,9.11,35.8,49.1,Caution
2026-03-19 16:10:20 UTC,8,14,31.47,8.79,35.9,49.2,Safe
2026-03-19 16:10:30 UTC,9,13,33.39,8.96,35.8,49.0,Caution
2026-03-19 16:10:40 UTC,11,14,30.35,8.75,35.8,48.8,Safe
2026-03-19 16:10:50 UTC,7,12,34.18,9.11,35.7,48.8,Caution
2026-03-19 16:11:00 UTC,8,13,33.86,9.07,35.7,48.9,Caution
2026-03-19 16:11:10 UTC,8,13,33.86,9.11,35.5,48.9,Caution
2026-03-19 16:11:20 UTC,9,11,31.27,8.82,35.5,49.0,Safe
2026-03-19 16:11:30 UTC,9,13,30.69,8.75,35.5,49.0,Safe
2026-03-19 16:11:40 UTC,9,12,33.86,9.14,35.5,49.1,Caution
2026-03-19 16:11:50 UTC,8,12,31.12,8.82,35.5,49.1,Safe
2026-03-19 16:12:00 UTC,7,11,34.08,9.18,35.6,48.9,Caution
2026-03-19 16:12:10 UTC,6,8,30.12,8.65,35.6,48.8,Safe
2026-03-19 16:12:20 UTC,6,8,33.86,9.11,35.5,48.6,Caution
2026-03-19 16:12:30 UTC,7,9,30.01,8.65,35.6,48.6,Safe
2026-03-19 16:12:40 UTC,7,10,34.34,9.11,35.6,48.7,Caution
2026-03-19 16:12:50 UTC,7,9,31.12,8.75,35.6,48.6,Safe
2026-03-19 16:13:00 UTC,6,7,33.17,9.03,35.6,48.6,Caution
2026-03-19 16:13:10 UTC,6,7,33.86,9.14,35.6,48.6,Caution
2026-03-19 16:13:20 UTC,6,6,30.4,8.68,35.6,48.6,Safe
2026-03-19 16:13:30 UTC,6,7,33.7,9.11,35.5,48.7,Caution
2026-03-19 16:13:40 UTC,6,9,31.39,8.82,35.5,48.9,Safe
2026-03-19 16:13:50 UTC,5,8,32.65,8.96,35.4,49.4,Caution
2026-03-19 16:14:00 UTC,7,10,30.49,8.75,35.3,49.6,Safe
2026-03-19 16:14:10 UTC,6,9,34.02,9.14,35.1,49.2,Caution
2026-03-19 16:14:20 UTC,4,6,30.75,8.75,35.0,48.5,Safe
2026-03-19 16:14:30 UTC,4,6,33.39,9.07,34.9,48.6,Caution
2026-03-19 16:14:40 UTC,3,4,33.64,9.07,34.9,48.7,Caution
2026-03-19 16:14:50 UTC,2,3,30.98,8.75,34.9,48.7,Safe
2026-03-19 16:15:00 UTC,4,5,33.64,9.11,34.8,48.8,Caution
2026-03-19 16:15:10 UTC,4,5,30.35,8.75,34.8,48.8,Safe
2026-03-19 16:15:20 UTC,6,7,32.65,8.96,34.8,48.7,Caution
2026-03-19 16:15:30 UTC,4,6,30.35,8.72,34.7,49.0,Safe
2026-03-19 16:15:40 UTC,3,4,33.48,9.07,34.7,49.2,Caution
2026-03-19 16:15:50 UTC,5,5,30.69,8.79,34.7,49.5,Safe
2026-03-19 16:16:00 UTC,3,6,33.8,9.07,34.5,49.2,Caution
2026-03-19 16:16:10 UTC,3,6,32.65,9.03,34.4,49.7,Caution
2026-03-19 16:16:20 UTC,4,5,32.65,9.0,34.2,49.5,Caution
2026-03-19 16:16:30 UTC,3,4,30.01,8.65,34.1,49.6,Safe
2026-03-19 16:16:40 UTC,2,3,30.54,8.72,34.0,49.5,Safe
2026-03-19 16:16:50 UTC,3,3,33.33,9.11,33.8,50.0,Caution
2026-03-19 16:17:00 UTC,2,3,30.49,8.68,33.7,50.3,Safe
2026-03-19 16:17:10 UTC,3,4,31.92,8.93,33.6,50.6,Safe
2026-03-19 16:17:20 UTC,3,4,30.06,8.68,33.6,51.0,Safe
2026-03-19 16:17:30 UTC,3,3,32.19,8.93,33.5,51.4,Safe
2026-03-19 16:17:40 UTC,3,4,30.69,8.72,33.5,51.3,Safe
2026-03-19 16:17:50 UTC,2,2,33.02,9.07,33.5,51.5,Caution
2026-03-19 16:18:00 UTC,3,3,29.59,8.62,33.4,51.6,Safe
2026-03-19 16:18:10 UTC,3,3,33.11,9.11,33.5,51.6,Caution
2026-03-19 16:18:20 UTC,4,4,33.11,9.11,33.4,51.3,Caution
2026-03-19 16:18:30 UTC,5,5,30.69,8.75,33.5,51.1,Safe
2026-03-19 16:18:40 UTC,4,5,33.7,9.07,33.5,51.0,Caution
2026-03-19 16:18:50 UTC,3,5,31.27,8.75,33.5,51.1,Safe
2026-03-19 16:19:00 UTC,4,6,33.39,9.11,33.5,51.0,Caution
2026-03-19 16:19:10 UTC,4,7,31.12,8.79,33.6,51.1,Safe
2026-03-19 16:19:20 UTC,3,4,33.64,9.11,33.6,51.2,Caution
2026-03-19 16:19:30 UTC,4,5,31.12,8.79,33.7,51.1,Safe
2026-03-19 16:19:40 UTC,5,5,33.39,9.11,33.7,51.1,Caution
2026-03-19 16:19:50 UTC,5,6,33.8,9.11,33.7,50.7,Caution
2026-03-19 16:20:00 UTC,4,6,30.75,8.75,33.7,50.7,Safe
2026-03-19 16:20:10 UTC,3,4,32.65,8.93,33.8,50.6,Safe
2026-03-19 16:20:20 UTC,3,4,30.83,8.75,33.7,50.8,Safe
2026-03-19 16:20:30 UTC,3,4,33.48,9.07,33.8,50.9,Caution
2026-03-19 16:20:40 UTC,4,4,30.4,8.75,33.8,51.2,Safe
2026-03-19 16:20:50 UTC,4,4,33.7,9.07,33.8,51.0,Caution
2026-03-19 16:21:00 UTC,3,4,30.49,8.72,33.8,51.1,Safe
2026-03-19 16:21:10 UTC,4,4,33.17,9.11,33.7,50.8,Caution
2026-03-19 16:21:20 UTC,4,7,33.11,9.07,33.6,50.8,Caution
2026-03-19 16:21:30 UTC,3,5,33.33,9.07,33.6,50.9,Caution
2026-03-19 16:21:40 UTC,5,6,33.33,9.07,33.5,51.2,Caution
2026-03-19 16:21:50 UTC,6,6,31.04,8.79,33.4,51.8,Safe
2026-03-19 16:22:00 UTC,5,5,33.39,9.11,33.4,52.2,Caution
2026-03-19 16:22:10 UTC,5,6,30.69,8.75,33.3,53.0,Safe
2026-03-19 16:22:20 UTC,4,4,33.33,9.11,33.3,53.7,Caution
2026-03-19 16:22:30 UTC,4,4,30.35,8.75,33.2,53.4,Safe
2026-03-19 16:22:40 UTC,3,5,33.39,9.03,33.1,52.8,Caution
2026-03-19 16:22:50 UTC,3,4,30.4,8.75,33.1,53.1,Safe
2026-03-19 16:23:00 UTC,3,3,33.48,9.11,33.1,52.9,Caution
2026-03-19 16:23:10 UTC,3,3,30.01,8.72,33.1,53.2,Safe
2026-03-19 16:23:20 UTC,4,5,30.54,8.79,33.1,53.4,Safe
2026-03-19 16:23:30 UTC,4,4,33.33,9.03,33.0,53.5,Caution
2026-03-19 16:23:40 UTC,4,5,29.64,8.62,32.9,53.2,Safe
2026-03-19 16:23:50 UTC,4,6,33.11,9.11,32.9,53.3,Caution
2026-03-19 16:24:00 UTC,5,6,30.49,8.79,32.9,53.5,Safe
2026-03-19 16:24:10 UTC,5,6,33.17,9.07,32.8,53.6,Caution
2026-03-19 16:24:20 UTC,5,5,30.35,8.79,32.8,54.3,Safe
2026-03-19 16:24:30 UTC,4,5,33.39,9.11,32.8,54.3,Caution
2026-03-19 16:24:40 UTC,5,5,30.54,8.72,32.8,54.1,Safe
2026-03-19 16:24:50 UTC,4,5,33.64,9.18,32.8,54.4,Caution
2026-03-19 16:25:00 UTC,4,7,33.39,9.07,32.8,54.0,Caution
2026-03-19 16:25:10 UTC,4,7,29.92,8.65,32.8,53.5,Safe
2026-03-19 16:25:20 UTC,5,6,31.47,8.93,32.8,53.4,Safe
2026-03-19 16:25:30 UTC,4,5,29.59,8.62,32.8,53.5,Safe
2026-03-19 16:25:40 UTC,4,5,32.71,9.03,32.8,53.8,Caution
2026-03-19 16:25:50 UTC,4,4,30.2,8.72,32.9,54.0,Safe
2026-03-19 16:26:00 UTC,5,5,32.86,9.07,32.9,53.9,Caution
2026-03-19 16:26:10 UTC,4,5,30.83,8.72,32.9,53.7,Safe
2026-03-19 16:26:20 UTC,4,5,32.65,8.96,32.9,53.8,Caution
2026-03-19 16:26:30 UTC,3,6,32.95,9.07,33.0,53.8,Caution
2026-03-19 16:26:40 UTC,4,8,32.71,9.0,33.0,53.5,Caution
2026-03-19 16:26:50 UTC,5,6,33.33,9.07,33.0,53.5,Caution
2026-03-19 16:27:00 UTC,5,5,30.98,8.79,33.0,53.5,Safe
2026-03-19 16:27:10 UTC,5,6,31.92,8.96,33.0,54.0,Caution
2026-03-19 16:27:20 UTC,5,5,29.59,8.55,33.0,54.1,Safe
2026-03-19 16:27:30 UTC,5,7,32.86,9.07,33.1,54.5,Caution
2026-03-19 16:27:40 UTC,5,5,30.12,8.68,33.1,54.1,Safe
2026-03-19 16:27:50 UTC,4,5,33.39,9.07,33.1,53.4,Caution
2026-03-19 16:28:00 UTC,4,6,30.54,8.75,33.1,53.1,Safe
2026-03-19 16:28:10 UTC,5,5,33.02,9.07,33.1,53.1,Caution
2026-03-19 16:28:20 UTC,5,6,30.49,8.79,33.1,53.2,Safe
2026-03-19 16:28:30 UTC,5,6,30.49,8.68,33.0,53.2,Safe
2026-03-19 16:28:40 UTC,5,6,33.64,9.11,33.0,53.3,Caution
2026-03-19 16:28:50 UTC,5,8,29.64,8.62,33.0,53.3,Safe
2026-03-19 16:29:00 UTC,6,7,32.13,8.96,33.1,53.4,Caution
2026-03-19 16:29:10 UTC,6,9,30.2,8.65,33.2,53.4,Safe
2026-03-19 16:29:20 UTC,7,8,31.92,8.93,33.2,53.2,Safe
2026-03-19 16:29:30 UTC,6,7,30.69,8.75,33.2,52.8,Safe
2026-03-19 16:29:40 UTC,7,8,33.39,9.11,33.2,52.9,Caution
2026-03-19 16:29:50 UTC,7,9,28.66,8.51,33.2,53.0,Safe
2026-03-19 16:30:00 UTC,8,8,33.7,9.07,33.2,52.7,Caution
2026-03-19 16:30:10 UTC,8,8,33.11,9.07,33.2,52.5,Caution
2026-03-19 16:30:20 UTC,7,7,31.04,8.79,33.2,52.4,Safe
2026-03-19 16:30:30 UTC,9,9,32.13,8.93,33.2,52.2,Safe
2026-03-19 16:30:40 UTC,8,9,30.49,8.75,33.2,52.3,Safe
2026-03-19 16:30:50 UTC,7,9,32.65,8.96,33.2,52.3,Caution
2026-03-19 16:31:00 UTC,6,9,30.69,8.79,33.2,52.2,Safe
2026-03-19 16:31:10 UTC,7,8,32.19,8.96,33.1,52.3,Caution
2026-03-19 16:31:20 UTC,7,7,29.45,8.58,33.2,52.3,Safe
2026-03-19 16:31:30 UTC,6,7,34.02,9.14,33.2,52.5,Caution
2026-03-19 16:31:40 UTC,5,5,33.86,9.14,33.1,52.5,Caution
2026-03-19 16:31:50 UTC,5,5,32.28,8.96,33.2,52.5,Caution
2026-03-19 16:32:00 UTC,6,7,33.64,9.11,33.2,52.5,Caution
2026-03-19 16:32:10 UTC,5,9,30.54,8.75,33.2,52.4,Safe
2026-03-19 16:32:20 UTC,5,7,33.11,9.11,33.2,52.2,Caution
2026-03-19 16:32:30 UTC,7,8,31.04,8.79,33.3,52.1,Safe
2026-03-19 16:32:40 UTC,7,7,33.33,9.11,33.3,52.0,Caution
2026-03-19 16:32:50 UTC,5,6,29.92,8.65,33.3,52.0,Safe
2026-03-19 16:33:00 UTC,6,6,32.65,8.96,33.3,51.9,Caution
2026-03-19 16:33:10 UTC,6,7,30.98,8.79,33.4,51.8,Safe
2026-03-19 16:33:20 UTC,5,7,34.24,9.14,33.4,51.8,Caution
2026-03-19 16:33:30 UTC,5,8,30.83,8.79,33.4,51.7,Safe
2026-03-19 16:33:40 UTC,4,7,30.26,8.65,33.3,51.7,Safe
2026-03-19 16:33:50 UTC,3,3,33.7,9.11,33.3,51.6,Caution
2026-03-19 16:34:00 UTC,3,4,30.01,8.65,33.3,51.7,Safe
2026-03-19 16:34:10 UTC,4,5,33.92,9.11,33.2,51.9,Caution
2026-03-19 16:34:20 UTC,4,5,30.63,8.75,33.2,52.1,Safe
2026-03-19 16:34:30 UTC,3,5,33.48,9.07,33.3,52.0,Caution
2026-03-19 16:34:40 UTC,4,5,31.33,8.82,33.3,51.9,Safe
2026-03-19 16:34:50 UTC,5,6,34.02,9.11,33.3,52.0,Caution
2026-03-19 16:35:00 UTC,6,6,31.53,8.79,33.3,51.9,Safe
2026-03-19 16:35:10 UTC,6,6,33.39,9.03,33.4,51.9,Caution
2026-03-19 16:35:20 UTC,6,6,33.11,9.0,33.4,51.9,Caution
2026-03-19 16:35:30 UTC,5,5,31.92,8.82,33.4,51.7,Safe
2026-03-19 16:35:40 UTC,4,5,34.24,9.14,33.4,51.7,Caution
2026-03-19 16:35:50 UTC,5,5,31.33,8.79,33.4,51.3,Safe
2026-03-19 16:36:00 UTC,5,5,34.08,9.11,33.4,51.3,Caution
2026-03-19 16:36:10 UTC,4,4,31.12,8.79,33.4,51.3,Safe
2026-03-19 16:36:20 UTC,3,4,33.92,9.11,33.4,51.3,Caution
2026-03-19 16:36:30 UTC,5,5,30.75,8.79,33.4,51.4,Safe
2026-03-19 16:36:40 UTC,6,7,32.95,9.0,33.4,51.6,Caution
2026-03-19 16:36:50 UTC,6,8,33.7,9.07,33.5,51.8,Caution
2026-03-19 16:37:00 UTC,6,7,33.7,9.11,33.5,51.9,Caution
2026-03-19 16:37:10 UTC,4,5,34.24,9.11,33.5,52.0,Caution
2026-03-19 16:37:20 UTC,4,6,31.18,8.79,33.5,52.4,Safe
2026-03-19 16:37:30 UTC,6,8,33.92,9.11,33.5,52.4,Caution
2026-03-19 16:37:40 UTC,6,7,30.35,8.72,33.5,52.1,Safe
2026-03-19 16:37:50 UTC,6,8,33.86,9.11,33.6,51.6,Caution
2026-03-19 16:38:00 UTC,6,8,30.75,8.72,33.5,51.6,Safe
2026-03-19 16:38:10 UTC,5,7,34.24,9.11,33.6,52.0,Caution
2026-03-19 16:38:20 UTC,5,9,31.33,8.79,33.6,52.5,Safe
2026-03-19 16:38:30 UTC,6,12,34.02,9.07,33.6,52.7,Caution
2026-03-19 16:38:40 UTC,6,7,31.04,8.75,33.6,52.4,Safe
2026-03-19 16:38:50 UTC,7,8,30.89,8.75,33.6,52.3,Safe
2026-03-19 16:39:00 UTC,6,7,33.92,9.14,33.6,51.5,Caution
2026-03-19 16:39:10 UTC,4,5,31.04,8.82,33.6,51.3,Safe
2026-03-19 16:39:20 UTC,6,6,33.7,9.07,33.6,51.0,Caution
2026-03-19 16:39:30 UTC,6,8,30.83,8.79,33.6,50.9,Safe
2026-03-19 16:39:40 UTC,5,7,33.8,9.11,33.5,51.0,Caution
2026-03-19 16:39:50 UTC,5,6,30.83,8.75,33.5,51.2,Safe
2026-03-19 16:40:00 UTC,5,6,33.39,9.11,33.5,51.2,Caution
2026-03-19 16:40:10 UTC,5,5,29.87,8.65,33.5,51.0,Safe
2026-03-19 16:40:20 UTC,6,8,33.33,9.07,33.5,50.9,Caution
2026-03-19 16:40:30 UTC,6,8,33.86,9.14,33.5,51.0,Caution
2026-03-19 16:40:40 UTC,6,6,30.89,8.75,33.5,51.3,Safe
2026-03-19 16:40:50 UTC,6,7,32.71,8.96,33.5,51.6,Caution
2026-03-19 16:41:00 UTC,4,4,31.27,8.75,33.5,51.7,Safe
2026-03-19 16:41:10 UTC,5,6,33.33,9.11,33.4,51.3,Caution
2026-03-19 16:41:20 UTC,6,7,30.98,8.79,33.4,51.3,Safe
2026-03-19 16:41:30 UTC,6,6,33.17,9.03,33.4,52.0,Caution
2026-03-19 16:41:40 UTC,6,6,29.92,8.65,33.4,52.4,Safe
2026-03-19 16:41:50 UTC,6,7,32.65,8.93,33.4,52.5,Safe
2026-03-19 16:42:00 UTC,6,6,34.02,9.07,33.4,52.6,Caution
2026-03-19 16:42:10 UTC,6,6,34.34,9.14,33.5,53.0,Caution
2026-03-19 16:42:20 UTC,4,5,32.65,9.0,33.5,53.1,Caution
2026-03-19 16:42:30 UTC,4,6,31.33,8.75,33.6,53.5,Safe
2026-03-19 16:42:40 UTC,6,9,33.86,9.14,33.6,53.3,Caution
2026-03-19 16:42:50 UTC,6,7,31.47,8.82,33.7,53.1,Safe
2026-03-19 16:43:00 UTC,6,6,33.64,9.11,33.7,53.0,Caution
2026-03-19 16:43:10 UTC,6,7,31.27,8.75,33.7,52.6,Safe
2026-03-19 16:43:20 UTC,6,7,33.7,9.0,33.7,52.4,Caution
2026-03-19 16:43:30 UTC,6,9,31.04,8.75,33.8,52.1,Safe
2026-03-19 16:43:40 UTC,7,10,33.92,9.14,33.8,51.5,Caution
2026-03-19 16:43:50 UTC,5,7,31.39,8.72,33.8,51.7,Safe
2026-03-19 16:44:00 UTC,4,6,31.18,8.75,33.8,52.2,Safe
2026-03-19 16:44:10 UTC,4,8,34.08,9.07,33.8,52.1,Caution
2026-03-19 16:44:20 UTC,4,7,30.35,8.65,33.8,51.9,Safe
2026-03-19 16:44:30 UTC,5,5,33.92,9.07,33.9,51.5,Caution
2026-03-19 16:44:40 UTC,5,6,31.47,8.75,33.9,51.3,Safe
2026-03-19 16:44:50 UTC,5,8,33.02,9.03,33.9,51.4,Caution
2026-03-19 16:45:00 UTC,4,6,31.12,8.75,33.9,51.4,Safe
2026-03-19 16:45:10 UTC,4,5,34.24,9.07,33.9,51.4,Caution
2026-03-19 16:45:20 UTC,5,5,30.98,8.75,33.9,51.4,Safe
2026-03-19 16:45:30 UTC,4,5,33.64,9.11,33.9,51.3,Caution
2026-03-19 16:45:40 UTC,4,7,33.86,9.07,33.9,51.0,Caution
2026-03-19 16:45:50 UTC,5,8,31.18,8.79,33.8,50.9,Safe
2026-03-19 16:46:00 UTC,5,6,33.33,9.0,33.8,50.9,Caution
2026-03-19 16:46:10 UTC,6,7,31.27,8.75,33.8,51.0,Safe
2026-03-19 16:46:20 UTC,6,7,34.18,9.11,33.9,51.2,Caution
2026-03-19 16:46:30 UTC,4,8,31.12,8.75,33.9,51.0,Safe
2026-03-19 16:46:40 UTC,4,7,33.8,9.07,33.9,51.0,Caution
2026-03-19 16:46:50 UTC,5,6,30.12,8.65,33.9,51.0,Safe
2026-03-19 16:47:00 UTC,5,7,33.48,9.07,33.9,50.7,Caution
2026-03-19 16:47:10 UTC,6,6,32.86,9.03,33.9,50.6,Caution
2026-03-19 16:47:20 UTC,6,7,33.64,9.07,33.8,50.6,Caution
2026-03-19 16:47:30 UTC,6,7,33.02,9.03,33.8,50.8,Caution
2026-03-19 16:47:40 UTC,6,9,30.54,8.68,33.8,50.7,Safe
2026-03-19 16:47:50 UTC,6,7,33.7,9.07,33.8,50.8,Caution
2026-03-19 16:48:00 UTC,8,9,31.27,8.75,33.8,51.1,Safe
2026-03-19 16:48:10 UTC,8,9,33.23,9.03,33.8,51.2,Caution
2026-03-19 16:48:20 UTC,7,11,30.63,8.79,33.8,51.4,Safe
2026-03-19 16:48:30 UTC,6,11,33.48,9.07,33.7,51.4,Caution
2026-03-19 16:48:40 UTC,5,8,30.12,8.65,33.6,51.7,Safe
2026-03-19 16:48:50 UTC,5,6,32.65,9.0,33.5,52.4,Caution
2026-03-19 16:49:00 UTC,5,6,30.83,8.72,33.4,52.7,Safe
2026-03-19 16:49:10 UTC,5,7,30.75,8.75,33.3,52.5,Safe
2026-03-19 16:49:20 UTC,6,7,32.86,9.07,33.3,52.6,Caution
2026-03-19 16:49:30 UTC,5,7,31.18,8.75,33.3,52.5,Safe
2026-03-19 16:49:40 UTC,4,6,33.23,8.96,33.3,52.6,Caution
2026-03-19 16:49:50 UTC,4,7,31.12,8.79,33.3,52.7,Safe
2026-03-19 16:50:00 UTC,5,6,33.86,9.11,33.4,52.7,Caution
2026-03-19 16:50:10 UTC,5,5,31.12,8.79,33.4,52.4,Safe
2026-03-19 16:50:20 UTC,6,8,33.92,9.14,33.4,52.3,Caution
2026-03-19 16:50:30 UTC,6,10,31.33,8.82,33.4,52.7,Safe
2026-03-19 16:50:40 UTC,5,8,33.7,9.07,33.3,52.7,Caution
2026-03-19 16:50:50 UTC,6,9,34.18,9.11,33.3,52.9,Caution
2026-03-19 16:51:00 UTC,5,6,31.12,8.79,33.4,53.0,Safe
2026-03-19 16:51:10 UTC,6,6,34.08,9.07,33.4,53.1,Caution
2026-03-19 16:51:20 UTC,5,7,30.2,8.68,33.4,53.0,Safe
2026-03-19 16:51:30 UTC,5,6,33.54,9.11,33.4,52.9,Caution
2026-03-19 16:51:40 UTC,6,6,30.83,8.72,33.4,53.1,Safe
2026-03-19 16:51:50 UTC,7,10,32.86,8.96,33.4,52.9,Caution
2026-03-19 16:52:00 UTC,7,11,31.12,8.79,33.4,52.9,Safe
2026-03-19 16:52:10 UTC,8,10,33.8,9.11,33.5,52.7,Caution
2026-03-19 16:52:20 UTC,6,9,32.86,9.03,33.5,52.5,Caution
2026-03-19 16:52:30 UTC,5,7,31.47,8.79,33.5,52.5,Safe
2026-03-19 16:52:40 UTC,6,11,33.86,9.07,33.5,52.4,Caution
2026-03-19 16:52:50 UTC,6,10,30.35,8.68,33.5,52.4,Safe
2026-03-19 16:53:00 UTC,8,10,33.86,9.11,33.5,52.4,Caution
2026-03-19 16:53:10 UTC,5,8,31.04,8.79,33.5,52.4,Safe
2026-03-19 16:53:20 UTC,5,8,33.86,9.07,33.6,52.5,Caution
2026-03-19 16:53:30 UTC,6,8,31.12,8.79,33.6,53.0,Safe
2026-03-19 16:53:40 UTC,6,8,33.64,9.07,33.6,53.1,Caution
2026-03-19 16:53:50 UTC,8,9,33.8,9.07,33.6,52.9,Caution
2026-03-19 16:54:00 UTC,7,8,33.86,9.07,33.6,52.9,Caution
2026-03-19 16:54:10 UTC,6,7,32.65,8.93,33.5,52.6,Safe
2026-03-19 16:54:20 UTC,5,6,31.27,8.79,33.5,52.5,Safe
2026-03-19 16:54:30 UTC,8,11,33.86,9.11,33.5,52.7,Caution
2026-03-19 16:54:40 UTC,7,14,31.04,8.79,33.5,52.7,Safe
2026-03-19 16:54:50 UTC,6,12,34.08,9.11,33.5,52.8,Caution
2026-03-19 16:55:00 UTC,5,10,30.69,8.75,33.5,53.2,Safe
2026-03-19 16:55:10 UTC,8,13,33.64,9.11,33.5,53.3,Caution
2026-03-19 16:55:20 UTC,9,16,31.12,8.79,33.5,53.3,Safe
2026-03-19 16:55:30 UTC,10,16,33.11,9.07,33.5,53.0,Caution
2026-03-19 16:55:40 UTC,11,18,30.83,8.75,33.5,52.9,Safe
2026-03-19 16:55:50 UTC,14,23,30.63,8.68,33.5,52.8,Safe
2026-03-19 16:56:00 UTC,16,25,33.64,9.11,33.5,52.9,Caution
2026-03-19 16:56:10 UTC,13,24,31.39,8.75,33.6,52.9,Safe
2026-03-19 16:56:20 UTC,10,20,33.48,9.07,33.6,52.9,Caution
2026-03-19 16:56:30 UTC,11,20,31.12,8.79,33.6,52.9,Safe
2026-03-19 16:56:40 UTC,12,19,33.64,9.11,33.6,52.8,Caution
2026-03-19 16:56:50 UTC,10,18,30.89,8.79,33.6,52.9,Safe
2026-03-19 16:57:00 UTC,13,19,33.7,9.07,33.6,52.7,Caution
2026-03-19 16:57:10 UTC,9,18,30.12,8.65,33.6,52.8,Safe
2026-03-19 16:57:20 UTC,8,18,33.86,9.07,33.6,52.6,Caution
2026-03-19 16:57:30 UTC,9,16,33.54,9.07,33.6,52.6,Caution
2026-03-19 16:57:40 UTC,7,15,30.4,8.79,33.6,52.2,Safe
2026-03-19 16:57:50 UTC,8,14,33.64,9.03,33.5,52.0,Caution
2026-03-19 16:58:00 UTC,7,10,31.27,8.79,33.5,52.0,Safe
2026-03-19 16:58:10 UTC,7,9,32.8,9.0,33.4,52.0,Caution
2026-03-19 16:58:20 UTC,7,8,30.98,8.79,33.4,52.3,Safe
2026-03-19 16:58:30 UTC,6,8,33.86,9.07,33.4,52.5,Caution
2026-03-19 16:58:40 UTC,7,8,31.04,8.75,33.4,52.6,Safe
2026-03-19 16:58:50 UTC,7,9,33.86,9.11,33.4,52.6,Caution
2026-03-19 16:59:00 UTC,6,8,33.7,9.11,33.4,52.8,Caution
2026-03-19 16:59:10 UTC,7,8,30.54,8.72,33.3,52.7,Safe
2026-03-19 16:59:20 UTC,7,9,33.64,9.07,33.3,52.4,Caution
2026-03-19 16:59:30 UTC,7,8,30.63,8.79,33.3,52.6,Safe
2026-03-19 16:59:40 UTC,7,9,33.48,9.07,33.2,52.7,Caution
2026-03-19 16:59:50 UTC,7,7,30.69,8.79,33.2,52.9,Safe
2026-03-19 17:00:00 UTC,6,6,33.86,9.07,33.2,53.0,Caution
2026-03-19 17:00:10 UTC,6,7,30.69,8.79,33.2,53.1,Safe
2026-03-19 17:00:20 UTC,7,9,33.8,9.07,33.1,53.1,Caution
2026-03-19 17:00:30 UTC,7,8,33.17,9.11,33.1,53.2,Caution
2026-03-19 17:00:40 UTC,6,7,33.86,9.18,33.1,53.3,Caution
2026-03-19 17:00:50 UTC,7,8,33.8,9.11,33.0,53.4,Caution
2026-03-19 17:01:00 UTC,7,9,30.98,8.79,33.0,53.4,Safe
2026-03-19 17:01:10 UTC,6,8,33.7,9.11,32.9,53.7,Caution
2026-03-19 17:01:20 UTC,6,7,30.98,8.79,32.9,53.6,Safe
2026-03-19 17:01:30 UTC,6,7,33.64,9.11,32.9,53.4,Caution
2026-03-19 17:01:40 UTC,6,7,30.83,8.75,32.9,53.3,Safe
2026-03-19 17:01:50 UTC,5,6,33.7,9.11,32.9,53.6,Caution
2026-03-19 17:02:00 UTC,7,7,29.12,8.55,32.9,53.7,Safe
2026-03-19 17:02:10 UTC,7,7,33.54,9.11,32.9,53.7,Caution
2026-03-19 17:02:20 UTC,6,6,30.75,8.72,32.9,53.9,Safe
2026-03-19 17:02:30 UTC,5,5,30.63,8.79,33.0,53.7,Safe
2026-03-19 17:02:40 UTC,5,5,32.58,8.96,33.0,53.6,Caution
2026-03-19 17:02:50 UTC,5,6,30.63,8.75,33.0,53.4,Safe
2026-03-19 17:03:00 UTC,6,7,33.11,9.07,33.0,53.3,Caution
2026-03-19 17:03:10 UTC,6,7,30.83,8.79,33.1,53.4,Safe
2026-03-19 17:03:20 UTC,6,9,33.17,9.07,33.1,53.4,Caution
2026-03-19 17:03:30 UTC,7,8,30.83,8.72,33.1,53.3,Safe
2026-03-19 17:03:40 UTC,7,7,33.8,9.07,33.1,53.2,Caution
2026-03-19 17:03:50 UTC,8,9,30.69,8.75,33.1,53.0,Safe
2026-03-19 17:04:00 UTC,8,9,33.54,9.07,33.2,52.8,Caution
2026-03-19 17:04:10 UTC,6,6,33.86,9.11,33.2,52.7,Caution
2026-03-19 17:04:20 UTC,7,8,30.83,8.72,33.2,52.4,Safe
2026-03-19 17:04:30 UTC,5,8,33.64,9.07,33.2,52.3,Caution
2026-03-19 17:04:40 UTC,5,6,30.35,8.75,33.2,52.6,Safe
2026-03-19 17:04:50 UTC,6,7,33.86,9.07,33.2,52.4,Caution
2026-03-19 17:05:00 UTC,6,8,30.69,8.79,33.2,52.4,Safe
2026-03-19 17:05:10 UTC,7,9,33.8,9.11,33.2,52.7,Caution
2026-03-19 17:05:20 UTC,8,9,30.35,8.75,33.3,52.8,Safe
2026-03-19 17:05:30 UTC,9,10,33.11,9.03,33.2,52.6,Caution
2026-03-19 17:05:40 UTC,9,11,32.86,9.0,33.2,52.4,Caution
2026-03-19 17:05:50 UTC,8,10,33.7,9.11,33.2,52.5,Caution
2026-03-19 17:06:00 UTC,8,9,33.48,9.07,33.2,52.8,Caution
2026-03-19 17:06:10 UTC,8,8,30.35,8.68,33.2,53.0,Safe
2026-03-19 17:06:20 UTC,7,9,33.17,9.11,33.1,53.4,Caution
2026-03-19 17:06:30 UTC,7,9,31.18,8.79,33.1,53.2,Safe
2026-03-19 17:06:40 UTC,9,11,33.8,9.07,33.1,53.0,Caution
2026-03-19 17:06:50 UTC,9,12,31.12,8.75,33.1,53.1,Safe
2026-03-19 17:07:00 UTC,9,18,33.8,9.07,33.1,53.2,Caution
2026-03-19 17:07:10 UTC,10,21,33.02,9.07,33.2,53.3,Caution
2026-03-19 17:07:20 UTC,13,22,33.64,9.07,33.2,53.3,Caution
2026-03-19 17:07:30 UTC,14,22,30.69,8.79,33.2,53.0,Safe
2026-03-19 17:07:40 UTC,14,25,31.27,8.79,33.2,52.9,Safe
2026-03-19 17:07:50 UTC,14,24,33.8,9.07,33.2,52.9,Caution
2026-03-19 17:08:00 UTC,14,26,30.12,8.65,33.2,52.9,Safe
2026-03-19 17:08:10 UTC,14,25,33.86,9.11,33.2,53.0,Caution
2026-03-19 17:08:20 UTC,14,25,30.35,8.68,33.3,53.0,Safe
2026-03-19 17:08:30 UTC,12,21,33.86,9.07,33.3,53.1,Caution
2026-03-19 17:08:40 UTC,14,20,30.26,8.72,33.3,53.4,Safe
2026-03-19 17:08:50 UTC,12,20,38.76,9.59,33.3,53.5,Caution
2026-03-19 17:09:00 UTC,17,23,35.12,9.11,33.3,53.0,Caution
2026-03-19 17:09:10 UTC,13,20,38.76,9.47,33.3,52.8,Caution
2026-03-19 17:09:20 UTC,13,19,38.22,9.44,33.3,52.9,Caution
2026-03-19 17:09:30 UTC,10,19,33.92,9.03,33.3,53.0,Caution
2026-03-19 17:09:40 UTC,10,17,37.89,9.47,33.3,52.9,Caution
2026-03-19 17:09:50 UTC,9,16,35.12,9.07,33.3,52.6,Caution
2026-03-19 17:10:00 UTC,9,14,38.32,9.47,33.2,52.3,Caution
2026-03-19 17:10:10 UTC,10,12,34.4,9.0,33.3,52.3,Caution
2026-03-19 17:10:20 UTC,8,9,37.89,9.4,33.3,52.2,Caution
2026-03-19 17:10:30 UTC,8,9,35.22,9.07,33.3,52.3,Caution
2026-03-19 17:10:40 UTC,5,5,37.79,9.4,33.2,52.2,Caution
2026-03-19 17:10:50 UTC,6,6,37.89,9.4,33.3,52.2,Caution
2026-03-19 17:11:00 UTC,7,8,35.12,9.07,33.2,52.3,Caution
2026-03-19 17:11:10 UTC,5,6,37.19,9.29,33.2,52.4,Caution
2026-03-19 17:11:20 UTC,6,8,33.86,9.0,33.2,52.4,Caution
2026-03-19 17:11:30 UTC,6,7,38.4,9.47,33.2,52.3,Caution
2026-03-19 17:11:40 UTC,6,7,35.12,9.03,33.2,52.2,Caution
2026-03-19 17:11:50 UTC,7,9,38.07,9.4,33.2,52.3,Caution
2026-03-19 17:12:00 UTC,7,9,34.4,9.07,33.1,52.4,Caution
2026-03-19 17:12:10 UTC,8,10,36.43,9.25,33.1,52.4,Caution
2026-03-19 17:12:20 UTC,8,16,35.06,9.07,33.1,52.6,Caution
2026-03-19 17:12:30 UTC,8,19,37.97,9.4,33.1,52.6,Caution
2026-03-19 17:12:40 UTC,9,19,34.63,9.07,33.1,52.7,Caution
2026-03-19 17:12:50 UTC,8,17,35.12,9.07,33.0,52.7,Caution
2026-03-19 17:13:00 UTC,7,15,38.07,9.44,33.0,52.6,Caution
2026-03-19 17:13:10 UTC,7,14,34.89,9.07,33.0,52.7,Caution
2026-03-19 17:13:20 UTC,6,9,37.79,9.44,33.0,52.6,Caution
2026-03-19 17:13:30 UTC,7,8,34.79,9.03,32.9,52.5,Caution
2026-03-19 17:13:40 UTC,8,9,46.48,10.21,32.9,52.5,Caution
2026-03-19 17:13:50 UTC,6,9,37.72,9.4,32.9,52.6,Caution
2026-03-19 17:14:00 UTC,7,9,42.02,9.81,32.8,52.7,Caution
2026-03-19 17:14:10 UTC,6,10,37.54,9.4,32.8,53.3,Caution
2026-03-19 17:14:20 UTC,6,11,41.83,9.81,32.8,53.4,Caution
2026-03-19 17:14:30 UTC,8,9,41.24,9.81,32.7,51.3,Caution
2026-03-19 17:14:40 UTC,7,10,37.02,9.4,32.6,48.8,Caution
2026-03-19 17:14:50 UTC,7,13,41.43,9.78,32.5,46.4,Caution
2026-03-19 17:15:00 UTC,8,13,36.95,9.4,32.2,45.2,Caution
2026-03-19 17:15:10 UTC,6,12,40.39,9.66,31.9,44.5,Caution
2026-03-19 17:15:20 UTC,9,13,35.95,9.21,31.5,44.0,Caution
2026-03-19 17:15:30 UTC,11,18,39.13,9.62,30.9,47.1,Caution
