Timestamp,PM25,PM10,MQ2_PPM,MQ7_ADC,Temp,Hum,Status
2026-03-25 02:00:00 UTC,50,62,56.63,2103.14,29.1,67.3,Caution
2026-03-25 02:00:10 UTC,48,62,62.74,2135.08,29.1,65.4,Caution
2026-03-25 02:00:20 UTC,48,63,63.04,2135.08,29.1,64.7,Caution
2026-03-25 02:00:30 UTC,47,59,62.62,2129.76,29.1,64.5,Caution
2026-03-25 02:00:40 UTC,44,55,56.09,2095.15,29.1,64.3,Caution
2026-03-25 02:00:50 UTC,43,56,56.09,2095.15,29.1,64.0,Caution
2026-03-25 02:01:00 UTC,43,58,61.13,2127.1,29.1,64.3,Caution
2026-03-25 02:01:10 UTC,45,61,54.67,2092.49,29.0,64.6,Caution
2026-03-25 02:01:20 UTC,46,62,63.47,2129.76,29.0,64.7,Caution
2026-03-25 02:01:30 UTC,48,65,56.36,2092.49,29.1,64.8,Caution
2026-03-25 02:01:40 UTC,48,61,60.84,2127.1,29.0,64.4,Caution
2026-03-25 02:01:50 UTC,49,64,56.47,2095.15,29.0,64.1,Caution
2026-03-25 02:02:00 UTC,50,64,62.14,2124.44,29.0,64.1,Caution
2026-03-25 02:02:10 UTC,48,61,57.67,2092.49,29.0,64.2,Caution
2026-03-25 02:02:20 UTC,47,63,61.31,2124.44,29.0,64.5,Caution
2026-03-25 02:02:30 UTC,47,62,62.14,2124.44,29.0,64.6,Caution
2026-03-25 02:02:40 UTC,46,60,54.56,2081.85,29.0,64.6,Caution
2026-03-25 02:02:50 UTC,49,61,59.18,2105.81,29.0,64.6,Caution
2026-03-25 02:03:00 UTC,47,58,55.93,2087.17,29.0,64.7,Caution
2026-03-25 02:03:10 UTC,47,58,63.04,2124.44,29.0,64.9,Caution
2026-03-25 02:03:20 UTC,48,64,55.3,2087.17,29.1,65.2,Caution
2026-03-25 02:03:30 UTC,48,63,61.31,2127.1,29.1,65.6,Caution
2026-03-25 02:03:40 UTC,48,60,54.67,2089.83,29.1,65.6,Caution
2026-03-25 02:03:50 UTC,46,61,58.33,2097.82,29.1,65.5,Caution
2026-03-25 02:04:00 UTC,48,64,62.44,2119.11,29.1,65.4,Caution
2026-03-25 02:04:10 UTC,49,65,61.84,2127.1,29.1,65.4,Caution
2026-03-25 02:04:20 UTC,50,66,60.55,2116.45,29.1,65.8,Caution
2026-03-25 02:04:30 UTC,49,64,56.2,2087.17,29.1,66.2,Caution
2026-03-25 02:04:40 UTC,46,59,60.72,2124.44,29.2,66.7,Caution
2026-03-25 02:04:50 UTC,46,60,51.93,2071.2,29.1,66.9,Caution
2026-03-25 02:05:00 UTC,46,59,61.13,2124.44,29.2,66.4,Caution
2026-03-25 02:05:10 UTC,47,62,54.56,2079.18,29.2,66.0,Caution
2026-03-25 02:05:20 UTC,45,57,61.13,2121.77,29.2,65.8,Caution
2026-03-25 02:05:30 UTC,46,60,54.56,2081.85,29.2,65.8,Caution
2026-03-25 02:05:40 UTC,48,60,61.02,2105.81,29.2,65.7,Caution
2026-03-25 02:05:50 UTC,49,64,55.45,2089.83,29.2,65.6,Caution
2026-03-25 02:06:00 UTC,50,64,61.43,2116.45,29.3,65.6,Caution
2026-03-25 02:06:10 UTC,50,64,60.15,2116.45,29.3,65.6,Caution
2026-03-25 02:06:20 UTC,47,59,55.3,2081.85,29.3,65.5,Caution
2026-03-25 02:06:30 UTC,46,57,61.31,2116.45,29.3,65.5,Caution
2026-03-25 02:06:40 UTC,46,57,54.67,2079.18,29.3,64.7,Caution
2026-03-25 02:06:50 UTC,44,55,61.02,2113.79,29.3,63.8,Caution
2026-03-25 02:07:00 UTC,42,53,54.41,2076.52,29.3,63.6,Caution
2026-03-25 02:07:10 UTC,42,53,60.32,2113.79,29.3,63.7,Caution
2026-03-25 02:07:20 UTC,43,54,55.93,2081.85,29.3,63.8,Caution
2026-03-25 02:07:30 UTC,43,57,60.43,2105.81,29.3,64.3,Caution
2026-03-25 02:07:40 UTC,42,57,60.15,2105.81,29.3,65.1,Caution
2026-03-25 02:07:50 UTC,42,53,60.03,2105.81,29.3,65.5,Caution
2026-03-25 02:08:00 UTC,42,52,60.15,2105.81,29.3,65.8,Caution
2026-03-25 02:08:10 UTC,41,52,54.15,2079.18,29.3,65.9,Caution
2026-03-25 02:08:20 UTC,41,53,61.43,2105.81,29.3,65.7,Caution
2026-03-25 02:08:30 UTC,42,55,53.43,2073.87,29.3,65.5,Caution
2026-03-25 02:08:40 UTC,41,54,59.46,2103.14,29.3,65.6,Caution
2026-03-25 02:08:50 UTC,43,55,54.56,2073.87,29.3,65.1,Caution
2026-03-25 02:09:00 UTC,43,56,60.15,2105.81,29.3,64.9,Caution
2026-03-25 02:09:10 UTC,42,54,51.0,2063.22,29.3,65.3,Caution
2026-03-25 02:09:20 UTC,41,54,59.06,2103.14,29.3,65.4,Caution
2026-03-25 02:09:30 UTC,41,52,54.3,2073.87,29.3,64.9,Caution
2026-03-25 02:09:40 UTC,42,54,57.12,2089.83,29.3,65.0,Caution
2026-03-25 02:09:50 UTC,42,55,58.5,2095.15,29.3,65.1,Caution
2026-03-25 02:10:00 UTC,42,54,52.93,2068.54,29.3,65.2,Caution
2026-03-25 02:10:10 UTC,44,56,59.06,2100.48,29.3,65.1,Caution
2026-03-25 02:10:20 UTC,45,54,54.15,2065.88,29.3,65.0,Caution
2026-03-25 02:10:30 UTC,44,52,59.06,2100.48,29.3,65.0,Caution
2026-03-25 02:10:40 UTC,42,50,53.18,2065.88,29.4,65.0,Caution
2026-03-25 02:10:50 UTC,43,49,59.18,2097.82,29.4,65.0,Caution
2026-03-25 02:11:00 UTC,43,52,52.78,2068.54,29.4,64.9,Caution
2026-03-25 02:11:10 UTC,42,51,59.57,2097.82,29.4,64.9,Caution
2026-03-25 02:11:20 UTC,39,49,58.89,2092.49,29.4,64.9,Caution
2026-03-25 02:11:30 UTC,40,50,60.43,2097.82,29.4,65.0,Caution
2026-03-25 02:11:40 UTC,40,50,58.89,2095.15,29.4,64.9,Caution
2026-03-25 02:11:50 UTC,41,49,53.03,2065.88,29.4,64.7,Caution
2026-03-25 02:12:00 UTC,40,49,59.06,2095.15,29.4,64.5,Caution
2026-03-25 02:12:10 UTC,41,50,53.43,2065.88,29.4,64.1,Caution
2026-03-25 02:12:20 UTC,42,52,55.3,2079.18,29.4,64.0,Caution
2026-03-25 02:12:30 UTC,40,51,52.93,2060.55,29.4,64.0,Caution
2026-03-25 02:12:40 UTC,41,49,57.01,2089.83,29.4,64.1,Caution
2026-03-25 02:12:50 UTC,40,52,51.25,2052.57,29.4,64.3,Caution
2026-03-25 02:13:00 UTC,40,55,56.74,2092.49,29.4,64.4,Caution
2026-03-25 02:13:10 UTC,40,52,51.1,2052.57,29.4,64.5,Caution
2026-03-25 02:13:20 UTC,38,49,58.89,2095.15,29.4,65.0,Caution
2026-03-25 02:13:30 UTC,39,49,55.56,2076.52,29.4,64.3,Caution
2026-03-25 02:13:40 UTC,38,48,51.93,2063.22,29.4,63.9,Caution
2026-03-25 02:13:50 UTC,39,48,58.22,2092.49,29.4,63.6,Caution
2026-03-25 02:14:00 UTC,40,48,52.68,2060.55,29.5,63.6,Caution
2026-03-25 02:14:10 UTC,40,48,58.89,2092.49,29.5,63.7,Caution
2026-03-25 02:14:20 UTC,41,48,51.59,2065.88,29.5,63.8,Caution
2026-03-25 02:14:30 UTC,39,45,58.5,2092.49,29.5,63.9,Caution
2026-03-25 02:14:40 UTC,40,49,52.53,2055.23,29.5,63.6,Caution
2026-03-25 02:14:50 UTC,44,55,54.77,2073.87,29.5,63.5,Caution
2026-03-25 02:15:00 UTC,43,54,57.56,2084.51,29.5,63.2,Caution
2026-03-25 02:15:10 UTC,44,56,57.12,2089.83,29.6,62.9,Caution
2026-03-25 02:15:20 UTC,46,58,58.05,2087.17,29.5,62.6,Caution
2026-03-25 02:15:30 UTC,47,61,52.68,2057.89,29.6,62.6,Caution
2026-03-25 02:15:40 UTC,47,60,56.85,2087.17,29.5,62.6,Caution
2026-03-25 02:15:50 UTC,45,56,52.68,2063.22,29.6,62.4,Caution
2026-03-25 02:16:00 UTC,45,55,57.83,2092.49,29.6,62.5,Caution
2026-03-25 02:16:10 UTC,43,54,51.34,2049.91,29.6,62.8,Caution
2026-03-25 02:16:20 UTC,44,57,58.78,2089.83,29.6,63.2,Caution
2026-03-25 02:16:30 UTC,43,55,52.43,2052.57,29.6,62.7,Caution
2026-03-25 02:16:40 UTC,40,55,58.33,2092.49,29.6,62.2,Caution
2026-03-25 02:16:50 UTC,40,51,50.76,2052.57,29.6,62.1,Caution
2026-03-25 02:17:00 UTC,40,50,57.67,2087.17,29.6,62.1,Caution
2026-03-25 02:17:10 UTC,42,55,57.28,2087.17,29.5,62.4,Caution
2026-03-25 02:17:20 UTC,42,57,51.83,2055.23,29.6,63.4,Caution
2026-03-25 02:17:30 UTC,44,55,56.47,2081.85,29.5,63.6,Caution
2026-03-25 02:17:40 UTC,42,51,52.08,2055.23,29.5,63.3,Caution
2026-03-25 02:17:50 UTC,44,55,55.03,2071.2,29.5,63.2,Caution
2026-03-25 02:18:00 UTC,49,61,51.34,2055.23,29.5,63.2,Caution
2026-03-25 02:18:10 UTC,50,64,56.85,2084.51,29.5,63.0,Caution
2026-03-25 02:18:20 UTC,50,64,51.44,2049.91,29.5,62.6,Caution
2026-03-25 02:18:30 UTC,47,60,54.67,2073.87,29.6,62.3,Caution
2026-03-25 02:18:40 UTC,46,58,56.63,2081.85,29.6,62.2,Caution
2026-03-25 02:18:50 UTC,52,67,45.74,2121.77,29.6,62.8,Caution
2026-03-25 02:19:00 UTC,53,69,46.79,2121.77,29.6,63.2,Caution
2026-03-25 02:19:10 UTC,51,66,42.02,2071.2,29.6,63.2,Caution
2026-03-25 02:19:20 UTC,49,67,47.15,2116.45,29.6,63.2,Caution
2026-03-25 02:19:30 UTC,48,68,40.47,2076.52,29.6,63.5,Caution
2026-03-25 02:19:40 UTC,49,67,42.7,2095.15,29.6,63.6,Caution
2026-03-25 02:19:50 UTC,51,69,40.47,2073.87,29.6,63.8,Caution
2026-03-25 02:20:00 UTC,50,66,45.44,2105.81,29.6,63.6,Caution
2026-03-25 02:20:10 UTC,49,64,40.47,2068.54,29.6,63.5,Caution
2026-03-25 02:20:20 UTC,53,70,43.8,2100.48,29.6,63.3,Caution
2026-03-25 02:20:30 UTC,62,80,39.13,2068.54,29.6,62.2,Caution
2026-03-25 02:20:40 UTC,67,84,43.88,2097.82,29.6,61.7,Caution
2026-03-25 02:20:50 UTC,77,90,44.89,2095.15,29.5,61.8,Caution
2026-03-25 02:21:00 UTC,122,125,38.4,2049.91,29.5,62.2,Hazardous
2026-03-25 02:21:10 UTC,176,180,44.51,2089.83,29.5,62.2,Hazardous
2026-03-25 02:21:20 UTC,202,207,37.89,2055.23,29.5,62.4,Hazardous
2026-03-25 02:21:30 UTC,211,216,43.8,2089.83,29.5,62.1,Hazardous
2026-03-25 02:21:40 UTC,218,223,36.43,2047.24,29.5,62.1,Hazardous
2026-03-25 02:21:50 UTC,225,231,42.78,2087.17,29.5,62.5,Hazardous
2026-03-25 02:22:00 UTC,228,233,37.29,2063.22,29.4,62.2,Hazardous
2026-03-25 02:22:10 UTC,225,229,35.52,2060.55,29.4,62.7,Hazardous
2026-03-25 02:22:20 UTC,227,229,40.39,2095.15,29.4,62.9,Hazardous
2026-03-25 02:22:30 UTC,224,227,33.92,2041.92,29.4,62.7,Hazardous
2026-03-25 02:22:40 UTC,225,229,36.43,2063.22,29.4,63.0,Hazardous
2026-03-25 02:22:50 UTC,228,233,35.12,2057.89,29.4,62.3,Hazardous
2026-03-25 02:23:00 UTC,227,233,38.07,2089.83,29.3,62.1,Hazardous
2026-03-25 02:23:10 UTC,224,230,34.63,2060.55,29.3,62.7,Hazardous
2026-03-25 02:23:20 UTC,223,227,36.67,2087.17,29.3,63.4,Hazardous
2026-03-25 02:23:30 UTC,223,227,33.54,2060.55,29.3,63.1,Hazardous
2026-03-25 02:23:40 UTC,220,222,37.61,2089.83,29.3,62.8,Hazardous
2026-03-25 02:23:50 UTC,216,219,33.39,2060.55,29.3,62.1,Hazardous
2026-03-25 02:24:00 UTC,212,215,32.19,2047.24,29.2,61.8,Hazardous
2026-03-25 02:24:10 UTC,210,215,32.65,2052.57,29.2,62.0,Hazardous
2026-03-25 02:24:20 UTC,210,213,32.65,2052.57,29.2,62.1,Hazardous
2026-03-25 02:24:30 UTC,210,212,35.85,2087.17,29.2,61.9,Hazardous
2026-03-25 02:24:40 UTC,211,213,33.11,2063.22,29.1,61.9,Hazardous
2026-03-25 02:24:50 UTC,216,221,37.79,2087.17,29.1,62.1,Hazardous
2026-03-25 02:25:00 UTC,216,220,32.65,2060.55,29.1,62.3,Hazardous
2026-03-25 02:25:10 UTC,219,222,36.95,2089.83,29.1,62.5,Hazardous
2026-03-25 02:25:20 UTC,220,224,33.02,2060.55,29.1,62.6,Hazardous
2026-03-25 02:25:30 UTC,215,221,36.77,2087.17,29.1,62.7,Hazardous
2026-03-25 02:25:40 UTC,218,222,32.49,2057.89,29.2,62.8,Hazardous
2026-03-25 02:25:50 UTC,219,222,36.77,2097.82,29.1,63.1,Hazardous
2026-03-25 02:26:00 UTC,221,224,30.75,2047.24,29.1,63.1,Hazardous
2026-03-25 02:26:10 UTC,221,224,32.65,2060.55,29.1,63.1,Hazardous
2026-03-25 02:26:20 UTC,221,224,32.49,2063.22,29.1,62.9,Hazardous
2026-03-25 02:26:30 UTC,220,222,32.65,2060.55,29.1,62.6,Hazardous
2026-03-25 02:26:40 UTC,218,221,36.19,2095.15,29.1,62.5,Hazardous
2026-03-25 02:26:50 UTC,220,223,32.95,2065.88,29.1,62.5,Hazardous
2026-03-25 02:27:00 UTC,224,226,35.22,2081.85,29.2,62.6,Hazardous
2026-03-25 02:27:10 UTC,227,230,33.11,2065.88,29.2,62.8,Hazardous
2026-03-25 02:27:20 UTC,222,226,36.84,2095.15,29.2,63.1,Hazardous
2026-03-25 02:27:30 UTC,227,232,31.68,2052.57,29.2,63.3,Hazardous
2026-03-25 02:27:40 UTC,223,228,37.54,2089.83,29.2,63.7,Hazardous
2026-03-25 02:27:50 UTC,226,230,33.7,2065.88,29.2,63.6,Hazardous
2026-03-25 02:28:00 UTC,224,226,33.33,2060.55,29.2,63.2,Hazardous
2026-03-25 02:28:10 UTC,222,227,36.6,2089.83,29.3,63.0,Hazardous
2026-03-25 02:28:20 UTC,225,229,33.02,2060.55,29.2,62.8,Hazardous
2026-03-25 02:28:30 UTC,224,227,36.09,2095.15,29.3,63.0,Hazardous
2026-03-25 02:28:40 UTC,225,226,34.4,2063.22,29.3,62.9,Hazardous
2026-03-25 02:28:50 UTC,223,224,37.61,2092.49,29.3,63.2,Hazardous
2026-03-25 02:29:00 UTC,227,229,33.48,2055.23,29.3,63.4,Hazardous
2026-03-25 02:29:10 UTC,227,229,37.79,2095.15,29.4,63.7,Hazardous
2026-03-25 02:29:20 UTC,226,228,33.8,2060.55,29.4,63.6,Hazardous
2026-03-25 02:29:30 UTC,227,229,35.95,2084.51,29.4,63.4,Hazardous
2026-03-25 02:29:40 UTC,227,231,33.02,2060.55,29.5,63.2,Hazardous
2026-03-25 02:29:50 UTC,222,226,36.43,2057.89,29.5,62.8,Hazardous
2026-03-25 02:30:00 UTC,222,228,36.36,2060.55,29.5,62.5,Hazardous
2026-03-25 02:30:10 UTC,227,233,34.73,2049.91,29.5,62.1,Hazardous
2026-03-25 02:30:20 UTC,228,231,40.66,2097.82,29.5,61.7,Hazardous
2026-03-25 02:30:30 UTC,228,230,35.69,2068.54,29.5,62.0,Hazardous
2026-03-25 02:30:40 UTC,227,228,37.54,2081.85,29.5,61.6,Hazardous
2026-03-25 02:30:50 UTC,226,229,34.89,2060.55,29.5,61.6,Hazardous
2026-03-25 02:31:00 UTC,226,230,39.13,2095.15,29.6,61.7,Hazardous
2026-03-25 02:31:10 UTC,223,230,35.22,2065.88,29.6,61.9,Hazardous
2026-03-25 02:31:20 UTC,224,228,39.01,2097.82,29.6,62.0,Hazardous
2026-03-25 02:31:30 UTC,224,229,35.29,2063.22,29.7,62.4,Hazardous
2026-03-25 02:31:40 UTC,223,228,35.12,2068.54,29.7,62.6,Hazardous
2026-03-25 02:31:50 UTC,224,228,38.87,2095.15,29.7,62.6,Hazardous
2026-03-25 02:32:00 UTC,222,225,33.8,2047.24,29.7,62.5,Hazardous
2026-03-25 02:32:10 UTC,223,226,32.95,2052.57,29.8,62.5,Hazardous
2026-03-25 02:32:20 UTC,224,228,33.54,2052.57,29.8,62.5,Hazardous
2026-03-25 02:32:30 UTC,223,227,39.01,2092.49,29.8,62.3,Hazardous
2026-03-25 02:32:40 UTC,224,230,33.8,2049.91,29.8,60.6,Hazardous
2026-03-25 02:32:50 UTC,219,222,39.01,2095.15,29.8,60.0,Hazardous
2026-03-25 02:33:00 UTC,226,230,34.89,2063.22,29.8,59.9,Hazardous
2026-03-25 02:33:10 UTC,220,222,40.66,2097.82,29.9,60.0,Hazardous
2026-03-25 02:33:20 UTC,222,224,34.73,2063.22,29.9,60.1,Hazardous
2026-03-25 02:33:30 UTC,222,223,35.12,2068.54,29.9,60.2,Hazardous
2026-03-25 02:33:40 UTC,222,224,35.12,2060.55,29.9,60.2,Hazardous
2026-03-25 02:33:50 UTC,222,224,35.06,2071.2,29.9,60.3,Hazardous
2026-03-25 02:34:00 UTC,225,228,38.69,2095.15,29.9,60.4,Hazardous
2026-03-25 02:34:10 UTC,226,228,34.79,2071.2,29.9,60.6,Hazardous
2026-03-25 02:34:20 UTC,223,224,38.76,2089.83,29.9,60.2,Hazardous
2026-03-25 02:34:30 UTC,225,226,33.7,2055.23,29.9,60.5,Hazardous
2026-03-25 02:34:40 UTC,223,225,37.79,2089.83,29.9,60.9,Hazardous
2026-03-25 02:34:50 UTC,223,225,34.63,2060.55,29.9,60.9,Hazardous
2026-03-25 02:35:00 UTC,222,224,38.58,2089.83,29.9,61.1,Hazardous
2026-03-25 02:35:10 UTC,221,223,34.73,2063.22,29.9,60.3,Hazardous
2026-03-25 02:35:20 UTC,223,224,34.4,2065.88,29.9,59.2,Hazardous
2026-03-25 02:35:30 UTC,219,221,38.76,2095.15,29.9,58.9,Hazardous
2026-03-25 02:35:40 UTC,220,222,32.58,2044.58,29.9,58.7,Hazardous
2026-03-25 02:35:50 UTC,222,222,39.01,2089.83,29.9,58.4,Hazardous
2026-03-25 02:36:00 UTC,221,221,34.57,2060.55,29.9,58.4,Hazardous
2026-03-25 02:36:10 UTC,221,223,37.79,2087.17,29.9,58.4,Hazardous
2026-03-25 02:36:20 UTC,221,223,35.22,2060.55,29.9,58.5,Hazardous
2026-03-25 02:36:30 UTC,219,223,37.54,2084.51,29.9,58.6,Hazardous
2026-03-25 02:36:40 UTC,221,223,34.57,2060.55,29.9,58.4,Hazardous
2026-03-25 02:36:50 UTC,223,225,38.5,2092.49,29.9,58.2,Hazardous
2026-03-25 02:37:00 UTC,221,222,34.73,2060.55,29.9,58.0,Hazardous
2026-03-25 02:37:10 UTC,220,220,33.92,2052.57,29.9,58.6,Hazardous
2026-03-25 02:37:20 UTC,220,222,35.69,2063.22,29.9,59.0,Hazardous
2026-03-25 02:37:30 UTC,226,228,34.18,2060.55,29.9,59.3,Hazardous
2026-03-25 02:37:40 UTC,223,225,37.79,2087.17,30.0,59.6,Hazardous
2026-03-25 02:37:50 UTC,222,223,35.22,2063.22,30.0,59.3,Hazardous
2026-03-25 02:38:00 UTC,222,225,38.22,2092.49,30.0,59.2,Hazardous
2026-03-25 02:38:10 UTC,224,227,35.52,2063.22,30.0,59.5,Hazardous
2026-03-25 02:38:20 UTC,224,225,38.94,2097.82,30.0,59.9,Hazardous
2026-03-25 02:38:30 UTC,221,224,33.17,2052.57,30.1,60.1,Hazardous
2026-03-25 02:38:40 UTC,219,224,38.76,2060.55,30.1,60.5,Hazardous
2026-03-25 02:38:50 UTC,219,224,37.54,2044.58,30.1,59.6,Hazardous
2026-03-25 02:39:00 UTC,217,219,38.32,2052.57,30.1,58.8,Hazardous
2026-03-25 02:39:10 UTC,215,216,41.32,2087.17,30.1,58.2,Hazardous
2026-03-25 02:39:20 UTC,219,222,35.62,2039.26,30.1,58.5,Hazardous
2026-03-25 02:39:30 UTC,223,224,37.97,2055.23,30.1,58.9,Hazardous
2026-03-25 02:39:40 UTC,221,224,37.79,2055.23,30.1,59.7,Hazardous
2026-03-25 02:39:50 UTC,222,226,41.83,2087.17,30.1,59.7,Hazardous
2026-03-25 02:40:00 UTC,222,226,37.02,2060.55,30.1,58.9,Hazardous
2026-03-25 02:40:10 UTC,222,226,42.18,2087.17,30.2,58.7,Hazardous
2026-03-25 02:40:20 UTC,227,230,36.09,2044.58,30.2,58.8,Hazardous
2026-03-25 02:40:30 UTC,222,227,42.18,2087.17,30.2,58.6,Hazardous
2026-03-25 02:40:40 UTC,223,225,36.43,2049.91,30.2,59.2,Hazardous
2026-03-25 02:40:50 UTC,224,226,37.72,2055.23,30.2,58.2,Hazardous
2026-03-25 02:41:00 UTC,219,222,37.79,2060.55,30.2,57.8,Hazardous
2026-03-25 02:41:10 UTC,219,220,38.76,2060.55,30.2,58.0,Hazardous
2026-03-25 02:41:20 UTC,223,224,42.58,2089.83,30.2,58.2,Hazardous
2026-03-25 02:41:30 UTC,223,224,37.79,2055.23,30.2,58.2,Hazardous
2026-03-25 02:41:40 UTC,220,220,41.63,2084.51,30.2,58.2,Hazardous
2026-03-25 02:41:50 UTC,223,224,36.95,2057.89,30.2,58.5,Hazardous
2026-03-25 02:42:00 UTC,220,222,42.02,2087.17,30.3,59.0,Hazardous
2026-03-25 02:42:10 UTC,220,222,37.54,2052.57,30.3,58.5,Hazardous
2026-03-25 02:42:20 UTC,223,225,42.18,2087.17,30.3,57.9,Hazardous
2026-03-25 02:42:30 UTC,220,223,36.43,2047.24,30.3,57.8,Hazardous
2026-03-25 02:42:40 UTC,221,225,35.06,2036.59,30.3,57.8,Hazardous
2026-03-25 02:42:50 UTC,223,225,39.01,2073.87,30.3,57.9,Hazardous
2026-03-25 02:43:00 UTC,228,231,37.02,2055.23,30.3,58.1,Hazardous
2026-03-25 02:43:10 UTC,223,226,37.37,2055.23,30.3,58.2,Hazardous
2026-03-25 02:43:20 UTC,227,229,36.67,2057.89,30.3,58.4,Hazardous
2026-03-25 02:43:30 UTC,226,231,41.9,2084.51,30.4,58.2,Hazardous
2026-03-25 02:43:40 UTC,228,232,37.37,2057.89,30.3,58.1,Hazardous
2026-03-25 02:43:50 UTC,225,230,40.97,2084.51,30.4,57.5,Hazardous
2026-03-25 02:44:00 UTC,225,231,35.12,2041.92,30.4,57.1,Hazardous
2026-03-25 02:44:10 UTC,224,229,41.05,2087.17,30.4,57.1,Hazardous
2026-03-25 02:44:20 UTC,223,226,36.36,2055.23,30.4,57.4,Hazardous
2026-03-25 02:44:30 UTC,223,226,36.19,2055.23,30.4,58.2,Hazardous
2026-03-25 02:44:40 UTC,221,222,36.02,2055.23,30.4,58.4,Hazardous
2026-03-25 02:44:50 UTC,224,227,36.26,2057.89,30.4,58.8,Hazardous
2026-03-25 02:45:00 UTC,219,220,40.78,2084.51,30.4,58.2,Hazardous
2026-03-25 02:45:10 UTC,222,223,35.22,2055.23,30.4,57.9,Hazardous
2026-03-25 02:45:20 UTC,220,222,40.59,2089.83,30.4,58.3,Hazardous
2026-03-25 02:45:30 UTC,220,222,34.79,2041.92,30.4,58.4,Hazardous
2026-03-25 02:45:40 UTC,220,222,40.47,2087.17,30.4,58.5,Hazardous
2026-03-25 02:45:50 UTC,226,228,36.26,2055.23,30.3,58.9,Hazardous
2026-03-25 02:46:00 UTC,224,228,40.47,2079.18,30.3,59.1,Hazardous
2026-03-25 02:46:10 UTC,226,231,36.09,2063.22,30.4,59.0,Hazardous
2026-03-25 02:46:20 UTC,222,227,35.69,2055.23,30.4,59.1,Hazardous
2026-03-25 02:46:30 UTC,225,230,36.02,2057.89,30.4,59.3,Hazardous
2026-03-25 02:46:40 UTC,229,231,36.67,2052.57,30.4,58.9,Hazardous
2026-03-25 02:46:50 UTC,224,229,36.43,2055.23,30.4,58.7,Hazardous
2026-03-25 02:47:00 UTC,227,231,35.35,2057.89,30.4,58.7,Hazardous
2026-03-25 02:47:10 UTC,227,231,40.59,2084.51,30.5,58.8,Hazardous
2026-03-25 02:47:20 UTC,228,232,35.35,2055.23,30.5,58.8,Hazardous
2026-03-25 02:47:30 UTC,226,228,39.13,2089.83,30.4,59.2,Hazardous
2026-03-25 02:47:40 UTC,232,237,36.67,2055.23,30.5,59.4,Hazardous
2026-03-25 02:47:50 UTC,232,239,40.59,2087.17,30.5,59.5,Hazardous
2026-03-25 02:48:00 UTC,230,237,35.69,2055.23,30.5,59.4,Hazardous
2026-03-25 02:48:10 UTC,233,243,35.22,2052.57,30.6,59.4,Hazardous
2026-03-25 02:48:20 UTC,227,237,34.34,2044.58,30.6,59.3,Hazardous
2026-03-25 02:48:30 UTC,231,242,35.22,2055.23,30.6,59.2,Hazardous
2026-03-25 02:48:40 UTC,230,235,38.32,2076.52,30.6,58.6,Hazardous
2026-03-25 02:48:50 UTC,228,231,36.95,2060.55,30.6,58.3,Hazardous
2026-03-25 02:49:00 UTC,229,231,40.66,2087.17,30.6,58.8,Hazardous
2026-03-25 02:49:10 UTC,231,231,36.67,2060.55,30.6,59.2,Hazardous
2026-03-25 02:49:20 UTC,228,230,40.21,2087.17,30.6,60.2,Hazardous
2026-03-25 02:49:30 UTC,230,231,36.67,2060.55,30.5,59.3,Hazardous
2026-03-25 02:49:40 UTC,226,230,40.21,2087.17,30.5,58.7,Hazardous
2026-03-25 02:49:50 UTC,229,234,35.12,2055.23,30.5,58.5,Hazardous
2026-03-25 02:50:00 UTC,233,235,35.52,2052.57,30.5,58.7,Hazardous
2026-03-25 02:50:10 UTC,227,232,36.53,2057.89,30.4,58.4,Hazardous
2026-03-25 02:50:20 UTC,230,235,35.45,2055.23,30.4,58.5,Hazardous
2026-03-25 02:50:30 UTC,229,235,36.26,2055.23,30.5,58.9,Hazardous
2026-03-25 02:50:40 UTC,229,233,36.19,2060.55,30.4,59.1,Hazardous
2026-03-25 02:50:50 UTC,224,227,37.79,2073.87,30.5,59.2,Hazardous
2026-03-25 02:51:00 UTC,228,233,35.45,2060.55,30.4,59.3,Hazardous
2026-03-25 02:51:10 UTC,226,232,40.39,2087.17,30.5,59.1,Hazardous
2026-03-25 02:51:20 UTC,231,239,35.85,2055.23,30.5,59.4,Hazardous
2026-03-25 02:51:30 UTC,228,237,37.89,2073.87,30.5,59.5,Hazardous
2026-03-25 02:51:40 UTC,228,235,36.09,2060.55,30.5,59.5,Hazardous
2026-03-25 02:51:50 UTC,231,235,36.26,2055.23,30.5,59.5,Hazardous
2026-03-25 02:52:00 UTC,228,231,35.12,2049.91,30.6,59.5,Hazardous
2026-03-25 02:52:10 UTC,229,233,35.69,2055.23,30.6,58.5,Hazardous
2026-03-25 02:52:20 UTC,230,234,37.79,2071.2,30.6,57.5,Hazardous
2026-03-25 02:52:30 UTC,229,231,35.52,2055.23,30.6,56.7,Hazardous
2026-03-25 02:52:40 UTC,228,232,39.13,2087.17,30.6,56.5,Hazardous
2026-03-25 02:52:50 UTC,228,232,33.92,2039.26,30.6,56.6,Hazardous
2026-03-25 02:53:00 UTC,230,234,39.13,2087.17,30.6,56.9,Hazardous
2026-03-25 02:53:10 UTC,232,236,36.36,2055.23,30.6,57.0,Hazardous
2026-03-25 02:53:20 UTC,226,230,39.13,2092.49,30.6,56.9,Hazardous
2026-03-25 02:53:30 UTC,230,232,34.96,2055.23,30.7,57.2,Hazardous
2026-03-25 02:53:40 UTC,231,231,35.85,2052.57,30.7,57.4,Hazardous
2026-03-25 02:53:50 UTC,230,233,35.35,2055.23,30.7,57.8,Hazardous
2026-03-25 02:54:00 UTC,226,228,35.12,2055.23,30.7,57.9,Hazardous
2026-03-25 02:54:10 UTC,228,232,35.52,2060.55,30.8,57.9,Hazardous
2026-03-25 02:54:20 UTC,229,234,35.85,2052.57,30.8,58.0,Hazardous
2026-03-25 02:54:30 UTC,232,235,39.94,2087.17,30.8,58.1,Hazardous
2026-03-25 02:54:40 UTC,232,235,34.24,2052.57,30.8,58.3,Hazardous
2026-03-25 02:54:50 UTC,238,240,38.94,2081.85,30.8,58.3,Hazardous
2026-03-25 02:55:00 UTC,237,241,35.12,2055.23,30.9,58.4,Hazardous
2026-03-25 02:55:10 UTC,241,250,37.89,2084.51,30.9,58.4,Hazardous
2026-03-25 02:55:20 UTC,249,258,35.52,2055.23,30.9,58.5,Hazardous
2026-03-25 02:55:30 UTC,247,258,35.12,2052.57,31.0,58.4,Hazardous
2026-03-25 02:55:40 UTC,247,256,35.12,2049.91,31.0,58.0,Hazardous
2026-03-25 02:55:50 UTC,245,249,35.22,2055.23,31.0,57.5,Hazardous
2026-03-25 02:56:00 UTC,243,248,39.13,2084.51,31.0,57.7,Hazardous
2026-03-25 02:56:10 UTC,245,247,35.62,2057.89,31.0,57.6,Hazardous
2026-03-25 02:56:20 UTC,248,252,40.21,2081.85,31.1,56.9,Hazardous
2026-03-25 02:56:30 UTC,252,260,35.22,2055.23,31.1,56.7,Hazardous
2026-03-25 02:56:40 UTC,250,257,40.66,2092.49,31.1,57.1,Hazardous
2026-03-25 02:56:50 UTC,260,272,35.29,2055.23,31.1,57.3,Hazardous
2026-03-25 02:57:00 UTC,260,272,38.94,2089.83,31.1,58.1,Hazardous
2026-03-25 02:57:10 UTC,266,283,35.35,2055.23,31.1,58.6,Hazardous
2026-03-25 02:57:20 UTC,274,299,40.39,2087.17,31.1,58.7,Hazardous
2026-03-25 02:57:30 UTC,277,307,35.62,2055.23,31.1,58.6,Hazardous
2026-03-25 02:57:40 UTC,287,323,35.12,2060.55,31.2,58.0,Hazardous
2026-03-25 02:57:50 UTC,279,318,35.22,2055.23,31.1,56.6,Hazardous
2026-03-25 02:58:00 UTC,266,300,35.12,2052.57,31.2,55.6,Hazardous
2026-03-25 02:58:10 UTC,261,284,37.79,2071.2,31.2,55.2,Hazardous
2026-03-25 02:58:20 UTC,259,275,35.12,2052.57,31.2,55.1,Hazardous
2026-03-25 02:58:30 UTC,252,263,39.13,2092.49,31.2,55.2,Hazardous
2026-03-25 02:58:40 UTC,255,264,35.45,2052.57,31.2,55.6,Hazardous
2026-03-25 02:58:50 UTC,256,266,39.13,2089.83,31.2,56.3,Hazardous
2026-03-25 02:59:00 UTC,258,271,35.45,2057.89,31.2,56.7,Hazardous
2026-03-25 02:59:10 UTC,260,277,38.94,2084.51,31.3,56.9,Hazardous
2026-03-25 02:59:20 UTC,264,282,34.89,2063.22,31.3,57.4,Hazardous
2026-03-25 02:59:30 UTC,262,279,35.22,2060.55,31.3,57.8,Hazardous
2026-03-25 02:59:40 UTC,264,280,39.13,2095.15,31.3,57.9,Hazardous
2026-03-25 02:59:50 UTC,258,270,34.34,2047.24,31.3,57.9,Hazardous
2026-03-25 03:00:00 UTC,258,274,35.29,2063.22,31.3,57.8,Hazardous
2026-03-25 03:00:10 UTC,264,278,35.95,2060.55,31.4,57.7,Hazardous
2026-03-25 03:00:20 UTC,254,266,38.94,2089.83,31.4,57.8,Hazardous
2026-03-25 03:00:30 UTC,251,258,33.86,2044.58,31.4,57.4,Hazardous
2026-03-25 03:00:40 UTC,249,259,39.13,2092.49,31.4,57.0,Hazardous
2026-03-25 03:00:50 UTC,249,258,34.73,2055.23,31.4,56.8,Hazardous
2026-03-25 03:01:00 UTC,245,256,37.79,2081.85,31.4,56.5,Hazardous
2026-03-25 03:01:10 UTC,255,268,34.63,2049.91,31.5,56.4,Hazardous
2026-03-25 03:01:20 UTC,256,269,34.4,2055.23,31.5,56.6,Hazardous
2026-03-25 03:01:30 UTC,255,269,35.12,2057.89,31.5,57.5,Hazardous
2026-03-25 03:01:40 UTC,264,286,34.89,2057.89,31.5,57.7,Hazardous
2026-03-25 03:01:50 UTC,278,310,38.58,2092.49,31.5,57.6,Hazardous
2026-03-25 03:02:00 UTC,283,319,33.92,2052.57,31.5,57.7,Hazardous
2026-03-25 03:02:10 UTC,276,305,39.13,2095.15,31.5,57.8,Hazardous
2026-03-25 03:02:20 UTC,279,307,34.96,2055.23,31.6,58.1,Hazardous
2026-03-25 03:02:30 UTC,272,300,39.13,2092.49,31.6,58.0,Hazardous
2026-03-25 03:02:40 UTC,266,298,34.08,2049.91,31.6,57.7,Hazardous
2026-03-25 03:02:50 UTC,258,285,38.4,2095.15,31.6,57.7,Hazardous
2026-03-25 03:03:00 UTC,259,279,35.95,2060.55,31.6,56.7,Hazardous
2026-03-25 03:03:10 UTC,257,279,34.08,2052.57,31.6,57.4,Hazardous
2026-03-25 03:03:20 UTC,259,277,34.96,2060.55,31.6,57.2,Hazardous
2026-03-25 03:03:30 UTC,257,271,34.73,2063.22,31.6,57.2,Hazardous
2026-03-25 03:03:40 UTC,251,262,34.63,2060.55,31.6,56.9,Hazardous
2026-03-25 03:03:50 UTC,254,265,33.17,2052.57,31.7,56.9,Hazardous
2026-03-25 03:04:00 UTC,255,265,39.13,2087.17,31.7,56.9,Hazardous
2026-03-25 03:04:10 UTC,256,265,34.63,2063.22,31.7,56.9,Hazardous
2026-03-25 03:04:20 UTC,253,261,38.76,2095.15,31.7,57.1,Hazardous
2026-03-25 03:04:30 UTC,257,269,33.7,2044.58,31.7,57.4,Hazardous
2026-03-25 03:04:40 UTC,260,271,39.13,2084.51,31.7,57.3,Hazardous
2026-03-25 03:04:50 UTC,256,266,35.12,2060.55,31.7,57.8,Hazardous
2026-03-25 03:05:00 UTC,261,272,34.89,2057.89,31.7,58.6,Hazardous
2026-03-25 03:05:10 UTC,262,274,34.63,2055.23,31.7,58.6,Hazardous
2026-03-25 03:05:20 UTC,263,274,34.57,2052.57,31.7,57.9,Hazardous
2026-03-25 03:05:30 UTC,258,269,38.76,2089.83,31.7,57.9,Hazardous
2026-03-25 03:05:40 UTC,260,269,35.12,2063.22,31.7,57.6,Hazardous
2026-03-25 03:05:50 UTC,255,268,38.4,2089.83,31.7,57.7,Hazardous
2026-03-25 03:06:00 UTC,255,272,34.96,2060.55,31.7,57.8,Hazardous
2026-03-25 03:06:10 UTC,256,271,38.07,2081.85,31.7,57.8,Hazardous
2026-03-25 03:06:20 UTC,252,269,33.11,2044.58,31.8,57.6,Hazardous
2026-03-25 03:06:30 UTC,252,267,37.97,2084.51,31.8,57.4,Hazardous
2026-03-25 03:06:40 UTC,251,264,33.8,2044.58,31.8,57.2,Hazardous
2026-03-25 03:06:50 UTC,251,261,34.73,2052.57,31.8,57.3,Hazardous
2026-03-25 03:07:00 UTC,250,264,39.01,2092.49,31.8,56.6,Hazardous
2026-03-25 03:07:10 UTC,251,261,35.12,2057.89,31.8,55.5,Hazardous
2026-03-25 03:07:20 UTC,250,256,34.73,2057.89,31.8,54.6,Hazardous
2026-03-25 03:07:30 UTC,251,256,33.86,2044.58,31.7,53.6,Hazardous
2026-03-25 03:07:40 UTC,247,253,38.07,2092.49,31.7,53.3,Hazardous
2026-03-25 03:07:50 UTC,249,256,33.02,2041.92,31.6,53.3,Hazardous
2026-03-25 03:08:00 UTC,250,256,37.97,2081.85,31.6,53.5,Hazardous
2026-03-25 03:08:10 UTC,252,258,35.85,2057.89,31.6,53.6,Hazardous
2026-03-25 03:08:20 UTC,247,252,38.14,2089.83,31.6,53.7,Hazardous
2026-03-25 03:08:30 UTC,245,251,35.12,2060.55,31.6,53.8,Hazardous
2026-03-25 03:08:40 UTC,254,260,35.06,2057.89,31.6,54.0,Hazardous
2026-03-25 03:08:50 UTC,270,289,34.96,2052.57,31.6,54.0,Hazardous
2026-03-25 03:09:00 UTC,279,321,36.26,2057.89,31.6,54.0,Hazardous
2026-03-25 03:09:10 UTC,285,329,37.97,2087.17,31.6,54.4,Hazardous
2026-03-25 03:09:20 UTC,274,303,35.12,2057.89,31.6,54.2,Hazardous
2026-03-25 03:09:30 UTC,259,278,37.89,2084.51,31.7,54.0,Hazardous
2026-03-25 03:09:40 UTC,253,264,35.12,2052.57,31.7,54.0,Hazardous
2026-03-25 03:09:50 UTC,248,254,36.84,2076.52,31.7,54.0,Hazardous
2026-03-25 03:10:00 UTC,252,257,35.29,2060.55,31.7,54.2,Hazardous
2026-03-25 03:10:10 UTC,249,251,37.97,2084.51,31.7,54.4,Hazardous
2026-03-25 03:10:20 UTC,258,274,34.89,2055.23,31.7,55.4,Hazardous
2026-03-25 03:10:30 UTC,298,352,37.72,2073.87,31.7,56.1,Hazardous
2026-03-25 03:10:40 UTC,328,402,35.45,2063.22,31.8,56.2,Hazardous
2026-03-25 03:10:50 UTC,314,370,35.12,2057.89,31.7,55.5,Hazardous
2026-03-25 03:11:00 UTC,287,324,35.29,2057.89,31.8,55.0,Hazardous
2026-03-25 03:11:10 UTC,270,291,35.12,2057.89,31.8,54.8,Hazardous
2026-03-25 03:11:20 UTC,252,265,38.58,2087.17,31.8,54.7,Hazardous
2026-03-25 03:11:30 UTC,249,256,35.12,2060.55,31.8,54.7,Hazardous
2026-03-25 03:11:40 UTC,245,250,38.22,2084.51,31.8,54.8,Hazardous
2026-03-25 03:11:50 UTC,247,253,35.45,2060.55,31.8,54.4,Hazardous
2026-03-25 03:12:00 UTC,244,249,38.32,2084.51,31.8,53.9,Hazardous
2026-03-25 03:12:10 UTC,243,249,33.39,2041.92,31.8,54.1,Hazardous
2026-03-25 03:12:20 UTC,241,246,35.62,2057.89,31.8,54.5,Hazardous
2026-03-25 03:12:30 UTC,237,242,35.69,2060.55,31.8,56.3,Hazardous
2026-03-25 03:12:40 UTC,236,240,35.12,2057.89,31.8,56.4,Hazardous
2026-03-25 03:12:50 UTC,233,239,38.32,2084.51,31.8,56.2,Hazardous
2026-03-25 03:13:00 UTC,240,247,36.19,2057.89,31.8,56.0,Hazardous
2026-03-25 03:13:10 UTC,240,246,39.13,2087.17,31.9,55.2,Hazardous
2026-03-25 03:13:20 UTC,245,252,35.22,2055.23,31.9,54.1,Hazardous
2026-03-25 03:13:30 UTC,244,250,39.01,2087.17,31.9,53.7,Hazardous
2026-03-25 03:13:40 UTC,243,248,35.12,2057.89,31.8,53.8,Hazardous
2026-03-25 03:13:50 UTC,239,243,38.58,2076.52,31.8,55.9,Hazardous
2026-03-25 03:14:00 UTC,246,248,35.22,2057.89,31.9,56.4,Hazardous
2026-03-25 03:14:10 UTC,239,243,35.35,2060.55,31.8,56.7,Hazardous
2026-03-25 03:14:20 UTC,239,242,33.86,2041.92,31.9,55.9,Hazardous
2026-03-25 03:14:30 UTC,239,241,35.12,2060.55,31.8,55.1,Hazardous
2026-03-25 03:14:40 UTC,240,243,34.79,2055.23,31.9,54.5,Hazardous
2026-03-25 03:14:50 UTC,241,243,34.4,2052.57,31.9,54.3,Hazardous
2026-03-25 03:15:00 UTC,239,240,38.94,2084.51,31.9,54.2,Hazardous
2026-03-25 03:15:10 UTC,241,244,33.86,2044.58,31.9,55.0,Hazardous
2026-03-25 03:15:20 UTC,241,242,38.76,2084.51,31.9,56.1,Hazardous
2026-03-25 03:15:30 UTC,241,244,35.12,2057.89,31.9,56.2,Hazardous
2026-03-25 03:15:40 UTC,239,240,39.01,2087.17,31.9,56.1,Hazardous
2026-03-25 03:15:50 UTC,239,241,34.96,2055.23,32.0,55.6,Hazardous
2026-03-25 03:16:00 UTC,241,246,35.12,2055.23,32.0,55.5,Hazardous
2026-03-25 03:16:10 UTC,246,250,35.12,2055.23,32.0,54.6,Hazardous
2026-03-25 03:16:20 UTC,244,245,33.64,2055.23,32.0,54.1,Hazardous
2026-03-25 03:16:30 UTC,241,243,37.89,2087.17,32.1,54.1,Hazardous
2026-03-25 03:16:40 UTC,243,244,33.86,2036.59,32.1,54.2,Hazardous
2026-03-25 03:16:50 UTC,245,249,37.72,2073.87,32.1,54.4,Hazardous
2026-03-25 03:17:00 UTC,246,249,34.4,2044.58,32.1,54.8,Hazardous
2026-03-25 03:17:10 UTC,244,249,39.13,2076.52,32.1,55.1,Hazardous
2026-03-25 03:17:20 UTC,253,258,35.22,2055.23,32.2,55.4,Hazardous
2026-03-25 03:17:30 UTC,246,250,37.29,2073.87,32.2,55.7,Hazardous
2026-03-25 03:17:40 UTC,248,254,35.12,2055.23,32.2,56.1,Hazardous
2026-03-25 03:17:50 UTC,247,252,35.12,2052.57,32.2,55.8,Hazardous
2026-03-25 03:18:00 UTC,244,248,35.12,2052.57,32.2,55.8,Hazardous
2026-03-25 03:18:10 UTC,241,244,35.29,2055.23,32.2,56.1,Hazardous
2026-03-25 03:18:20 UTC,243,246,35.29,2057.89,32.2,56.0,Hazardous
2026-03-25 03:18:30 UTC,243,246,34.73,2052.57,32.2,55.9,Hazardous
2026-03-25 03:18:40 UTC,242,244,39.13,2087.17,32.2,55.8,Hazardous
2026-03-25 03:18:50 UTC,243,247,35.45,2057.89,32.3,55.5,Hazardous
2026-03-25 03:19:00 UTC,241,244,38.76,2084.51,32.3,55.8,Hazardous
2026-03-25 03:19:10 UTC,245,250,35.12,2052.57,32.3,55.6,Hazardous
2026-03-25 03:19:20 UTC,244,245,39.01,2084.51,32.3,55.4,Hazardous
2026-03-25 03:19:30 UTC,241,242,35.29,2055.23,32.3,55.2,Hazardous
2026-03-25 03:19:40 UTC,241,242,34.63,2049.91,32.3,54.4,Hazardous
2026-03-25 03:19:50 UTC,243,245,35.12,2055.23,32.3,54.1,Hazardous
2026-03-25 03:20:00 UTC,244,246,35.29,2060.55,32.3,53.7,Hazardous
2026-03-25 03:20:10 UTC,241,243,37.79,2084.51,32.3,53.0,Hazardous
2026-03-25 03:20:20 UTC,239,239,35.22,2052.57,32.3,52.8,Hazardous
2026-03-25 03:20:30 UTC,237,238,38.76,2084.51,32.3,53.8,Hazardous
2026-03-25 03:20:40 UTC,241,244,35.12,2055.23,32.3,54.6,Hazardous
2026-03-25 03:20:50 UTC,241,245,37.29,2073.87,32.3,54.3,Hazardous
2026-03-25 03:21:00 UTC,244,248,34.73,2055.23,32.4,55.1,Hazardous
2026-03-25 03:21:10 UTC,243,246,39.13,2084.51,32.4,55.2,Hazardous
2026-03-25 03:21:20 UTC,241,242,35.12,2052.57,32.4,55.2,Hazardous
2026-03-25 03:21:30 UTC,240,242,34.4,2052.57,32.4,55.0,Hazardous
2026-03-25 03:21:40 UTC,247,248,34.63,2052.57,32.4,55.1,Hazardous
2026-03-25 03:21:50 UTC,243,245,34.24,2044.58,32.4,55.1,Hazardous
2026-03-25 03:22:00 UTC,241,242,34.24,2055.23,32.4,55.7,Hazardous
2026-03-25 03:22:10 UTC,241,243,34.5,2057.89,32.4,55.9,Hazardous
2026-03-25 03:22:20 UTC,242,245,38.4,2087.17,32.4,54.7,Hazardous
2026-03-25 03:22:30 UTC,242,243,35.52,2055.23,32.4,54.4,Hazardous
2026-03-25 03:22:40 UTC,240,241,37.29,2068.54,32.5,54.2,Hazardous
2026-03-25 03:22:50 UTC,247,247,35.12,2055.23,32.5,54.1,Hazardous
2026-03-25 03:23:00 UTC,241,243,37.37,2071.2,32.5,54.3,Hazardous
2026-03-25 03:23:10 UTC,248,248,34.18,2060.55,32.5,54.6,Hazardous
2026-03-25 03:23:20 UTC,245,245,32.65,2044.58,32.5,54.5,Hazardous
2026-03-25 03:23:30 UTC,246,248,34.79,2055.23,32.5,54.8,Hazardous
2026-03-25 03:23:40 UTC,251,251,34.24,2055.23,32.5,54.7,Hazardous
2026-03-25 03:23:50 UTC,249,249,38.32,2087.17,32.5,54.7,Hazardous
2026-03-25 03:24:00 UTC,251,253,33.86,2057.89,32.5,54.0,Hazardous
2026-03-25 03:24:10 UTC,248,249,37.79,2089.83,32.5,52.9,Hazardous
2026-03-25 03:24:20 UTC,251,252,32.8,2041.92,32.5,53.5,Hazardous
2026-03-25 03:24:30 UTC,249,249,36.95,2081.85,32.5,53.9,Hazardous
2026-03-25 03:24:40 UTC,246,249,34.24,2057.89,32.6,54.0,Hazardous
2026-03-25 03:24:50 UTC,249,251,38.4,2092.49,32.6,54.0,Hazardous
2026-03-25 03:25:00 UTC,248,250,34.02,2063.22,32.6,53.8,Hazardous
2026-03-25 03:25:10 UTC,250,252,33.86,2060.55,32.6,53.3,Hazardous
2026-03-25 03:25:20 UTC,248,252,34.57,2060.55,32.7,53.6,Hazardous
2026-03-25 03:25:30 UTC,254,257,34.34,2055.23,32.7,53.7,Hazardous
2026-03-25 03:25:40 UTC,249,251,33.39,2060.55,32.7,53.0,Hazardous
2026-03-25 03:25:50 UTC,250,253,34.08,2060.55,32.7,52.8,Hazardous
2026-03-25 03:26:00 UTC,252,253,36.6,2079.18,32.7,52.9,Hazardous
2026-03-25 03:26:10 UTC,253,254,32.8,2044.58,32.8,53.0,Hazardous
2026-03-25 03:26:20 UTC,254,255,38.22,2092.49,32.8,53.5,Hazardous
2026-03-25 03:26:30 UTC,252,255,35.12,2065.88,32.8,54.0,Hazardous
2026-03-25 03:26:40 UTC,242,245,38.69,2095.15,32.9,54.0,Hazardous
2026-03-25 03:26:50 UTC,233,236,34.89,2063.22,32.9,53.9,Hazardous
2026-03-25 03:27:00 UTC,227,229,35.22,2063.22,32.9,54.1,Hazardous
2026-03-25 03:27:10 UTC,215,218,34.24,2057.89,32.9,54.0,Hazardous
2026-03-25 03:27:20 UTC,211,213,34.57,2063.22,33.0,53.6,Hazardous
2026-03-25 03:27:30 UTC,203,205,38.58,2095.15,32.9,53.6,Hazardous
2026-03-25 03:27:40 UTC,205,207,34.34,2063.22,33.0,53.4,Hazardous
2026-03-25 03:27:50 UTC,201,204,39.13,2095.15,33.0,53.1,Hazardous
2026-03-25 03:28:00 UTC,202,203,34.73,2063.22,33.0,53.1,Hazardous
2026-03-25 03:28:10 UTC,197,200,38.32,2097.82,33.1,54.0,Hazardous
2026-03-25 03:28:20 UTC,197,201,35.35,2065.88,33.1,54.7,Hazardous
2026-03-25 03:28:30 UTC,185,190,37.44,2081.85,33.1,54.5,Hazardous
2026-03-25 03:28:40 UTC,176,180,36.09,2068.54,33.1,53.8,Hazardous
2026-03-25 03:28:50 UTC,171,174,39.13,2095.15,33.2,54.2,Hazardous
2026-03-25 03:29:00 UTC,166,168,35.06,2065.88,33.2,54.3,Hazardous
2026-03-25 03:29:10 UTC,166,168,34.08,2049.91,33.2,54.2,Hazardous
2026-03-25 03:29:20 UTC,159,161,35.95,2063.22,33.2,53.7,Hazardous
2026-03-25 03:29:30 UTC,156,158,35.12,2063.22,33.2,53.4,Hazardous
2026-03-25 03:29:40 UTC,154,157,38.94,2095.15,33.2,53.6,Hazardous
2026-03-25 03:29:50 UTC,153,157,34.57,2063.22,33.3,54.1,Hazardous
2026-03-25 03:30:00 UTC,148,152,39.13,2095.15,33.3,53.9,Hazardous
2026-03-25 03:30:10 UTC,146,150,35.22,2063.22,33.3,53.1,Hazardous
2026-03-25 03:30:20 UTC,142,143,39.01,2095.15,33.3,52.6,Hazardous
2026-03-25 03:30:30 UTC,138,141,33.17,2052.57,33.3,52.4,Hazardous
2026-03-25 03:30:40 UTC,134,136,37.54,2081.85,33.4,52.2,Hazardous
2026-03-25 03:30:50 UTC,131,135,35.06,2060.55,33.4,51.7,Hazardous
2026-03-25 03:31:00 UTC,130,135,38.58,2095.15,33.3,52.3,Hazardous
2026-03-25 03:31:10 UTC,128,132,38.87,2089.83,33.4,53.2,Hazardous
2026-03-25 03:31:20 UTC,127,132,34.18,2057.89,33.4,53.7,Hazardous
2026-03-25 03:31:30 UTC,128,133,38.32,2092.49,33.4,53.6,Hazardous
2026-03-25 03:31:40 UTC,129,132,34.89,2055.23,33.4,54.1,Hazardous
2026-03-25 03:31:50 UTC,127,130,36.36,2081.85,33.4,53.4,Hazardous
2026-03-25 03:32:00 UTC,130,132,34.79,2065.88,33.4,52.7,Hazardous
2026-03-25 03:32:10 UTC,124,127,38.87,2087.17,33.4,52.1,Hazardous
2026-03-25 03:32:20 UTC,122,125,32.19,2041.92,33.4,51.8,Hazardous
2026-03-25 03:32:30 UTC,122,122,38.14,2087.17,33.4,51.4,Hazardous
2026-03-25 03:32:40 UTC,123,123,34.79,2057.89,33.4,51.2,Hazardous
2026-03-25 03:32:50 UTC,121,122,37.97,2089.83,33.4,50.8,Hazardous
2026-03-25 03:33:00 UTC,119,121,34.96,2065.88,33.4,51.5,Hazardous
2026-03-25 03:33:10 UTC,121,126,33.02,2047.24,33.4,51.0,Hazardous
2026-03-25 03:33:20 UTC,119,121,38.32,2089.83,33.3,51.2,Hazardous
2026-03-25 03:33:30 UTC,118,123,34.08,2055.23,33.2,51.0,Hazardous
2026-03-25 03:33:40 UTC,115,120,36.53,2076.52,33.2,50.5,Hazardous
2026-03-25 03:33:50 UTC,118,121,34.63,2060.55,33.2,50.4,Hazardous
2026-03-25 03:34:00 UTC,110,114,37.79,2084.51,33.1,50.5,Hazardous
2026-03-25 03:34:10 UTC,108,113,34.08,2057.89,33.1,50.8,Hazardous
2026-03-25 03:34:20 UTC,107,112,38.14,2087.17,33.1,51.0,Hazardous
2026-03-25 03:34:30 UTC,109,112,34.24,2060.55,33.1,50.7,Hazardous
2026-03-25 03:34:40 UTC,126,129,32.86,2047.24,33.1,50.2,Hazardous
2026-03-25 03:34:50 UTC,151,157,38.58,2092.49,33.2,50.5,Hazardous
2026-03-25 03:35:00 UTC,199,230,34.73,2057.89,33.2,50.9,Hazardous
2026-03-25 03:35:10 UTC,261,341,38.07,2095.15,33.2,52.3,Hazardous
2026-03-25 03:35:20 UTC,263,329,34.08,2055.23,33.3,53.8,Hazardous
2026-03-25 03:35:30 UTC,245,295,38.32,2092.49,33.3,53.9,Hazardous
2026-03-25 03:35:40 UTC,231,264,34.79,2057.89,33.3,53.8,Hazardous
2026-03-25 03:35:50 UTC,230,251,38.69,2092.49,33.3,53.8,Hazardous
2026-03-25 03:36:00 UTC,239,256,35.12,2063.22,33.3,54.3,Hazardous
2026-03-25 03:36:10 UTC,254,268,34.02,2047.24,33.4,54.7,Hazardous
2026-03-25 03:36:20 UTC,262,279,35.45,2055.23,33.4,55.6,Hazardous
2026-03-25 03:36:30 UTC,279,300,34.96,2055.23,33.4,56.0,Hazardous
2026-03-25 03:36:40 UTC,280,298,36.43,2057.89,33.4,55.4,Hazardous
2026-03-25 03:36:50 UTC,275,291,36.43,2057.89,33.4,54.4,Hazardous
2026-03-25 03:37:00 UTC,271,285,37.89,2073.87,33.5,54.1,Hazardous
2026-03-25 03:37:10 UTC,280,313,36.36,2057.89,33.5,54.0,Hazardous
2026-03-25 03:37:20 UTC,284,313,40.59,2095.15,33.5,53.5,Hazardous
2026-03-25 03:37:30 UTC,268,285,35.45,2052.57,33.5,52.0,Hazardous
2026-03-25 03:37:40 UTC,261,272,40.66,2095.15,33.6,51.2,Hazardous
2026-03-25 03:37:50 UTC,255,262,36.02,2060.55,33.6,51.3,Hazardous
2026-03-25 03:38:00 UTC,249,253,36.19,2057.89,33.6,52.2,Hazardous
2026-03-25 03:38:10 UTC,244,249,36.19,2057.89,33.6,53.0,Hazardous
2026-03-25 03:38:20 UTC,250,254,35.95,2063.22,33.6,53.1,Hazardous
2026-03-25 03:38:30 UTC,259,266,40.32,2087.17,33.7,53.2,Hazardous
2026-03-25 03:38:40 UTC,271,280,36.67,2055.23,33.7,53.9,Hazardous
2026-03-25 03:38:50 UTC,283,298,40.13,2087.17,33.7,54.3,Hazardous
2026-03-25 03:39:00 UTC,288,308,36.19,2060.55,33.7,52.9,Hazardous
2026-03-25 03:39:10 UTC,283,308,39.13,2073.87,33.7,52.1,Hazardous
2026-03-25 03:39:20 UTC,277,292,36.36,2063.22,33.8,51.1,Hazardous
2026-03-25 03:39:30 UTC,273,283,40.66,2092.49,33.8,50.6,Hazardous
2026-03-25 03:39:40 UTC,269,275,35.79,2055.23,33.8,50.5,Hazardous
2026-03-25 03:39:50 UTC,271,276,34.89,2052.57,33.8,50.8,Hazardous
2026-03-25 03:40:00 UTC,270,276,36.77,2060.55,33.8,50.7,Hazardous
2026-03-25 03:40:10 UTC,269,272,35.45,2060.55,33.8,50.0,Hazardous
2026-03-25 03:40:20 UTC,270,275,36.26,2055.23,33.8,49.8,Hazardous
2026-03-25 03:40:30 UTC,278,288,34.89,2047.24,33.7,49.9,Hazardous
2026-03-25 03:40:40 UTC,273,281,38.76,2089.83,33.7,50.2,Hazardous
2026-03-25 03:40:50 UTC,270,275,35.62,2055.23,33.6,50.4,Hazardous
2026-03-25 03:41:00 UTC,263,266,39.13,2089.83,33.6,49.9,Hazardous
2026-03-25 03:41:10 UTC,263,265,36.19,2055.23,33.6,49.8,Hazardous
2026-03-25 03:41:20 UTC,263,266,40.47,2089.83,33.5,50.1,Hazardous
2026-03-25 03:41:30 UTC,263,268,36.26,2055.23,33.5,51.2,Hazardous
2026-03-25 03:41:40 UTC,264,267,35.62,2057.89,33.6,51.6,Hazardous
2026-03-25 03:41:50 UTC,259,261,36.43,2057.89,33.6,51.6,Hazardous
2026-03-25 03:42:00 UTC,264,266,35.12,2049.91,33.6,51.4,Hazardous
2026-03-25 03:42:10 UTC,272,275,38.76,2076.52,33.7,51.8,Hazardous
2026-03-25 03:42:20 UTC,269,274,34.08,2044.58,33.7,51.8,Hazardous
2026-03-25 03:42:30 UTC,260,265,40.59,2092.49,33.8,52.1,Hazardous
2026-03-25 03:42:40 UTC,255,258,36.19,2060.55,33.8,53.3,Hazardous
2026-03-25 03:42:50 UTC,245,247,40.21,2087.17,33.9,53.3,Hazardous
2026-03-25 03:43:00 UTC,243,244,35.95,2057.89,33.9,53.3,Hazardous
2026-03-25 03:43:10 UTC,235,237,40.97,2089.83,33.9,52.1,Hazardous
2026-03-25 03:43:20 UTC,234,239,36.02,2057.89,34.0,52.0,Hazardous
2026-03-25 03:43:30 UTC,234,238,36.02,2060.55,34.0,52.1,Hazardous
2026-03-25 03:43:40 UTC,234,238,39.13,2084.51,34.0,52.0,Hazardous
2026-03-25 03:43:50 UTC,235,239,34.63,2047.24,34.0,51.4,Hazardous
2026-03-25 03:44:00 UTC,237,239,40.21,2087.17,34.0,50.5,Hazardous
2026-03-25 03:44:10 UTC,238,241,35.52,2052.57,34.0,50.6,Hazardous
2026-03-25 03:44:20 UTC,233,235,40.97,2087.17,34.1,51.0,Hazardous
2026-03-25 03:44:30 UTC,234,235,36.02,2057.89,34.1,52.0,Hazardous
2026-03-25 03:44:40 UTC,240,242,40.66,2084.51,34.1,52.3,Hazardous
2026-03-25 03:44:50 UTC,259,267,36.43,2052.57,34.2,52.5,Hazardous
2026-03-25 03:45:00 UTC,280,303,40.21,2087.17,34.2,52.6,Hazardous
2026-03-25 03:45:10 UTC,293,327,35.35,2052.57,34.2,52.0,Hazardous
2026-03-25 03:45:20 UTC,300,331,36.36,2060.55,34.2,51.7,Hazardous
2026-03-25 03:45:30 UTC,301,329,35.06,2047.24,34.3,51.2,Hazardous
2026-03-25 03:45:40 UTC,293,317,35.12,2060.55,34.3,51.9,Hazardous
2026-03-25 03:45:50 UTC,307,340,38.58,2076.52,34.4,52.2,Hazardous
2026-03-25 03:46:00 UTC,386,503,36.26,2060.55,34.4,52.0,Hazardous
2026-03-25 03:46:10 UTC,416,573,40.47,2089.83,34.5,52.6,Hazardous
2026-03-25 03:46:20 UTC,411,538,35.22,2055.23,34.5,53.5,Hazardous
2026-03-25 03:46:30 UTC,372,462,39.13,2084.51,34.6,53.1,Hazardous
2026-03-25 03:46:40 UTC,323,376,34.79,2044.58,34.7,51.7,Hazardous
2026-03-25 03:46:50 UTC,302,333,35.35,2057.89,34.7,51.1,Hazardous
2026-03-25 03:47:00 UTC,281,299,36.09,2060.55,34.8,51.1,Hazardous
2026-03-25 03:47:10 UTC,278,291,35.85,2057.89,34.9,50.3,Hazardous
2026-03-25 03:47:20 UTC,275,284,40.78,2087.17,34.9,50.6,Hazardous
2026-03-25 03:47:30 UTC,277,285,36.19,2060.55,35.0,50.8,Hazardous
2026-03-25 03:47:40 UTC,283,289,40.97,2087.17,35.0,50.5,Hazardous
2026-03-25 03:47:50 UTC,305,341,36.77,2060.55,35.1,50.6,Hazardous
2026-03-25 03:48:00 UTC,316,365,40.78,2095.15,35.1,51.0,Hazardous
2026-03-25 03:48:10 UTC,305,343,36.53,2060.55,35.2,50.3,Hazardous
2026-03-25 03:48:20 UTC,290,313,39.13,2084.51,35.3,50.6,Hazardous
2026-03-25 03:48:30 UTC,279,293,36.36,2057.89,35.3,50.1,Hazardous
2026-03-25 03:48:40 UTC,279,288,36.19,2063.22,35.4,49.6,Hazardous
2026-03-25 03:48:50 UTC,272,280,40.21,2089.83,35.4,49.4,Hazardous
2026-03-25 03:49:00 UTC,270,275,35.52,2055.23,35.4,48.5,Hazardous
2026-03-25 03:49:10 UTC,263,266,37.29,2063.22,35.5,48.6,Hazardous
2026-03-25 03:49:20 UTC,264,266,36.36,2060.55,35.5,49.1,Hazardous
2026-03-25 03:49:30 UTC,264,264,39.13,2084.51,35.6,49.0,Hazardous
2026-03-25 03:49:40 UTC,266,267,35.12,2049.91,35.6,49.2,Hazardous
2026-03-25 03:49:50 UTC,268,269,40.66,2092.49,35.7,48.6,Hazardous
2026-03-25 03:50:00 UTC,263,264,35.69,2052.57,35.7,47.9,Hazardous
2026-03-25 03:50:10 UTC,264,268,39.13,2092.49,35.7,48.8,Hazardous
2026-03-25 03:50:20 UTC,266,269,36.67,2057.89,35.8,49.5,Hazardous
2026-03-25 03:50:30 UTC,266,270,35.12,2047.24,35.8,49.3,Hazardous
2026-03-25 03:50:40 UTC,270,272,36.53,2052.57,35.9,49.3,Hazardous
2026-03-25 03:50:50 UTC,268,269,35.95,2052.57,35.9,47.9,Hazardous
2026-03-25 03:51:00 UTC,265,268,40.66,2092.49,36.0,47.8,Hazardous
2026-03-25 03:51:10 UTC,262,268,36.26,2055.23,36.1,47.5,Hazardous
2026-03-25 03:51:20 UTC,261,266,40.97,2092.49,36.1,47.1,Hazardous
2026-03-25 03:51:30 UTC,262,265,36.6,2060.55,36.2,47.5,Hazardous
2026-03-25 03:51:40 UTC,262,265,40.97,2092.49,36.3,46.3,Hazardous
2026-03-25 03:51:50 UTC,270,282,36.43,2055.23,36.3,46.9,Hazardous
2026-03-25 03:52:00 UTC,284,305,40.47,2089.83,36.4,46.7,Hazardous
2026-03-25 03:52:10 UTC,279,293,36.53,2065.88,36.4,45.9,Hazardous
2026-03-25 03:52:20 UTC,271,282,34.4,2044.58,36.5,45.8,Hazardous
2026-03-25 03:52:30 UTC,264,273,40.66,2084.51,36.5,46.0,Hazardous
2026-03-25 03:52:40 UTC,263,270,36.09,2055.23,36.6,45.6,Hazardous
2026-03-25 03:52:50 UTC,264,271,41.32,2089.83,36.6,46.0,Hazardous
2026-03-25 03:53:00 UTC,268,276,36.02,2057.89,36.6,46.3,Hazardous
2026-03-25 03:53:10 UTC,271,278,41.43,2087.17,36.7,46.5,Hazardous
2026-03-25 03:53:20 UTC,266,272,35.69,2057.89,36.8,46.9,Hazardous
2026-03-25 03:53:30 UTC,265,270,40.85,2092.49,36.8,46.7,Hazardous
2026-03-25 03:53:40 UTC,269,275,34.89,2052.57,36.9,46.9,Hazardous
2026-03-25 03:53:50 UTC,265,273,41.24,2092.49,37.0,47.2,Hazardous
2026-03-25 03:54:00 UTC,271,283,40.78,2084.51,37.1,47.5,Hazardous
2026-03-25 03:54:10 UTC,273,284,36.43,2063.22,37.2,47.6,Hazardous
2026-03-25 03:54:20 UTC,263,271,36.43,2060.55,37.3,46.4,Hazardous
2026-03-25 03:54:30 UTC,263,268,36.53,2060.55,37.3,45.1,Hazardous
2026-03-25 03:54:40 UTC,259,268,40.32,2089.83,37.4,45.8,Hazardous
2026-03-25 03:54:50 UTC,257,263,37.19,2060.55,37.4,47.0,Hazardous
2026-03-25 03:55:00 UTC,258,268,40.85,2095.15,37.5,47.6,Hazardous
2026-03-25 03:55:10 UTC,261,269,36.77,2060.55,37.5,47.5,Hazardous
2026-03-25 03:55:20 UTC,256,265,41.51,2095.15,37.6,47.1,Hazardous
2026-03-25 03:55:30 UTC,258,265,35.95,2055.23,37.7,47.1,Hazardous
2026-03-25 03:55:40 UTC,259,263,41.24,2095.15,37.7,46.7,Hazardous
2026-03-25 03:55:50 UTC,260,265,36.19,2052.57,37.8,45.4,Hazardous
2026-03-25 03:56:00 UTC,256,259,35.22,2052.57,37.8,45.5,Hazardous
2026-03-25 03:56:10 UTC,257,260,40.66,2089.83,37.9,45.8,Hazardous
2026-03-25 03:56:20 UTC,259,261,35.69,2052.57,37.9,45.4,Hazardous
2026-03-25 03:56:30 UTC,253,257,42.9,2103.14,38.0,45.2,Hazardous
2026-03-25 03:56:40 UTC,259,263,37.89,2065.88,38.0,45.5,Hazardous
2026-03-25 03:56:50 UTC,254,257,42.7,2095.15,38.0,43.4,Hazardous
2026-03-25 03:57:00 UTC,256,259,37.19,2063.22,38.0,42.8,Hazardous
2026-03-25 03:57:10 UTC,252,254,43.68,2105.81,38.0,42.6,Hazardous
2026-03-25 03:57:20 UTC,255,257,37.79,2073.87,38.0,42.3,Hazardous
2026-03-25 03:57:30 UTC,255,256,39.01,2076.52,38.0,42.7,Hazardous
2026-03-25 03:57:40 UTC,255,257,43.8,2116.45,38.0,43.6,Hazardous
2026-03-25 03:57:50 UTC,256,258,38.69,2073.87,38.1,43.8,Hazardous
2026-03-25 03:58:00 UTC,258,261,44.89,2113.79,38.2,44.5,Hazardous
2026-03-25 03:58:10 UTC,256,258,37.97,2071.2,38.2,43.9,Hazardous
2026-03-25 03:58:20 UTC,250,253,44.68,2113.79,38.3,43.4,Hazardous
2026-03-25 03:58:30 UTC,256,259,37.97,2073.87,38.3,42.3,Hazardous
2026-03-25 03:58:40 UTC,256,258,43.8,2113.79,38.4,42.0,Hazardous
2026-03-25 03:58:50 UTC,254,255,38.4,2073.87,38.5,42.4,Hazardous
2026-03-25 03:59:00 UTC,252,256,42.78,2105.81,38.5,43.2,Hazardous
2026-03-25 03:59:10 UTC,250,253,43.8,2116.45,38.6,43.7,Hazardous
2026-03-25 03:59:20 UTC,254,257,39.13,2076.52,38.6,43.3,Hazardous
2026-03-25 03:59:30 UTC,250,252,37.97,2068.54,38.7,43.2,Hazardous
2026-03-25 03:59:40 UTC,254,257,38.87,2073.87,38.7,43.9,Hazardous
2026-03-25 03:59:50 UTC,251,254,43.6,2113.79,38.8,44.5,Hazardous
2026-03-25 04:00:00 UTC,250,251,37.19,2055.23,38.9,43.9,Hazardous
2026-03-25 04:00:10 UTC,249,250,43.27,2105.81,39.0,44.4,Hazardous
2026-03-25 04:00:20 UTC,248,248,37.79,2073.87,39.1,43.3,Hazardous
2026-03-25 04:00:30 UTC,247,248,42.3,2097.82,39.2,41.9,Hazardous
2026-03-25 04:00:40 UTC,246,247,38.07,2063.22,39.1,41.1,Hazardous
2026-03-25 04:00:50 UTC,251,253,42.5,2100.48,39.1,41.9,Hazardous
2026-03-25 04:01:00 UTC,245,247,37.37,2071.2,39.1,42.8,Hazardous
2026-03-25 04:01:10 UTC,247,248,36.43,2052.57,39.1,42.9,Hazardous
2026-03-25 04:01:20 UTC,250,252,42.78,2105.81,39.1,41.0,Hazardous
2026-03-25 04:01:30 UTC,253,255,36.84,2065.88,39.1,40.4,Hazardous
2026-03-25 04:01:40 UTC,252,253,40.97,2095.15,39.0,42.0,Hazardous
2026-03-25 04:01:50 UTC,249,250,37.79,2068.54,38.9,42.6,Hazardous
2026-03-25 04:02:00 UTC,250,251,41.71,2092.49,39.0,42.4,Hazardous
2026-03-25 04:02:10 UTC,253,253,38.58,2063.22,39.0,41.4,Hazardous
2026-03-25 04:02:20 UTC,248,249,42.3,2103.14,39.0,41.3,Hazardous
2026-03-25 04:02:30 UTC,250,252,35.12,2041.92,39.1,42.2,Hazardous
2026-03-25 04:02:40 UTC,249,250,37.37,2065.88,39.1,42.3,Hazardous
2026-03-25 04:02:50 UTC,251,252,42.18,2100.48,39.2,42.8,Hazardous
2026-03-25 04:03:00 UTC,248,251,35.22,2052.57,39.2,43.0,Hazardous
2026-03-25 04:03:10 UTC,251,252,42.98,2103.14,39.3,42.8,Hazardous
2026-03-25 04:03:20 UTC,250,252,36.6,2052.57,39.3,43.6,Hazardous
2026-03-25 04:03:30 UTC,250,251,40.66,2084.51,39.4,43.3,Hazardous
2026-03-25 04:03:40 UTC,253,254,35.95,2052.57,39.4,42.9,Hazardous
2026-03-25 04:03:50 UTC,246,248,42.18,2095.15,39.5,42.7,Hazardous
2026-03-25 04:04:00 UTC,249,250,35.12,2052.57,39.5,42.6,Hazardous
2026-03-25 04:04:10 UTC,248,248,41.63,2095.15,39.6,42.9,Hazardous
2026-03-25 04:04:20 UTC,246,248,41.71,2095.15,39.7,42.6,Hazardous
2026-03-25 04:04:30 UTC,248,249,37.12,2063.22,39.8,42.4,Hazardous
2026-03-25 04:04:40 UTC,250,251,42.58,2097.82,39.8,41.4,Hazardous
2026-03-25 04:04:50 UTC,246,248,36.67,2057.89,39.8,41.5,Hazardous
2026-03-25 04:05:00 UTC,244,246,42.1,2097.82,39.9,42.2,Hazardous
2026-03-25 04:05:10 UTC,247,249,36.67,2060.55,39.9,41.5,Hazardous
2026-03-25 04:05:20 UTC,246,248,42.3,2092.49,39.9,40.9,Hazardous
2026-03-25 04:05:30 UTC,250,252,36.95,2063.22,39.9,41.2,Hazardous
2026-03-25 04:05:40 UTC,245,247,41.71,2092.49,40.0,40.9,Hazardous
2026-03-25 04:05:50 UTC,249,251,36.67,2055.23,39.9,40.5,Hazardous
2026-03-25 04:06:00 UTC,247,248,41.63,2092.49,39.8,39.8,Hazardous
2026-03-25 04:06:10 UTC,246,248,36.67,2057.89,39.8,39.7,Hazardous
2026-03-25 04:06:20 UTC,244,247,35.12,2044.58,39.8,39.4,Hazardous
2026-03-25 04:06:30 UTC,245,247,40.66,2079.18,39.8,40.1,Hazardous
2026-03-25 04:06:40 UTC,245,247,37.02,2052.57,39.8,41.7,Hazardous
2026-03-25 04:06:50 UTC,243,246,40.78,2092.49,39.9,41.6,Hazardous
2026-03-25 04:07:00 UTC,242,245,35.85,2052.57,39.9,39.7,Hazardous
2026-03-25 04:07:10 UTC,243,245,41.05,2095.15,39.8,39.1,Hazardous
2026-03-25 04:07:20 UTC,244,247,36.36,2055.23,39.8,39.3,Hazardous
2026-03-25 04:07:30 UTC,248,250,41.63,2092.49,39.8,40.7,Hazardous
2026-03-25 04:07:40 UTC,248,250,36.95,2060.55,39.8,41.9,Hazardous
2026-03-25 04:07:50 UTC,247,249,34.4,2033.94,39.8,42.3,Hazardous
2026-03-25 04:08:00 UTC,245,247,41.83,2087.17,39.9,41.1,Hazardous
2026-03-25 04:08:10 UTC,248,251,37.29,2055.23,39.9,41.3,Hazardous
2026-03-25 04:08:20 UTC,250,252,40.85,2084.51,40.0,41.0,Hazardous
2026-03-25 04:08:30 UTC,253,255,36.6,2052.57,40.0,40.3,Hazardous
2026-03-25 04:08:40 UTC,247,250,40.21,2084.51,40.0,40.2,Hazardous
2026-03-25 04:08:50 UTC,246,249,36.36,2055.23,40.1,40.2,Hazardous
2026-03-25 04:09:00 UTC,246,248,40.66,2089.83,40.1,40.5,Hazardous
2026-03-25 04:09:10 UTC,249,250,35.29,2047.24,40.2,40.6,Hazardous
2026-03-25 04:09:20 UTC,246,247,41.16,2087.17,40.2,39.5,Hazardous
2026-03-25 04:09:30 UTC,243,245,38.94,2079.18,40.2,38.9,Hazardous
2026-03-25 04:09:40 UTC,245,245,35.95,2052.57,40.1,39.1,Hazardous
2026-03-25 04:09:50 UTC,244,246,39.13,2073.87,40.2,40.2,Hazardous
2026-03-25 04:10:00 UTC,243,245,35.06,2041.92,40.3,39.9,Hazardous
2026-03-25 04:10:10 UTC,243,245,40.02,2076.52,40.3,39.2,Hazardous
2026-03-25 04:10:20 UTC,243,244,34.4,2041.92,40.2,38.8,Hazardous
2026-03-25 04:10:30 UTC,244,246,39.13,2079.18,40.2,39.3,Hazardous
2026-03-25 04:10:40 UTC,243,246,34.02,2033.94,40.2,39.9,Hazardous
2026-03-25 04:10:50 UTC,241,244,39.01,2076.52,40.3,40.2,Hazardous
2026-03-25 04:11:00 UTC,242,245,34.57,2041.92,40.3,40.3,Hazardous
2026-03-25 04:11:10 UTC,241,244,37.97,2073.87,40.4,39.5,Hazardous
2026-03-25 04:11:20 UTC,240,242,35.12,2041.92,40.4,39.3,Hazardous
2026-03-25 04:11:30 UTC,238,241,35.12,2044.58,40.4,39.5,Hazardous
2026-03-25 04:11:40 UTC,242,244,39.13,2076.52,40.4,39.4,Hazardous
2026-03-25 04:11:50 UTC,242,244,35.06,2041.92,40.5,39.6,Hazardous
2026-03-25 04:12:00 UTC,242,244,39.01,2081.85,40.5,40.0,Hazardous
2026-03-25 04:12:10 UTC,242,245,35.12,2044.58,40.5,39.1,Hazardous
2026-03-25 04:12:20 UTC,244,245,38.69,2073.87,40.5,40.1,Hazardous
2026-03-25 04:12:30 UTC,242,245,35.06,2047.24,40.5,40.3,Hazardous
2026-03-25 04:12:40 UTC,238,240,38.22,2073.87,40.5,39.7,Hazardous
2026-03-25 04:12:50 UTC,241,243,35.12,2041.92,40.2,38.1,Hazardous
2026-03-25 04:13:00 UTC,235,237,37.79,2063.22,39.8,38.3,Hazardous
2026-03-25 04:13:10 UTC,237,238,37.12,2063.22,39.7,38.5,Hazardous
2026-03-25 04:13:20 UTC,237,239,33.86,2039.26,39.6,40.3,Hazardous
2026-03-25 04:13:30 UTC,236,240,39.13,2073.87,39.6,41.1,Hazardous
2026-03-25 04:13:40 UTC,242,246,34.96,2041.92,39.6,41.5,Hazardous
2026-03-25 04:13:50 UTC,238,241,38.32,2073.87,39.6,41.3,Hazardous
2026-03-25 04:14:00 UTC,241,245,34.73,2041.92,39.6,41.4,Hazardous
2026-03-25 04:14:10 UTC,239,245,42.1,2084.51,39.6,41.7,Hazardous
2026-03-25 04:14:20 UTC,199,204,38.94,2057.89,39.6,40.9,Hazardous
2026-03-25 04:14:30 UTC,110,117,43.47,2095.15,39.5,41.2,Hazardous
2026-03-25 04:14:40 UTC,255,255,61.43,2084.51,34.5,56.6,Hazardous
2026-03-25 04:14:50 UTC,253,255,55.3,2052.57,34.5,56.9,Hazardous
2026-03-25 04:15:00 UTC,256,257,59.29,2073.87,34.5,56.4,Hazardous
2026-03-25 04:15:10 UTC,257,257,56.36,2052.57,34.6,57.3,Hazardous
2026-03-25 04:15:20 UTC,248,248,55.83,2055.23,34.7,58.8,Hazardous
2026-03-25 04:15:30 UTC,243,245,55.3,2052.57,34.7,59.9,Hazardous
2026-03-25 04:15:40 UTC,253,254,54.41,2052.57,34.8,58.7,Hazardous
2026-03-25 04:15:50 UTC,258,258,54.93,2052.57,34.8,56.7,Hazardous
2026-03-25 04:16:00 UTC,258,258,55.19,2052.57,34.9,55.8,Hazardous
2026-03-25 04:16:10 UTC,259,259,61.02,2079.18,34.9,56.0,Hazardous
2026-03-25 04:16:20 UTC,256,256,54.93,2055.23,35.0,56.5,Hazardous
2026-03-25 04:16:30 UTC,249,250,59.74,2076.52,35.0,55.6,Hazardous
2026-03-25 04:16:40 UTC,253,254,55.83,2052.57,35.1,55.0,Hazardous
2026-03-25 04:16:50 UTC,247,247,60.84,2076.52,35.1,55.6,Hazardous
2026-03-25 04:17:00 UTC,247,247,55.03,2052.57,35.2,57.9,Hazardous
2026-03-25 04:17:10 UTC,247,248,53.43,2041.92,35.2,56.2,Hazardous
2026-03-25 04:17:20 UTC,250,250,53.43,2044.58,35.2,56.2,Hazardous
2026-03-25 04:17:30 UTC,246,249,56.36,2052.57,35.3,56.5,Hazardous
2026-03-25 04:17:40 UTC,253,254,60.43,2073.87,35.3,56.3,Hazardous
2026-03-25 04:17:50 UTC,255,257,57.12,2055.23,35.4,56.0,Hazardous
2026-03-25 04:18:00 UTC,254,254,61.13,2076.52,35.4,55.2,Hazardous
2026-03-25 04:18:10 UTC,256,256,55.03,2052.57,35.5,53.9,Hazardous
2026-03-25 04:18:20 UTC,253,255,61.13,2087.17,35.5,53.4,Hazardous
2026-03-25 04:18:30 UTC,256,259,55.83,2055.23,35.6,53.2,Hazardous
2026-03-25 04:18:40 UTC,254,255,60.55,2073.87,35.6,54.8,Hazardous
2026-03-25 04:18:50 UTC,255,260,54.3,2041.92,35.7,55.3,Hazardous
2026-03-25 04:19:00 UTC,259,260,55.45,2052.57,35.7,54.1,Hazardous
2026-03-25 04:19:10 UTC,254,256,55.45,2049.91,35.7,52.9,Hazardous
2026-03-25 04:19:20 UTC,252,253,55.67,2052.57,35.8,53.1,Hazardous
2026-03-25 04:19:30 UTC,250,252,54.67,2049.91,35.7,53.2,Hazardous
2026-03-25 04:19:40 UTC,250,252,54.77,2052.57,35.6,53.0,Hazardous
2026-03-25 04:19:50 UTC,251,254,58.89,2071.2,35.6,52.5,Hazardous
2026-03-25 04:20:00 UTC,259,260,54.93,2052.57,35.6,52.1,Hazardous
2026-03-25 04:20:10 UTC,254,254,60.84,2079.18,35.6,52.0,Hazardous
2026-03-25 04:20:20 UTC,257,257,54.93,2052.57,35.7,52.9,Hazardous
2026-03-25 04:20:30 UTC,251,251,60.72,2076.52,35.6,52.9,Hazardous
2026-03-25 04:20:40 UTC,247,248,55.45,2052.57,35.7,52.3,Hazardous
2026-03-25 04:20:50 UTC,254,254,52.53,2033.94,35.7,52.3,Hazardous
2026-03-25 04:21:00 UTC,252,253,52.93,2033.94,35.8,51.8,Hazardous
2026-03-25 04:21:10 UTC,257,257,53.54,2047.24,35.8,51.5,Hazardous
2026-03-25 04:21:20 UTC,250,251,59.06,2073.87,35.8,51.2,Hazardous
2026-03-25 04:21:30 UTC,254,255,53.54,2047.24,35.9,51.6,Hazardous
2026-03-25 04:21:40 UTC,257,257,58.89,2076.52,35.9,52.6,Hazardous
2026-03-25 04:21:50 UTC,255,258,53.43,2049.91,35.9,53.2,Hazardous
2026-03-25 04:22:00 UTC,254,257,58.33,2068.54,35.9,53.3,Hazardous
2026-03-25 04:22:10 UTC,253,255,54.41,2047.24,35.8,53.8,Hazardous
2026-03-25 04:22:20 UTC,252,252,54.67,2049.91,35.8,54.1,Hazardous
2026-03-25 04:22:30 UTC,252,253,54.56,2041.92,35.7,53.5,Hazardous
2026-03-25 04:22:40 UTC,251,253,54.77,2049.91,35.6,53.7,Hazardous
2026-03-25 04:22:50 UTC,253,256,59.74,2076.52,35.6,53.4,Hazardous
2026-03-25 04:23:00 UTC,253,254,54.56,2047.24,35.6,52.5,Hazardous
2026-03-25 04:23:10 UTC,253,254,59.57,2073.87,35.6,53.2,Hazardous
2026-03-25 04:23:20 UTC,256,256,54.41,2044.58,35.6,54.3,Hazardous
2026-03-25 04:23:30 UTC,253,253,58.89,2065.88,35.6,54.1,Hazardous
2026-03-25 04:23:40 UTC,256,258,54.93,2041.92,35.6,53.4,Hazardous
2026-03-25 04:23:50 UTC,254,256,60.72,2076.52,35.6,52.4,Hazardous
2026-03-25 04:24:00 UTC,263,266,54.67,2044.58,35.7,52.7,Hazardous
2026-03-25 04:24:10 UTC,261,263,54.56,2047.24,35.7,52.8,Hazardous
2026-03-25 04:24:20 UTC,260,262,53.54,2047.24,35.7,53.0,Hazardous
2026-03-25 04:24:30 UTC,263,265,54.67,2044.58,35.7,52.9,Hazardous
2026-03-25 04:24:40 UTC,261,263,54.41,2044.58,35.7,52.7,Hazardous
2026-03-25 04:24:50 UTC,257,259,53.03,2044.58,35.7,52.9,Hazardous
2026-03-25 04:25:00 UTC,259,260,58.89,2073.87,35.7,53.9,Hazardous
2026-03-25 04:25:10 UTC,266,266,51.93,2033.94,35.8,54.7,Hazardous
2026-03-25 04:25:20 UTC,258,259,59.74,2073.87,35.7,54.2,Hazardous
2026-03-25 04:25:30 UTC,259,261,54.67,2044.58,35.7,53.1,Hazardous
2026-03-25 04:25:40 UTC,260,261,59.86,2073.87,35.7,52.7,Hazardous
2026-03-25 04:25:50 UTC,256,256,54.15,2044.58,35.7,52.6,Hazardous
2026-03-25 04:26:00 UTC,255,256,54.3,2041.92,35.7,52.7,Hazardous
2026-03-25 04:26:10 UTC,256,256,53.43,2044.58,35.8,52.1,Hazardous
2026-03-25 04:26:20 UTC,256,257,52.43,2033.94,35.8,52.0,Hazardous
2026-03-25 04:26:30 UTC,256,257,58.78,2073.87,35.8,52.3,Hazardous
2026-03-25 04:26:40 UTC,263,263,53.89,2041.92,35.8,52.7,Hazardous
2026-03-25 04:26:50 UTC,260,262,59.74,2073.87,35.8,53.0,Hazardous
2026-03-25 04:27:00 UTC,258,258,55.45,2041.92,35.8,53.4,Hazardous
2026-03-25 04:27:10 UTC,260,260,59.74,2073.87,35.8,52.4,Hazardous
2026-03-25 04:27:20 UTC,258,258,55.3,2047.24,35.7,51.7,Hazardous
2026-03-25 04:27:30 UTC,256,259,54.15,2044.58,35.7,52.3,Hazardous
2026-03-25 04:27:40 UTC,257,257,53.54,2041.92,35.7,51.7,Hazardous
2026-03-25 04:27:50 UTC,250,252,54.05,2039.26,35.7,51.5,Hazardous
2026-03-25 04:28:00 UTC,249,251,58.89,2071.2,35.7,53.2,Hazardous
2026-03-25 04:28:10 UTC,250,253,54.67,2047.24,35.7,53.0,Hazardous
2026-03-25 04:28:20 UTC,248,249,58.61,2073.87,35.7,52.8,Hazardous
2026-03-25 04:28:30 UTC,254,257,52.08,2033.94,35.7,52.7,Hazardous
2026-03-25 04:28:40 UTC,254,255,58.5,2063.22,35.7,53.2,Hazardous
2026-03-25 04:28:50 UTC,257,257,54.67,2044.58,35.7,52.8,Hazardous
2026-03-25 04:29:00 UTC,253,253,58.89,2071.2,35.6,52.2,Hazardous
2026-03-25 04:29:10 UTC,249,250,51.93,2031.27,35.6,52.0,Hazardous
2026-03-25 04:29:20 UTC,254,254,54.05,2041.92,35.6,52.4,Hazardous
2026-03-25 04:29:30 UTC,251,253,58.89,2073.87,35.6,52.7,Hazardous
2026-03-25 04:29:40 UTC,249,250,54.3,2047.24,35.6,52.9,Hazardous
2026-03-25 04:29:50 UTC,251,254,58.33,2065.88,35.6,52.5,Hazardous
2026-03-25 04:30:00 UTC,252,254,53.43,2039.26,35.6,52.3,Hazardous
2026-03-25 04:30:10 UTC,251,253,58.89,2071.2,35.6,51.9,Hazardous
2026-03-25 04:30:20 UTC,252,252,51.44,2028.61,35.7,51.8,Hazardous
2026-03-25 04:30:30 UTC,255,255,58.89,2071.2,35.6,52.9,Hazardous
2026-03-25 04:30:40 UTC,258,259,54.3,2044.58,35.6,53.6,Hazardous
2026-03-25 04:30:50 UTC,262,262,52.93,2039.26,35.6,53.6,Hazardous
2026-03-25 04:31:00 UTC,254,255,52.78,2041.92,35.6,53.4,Hazardous
2026-03-25 04:31:10 UTC,252,254,53.79,2044.58,35.5,54.3,Hazardous
2026-03-25 04:31:20 UTC,247,247,53.03,2039.26,35.5,55.5,Hazardous
2026-03-25 04:31:30 UTC,251,252,53.54,2041.92,35.6,55.4,Hazardous
2026-03-25 04:31:40 UTC,255,256,59.18,2071.2,35.5,54.4,Hazardous
2026-03-25 04:31:50 UTC,259,260,54.05,2041.92,35.5,54.0,Hazardous
2026-03-25 04:32:00 UTC,265,267,58.89,2073.87,35.5,53.2,Hazardous
2026-03-25 04:32:10 UTC,265,267,52.68,2041.92,35.5,54.6,Hazardous
2026-03-25 04:32:20 UTC,271,273,58.89,2071.2,35.4,53.7,Hazardous
2026-03-25 04:32:30 UTC,265,268,52.78,2044.58,35.4,52.9,Hazardous
2026-03-25 04:32:40 UTC,269,271,52.68,2047.24,35.3,52.7,Hazardous
2026-03-25 04:32:50 UTC,270,270,51.59,2033.94,35.3,52.7,Hazardous
2026-03-25 04:33:00 UTC,271,271,52.93,2041.92,35.2,52.6,Hazardous
2026-03-25 04:33:10 UTC,269,269,57.67,2068.54,35.2,53.3,Hazardous
2026-03-25 04:33:20 UTC,268,268,50.52,2031.27,35.2,53.6,Hazardous
2026-03-25 04:33:30 UTC,265,265,55.03,2063.22,35.2,53.2,Hazardous
2026-03-25 04:33:40 UTC,266,266,52.33,2041.92,35.2,52.9,Hazardous
2026-03-25 04:33:50 UTC,264,264,57.12,2071.2,35.2,54.3,Hazardous
2026-03-25 04:34:00 UTC,260,260,51.59,2041.92,35.2,54.7,Hazardous
2026-03-25 04:34:10 UTC,259,259,50.76,2033.94,35.1,54.0,Hazardous
2026-03-25 04:34:20 UTC,262,262,51.83,2036.59,35.0,53.9,Hazardous
2026-03-25 04:34:30 UTC,262,262,52.08,2044.58,35.0,54.2,Hazardous
2026-03-25 04:34:40 UTC,258,258,56.47,2073.87,34.9,54.0,Hazardous
2026-03-25 04:34:50 UTC,265,266,52.08,2033.94,34.9,54.1,Hazardous
2026-03-25 04:35:00 UTC,259,262,56.85,2073.87,34.9,54.2,Hazardous
2026-03-25 04:35:10 UTC,258,259,52.33,2039.26,34.9,54.0,Hazardous
2026-03-25 04:35:20 UTC,254,255,56.74,2071.2,34.9,54.2,Hazardous
2026-03-25 04:35:30 UTC,261,262,52.18,2041.92,34.9,54.1,Hazardous
2026-03-25 04:35:40 UTC,260,260,57.94,2071.2,34.9,53.5,Hazardous
2026-03-25 04:35:50 UTC,263,263,51.44,2041.92,35.0,53.3,Hazardous
2026-03-25 04:36:00 UTC,258,260,52.68,2039.26,35.0,53.1,Hazardous
2026-03-25 04:36:10 UTC,254,255,52.78,2044.58,35.0,52.9,Hazardous
2026-03-25 04:36:20 UTC,258,259,52.43,2044.58,35.1,53.1,Hazardous
2026-03-25 04:36:30 UTC,261,262,52.68,2044.58,35.1,53.8,Hazardous
2026-03-25 04:36:40 UTC,264,267,52.33,2041.92,35.1,53.3,Hazardous
2026-03-25 04:36:50 UTC,265,267,57.01,2071.2,35.1,53.2,Hazardous
2026-03-25 04:37:00 UTC,262,263,52.33,2039.26,35.1,54.9,Hazardous
2026-03-25 04:37:10 UTC,265,266,56.74,2073.87,35.2,54.7,Hazardous
2026-03-25 04:37:20 UTC,266,267,51.44,2041.92,35.2,54.1,Hazardous
2026-03-25 04:37:30 UTC,265,265,56.74,2071.2,35.2,53.3,Hazardous
2026-03-25 04:37:40 UTC,268,269,50.38,2028.61,35.2,53.0,Hazardous
2026-03-25 04:37:50 UTC,265,269,52.08,2041.92,35.2,52.7,Hazardous
2026-03-25 04:38:00 UTC,267,270,49.81,2028.61,35.2,53.0,Hazardous
2026-03-25 04:38:10 UTC,267,269,50.76,2031.27,35.2,54.1,Hazardous
2026-03-25 04:38:20 UTC,309,310,126.31,2340.04,35.2,54.6,Hazardous
2026-03-25 04:38:30 UTC,923,1046,97.33,2238.89,35.2,55.0,Hazardous
2026-03-25 04:38:40 UTC,668,760,81.61,2175.01,35.2,54.5,Hazardous
2026-03-25 04:38:50 UTC,418,465,64.82,2105.81,35.2,54.5,Hazardous
2026-03-25 04:39:00 UTC,313,336,68.75,2127.1,35.3,53.9,Hazardous
2026-03-25 04:39:10 UTC,285,297,62.86,2097.82,35.3,53.8,Hazardous
2026-03-25 04:39:20 UTC,279,282,61.84,2095.15,35.3,53.6,Hazardous
2026-03-25 04:39:30 UTC,257,259,62.62,2097.82,35.3,54.1,Hazardous
2026-03-25 04:39:40 UTC,266,267,61.43,2095.15,35.3,52.5,Hazardous
2026-03-25 04:39:50 UTC,269,271,66.08,2119.11,35.3,52.6,Hazardous
2026-03-25 04:40:00 UTC,277,278,61.55,2092.49,35.3,52.6,Hazardous
2026-03-25 04:40:10 UTC,277,277,65.01,2116.45,35.4,53.2,Hazardous
2026-03-25 04:40:20 UTC,281,281,59.29,2087.17,35.4,54.1,Hazardous
2026-03-25 04:40:30 UTC,276,276,66.08,2121.77,35.5,54.2,Hazardous
2026-03-25 04:40:40 UTC,277,278,60.72,2092.49,35.5,53.5,Hazardous
2026-03-25 04:40:50 UTC,280,283,66.98,2121.77,35.6,52.6,Hazardous
2026-03-25 04:41:00 UTC,273,277,60.84,2095.15,35.7,52.0,Hazardous
2026-03-25 04:41:10 UTC,275,278,61.31,2095.15,35.8,51.7,Hazardous
2026-03-25 04:41:20 UTC,273,276,62.02,2095.15,35.9,51.7,Hazardous
2026-03-25 04:41:30 UTC,274,278,59.57,2081.85,36.0,51.8,Hazardous
2026-03-25 04:41:40 UTC,280,281,61.02,2092.49,36.1,52.8,Hazardous
2026-03-25 04:41:50 UTC,276,277,62.44,2097.82,36.2,52.6,Hazardous
2026-03-25 04:42:00 UTC,276,278,65.45,2116.45,36.2,52.3,Hazardous
2026-03-25 04:42:10 UTC,280,280,61.31,2092.49,36.3,53.0,Hazardous
2026-03-25 04:42:20 UTC,277,278,65.77,2124.44,36.3,52.7,Hazardous
2026-03-25 04:42:30 UTC,276,278,62.14,2095.15,36.3,52.5,Hazardous
2026-03-25 04:42:40 UTC,276,277,65.14,2116.45,36.4,52.7,Hazardous
2026-03-25 04:42:50 UTC,278,280,59.06,2081.85,36.4,53.1,Hazardous
2026-03-25 04:43:00 UTC,280,280,61.02,2095.15,36.4,52.5,Hazardous
2026-03-25 04:43:10 UTC,282,284,61.02,2095.15,36.5,51.5,Hazardous
2026-03-25 04:43:20 UTC,278,282,60.84,2089.83,36.6,50.7,Hazardous
2026-03-25 04:43:30 UTC,277,279,66.4,2119.11,36.7,50.3,Hazardous
2026-03-25 04:43:40 UTC,277,280,61.02,2095.15,36.8,50.9,Hazardous
2026-03-25 04:43:50 UTC,284,289,66.08,2119.11,36.9,51.2,Hazardous
2026-03-25 04:44:00 UTC,283,286,60.55,2089.83,37.0,49.9,Hazardous
2026-03-25 04:44:10 UTC,281,283,65.14,2116.45,37.1,50.8,Hazardous
2026-03-25 04:44:20 UTC,283,285,59.46,2081.85,37.1,51.4,Hazardous
2026-03-25 04:44:30 UTC,285,288,66.08,2121.77,37.2,52.0,Hazardous
2026-03-25 04:44:40 UTC,287,289,61.02,2092.49,37.2,50.9,Hazardous
2026-03-25 04:44:50 UTC,293,296,59.29,2081.85,37.1,49.9,Hazardous
2026-03-25 04:45:00 UTC,290,291,66.72,2119.11,37.2,48.9,Hazardous
2026-03-25 04:45:10 UTC,293,294,60.72,2089.83,37.1,49.3,Hazardous
2026-03-25 04:45:20 UTC,288,288,66.08,2116.45,37.1,49.9,Hazardous
2026-03-25 04:45:30 UTC,286,286,59.29,2089.83,37.0,50.1,Hazardous
2026-03-25 04:45:40 UTC,285,285,64.39,2105.81,36.8,49.1,Hazardous
2026-03-25 04:45:50 UTC,283,284,60.72,2092.49,36.7,48.9,Hazardous
2026-03-25 04:46:00 UTC,268,270,64.51,2113.79,36.7,50.4,Hazardous
2026-03-25 04:46:10 UTC,256,258,60.84,2089.83,36.6,51.2,Hazardous
2026-03-25 04:46:20 UTC,251,252,60.84,2092.49,36.6,51.5,Hazardous
2026-03-25 04:46:30 UTC,261,263,64.82,2113.79,36.6,51.4,Hazardous
2026-03-25 04:46:40 UTC,271,273,59.74,2081.85,36.7,50.3,Hazardous
2026-03-25 04:46:50 UTC,273,275,62.62,2095.15,36.7,49.4,Hazardous
2026-03-25 04:47:00 UTC,277,280,61.02,2087.17,36.8,48.9,Hazardous
2026-03-25 04:47:10 UTC,277,281,67.5,2124.44,36.8,50.5,Hazardous
2026-03-25 04:47:20 UTC,273,277,62.74,2097.82,36.8,50.7,Hazardous
2026-03-25 04:47:30 UTC,275,279,66.4,2119.11,36.9,51.2,Hazardous
2026-03-25 04:47:40 UTC,279,282,59.57,2089.83,36.9,51.5,Hazardous
2026-03-25 04:47:50 UTC,276,278,65.01,2105.81,36.9,50.7,Hazardous
2026-03-25 04:48:00 UTC,278,279,61.13,2089.83,36.8,50.7,Hazardous
2026-03-25 04:48:10 UTC,272,272,58.89,2079.18,36.8,50.5,Hazardous
2026-03-25 04:48:20 UTC,276,277,60.84,2084.51,36.7,50.4,Hazardous
2026-03-25 04:48:30 UTC,271,271,61.13,2089.83,36.7,50.3,Hazardous
2026-03-25 04:48:40 UTC,275,275,66.72,2119.11,36.7,50.0,Hazardous
2026-03-25 04:48:50 UTC,272,274,60.84,2089.83,36.7,50.3,Hazardous
2026-03-25 04:49:00 UTC,270,272,66.08,2119.11,36.8,50.1,Hazardous
2026-03-25 04:49:10 UTC,267,270,60.84,2089.83,36.8,50.3,Hazardous
2026-03-25 04:49:20 UTC,270,272,63.96,2105.81,36.9,51.3,Hazardous
2026-03-25 04:49:30 UTC,266,267,60.72,2089.83,36.9,51.1,Hazardous
2026-03-25 04:49:40 UTC,265,266,65.45,2116.45,37.0,51.8,Hazardous
2026-03-25 04:49:50 UTC,266,266,60.72,2089.83,37.0,51.8,Hazardous
2026-03-25 04:50:00 UTC,262,264,60.32,2084.51,37.1,51.1,Hazardous
2026-03-25 04:50:10 UTC,265,267,65.89,2116.45,37.1,50.8,Hazardous
2026-03-25 04:50:20 UTC,263,265,61.13,2089.83,37.0,50.2,Hazardous
2026-03-25 04:50:30 UTC,262,265,63.65,2105.81,37.0,50.1,Hazardous
2026-03-25 04:50:40 UTC,263,264,58.89,2081.85,36.9,50.3,Hazardous
2026-03-25 04:50:50 UTC,264,265,65.14,2113.79,36.9,51.5,Hazardous
2026-03-25 04:51:00 UTC,267,268,60.15,2081.85,36.9,51.3,Hazardous
2026-03-25 04:51:10 UTC,269,269,65.58,2116.45,36.8,50.7,Hazardous
2026-03-25 04:51:20 UTC,270,272,60.43,2084.51,36.7,49.9,Hazardous
2026-03-25 04:51:30 UTC,273,274,60.72,2087.17,36.7,50.1,Hazardous
2026-03-25 04:51:40 UTC,272,273,65.77,2113.79,36.7,50.4,Hazardous
2026-03-25 04:51:50 UTC,273,274,60.84,2087.17,36.7,49.9,Hazardous
2026-03-25 04:52:00 UTC,272,273,66.53,2116.45,36.7,50.2,Hazardous
2026-03-25 04:52:10 UTC,273,274,60.15,2087.17,36.7,50.0,Hazardous
2026-03-25 04:52:20 UTC,277,278,66.4,2113.79,36.8,51.4,Hazardous
2026-03-25 04:52:30 UTC,279,280,61.02,2084.51,36.7,50.7,Hazardous
2026-03-25 04:52:40 UTC,274,276,65.77,2113.79,36.7,50.8,Hazardous
2026-03-25 04:52:50 UTC,273,275,59.46,2079.18,36.6,50.1,Hazardous
2026-03-25 04:53:00 UTC,271,273,59.86,2081.85,36.6,49.0,Hazardous
2026-03-25 04:53:10 UTC,272,275,59.74,2084.51,36.7,48.9,Hazardous
2026-03-25 04:53:20 UTC,278,279,60.43,2084.51,36.7,49.5,Hazardous
2026-03-25 04:53:30 UTC,274,274,60.43,2087.17,36.7,49.7,Hazardous
2026-03-25 04:53:40 UTC,279,279,60.43,2084.51,36.7,49.0,Hazardous
2026-03-25 04:53:50 UTC,280,282,65.77,2116.45,36.7,48.5,Hazardous
2026-03-25 04:54:00 UTC,284,285,59.86,2084.51,36.7,48.4,Hazardous
2026-03-25 04:54:10 UTC,286,286,66.21,2116.45,36.7,48.9,Hazardous
2026-03-25 04:54:20 UTC,285,286,59.86,2084.51,36.7,49.6,Hazardous
2026-03-25 04:54:30 UTC,286,288,66.21,2116.45,36.7,50.6,Hazardous
2026-03-25 04:54:40 UTC,288,288,60.32,2084.51,36.7,50.5,Hazardous
2026-03-25 04:54:50 UTC,288,288,60.32,2084.51,36.7,50.3,Hazardous
2026-03-25 04:55:00 UTC,283,286,61.13,2087.17,36.7,51.7,Hazardous
2026-03-25 04:55:10 UTC,288,290,60.43,2084.51,36.7,52.8,Hazardous
2026-03-25 04:55:20 UTC,286,288,66.4,2116.45,36.7,51.1,Hazardous
2026-03-25 04:55:30 UTC,284,286,60.84,2087.17,36.7,50.7,Hazardous
2026-03-25 04:55:40 UTC,280,282,66.21,2116.45,36.8,51.1,Hazardous
2026-03-25 04:55:50 UTC,284,285,61.13,2089.83,36.8,51.3,Hazardous
2026-03-25 04:56:00 UTC,286,286,64.51,2103.14,36.8,51.5,Hazardous
2026-03-25 04:56:10 UTC,285,285,61.13,2087.17,36.8,51.3,Hazardous
2026-03-25 04:56:20 UTC,281,282,65.58,2116.45,36.9,50.0,Hazardous
2026-03-25 04:56:30 UTC,285,286,59.74,2087.17,36.9,49.3,Hazardous
2026-03-25 04:56:40 UTC,285,286,59.86,2084.51,36.9,50.2,Hazardous
2026-03-25 04:56:50 UTC,285,288,65.01,2113.79,36.9,49.8,Hazardous
2026-03-25 04:57:00 UTC,281,282,61.13,2084.51,36.9,50.1,Hazardous
2026-03-25 04:57:10 UTC,282,282,64.82,2113.79,36.9,50.7,Hazardous
2026-03-25 04:57:20 UTC,288,290,59.29,2081.85,36.8,49.9,Hazardous
2026-03-25 04:57:30 UTC,285,288,65.45,2116.45,36.8,49.8,Hazardous
2026-03-25 04:57:40 UTC,286,290,57.67,2073.87,36.8,51.3,Hazardous
2026-03-25 04:57:50 UTC,284,286,65.58,2113.79,36.8,50.8,Hazardous
2026-03-25 04:58:00 UTC,287,289,59.29,2081.85,36.8,50.2,Hazardous
2026-03-25 04:58:10 UTC,287,288,57.56,2073.87,36.8,49.7,Hazardous
2026-03-25 04:58:20 UTC,286,287,59.57,2084.51,36.8,49.9,Hazardous
2026-03-25 04:58:30 UTC,289,289,59.06,2081.85,36.8,49.5,Hazardous
2026-03-25 04:58:40 UTC,286,286,58.22,2073.87,36.8,49.4,Hazardous
2026-03-25 04:58:50 UTC,285,285,59.74,2084.51,36.8,51.2,Hazardous
2026-03-25 04:59:00 UTC,282,282,64.51,2113.79,36.8,50.9,Hazardous
2026-03-25 04:59:10 UTC,285,286,59.29,2081.85,36.9,50.9,Hazardous
2026-03-25 04:59:20 UTC,284,284,64.2,2105.81,36.9,50.8,Hazardous
2026-03-25 04:59:30 UTC,283,284,59.46,2084.51,37.0,50.8,Hazardous
2026-03-25 04:59:40 UTC,280,282,63.47,2105.81,37.0,52.7,Hazardous
2026-03-25 04:59:50 UTC,279,282,57.67,2073.87,37.1,51.5,Hazardous
2026-03-25 05:00:00 UTC,279,281,57.56,2071.2,37.1,50.7,Hazardous
2026-03-25 05:00:10 UTC,277,277,59.29,2076.52,37.2,50.0,Hazardous
2026-03-25 05:00:20 UTC,278,279,58.89,2081.85,37.3,50.5,Hazardous
2026-03-25 05:00:30 UTC,278,279,65.14,2105.81,37.4,50.8,Hazardous
2026-03-25 05:00:40 UTC,281,282,59.57,2084.51,37.4,49.4,Hazardous
2026-03-25 05:00:50 UTC,283,284,63.96,2105.81,37.5,50.1,Hazardous
2026-03-25 05:01:00 UTC,282,285,59.06,2081.85,37.5,49.8,Hazardous
2026-03-25 05:01:10 UTC,279,281,64.08,2105.81,37.6,49.3,Hazardous
2026-03-25 05:01:20 UTC,279,281,58.78,2079.18,37.6,49.5,Hazardous
2026-03-25 05:01:30 UTC,277,279,63.47,2100.48,37.6,50.0,Hazardous
2026-03-25 05:01:40 UTC,276,278,58.89,2076.52,37.6,51.3,Hazardous
2026-03-25 05:01:50 UTC,272,274,58.22,2073.87,37.6,50.2,Hazardous
2026-03-25 05:02:00 UTC,274,277,63.96,2105.81,37.6,49.2,Hazardous
2026-03-25 05:02:10 UTC,274,275,58.89,2081.85,37.5,48.5,Hazardous
2026-03-25 05:02:20 UTC,271,273,63.65,2113.79,37.5,48.8,Hazardous
2026-03-25 05:02:30 UTC,277,278,58.61,2081.85,37.4,49.6,Hazardous
2026-03-25 05:02:40 UTC,274,274,63.47,2105.81,37.4,49.9,Hazardous
2026-03-25 05:02:50 UTC,280,280,58.89,2076.52,37.4,50.7,Hazardous
2026-03-25 05:03:00 UTC,268,269,63.65,2105.81,37.4,49.8,Hazardous
2026-03-25 05:03:10 UTC,262,262,59.06,2081.85,37.3,48.8,Hazardous
2026-03-25 05:03:20 UTC,254,256,63.96,2105.81,37.4,48.1,Hazardous
2026-03-25 05:03:30 UTC,253,254,58.89,2079.18,37.4,48.0,Hazardous
2026-03-25 05:03:40 UTC,245,246,59.29,2084.51,37.4,48.5,Hazardous
2026-03-25 05:03:50 UTC,245,245,59.18,2079.18,37.5,48.8,Hazardous
2026-03-25 05:04:00 UTC,243,244,57.12,2071.2,37.5,48.2,Hazardous
2026-03-25 05:04:10 UTC,244,245,62.74,2105.81,37.6,47.5,Hazardous
2026-03-25 05:04:20 UTC,246,246,58.61,2081.85,37.8,47.4,Hazardous
2026-03-25 05:04:30 UTC,245,247,65.01,2113.79,37.9,46.8,Hazardous
2026-03-25 05:04:40 UTC,253,253,60.15,2084.51,38.0,46.8,Hazardous
2026-03-25 05:04:50 UTC,249,250,65.01,2105.81,38.1,46.5,Hazardous
2026-03-25 05:05:00 UTC,250,251,60.43,2084.51,38.1,46.4,Hazardous
2026-03-25 05:05:10 UTC,249,251,65.01,2105.81,38.2,46.3,Hazardous
2026-03-25 05:05:20 UTC,250,251,59.29,2079.18,38.3,46.8,Hazardous
2026-03-25 05:05:30 UTC,246,247,59.74,2081.85,38.3,47.2,Hazardous
2026-03-25 05:05:40 UTC,253,254,63.47,2097.82,38.4,46.8,Hazardous
2026-03-25 05:05:50 UTC,247,247,61.13,2087.17,38.4,47.1,Hazardous
2026-03-25 05:06:00 UTC,249,250,63.34,2105.81,38.4,48.0,Hazardous
2026-03-25 05:06:10 UTC,248,249,59.74,2081.85,38.3,48.3,Hazardous
2026-03-25 05:06:20 UTC,251,253,65.77,2113.79,38.2,48.2,Hazardous
2026-03-25 05:06:30 UTC,250,251,60.55,2084.51,38.2,48.0,Hazardous
2026-03-25 05:06:40 UTC,253,253,65.32,2113.79,38.3,47.3,Hazardous
2026-03-25 05:06:50 UTC,251,251,59.29,2079.18,38.3,46.4,Hazardous
2026-03-25 05:07:00 UTC,250,250,66.08,2113.79,38.4,46.6,Hazardous
2026-03-25 05:07:10 UTC,251,252,64.82,2105.81,38.4,47.2,Hazardous
2026-03-25 05:07:20 UTC,254,256,60.43,2084.51,38.4,47.5,Hazardous
2026-03-25 05:07:30 UTC,256,257,64.7,2105.81,38.5,49.8,Hazardous
2026-03-25 05:07:40 UTC,257,258,60.72,2087.17,38.5,50.9,Hazardous
2026-03-25 05:07:50 UTC,257,259,66.08,2116.45,38.5,49.0,Hazardous
2026-03-25 05:08:00 UTC,255,258,59.74,2081.85,38.6,47.3,Hazardous
2026-03-25 05:08:10 UTC,255,256,65.77,2116.45,38.6,46.5,Hazardous
2026-03-25 05:08:20 UTC,255,255,61.43,2084.51,38.7,46.3,Hazardous
2026-03-25 05:08:30 UTC,252,254,64.51,2100.48,38.7,46.0,Hazardous
2026-03-25 05:08:40 UTC,250,252,60.55,2081.85,38.8,46.0,Hazardous
2026-03-25 05:08:50 UTC,256,256,60.32,2081.85,38.8,47.7,Hazardous
2026-03-25 05:09:00 UTC,254,255,61.02,2079.18,38.9,47.1,Hazardous
2026-03-25 05:09:10 UTC,251,252,61.13,2081.85,38.9,47.1,Hazardous
2026-03-25 05:09:20 UTC,253,255,65.58,2113.79,38.9,47.6,Hazardous
2026-03-25 05:09:30 UTC,251,251,60.72,2084.51,38.9,47.0,Hazardous
2026-03-25 05:09:40 UTC,250,251,64.82,2113.79,38.9,46.9,Hazardous
2026-03-25 05:09:50 UTC,254,254,58.05,2071.2,38.9,45.9,Hazardous
2026-03-25 05:10:00 UTC,252,252,63.47,2097.82,38.9,45.1,Hazardous
2026-03-25 05:10:10 UTC,254,254,57.56,2065.88,38.9,45.4,Hazardous
2026-03-25 05:10:20 UTC,254,255,63.65,2103.14,38.9,45.3,Hazardous
2026-03-25 05:10:30 UTC,251,252,57.01,2065.88,38.8,46.1,Hazardous
2026-03-25 05:10:40 UTC,253,254,60.72,2084.51,38.8,46.5,Hazardous
2026-03-25 05:10:50 UTC,252,252,65.45,2105.81,38.8,47.8,Hazardous
2026-03-25 05:11:00 UTC,254,258,60.15,2081.85,38.8,47.7,Hazardous
2026-03-25 05:11:10 UTC,256,258,65.58,2105.81,38.7,48.1,Hazardous
2026-03-25 05:11:20 UTC,257,258,60.43,2079.18,38.7,47.5,Hazardous
2026-03-25 05:11:30 UTC,259,260,63.65,2100.48,38.7,46.2,Hazardous
2026-03-25 05:11:40 UTC,256,258,59.29,2073.87,38.7,46.0,Hazardous
2026-03-25 05:11:50 UTC,260,263,65.58,2105.81,38.6,46.6,Hazardous
2026-03-25 05:12:00 UTC,259,262,59.18,2076.52,38.6,47.4,Hazardous
2026-03-25 05:12:10 UTC,258,260,58.89,2079.18,38.6,46.9,Hazardous
2026-03-25 05:12:20 UTC,253,255,65.01,2105.81,38.5,46.1,Hazardous
2026-03-25 05:12:30 UTC,254,256,59.18,2079.18,38.5,46.5,Hazardous
2026-03-25 05:12:40 UTC,253,254,65.14,2113.79,38.5,47.5,Hazardous
2026-03-25 05:12:50 UTC,259,259,58.61,2073.87,38.5,47.4,Hazardous
2026-03-25 05:13:00 UTC,257,259,63.47,2095.15,38.5,47.6,Hazardous
2026-03-25 05:13:10 UTC,258,261,57.39,2071.2,38.5,48.8,Hazardous
2026-03-25 05:13:20 UTC,256,259,65.58,2113.79,38.4,48.1,Hazardous
2026-03-25 05:13:30 UTC,257,259,59.06,2081.85,38.4,47.4,Hazardous
2026-03-25 05:13:40 UTC,257,260,64.82,2105.81,38.4,48.6,Hazardous
2026-03-25 05:13:50 UTC,255,258,64.82,2105.81,38.3,48.2,Hazardous
2026-03-25 05:14:00 UTC,262,264,59.29,2076.52,38.2,47.6,Hazardous
2026-03-25 05:14:10 UTC,258,260,59.57,2076.52,38.2,48.4,Hazardous
2026-03-25 05:14:20 UTC,259,261,59.29,2076.52,38.2,48.7,Hazardous
2026-03-25 05:14:30 UTC,258,259,65.77,2105.81,38.3,48.3,Hazardous
2026-03-25 05:14:40 UTC,257,258,58.89,2076.52,38.3,47.5,Hazardous
2026-03-25 05:14:50 UTC,257,259,64.39,2105.81,38.3,47.0,Hazardous
2026-03-25 05:15:00 UTC,258,260,58.89,2076.52,38.4,47.3,Hazardous
2026-03-25 05:15:10 UTC,256,259,65.14,2105.81,38.4,48.2,Hazardous
2026-03-25 05:15:20 UTC,257,259,57.12,2071.2,38.5,48.7,Hazardous
2026-03-25 05:15:30 UTC,257,259,63.65,2097.82,38.5,48.5,Hazardous
2026-03-25 05:15:40 UTC,258,260,59.57,2081.85,38.6,48.8,Hazardous
2026-03-25 05:15:50 UTC,260,263,59.57,2079.18,38.6,49.8,Hazardous
2026-03-25 05:16:00 UTC,258,261,65.14,2105.81,38.7,49.7,Hazardous
2026-03-25 05:16:10 UTC,257,259,60.15,2081.85,38.6,48.5,Hazardous
2026-03-25 05:16:20 UTC,255,257,65.58,2116.45,38.5,47.9,Hazardous
2026-03-25 05:16:30 UTC,254,250,36.3,2086.64,32.68,52.92,Hazardous
2026-03-25 05:16:40 UTC,255,253,58.04,2073.6,35.58,53.02,Hazardous
2026-03-25 05:16:50 UTC,256,261,35.79,2059.75,37.82,47.26,Hazardous
2026-03-25 05:17:00 UTC,250,252,35.51,2042.18,32.01,54.23,Hazardous
2026-03-25 05:17:10 UTC,270,275,35.52,2072.27,33.72,49.75,Hazardous
2026-03-25 05:17:20 UTC,288,318,35.36,2067.48,34.16,52.09,Hazardous
2026-03-25 05:17:30 UTC,284,278,61.78,2100.22,35.39,54.1,Hazardous
2026-03-25 05:17:40 UTC,267,277,35.08,2052.04,31.3,57.58,Hazardous
2026-03-25 05:17:50 UTC,252,263,61.07,2086.64,38.35,50.64,Hazardous
2026-03-25 05:18:00 UTC,248,253,64.86,2107.4,38.97,46.94,Hazardous
2026-03-25 05:18:10 UTC,286,313,40.23,2103.94,33.62,53.26,Hazardous
2026-03-25 05:18:20 UTC,252,248,53.03,2050.17,35.02,56.36,Hazardous
2026-03-25 05:18:30 UTC,273,272,60.09,2087.7,36.83,50.16,Hazardous
2026-03-25 05:18:40 UTC,256,260,51.71,2039.53,35.67,52.49,Hazardous
2026-03-25 05:18:50 UTC,250,249,42.63,2090.1,39.87,41.1,Hazardous
2026-03-25 05:19:00 UTC,261,280,34.97,2053.9,31.29,55.59,Hazardous
2026-03-25 05:19:10 UTC,218,223,33.77,2042.98,29.86,58.38,Hazardous
2026-03-25 05:19:20 UTC,273,289,36.41,2051.77,33.34,54.55,Hazardous
2026-03-25 05:19:30 UTC,268,276,36.15,2059.75,36.54,46.51,Hazardous
2026-03-25 05:19:40 UTC,288,283,66.81,2108.46,36.73,51.07,Hazardous
2026-03-25 05:19:50 UTC,259,258,38.65,2080.51,38.38,42.24,Hazardous
2026-03-25 05:20:00 UTC,220,222,32.92,2056.56,29.12,62.48,Hazardous
2026-03-25 05:20:10 UTC,259,269,34.38,2073.87,31.73,57.18,Hazardous
2026-03-25 05:20:20 UTC,250,251,65.93,2125.77,38.49,46.82,Hazardous
2026-03-25 05:20:30 UTC,280,303,39.86,2077.59,34.08,52.34,Hazardous
2026-03-25 05:20:40 UTC,222,216,38.52,2060.55,30.29,57.58,Hazardous
2026-03-25 05:20:50 UTC,254,249,38.45,2067.74,39.01,41.29,Hazardous
2026-03-25 05:21:00 UTC,248,246,35.09,2049.37,32.05,56.29,Hazardous
2026-03-25 05:21:10 UTC,263,274,36.11,2052.3,36.04,47.52,Hazardous
2026-03-25 05:21:20 UTC,230,245,35.31,2045.12,30.61,59.69,Hazardous
2026-03-25 05:21:30 UTC,257,258,59.57,2060.55,34.42,56.52,Hazardous
2026-03-25 05:21:40 UTC,246,256,38.14,2072.8,31.52,54.59,Hazardous
2026-03-25 05:21:50 UTC,259,265,36.47,2053.63,36.2,47.22,Hazardous
2026-03-25 05:22:00 UTC,253,255,36.62,2073.6,32.6,52.98,Hazardous
2026-03-25 05:22:10 UTC,246,250,34.41,2056.83,32.0,55.46,Hazardous
2026-03-25 05:22:20 UTC,231,232,41.12,2091.43,33.91,50.97,Hazardous
2026-03-25 05:22:30 UTC,215,216,34.58,2057.63,33.13,53.32,Hazardous
2026-03-25 05:22:40 UTC,252,248,40.43,2078.12,40.13,39.97,Hazardous
2026-03-25 05:22:50 UTC,248,251,60.67,2088.5,38.04,46.09,Hazardous
2026-03-25 05:23:00 UTC,258,258,36.99,2076.79,39.16,40.57,Hazardous
2026-03-25 05:23:10 UTC,271,275,59.23,2065.08,37.7,51.75,Hazardous
2026-03-25 05:23:20 UTC,227,225,34.97,2050.97,29.77,62.79,Hazardous
2026-03-25 05:23:30 UTC,244,246,35.14,2056.56,31.87,53.36,Hazardous
2026-03-25 05:23:40 UTC,218,224,32.42,2041.39,29.94,58.87,Hazardous
2026-03-25 05:23:50 UTC,160,161,36.1,2074.92,33.25,53.76,Hazardous
2026-03-25 05:24:00 UTC,256,258,59.65,2087.7,38.69,46.36,Hazardous
2026-03-25 05:24:10 UTC,283,278,65.34,2116.71,36.97,50.21,Hazardous
2026-03-25 05:24:20 UTC,252,252,42.29,2090.63,39.24,41.66,Hazardous
2026-03-25 05:24:30 UTC,246,250,39.08,2071.73,32.45,55.01,Hazardous
2026-03-25 05:24:40 UTC,281,282,61.03,2078.92,36.84,51.35,Hazardous
2026-03-25 05:24:50 UTC,254,253,65.03,2114.05,38.43,48.31,Hazardous
2026-03-25 05:25:00 UTC,130,135,38.61,2077.86,33.59,53.2,Hazardous
2026-03-25 05:25:10 UTC,267,264,35.43,2058.42,33.46,50.91,Hazardous
2026-03-25 05:25:20 UTC,254,250,38.01,2085.57,32.51,54.99,Hazardous
2026-03-25 05:25:30 UTC,239,244,40.73,2090.36,39.97,39.05,Hazardous
2026-03-25 05:25:40 UTC,223,227,38.7,2086.1,30.08,60.12,Hazardous
2026-03-25 05:25:50 UTC,258,337,38.29,2102.87,33.04,52.68,Hazardous
2026-03-25 05:26:00 UTC,280,283,67.6,2125.24,36.83,50.58,Hazardous
2026-03-25 05:26:10 UTC,254,248,61.13,2100.48,36.46,51.66,Hazardous
2026-03-25 05:26:20 UTC,246,241,34.91,2060.55,31.98,55.14,Hazardous
2026-03-25 05:26:30 UTC,254,251,54.15,2049.37,35.43,52.61,Hazardous
2026-03-25 05:26:40 UTC,253,256,44.54,2120.18,38.33,43.86,Hazardous
2026-03-25 05:26:50 UTC,229,228,35.53,2045.38,30.63,57.14,Hazardous
2026-03-25 05:27:00 UTC,255,281,38.95,2093.03,31.14,56.76,Hazardous
2026-03-25 05:27:10 UTC,236,238,35.11,2050.97,31.79,54.61,Hazardous
2026-03-25 05:27:20 UTC,266,273,36.02,2046.71,35.84,48.32,Hazardous
2026-03-25 05:27:30 UTC,249,246,36.99,2071.73,39.74,41.9,Hazardous
2026-03-25 05:27:40 UTC,280,279,64.62,2115.39,36.85,50.68,Hazardous
2026-03-25 05:27:50 UTC,247,257,35.21,2034.2,39.23,42.26,Hazardous
2026-03-25 05:28:00 UTC,255,282,38.29,2091.96,31.71,57.68,Hazardous
2026-03-25 05:28:10 UTC,277,322,35.47,2048.57,31.14,56.47,Hazardous
2026-03-25 05:28:20 UTC,149,157,38.63,2080.25,33.1,50.47,Hazardous
2026-03-25 05:28:30 UTC,223,234,36.47,2052.04,30.34,58.03,Hazardous
2026-03-25 05:28:40 UTC,274,274,60.24,2088.77,36.74,49.08,Hazardous
2026-03-25 05:28:50 UTC,264,267,54.67,2044.58,35.81,53.16,Hazardous
2026-03-25 05:29:00 UTC,282,280,61.18,2104.74,36.2,52.82,Hazardous
2026-03-25 05:29:10 UTC,281,290,58.17,2076.26,36.99,48.99,Hazardous
2026-03-25 05:29:20 UTC,275,285,40.9,2096.49,33.87,50.33,Hazardous
2026-03-25 05:29:30 UTC,208,209,34.32,2062.42,33.05,53.45,Hazardous
2026-03-25 05:29:40 UTC,256,256,65.32,2120.44,39.04,47.22,Hazardous
2026-03-25 05:29:50 UTC,390,504,36.24,2056.56,34.29,51.77,Hazardous
2026-03-25 05:30:00 UTC,226,229,36.68,2068.8,29.46,62.46,Hazardous
2026-03-25 05:30:10 UTC,224,226,39.11,2090.63,29.99,59.79,Hazardous
2026-03-25 05:30:20 UTC,255,257,34.97,2055.76,31.58,54.09,Hazardous
2026-03-25 05:30:30 UTC,241,259,37.48,2083.71,31.53,56.32,Hazardous
2026-03-25 05:30:40 UTC,256,255,54.66,2042.45,35.68,54.18,Hazardous
2026-03-25 05:30:50 UTC,277,279,61.24,2095.15,35.37,53.48,Hazardous
2026-03-25 05:31:00 UTC,216,227,37.61,2090.36,30.0,58.5,Hazardous
2026-03-25 05:31:10 UTC,255,262,42.69,2102.34,38.04,43.24,Hazardous
2026-03-25 05:31:20 UTC,274,278,59.77,2073.6,36.63,49.67,Hazardous
2026-03-25 05:31:30 UTC,271,289,40.61,2077.59,34.91,50.2,Hazardous
2026-03-25 05:31:40 UTC,243,247,35.04,2053.63,32.32,55.68,Hazardous
2026-03-25 05:31:50 UTC,257,255,58.93,2076.26,35.93,52.31,Hazardous
2026-03-25 05:32:00 UTC,284,281,66.34,2113.52,35.69,52.63,Hazardous
2026-03-25 05:32:10 UTC,229,227,32.96,2061.09,29.62,62.87,Hazardous
2026-03-25 05:32:20 UTC,254,255,57.31,2064.28,38.77,45.02,Hazardous
2026-03-25 05:32:30 UTC,256,259,65.84,2122.3,38.47,49.28,Hazardous
2026-03-25 05:32:40 UTC,253,265,33.39,2038.19,31.89,57.21,Hazardous
2026-03-25 05:32:50 UTC,263,270,52.54,2036.86,34.94,52.89,Hazardous
2026-03-25 05:33:00 UTC,252,251,35.32,2067.21,32.45,54.44,Hazardous
2026-03-25 05:33:10 UTC,258,254,53.52,2044.32,36.07,51.99,Hazardous
2026-03-25 05:33:20 UTC,263,267,35.41,2039.26,33.41,51.04,Hazardous
2026-03-25 05:33:30 UTC,280,286,62.05,2095.15,35.2,53.55,Hazardous
2026-03-25 05:33:40 UTC,257,259,65.34,2100.22,38.24,48.69,Hazardous
2026-03-25 05:33:50 UTC,215,224,33.46,2069.07,29.42,62.59,Hazardous
2026-03-25 05:34:00 UTC,220,228,38.56,2093.03,29.82,62.27,Hazardous
2026-03-25 05:34:10 UTC,221,223,35.47,2052.3,30.09,59.07,Hazardous
2026-03-25 05:34:20 UTC,216,217,35.75,2031.54,30.04,58.25,Hazardous
2026-03-25 05:34:30 UTC,226,233,38.09,2088.77,29.54,64.01,Hazardous
2026-03-25 05:34:40 UTC,280,287,36.44,2063.48,35.54,50.03,Hazardous
2026-03-25 05:34:50 UTC,237,246,39.04,2080.51,32.37,55.83,Hazardous
2026-03-25 05:35:00 UTC,248,248,35.41,2063.74,32.26,54.01,Hazardous
2026-03-25 05:35:10 UTC,245,252,34.96,2042.45,32.25,55.9,Hazardous
2026-03-25 05:35:20 UTC,256,253,64.01,2111.92,37.51,47.88,Hazardous
2026-03-25 05:35:30 UTC,299,329,36.11,2049.64,34.07,51.28,Hazardous
2026-03-25 05:35:40 UTC,240,248,39.99,2082.11,33.95,53.74,Hazardous
2026-03-25 05:35:50 UTC,225,226,34.43,2064.01,29.35,63.05,Hazardous
2026-03-25 05:36:00 UTC,245,247,56.31,2053.9,35.28,56.79,Hazardous
2026-03-25 05:36:10 UTC,290,293,57.49,2063.22,36.95,49.9,Hazardous
2026-03-25 05:36:20 UTC,222,223,34.9,2066.41,30.68,57.91,Hazardous
2026-03-25 05:36:30 UTC,215,223,37.5,2082.11,29.49,63.23,Hazardous
2026-03-25 05:36:40 UTC,251,257,43.47,2111.66,38.07,42.82,Hazardous
2026-03-25 05:36:50 UTC,249,246,42.48,2101.28,39.77,40.57,Hazardous
2026-03-25 05:37:00 UTC,252,254,62.89,2112.19,38.25,48.19,Hazardous
2026-03-25 05:37:10 UTC,918,1047,97.09,2251.67,35.33,54.77,Hazardous
2026-03-25 05:37:20 UTC,288,283,57.38,2080.51,36.64,49.49,Hazardous
2026-03-25 05:37:30 UTC,277,291,36.45,2070.93,35.52,49.42,Hazardous
2026-03-25 05:37:40 UTC,245,246,36.84,2075.99,39.63,42.54,Hazardous
2026-03-25 05:37:50 UTC,284,289,65.58,2128.43,36.84,49.22,Hazardous
2026-03-25 05:38:00 UTC,257,264,65.71,2123.37,38.55,47.95,Hazardous
2026-03-25 05:38:10 UTC,245,255,40.69,2105.27,31.04,57.25,Hazardous
2026-03-25 05:38:20 UTC,247,252,35.0,2055.23,31.81,54.48,Hazardous
2026-03-25 05:38:30 UTC,229,236,36.27,2066.41,30.56,59.32,Hazardous
2026-03-25 05:38:40 UTC,264,267,51.93,2034.47,34.81,54.33,Hazardous
2026-03-25 05:38:50 UTC,273,272,36.16,2052.83,35.76,47.42,Hazardous
2026-03-25 05:39:00 UTC,227,226,35.32,2082.11,30.04,60.02,Hazardous
2026-03-25 05:39:10 UTC,268,286,38.44,2081.85,33.72,50.56,Hazardous
2026-03-25 05:39:20 UTC,313,367,41.02,2104.74,34.94,50.61,Hazardous
2026-03-25 05:39:30 UTC,218,223,41.98,2094.63,30.19,58.3,Hazardous
2026-03-25 05:39:40 UTC,277,279,61.0,2076.79,36.86,48.96,Hazardous
2026-03-25 05:39:50 UTC,669,762,82.24,2178.2,35.4,54.52,Hazardous
2026-03-25 05:40:00 UTC,244,248,41.64,2092.49,39.63,40.27,Hazardous
2026-03-25 05:40:10 UTC,233,241,36.33,2049.64,33.91,51.95,Hazardous
2026-03-25 05:40:20 UTC,271,276,60.84,2100.48,36.76,49.98,Hazardous
2026-03-25 05:40:30 UTC,254,253,54.13,2047.77,35.93,53.73,Hazardous
2026-03-25 05:40:40 UTC,208,208,32.91,2073.33,29.0,61.85,Hazardous
2026-03-25 05:40:50 UTC,250,250,42.21,2099.15,39.89,41.1,Hazardous
2026-03-25 05:41:00 UTC,254,250,60.84,2077.86,35.4,54.77,Hazardous
2026-03-25 05:41:10 UTC,229,227,35.73,2051.77,30.19,59.21,Hazardous
2026-03-25 05:41:20 UTC,245,245,61.09,2099.68,38.3,46.63,Hazardous
2026-03-25 05:41:30 UTC,241,251,35.87,2053.63,31.6,54.81,Hazardous
2026-03-25 05:41:40 UTC,261,258,38.22,2074.39,38.43,42.58,Hazardous
2026-03-25 05:41:50 UTC,270,281,61.83,2097.02,35.72,51.41,Hazardous
2026-03-25 05:42:00 UTC,222,229,33.77,2043.52,29.48,63.09,Hazardous
2026-03-25 05:42:10 UTC,127,125,32.14,2051.77,33.58,52.21,Hazardous
2026-03-25 05:42:20 UTC,256,267,38.18,2087.7,31.82,58.12,Hazardous
2026-03-25 05:42:30 UTC,262,260,50.49,2040.32,34.96,54.36,Hazardous
2026-03-25 05:42:40 UTC,255,266,37.92,2088.77,31.84,57.76,Hazardous
2026-03-25 05:42:50 UTC,261,273,40.98,2107.4,33.48,51.26,Hazardous
2026-03-25 05:43:00 UTC,217,221,38.73,2057.09,30.24,60.24,Hazardous
2026-03-25 05:43:10 UTC,228,229,36.42,2098.35,29.29,63.4,Hazardous
2026-03-25 05:43:20 UTC,285,290,58.81,2074.13,36.95,49.52,Hazardous
2026-03-25 05:43:30 UTC,245,253,41.45,2096.22,39.61,39.63,Hazardous
2026-03-25 05:43:40 UTC,255,259,54.15,2045.38,34.85,58.76,Hazardous
2026-03-25 05:43:50 UTC,280,273,65.02,2124.17,36.13,52.52,Hazardous
2026-03-25 05:44:00 UTC,252,257,41.8,2105.27,39.05,42.5,Hazardous
2026-03-25 05:44:10 UTC,219,230,33.52,2040.32,29.96,60.17,Hazardous
2026-03-25 05:44:20 UTC,212,213,43.62,2092.49,29.58,62.54,Hazardous
2026-03-25 05:44:30 UTC,246,245,34.53,2048.57,39.79,41.3,Hazardous
2026-03-25 05:44:40 UTC,249,251,35.17,2056.56,32.25,55.47,Hazardous
2026-03-25 05:44:50 UTC,200,205,39.21,2053.9,39.53,40.45,Hazardous
2026-03-25 05:45:00 UTC,221,226,34.41,2052.83,29.38,62.57,Hazardous
2026-03-25 05:45:10 UTC,193,197,35.14,2070.67,33.07,54.57,Hazardous
2026-03-25 05:45:20 UTC,239,247,38.89,2074.13,40.58,40.24,Hazardous
2026-03-25 05:45:30 UTC,242,248,34.1,2053.9,40.11,39.04,Hazardous
2026-03-25 05:45:40 UTC,246,252,40.73,2094.09,40.08,40.64,Hazardous
2026-03-25 05:45:50 UTC,271,274,34.84,2063.22,33.72,50.68,Hazardous
2026-03-25 05:46:00 UTC,228,239,35.35,2064.54,30.4,58.54,Hazardous
2026-03-25 05:46:10 UTC,249,249,41.7,2102.34,39.61,41.12,Hazardous
2026-03-25 05:46:20 UTC,274,299,40.69,2093.03,31.09,58.94,Hazardous
2026-03-25 05:46:30 UTC,215,222,36.2,2048.31,29.32,61.84,Hazardous
2026-03-25 05:46:40 UTC,222,226,36.96,2057.36,30.04,58.46,Hazardous
2026-03-25 05:46:50 UTC,257,249,60.92,2072.8,35.46,55.38,Hazardous
2026-03-25 05:47:00 UTC,249,249,54.05,2053.1,35.6,52.84,Hazardous
2026-03-25 05:47:10 UTC,243,243,39.0,2082.91,40.32,40.59,Hazardous
2026-03-25 05:47:20 UTC,229,221,38.64,2088.24,30.01,60.4,Hazardous
2026-03-25 05:47:30 UTC,227,228,37.44,2080.51,29.48,63.26,Hazardous
2026-03-25 05:47:40 UTC,290,287,58.38,2069.07,36.86,49.08,Hazardous
2026-03-25 05:47:50 UTC,282,289,65.7,2112.46,37.03,51.84,Hazardous
2026-03-25 05:48:00 UTC,266,268,50.54,2031.01,35.24,53.03,Hazardous
2026-03-25 05:48:10 UTC,220,223,37.15,2051.24,30.06,58.01,Hazardous
2026-03-25 05:48:20 UTC,229,228,40.76,2098.08,30.32,56.87,Hazardous
2026-03-25 05:48:30 UTC,264,271,51.84,2041.39,34.8,53.85,Hazardous
2026-03-25 05:48:40 UTC,263,272,61.34,2100.48,35.17,52.15,Hazardous
2026-03-25 05:48:50 UTC,243,243,32.66,2053.36,32.57,54.17,Hazardous
2026-03-25 05:49:00 UTC,253,253,59.45,2067.48,38.15,46.73,Hazardous
2026-03-25 05:49:10 UTC,254,259,55.2,2064.54,34.91,55.85,Hazardous
2026-03-25 05:49:20 UTC,248,244,34.57,2045.12,32.61,54.16,Hazardous
2026-03-25 05:49:30 UTC,244,247,61.12,2084.51,38.27,46.61,Hazardous
2026-03-25 05:49:40 UTC,240,236,38.6,2081.85,31.73,54.13,Hazardous
2026-03-25 05:49:50 UTC,247,251,37.25,2058.69,39.84,41.4,Hazardous
2026-03-25 05:50:00 UTC,253,251,32.72,2053.36,32.41,53.98,Hazardous
2026-03-25 05:50:10 UTC,275,306,35.13,2057.89,31.48,54.07,Hazardous
2026-03-25 05:50:20 UTC,266,269,64.13,2097.28,36.73,51.16,Hazardous
2026-03-25 05:50:30 UTC,244,254,36.73,2068.8,39.94,41.94,Hazardous
2026-03-25 05:50:40 UTC,232,241,34.97,2071.73,32.91,53.64,Hazardous
2026-03-25 05:50:50 UTC,253,248,36.65,2083.71,32.67,54.37,Hazardous
2026-03-25 05:51:00 UTC,259,264,33.54,2035.8,31.51,57.28,Hazardous
2026-03-25 05:51:10 UTC,248,249,36.77,2057.36,40.04,40.75,Hazardous
2026-03-25 05:51:20 UTC,237,250,35.69,2041.39,39.8,39.94,Hazardous
2026-03-25 05:51:30 UTC,253,251,63.99,2109.8,39.1,44.85,Hazardous
2026-03-25 05:51:40 UTC,242,245,34.43,2037.13,31.98,54.33,Hazardous
2026-03-25 05:51:50 UTC,260,255,59.05,2070.13,38.43,47.23,Hazardous
2026-03-25 05:52:00 UTC,219,227,36.83,2053.1,30.33,58.42,Hazardous
2026-03-25 05:52:10 UTC,282,285,58.62,2064.28,37.42,50.58,Hazardous
2026-03-25 05:52:20 UTC,284,287,58.65,2094.36,37.6,49.66,Hazardous
2026-03-25 05:52:30 UTC,244,250,35.09,2050.71,31.92,54.05,Hazardous
2026-03-25 05:52:40 UTC,266,260,64.72,2113.79,36.76,51.54,Hazardous
2026-03-25 05:52:50 UTC,260,262,64.2,2113.79,38.68,49.37,Hazardous
2026-03-25 05:53:00 UTC,312,341,38.41,2081.05,34.48,51.98,Hazardous
2026-03-25 05:53:10 UTC,234,236,35.33,2036.86,40.56,39.24,Hazardous
2026-03-25 05:53:20 UTC,262,267,38.96,2080.25,33.59,50.33,Hazardous
2026-03-25 05:53:30 UTC,260,263,36.19,2057.63,33.91,53.26,Hazardous
2026-03-25 05:53:40 UTC,219,221,34.87,2055.23,30.32,58.39,Hazardous
2026-03-25 05:53:50 UTC,280,283,61.44,2098.88,36.44,52.73,Hazardous
2026-03-25 05:54:00 UTC,227,236,35.2,2049.91,30.6,57.64,Hazardous
2026-03-25 05:54:10 UTC,260,256,56.97,2064.54,34.76,54.02,Hazardous
2026-03-25 05:54:20 UTC,233,238,40.08,2081.58,30.97,57.97,Hazardous
2026-03-25 05:54:30 UTC,263,281,38.85,2106.07,31.39,58.38,Hazardous
2026-03-25 05:54:40 UTC,414,462,64.22,2118.85,35.14,54.88,Hazardous
2026-03-25 05:54:50 UTC,249,247,59.86,2083.71,38.23,47.98,Hazardous
2026-03-25 05:55:00 UTC,286,285,64.59,2090.1,36.93,51.53,Hazardous
2026-03-25 05:55:10 UTC,251,249,41.0,2096.49,39.26,43.34,Hazardous
2026-03-25 05:55:20 UTC,248,261,36.1,2053.9,31.8,53.93,Hazardous
2026-03-25 05:55:30 UTC,253,255,59.67,2083.71,38.3,48.56,Hazardous
2026-03-25 05:55:40 UTC,251,244,35.24,2063.48,32.54,54.44,Hazardous
2026-03-25 05:55:50 UTC,245,245,58.3,2074.39,35.68,52.99,Hazardous
2026-03-25 05:56:00 UTC,251,259,60.31,2069.33,35.7,53.05,Hazardous
2026-03-25 05:56:10 UTC,252,254,35.35,2056.03,32.01,55.99,Hazardous
2026-03-25 05:56:20 UTC,244,242,35.03,2063.48,31.96,56.39,Hazardous
2026-03-25 05:56:30 UTC,251,254,59.32,2062.95,35.56,52.38,Hazardous
2026-03-25 05:56:40 UTC,267,270,64.82,2107.67,36.63,50.82,Hazardous
2026-03-25 05:56:50 UTC,221,228,37.2,2062.15,30.3,58.88,Hazardous
2026-03-25 05:57:00 UTC,259,281,39.21,2095.69,31.25,56.77,Hazardous
2026-03-25 05:57:10 UTC,242,237,35.3,2043.25,40.27,39.19,Hazardous
2026-03-25 05:57:20 UTC,190,194,37.23,2077.32,33.24,54.1,Hazardous
2026-03-25 05:57:30 UTC,248,243,61.2,2094.63,38.33,47.52,Hazardous
2026-03-25 05:57:40 UTC,235,237,38.19,2087.7,31.76,55.93,Hazardous
2026-03-25 05:57:50 UTC,268,293,35.41,2055.5,31.87,54.67,Hazardous
2026-03-25 05:58:00 UTC,251,257,62.92,2099.15,38.25,46.37,Hazardous
2026-03-25 05:58:10 UTC,251,249,42.1,2096.49,40.08,40.98,Hazardous
2026-03-25 05:58:20 UTC,276,277,63.72,2112.19,36.85,52.44,Hazardous
2026-03-25 05:58:30 UTC,254,263,43.99,2110.06,38.39,41.8,Hazardous
2026-03-25 05:58:40 UTC,227,230,36.33,2050.71,30.33,58.15,Hazardous
2026-03-25 05:58:50 UTC,261,295,34.97,2056.3,31.33,55.55,Hazardous
2026-03-25 05:59:00 UTC,117,116,36.59,2077.86,33.29,50.12,Hazardous
2026-03-25 05:59:10 UTC,269,271,67.11,2103.94,36.6,50.69,Hazardous
2026-03-25 05:59:20 UTC,222,228,38.45,2062.95,29.92,60.45,Hazardous
2026-03-25 05:59:30 UTC,258,263,35.44,2054.7,31.25,55.77,Hazardous
2026-03-25 05:59:40 UTC,227,226,33.03,2065.61,29.98,62.27,Hazardous
2026-03-25 05:59:50 UTC,248,249,41.44,2087.7,40.06,39.16,Hazardous
2026-03-25 06:00:00 UTC,200,234,34.56,2047.24,33.3,51.11,Hazardous
2026-03-25 06:00:10 UTC,220,223,32.9,2057.63,29.19,62.66,Hazardous
2026-03-25 06:00:20 UTC,208,208,35.65,2088.5,29.03,61.53,Hazardous
2026-03-25 06:00:30 UTC,272,277,60.3,2075.19,36.53,49.62,Hazardous
2026-03-25 06:00:40 UTC,219,228,35.98,2058.95,30.38,59.04,Hazardous
2026-03-25 06:00:50 UTC,248,252,42.67,2104.21,38.99,40.63,Hazardous
2026-03-25 06:01:00 UTC,259,265,64.57,2120.98,36.68,51.8,Hazardous
2026-03-25 06:01:10 UTC,251,259,59.61,2082.11,38.57,46.38,Hazardous
2026-03-25 06:01:20 UTC,224,231,35.53,2058.95,30.44,58.4,Hazardous
2026-03-25 06:01:30 UTC,269,266,52.55,2031.01,35.21,53.68,Hazardous
2026-03-25 06:01:40 UTC,256,260,61.03,2082.65,35.67,51.93,Hazardous
2026-03-25 06:01:50 UTC,258,277,33.96,2042.72,31.54,57.41,Hazardous
2026-03-25 06:02:00 UTC,217,222,35.97,2056.03,30.23,59.35,Hazardous
2026-03-25 06:02:10 UTC,262,277,34.86,2051.5,31.61,56.72,Hazardous
2026-03-25 06:02:20 UTC,267,260,52.43,2037.13,35.04,54.16,Hazardous
2026-03-25 06:02:30 UTC,268,263,53.13,2041.12,35.43,54.18,Hazardous
2026-03-25 06:02:40 UTC,115,110,37.75,2093.29,33.14,51.0,Hazardous
2026-03-25 06:02:50 UTC,257,256,55.6,2053.1,35.82,53.93,Hazardous
2026-03-25 06:03:00 UTC,249,249,37.77,2069.33,39.16,42.94,Hazardous
2026-03-25 06:03:10 UTC,256,270,34.86,2065.88,31.1,55.37,Hazardous
2026-03-25 06:03:20 UTC,221,225,34.24,2035.0,29.27,63.12,Hazardous
2026-03-25 06:03:30 UTC,237,242,38.89,2068.01,39.48,41.11,Hazardous
2026-03-25 06:03:40 UTC,220,217,34.5,2052.57,30.09,57.7,Hazardous
2026-03-25 06:03:50 UTC,226,233,36.89,2048.57,30.56,58.65,Hazardous
2026-03-25 06:04:00 UTC,254,255,40.86,2103.41,38.95,42.26,Hazardous
2026-03-25 06:04:10 UTC,252,252,66.09,2124.97,38.77,47.78,Hazardous
2026-03-25 06:04:20 UTC,226,231,39.11,2091.16,30.78,56.97,Hazardous
2026-03-25 06:04:30 UTC,219,226,38.09,2077.32,29.86,58.12,Hazardous
2026-03-25 06:04:40 UTC,245,263,34.84,2062.95,31.01,58.08,Hazardous
2026-03-25 06:04:50 UTC,242,242,35.32,2048.57,40.51,39.59,Hazardous
2026-03-25 06:05:00 UTC,268,279,62.19,2093.83,35.78,52.09,Hazardous
2026-03-25 06:05:10 UTC,276,273,58.85,2075.46,37.58,51.58,Hazardous
2026-03-25 06:05:20 UTC,247,250,41.3,2087.17,39.96,39.6,Hazardous
2026-03-25 06:05:30 UTC,224,222,37.54,2066.41,30.47,58.52,Hazardous
2026-03-25 06:05:40 UTC,252,245,34.0,2048.84,32.46,54.65,Hazardous
2026-03-25 06:05:50 UTC,258,259,54.23,2038.19,35.68,52.7,Hazardous
2026-03-25 06:06:00 UTC,225,225,38.78,2106.6,29.74,61.75,Hazardous
2026-03-25 06:06:10 UTC,215,220,36.59,2081.85,29.29,63.01,Hazardous
2026-03-25 06:06:20 UTC,220,228,34.91,2091.16,29.09,62.59,Hazardous
2026-03-25 06:06:30 UTC,221,225,42.52,2076.79,30.0,58.37,Hazardous
2026-03-25 06:06:40 UTC,261,263,37.28,2048.84,37.41,47.36,Hazardous
2026-03-25 06:06:50 UTC,238,247,38.17,2083.71,32.47,54.76,Hazardous
2026-03-25 06:07:00 UTC,236,237,35.03,2048.84,32.49,52.5,Hazardous
2026-03-25 06:07:10 UTC,278,276,66.22,2107.13,36.81,51.31,Hazardous
2026-03-25 06:07:20 UTC,218,226,32.51,2068.8,28.95,62.38,Hazardous
2026-03-25 06:07:30 UTC,260,260,59.07,2075.99,38.66,47.54,Hazardous
2026-03-25 06:07:40 UTC,260,262,50.53,2037.66,35.05,53.74,Hazardous
2026-03-25 06:07:50 UTC,276,273,61.14,2074.92,36.5,50.12,Hazardous
2026-03-25 06:08:00 UTC,262,268,36.79,2058.15,36.09,47.39,Hazardous
2026-03-25 06:08:10 UTC,243,250,42.61,2099.42,39.17,41.17,Hazardous
2026-03-25 06:08:20 UTC,221,227,32.44,2050.17,29.7,58.52,Hazardous
2026-03-25 06:08:30 UTC,281,277,61.53,2086.64,36.19,52.65,Hazardous
2026-03-25 06:08:40 UTC,252,251,42.46,2102.34,38.96,41.59,Hazardous
2026-03-25 06:08:50 UTC,233,238,35.75,2061.89,30.59,59.17,Hazardous
2026-03-25 06:09:00 UTC,315,374,34.95,2050.44,31.89,55.46,Hazardous
2026-03-25 06:09:10 UTC,246,246,39.02,2073.33,32.43,54.85,Hazardous
2026-03-25 06:09:20 UTC,251,244,36.83,2070.67,39.91,41.93,Hazardous
2026-03-25 06:09:30 UTC,250,252,45.01,2103.94,38.31,43.29,Hazardous
2026-03-25 06:09:40 UTC,253,246,41.86,2101.54,39.73,40.87,Hazardous
2026-03-25 06:09:50 UTC,125,134,34.75,2052.83,33.59,52.9,Hazardous
2026-03-25 06:10:00 UTC,267,276,35.19,2065.34,33.68,49.77,Hazardous
2026-03-25 06:10:10 UTC,249,250,55.6,2065.34,34.55,56.76,Hazardous
2026-03-25 06:10:20 UTC,256,290,38.62,2094.36,31.59,57.81,Hazardous
2026-03-25 06:10:30 UTC,262,255,54.47,2052.3,35.71,51.79,Hazardous
2026-03-25 06:10:40 UTC,118,125,38.56,2089.04,33.18,50.95,Hazardous
2026-03-25 06:10:50 UTC,248,258,34.99,2041.92,31.16,58.29,Hazardous
2026-03-25 06:11:00 UTC,266,285,35.01,2059.22,31.32,57.55,Hazardous
2026-03-25 06:11:10 UTC,254,250,54.15,2051.5,35.51,53.08,Hazardous
2026-03-25 06:11:20 UTC,229,226,36.77,2065.88,30.2,58.58,Hazardous
2026-03-25 06:11:30 UTC,227,226,36.63,2091.16,29.44,63.14,Hazardous
2026-03-25 06:11:40 UTC,224,224,36.07,2044.05,30.24,57.94,Hazardous
2026-03-25 06:11:50 UTC,259,259,60.16,2087.7,38.46,50.49,Hazardous
2026-03-25 06:12:00 UTC,260,266,54.35,2041.92,35.66,53.07,Hazardous
2026-03-25 06:12:10 UTC,244,246,38.28,2079.45,32.77,53.87,Hazardous
2026-03-25 06:12:20 UTC,288,321,35.06,2058.69,31.78,55.05,Hazardous
2026-03-25 06:12:30 UTC,223,228,36.18,2072.53,29.22,63.11,Hazardous
2026-03-25 06:12:40 UTC,250,249,38.66,2079.72,32.41,54.13,Hazardous
2026-03-25 06:12:50 UTC,252,252,64.88,2109.0,38.17,45.82,Hazardous
2026-03-25 06:13:00 UTC,250,260,59.2,2071.73,35.74,53.05,Hazardous
2026-03-25 06:13:10 UTC,251,257,61.06,2079.18,38.72,46.68,Hazardous
2026-03-25 06:13:20 UTC,262,275,35.61,2064.81,31.21,57.64,Hazardous
2026-03-25 06:13:30 UTC,254,252,32.94,2042.45,32.68,53.09,Hazardous
2026-03-25 06:13:40 UTC,276,282,61.4,2099.68,36.39,52.68,Hazardous
2026-03-25 06:13:50 UTC,252,248,42.1,2104.47,39.12,40.9,Hazardous
2026-03-25 06:14:00 UTC,254,261,64.21,2115.12,37.21,48.32,Hazardous
2026-03-25 06:14:10 UTC,235,235,36.57,2057.89,30.48,59.63,Hazardous
2026-03-25 06:14:20 UTC,263,261,52.7,2030.48,35.39,52.85,Hazardous
2026-03-25 06:14:30 UTC,269,287,35.41,2058.15,31.11,59.04,Hazardous
2026-03-25 06:14:40 UTC,252,253,54.88,2034.47,35.52,53.07,Hazardous
2026-03-25 06:14:50 UTC,167,168,33.87,2060.02,33.21,54.02,Hazardous
2026-03-25 06:15:00 UTC,260,268,56.78,2077.86,35.12,52.98,Hazardous
2026-03-25 06:15:10 UTC,219,223,30.63,2048.31,29.16,63.25,Hazardous
2026-03-25 06:15:20 UTC,225,223,38.38,2103.41,30.02,60.29,Hazardous
2026-03-25 06:15:30 UTC,259,261,34.94,2070.13,31.85,58.15,Hazardous
2026-03-25 06:15:40 UTC,181,184,36.05,2061.89,33.03,54.03,Hazardous
2026-03-25 06:15:50 UTC,258,263,55.54,2041.66,35.62,53.67,Hazardous
2026-03-25 06:16:00 UTC,285,287,66.41,2106.07,36.92,51.17,Hazardous
2026-03-25 06:16:10 UTC,246,245,38.04,2078.92,32.2,53.38,Hazardous
2026-03-25 06:16:20 UTC,257,258,59.18,2065.88,38.47,46.13,Hazardous
2026-03-25 06:16:30 UTC,250,266,34.31,2057.36,33.52,55.1,Hazardous
2026-03-25 06:16:40 UTC,109,109,34.3,2055.23,33.03,50.86,Hazardous
2026-03-25 06:16:50 UTC,253,257,39.14,2085.31,38.57,43.65,Hazardous
2026-03-25 06:17:00 UTC,239,247,35.65,2066.14,31.85,54.95,Hazardous
2026-03-25 06:17:10 UTC,250,257,35.0,2063.48,32.23,55.43,Hazardous
2026-03-25 06:17:20 UTC,251,269,37.86,2077.32,31.64,58.12,Hazardous
2026-03-25 06:17:30 UTC,260,279,34.98,2059.22,31.16,55.17,Hazardous
2026-03-25 06:17:40 UTC,253,261,59.41,2088.5,38.47,47.06,Hazardous
2026-03-25 06:17:50 UTC,243,253,36.46,2043.52,40.28,40.28,Hazardous
2026-03-25 06:18:00 UTC,248,249,32.57,2052.3,32.7,54.53,Hazardous
2026-03-25 06:18:10 UTC,250,251,34.78,2068.01,31.91,55.05,Hazardous
2026-03-25 06:18:20 UTC,249,256,61.28,2094.09,35.65,53.6,Hazardous
2026-03-25 06:18:30 UTC,258,266,35.51,2050.44,31.04,57.18,Hazardous
2026-03-25 06:18:40 UTC,263,262,51.86,2032.34,35.04,53.28,Hazardous
2026-03-25 06:18:50 UTC,254,256,33.81,2053.63,32.67,53.51,Hazardous
2026-03-25 06:19:00 UTC,215,222,40.51,2077.86,30.39,58.23,Hazardous
2026-03-25 06:19:10 UTC,259,258,42.83,2096.75,38.08,43.04,Hazardous
2026-03-25 06:19:20 UTC,224,228,36.58,2070.13,29.6,62.77,Hazardous
2026-03-25 06:19:30 UTC,258,258,36.63,2047.51,40.05,40.4,Hazardous
2026-03-25 06:19:40 UTC,224,226,34.48,2057.36,29.75,59.09,Hazardous
2026-03-25 06:19:50 UTC,247,251,35.02,2036.33,40.0,40.66,Hazardous
2026-03-25 06:20:00 UTC,151,152,38.41,2105.01,33.2,50.21,Hazardous
2026-03-25 06:20:10 UTC,232,236,37.27,2061.62,30.2,58.13,Hazardous
2026-03-25 06:20:20 UTC,254,259,35.55,2040.86,37.9,45.64,Hazardous
2026-03-25 06:20:30 UTC,241,251,38.99,2093.83,31.99,53.97,Hazardous
2026-03-25 06:20:40 UTC,240,253,39.33,2095.95,32.06,53.43,Hazardous
2026-03-25 06:20:50 UTC,245,242,35.16,2056.83,32.36,55.57,Hazardous
2026-03-25 06:21:00 UTC,262,266,40.74,2100.22,36.34,46.04,Hazardous
2026-03-25 06:21:10 UTC,237,240,39.27,2084.25,32.37,55.37,Hazardous
2026-03-25 06:21:20 UTC,252,251,38.19,2099.95,32.62,53.92,Hazardous
2026-03-25 06:21:30 UTC,250,261,33.99,2034.47,31.38,57.1,Hazardous
2026-03-25 06:21:40 UTC,248,247,34.47,2037.13,40.3,38.44,Hazardous
2026-03-25 06:21:50 UTC,235,240,38.24,2068.01,39.7,41.36,Hazardous
2026-03-25 06:22:00 UTC,282,279,62.97,2109.53,36.93,52.62,Hazardous
2026-03-25 06:22:10 UTC,215,219,37.09,2099.95,29.14,62.73,Hazardous
2026-03-25 06:22:20 UTC,261,260,56.08,2047.51,34.54,57.26,Hazardous
2026-03-25 06:22:30 UTC,274,272,62.27,2108.2,36.87,50.72,Hazardous
2026-03-25 06:22:40 UTC,127,133,32.6,2044.85,33.12,49.98,Hazardous
2026-03-25 06:22:50 UTC,242,258,35.12,2045.12,30.89,58.76,Hazardous
2026-03-25 06:23:00 UTC,135,138,33.1,2057.89,33.3,52.24,Hazardous
2026-03-25 06:23:10 UTC,229,227,36.7,2045.91,30.35,58.31,Hazardous
2026-03-25 06:23:20 UTC,305,312,126.55,2353.35,35.1,54.21,Hazardous
2026-03-25 06:23:30 UTC,252,254,37.74,2069.07,38.99,42.4,Hazardous
2026-03-25 06:23:40 UTC,244,237,34.67,2050.44,32.0,55.8,Hazardous
2026-03-25 06:23:50 UTC,240,245,40.92,2090.9,39.94,41.42,Hazardous
2026-03-25 06:24:00 UTC,213,213,43.43,2089.57,29.36,61.72,Hazardous
2026-03-25 06:24:10 UTC,261,252,52.98,2033.67,35.75,51.87,Hazardous
2026-03-25 06:24:20 UTC,226,224,37.94,2090.36,29.85,58.32,Hazardous
2026-03-25 06:24:30 UTC,316,368,35.11,2070.4,31.72,55.01,Hazardous
2026-03-25 06:24:40 UTC,238,243,35.46,2068.54,32.28,54.95,Hazardous
2026-03-25 06:24:50 UTC,220,223,41.88,2091.96,29.96,59.71,Hazardous
2026-03-25 06:25:00 UTC,255,259,35.55,2044.05,37.95,45.13,Hazardous
2026-03-25 06:25:10 UTC,286,289,65.07,2110.6,36.71,49.52,Hazardous
2026-03-25 06:25:20 UTC,271,282,37.88,2080.78,33.64,53.8,Hazardous
2026-03-25 06:25:30 UTC,276,275,58.82,2082.38,35.21,53.49,Hazardous
2026-03-25 06:25:40 UTC,246,243,35.47,2061.09,32.28,55.29,Hazardous
2026-03-25 06:25:50 UTC,254,258,60.46,2092.76,38.95,47.87,Hazardous
2026-03-25 06:26:00 UTC,227,226,33.69,2067.21,29.51,63.36,Hazardous
2026-03-25 06:26:10 UTC,259,265,58.81,2072.8,38.62,46.98,Hazardous
2026-03-25 06:26:20 UTC,279,278,67.04,2121.77,36.61,49.76,Hazardous
2026-03-25 06:26:30 UTC,252,259,66.69,2104.74,38.6,48.81,Hazardous
2026-03-25 06:26:40 UTC,249,250,61.29,2092.23,38.61,46.15,Hazardous
2026-03-25 06:26:50 UTC,233,231,38.0,2064.28,30.48,58.78,Hazardous
2026-03-25 06:27:00 UTC,206,213,34.42,2074.66,33.01,53.51,Hazardous
2026-03-25 06:27:10 UTC,256,251,59.09,2083.71,38.36,46.89,Hazardous
2026-03-25 06:27:20 UTC,244,246,37.45,2075.99,39.78,42.29,Hazardous
2026-03-25 06:27:30 UTC,283,281,64.26,2102.61,37.77,49.73,Hazardous
2026-03-25 06:27:40 UTC,253,245,65.62,2116.71,38.4,46.32,Hazardous
2026-03-25 06:27:50 UTC,211,217,34.64,2066.94,32.99,53.49,Hazardous
2026-03-25 06:28:00 UTC,271,281,58.61,2081.85,37.59,50.92,Hazardous
2026-03-25 06:28:10 UTC,220,221,38.67,2089.83,29.7,59.79,Hazardous
2026-03-25 06:28:20 UTC,249,244,38.24,2073.6,39.06,41.17,Hazardous
2026-03-25 06:28:30 UTC,201,201,34.64,2058.95,33.12,53.55,Hazardous
2026-03-25 06:28:40 UTC,166,166,33.85,2057.09,33.04,54.09,Hazardous
2026-03-25 06:28:50 UTC,263,257,45.23,2120.44,38.04,44.91,Hazardous
2026-03-25 06:29:00 UTC,257,254,66.39,2128.69,38.62,46.42,Hazardous
2026-03-25 06:29:10 UTC,286,281,61.17,2098.88,36.64,51.65,Hazardous
2026-03-25 06:29:20 UTC,233,230,40.45,2089.3,30.5,58.74,Hazardous
2026-03-25 06:29:30 UTC,242,246,41.23,2077.06,40.05,39.06,Hazardous
2026-03-25 06:29:40 UTC,267,275,66.08,2125.77,36.71,50.29,Hazardous
2026-03-25 06:29:50 UTC,287,287,66.42,2109.53,37.1,49.85,Hazardous
2026-03-25 06:30:00 UTC,229,232,36.5,2066.94,30.36,58.49,Hazardous
2026-03-25 06:30:10 UTC,249,248,59.38,2086.1,35.6,51.27,Hazardous
2026-03-25 06:30:20 UTC,266,267,61.08,2083.45,36.96,50.63,Hazardous
2026-03-25 06:30:30 UTC,253,254,55.42,2047.77,34.38,57.21,Hazardous
2026-03-25 06:30:40 UTC,213,212,32.57,2058.95,29.09,61.51,Hazardous
2026-03-25 06:30:50 UTC,105,118,34.16,2059.75,33.15,50.51,Hazardous
2026-03-25 06:31:00 UTC,228,230,39.31,2100.48,29.73,62.45,Hazardous
2026-03-25 06:31:10 UTC,283,287,60.78,2078.92,36.71,50.57,Hazardous
2026-03-25 06:31:20 UTC,282,279,67.0,2117.51,36.82,50.8,Hazardous
2026-03-25 06:31:30 UTC,270,287,36.57,2068.01,36.37,46.73,Hazardous
2026-03-25 06:31:40 UTC,249,252,63.2,2097.55,38.28,48.46,Hazardous
2026-03-25 06:31:50 UTC,253,264,60.16,2076.26,35.66,53.85,Hazardous
2026-03-25 06:32:00 UTC,266,326,34.13,2052.04,33.19,53.52,Hazardous
2026-03-25 06:32:10 UTC,240,243,35.02,2061.09,32.15,56.04,Hazardous
2026-03-25 06:32:20 UTC,280,304,35.04,2041.92,31.43,58.43,Hazardous
2026-03-25 06:32:30 UTC,250,272,35.17,2065.61,31.63,57.04,Hazardous
2026-03-25 06:32:40 UTC,221,225,41.99,2093.29,30.1,58.18,Hazardous
2026-03-25 06:32:50 UTC,247,244,35.3,2067.48,32.41,53.97,Hazardous
2026-03-25 06:33:00 UTC,252,246,35.09,2053.1,39.3,42.55,Hazardous
2026-03-25 06:33:10 UTC,217,225,36.32,2053.63,29.38,62.76,Hazardous
2026-03-25 06:33:20 UTC,275,278,60.95,2083.71,36.2,52.93,Hazardous
2026-03-25 06:33:30 UTC,283,286,34.76,2060.29,33.69,49.69,Hazardous
2026-03-25 06:33:40 UTC,236,239,35.6,2044.85,33.95,50.84,Hazardous
2026-03-25 06:33:50 UTC,239,241,39.06,2089.83,31.85,54.67,Hazardous
2026-03-25 06:34:00 UTC,241,241,59.26,2079.18,37.36,48.03,Hazardous
2026-03-25 06:34:10 UTC,226,236,35.2,2049.91,30.58,58.39,Hazardous
2026-03-25 06:34:20 UTC,217,224,35.75,2042.18,30.55,58.79,Hazardous
2026-03-25 06:34:30 UTC,257,264,53.84,2050.97,35.57,53.36,Hazardous
2026-03-25 06:34:40 UTC,222,223,37.75,2067.74,29.98,58.59,Hazardous
2026-03-25 06:34:50 UTC,120,121,32.29,2034.73,33.45,51.42,Hazardous
2026-03-25 06:35:00 UTC,248,253,63.61,2102.34,38.58,47.75,Hazardous
2026-03-25 06:35:10 UTC,250,247,52.86,2049.11,35.53,55.37,Hazardous
2026-03-25 06:35:20 UTC,248,255,58.79,2088.5,38.21,46.66,Hazardous
2026-03-25 06:35:30 UTC,251,256,39.09,2087.17,38.78,42.87,Hazardous
2026-03-25 06:35:40 UTC,250,260,57.08,2077.86,34.74,53.76,Hazardous
2026-03-25 06:35:50 UTC,230,224,38.49,2093.56,29.99,59.93,Hazardous
2026-03-25 06:36:00 UTC,247,249,59.94,2085.84,37.98,46.47,Hazardous
2026-03-25 06:36:10 UTC,240,241,34.87,2044.32,40.55,39.07,Hazardous
2026-03-25 06:36:20 UTC,282,326,35.51,2049.37,31.77,55.23,Hazardous
2026-03-25 06:36:30 UTC,275,280,34.62,2044.58,33.84,50.89,Hazardous
2026-03-25 06:36:40 UTC,234,229,35.8,2064.28,30.85,57.95,Hazardous
2026-03-25 06:36:50 UTC,234,243,35.17,2063.74,31.04,58.63,Hazardous
2026-03-25 06:37:00 UTC,228,240,34.13,2062.42,30.9,58.3,Hazardous
2026-03-25 06:37:10 UTC,277,277,61.22,2094.36,36.62,50.19,Hazardous
2026-03-25 06:37:20 UTC,221,222,41.47,2099.95,30.26,59.43,Hazardous
2026-03-25 06:37:30 UTC,279,279,66.37,2121.24,35.61,54.06,Hazardous
2026-03-25 06:37:40 UTC,277,275,61.39,2084.25,36.78,50.11,Hazardous
2026-03-25 06:37:50 UTC,252,267,39.38,2098.62,31.35,56.78,Hazardous
2026-03-25 06:38:00 UTC,260,279,34.49,2039.79,31.9,58.33,Hazardous
2026-03-25 06:38:10 UTC,259,254,65.67,2125.77,38.47,48.17,Hazardous
2026-03-25 06:38:20 UTC,268,276,60.78,2099.68,36.61,50.47,Hazardous
2026-03-25 06:38:30 UTC,241,246,35.2,2045.65,34.03,50.98,Hazardous
2026-03-25 06:38:40 UTC,269,283,59.35,2082.11,36.0,51.86,Hazardous
2026-03-25 06:38:50 UTC,245,242,33.78,2038.99,32.25,54.38,Hazardous
2026-03-25 06:39:00 UTC,247,257,43.23,2108.46,39.49,42.92,Hazardous
2026-03-25 06:39:10 UTC,275,275,38.44,2084.51,33.7,51.6,Hazardous
2026-03-25 06:39:20 UTC,260,262,35.3,2059.75,31.35,55.37,Hazardous
2026-03-25 06:39:30 UTC,272,266,64.0,2114.59,36.83,50.29,Hazardous
2026-03-25 06:39:40 UTC,248,249,38.45,2091.69,31.89,55.18,Hazardous
2026-03-25 06:39:50 UTC,241,246,37.57,2072.8,32.66,54.4,Hazardous
2026-03-25 06:40:00 UTC,235,246,33.6,2037.93,31.95,55.96,Hazardous
2026-03-25 06:40:10 UTC,242,248,34.55,2065.08,32.28,54.8,Hazardous
2026-03-25 06:40:20 UTC,225,234,35.48,2052.57,29.62,62.49,Hazardous
2026-03-25 06:40:30 UTC,276,276,36.65,2043.25,33.74,54.16,Hazardous
2026-03-25 06:40:40 UTC,258,270,36.2,2060.55,37.28,46.44,Hazardous
2026-03-25 06:40:50 UTC,205,205,38.27,2082.65,32.96,53.15,Hazardous
2026-03-25 06:41:00 UTC,162,165,35.16,2068.27,33.11,54.5,Hazardous
2026-03-25 06:41:10 UTC,249,262,35.77,2046.98,30.88,58.72,Hazardous
2026-03-25 06:41:20 UTC,254,250,40.68,2085.04,39.38,42.91,Hazardous
2026-03-25 06:41:30 UTC,220,224,38.86,2087.97,29.8,62.23,Hazardous
2026-03-25 06:41:40 UTC,220,217,40.66,2085.84,30.4,57.96,Hazardous
2026-03-25 06:41:50 UTC,185,185,37.11,2070.67,32.95,54.52,Hazardous
2026-03-25 06:42:00 UTC,239,242,37.86,2081.05,32.17,52.67,Hazardous
2026-03-25 06:42:10 UTC,278,321,35.33,2041.92,31.21,56.21,Hazardous
2026-03-25 06:42:20 UTC,268,268,58.42,2083.71,36.62,50.52,Hazardous
2026-03-25 06:42:30 UTC,223,219,36.08,2057.36,30.25,58.43,Hazardous
2026-03-25 06:42:40 UTC,261,261,55.3,2050.17,35.35,52.81,Hazardous
2026-03-25 06:42:50 UTC,224,227,38.81,2101.81,29.78,61.22,Hazardous
2026-03-25 06:43:00 UTC,245,250,39.23,2071.73,40.16,39.72,Hazardous
2026-03-25 06:43:10 UTC,240,237,40.35,2089.04,33.82,50.35,Hazardous
2026-03-25 06:43:20 UTC,242,239,34.76,2054.43,32.24,55.93,Hazardous
2026-03-25 06:43:30 UTC,252,262,37.02,2069.33,37.29,46.97,Hazardous
2026-03-25 06:43:40 UTC,258,263,54.94,2037.13,35.67,53.74,Hazardous
2026-03-25 06:43:50 UTC,262,261,66.14,2126.57,38.6,49.06,Hazardous
2026-03-25 06:44:00 UTC,200,210,38.8,2087.7,33.01,53.81,Hazardous
2026-03-25 06:44:10 UTC,250,247,37.4,2060.55,39.0,43.22,Hazardous
2026-03-25 06:44:20 UTC,275,280,65.89,2104.47,36.2,52.07,Hazardous
2026-03-25 06:44:30 UTC,220,228,35.31,2036.59,30.33,57.99,Hazardous
2026-03-25 06:44:40 UTC,247,247,36.79,2057.63,40.09,40.09,Hazardous
2026-03-25 06:44:50 UTC,131,139,37.79,2081.58,33.43,52.16,Hazardous
2026-03-25 06:45:00 UTC,247,251,60.39,2076.26,38.99,46.88,Hazardous
2026-03-25 06:45:10 UTC,243,244,35.29,2045.65,40.36,39.2,Hazardous
2026-03-25 06:45:20 UTC,240,245,35.14,2057.36,32.23,53.79,Hazardous
2026-03-25 06:45:30 UTC,241,242,36.56,2064.54,39.67,39.32,Hazardous
2026-03-25 06:45:40 UTC,240,240,35.45,2049.64,32.22,55.48,Hazardous
2026-03-25 06:45:50 UTC,248,256,34.91,2055.23,31.75,55.67,Hazardous
2026-03-25 06:46:00 UTC,319,369,41.07,2087.7,35.17,50.72,Hazardous
2026-03-25 06:46:10 UTC,248,247,40.34,2073.33,40.28,39.61,Hazardous
2026-03-25 06:46:20 UTC,244,246,33.88,2050.97,31.77,55.56,Hazardous
2026-03-25 06:46:30 UTC,247,255,54.19,2038.46,35.3,54.11,Hazardous
2026-03-25 06:46:40 UTC,230,231,35.41,2069.07,33.0,53.71,Hazardous
2026-03-25 06:46:50 UTC,236,238,36.37,2060.02,30.49,59.19,Hazardous
2026-03-25 06:47:00 UTC,255,260,65.48,2098.35,38.67,46.65,Hazardous
2026-03-25 06:47:10 UTC,250,262,35.38,2043.25,32.17,54.94,Hazardous
2026-03-25 06:47:20 UTC,242,248,35.66,2052.04,32.12,55.02,Hazardous
2026-03-25 06:47:30 UTC,255,248,59.02,2075.72,35.65,52.49,Hazardous
2026-03-25 06:47:40 UTC,240,241,33.96,2041.12,32.16,54.34,Hazardous
2026-03-25 06:47:50 UTC,249,255,38.39,2075.72,38.47,42.82,Hazardous
2026-03-25 06:48:00 UTC,239,242,35.25,2041.66,40.63,39.89,Hazardous
2026-03-25 06:48:10 UTC,252,256,36.02,2051.77,39.38,42.55,Hazardous
2026-03-25 06:48:20 UTC,256,250,61.3,2095.95,38.96,47.24,Hazardous
2026-03-25 06:48:30 UTC,237,242,35.21,2063.22,30.72,58.93,Hazardous
2026-03-25 06:48:40 UTC,252,258,57.88,2072.0,35.72,53.21,Hazardous
2026-03-25 06:48:50 UTC,256,262,54.76,2059.75,34.73,55.83,Hazardous
2026-03-25 06:49:00 UTC,252,260,38.12,2089.57,32.8,53.44,Hazardous
2026-03-25 06:49:10 UTC,252,256,33.69,2058.95,32.7,53.52,Hazardous
2026-03-25 06:49:20 UTC,105,120,43.61,2106.07,39.51,41.22,Hazardous
2026-03-25 06:49:30 UTC,208,217,44.18,2088.5,29.48,62.45,Hazardous
2026-03-25 06:49:40 UTC,247,252,60.89,2085.31,38.18,46.52,Hazardous
2026-03-25 06:49:50 UTC,228,229,34.9,2077.06,29.64,62.17,Hazardous
2026-03-25 06:50:00 UTC,244,250,40.36,2077.32,40.44,38.89,Hazardous
2026-03-25 06:50:10 UTC,267,260,60.83,2081.85,37.05,50.85,Hazardous
2026-03-25 06:50:20 UTC,276,288,40.38,2081.58,33.63,50.68,Hazardous
2026-03-25 06:50:30 UTC,248,246,41.9,2090.9,39.65,39.54,Hazardous
2026-03-25 06:50:40 UTC,226,227,38.11,2097.28,29.86,60.82,Hazardous
2026-03-25 06:50:50 UTC,236,235,36.05,2044.05,30.36,59.95,Hazardous
2026-03-25 06:51:00 UTC,284,288,61.46,2089.83,36.55,51.65,Hazardous
2026-03-25 06:51:10 UTC,245,242,34.86,2049.11,40.28,39.26,Hazardous
2026-03-25 06:51:20 UTC,255,272,35.28,2068.8,31.11,57.94,Hazardous
2026-03-25 06:51:30 UTC,280,293,36.2,2074.13,33.9,51.4,Hazardous
2026-03-25 06:51:40 UTC,249,258,53.69,2026.21,35.59,52.41,Hazardous
2026-03-25 06:51:50 UTC,281,282,59.37,2092.23,36.97,50.33,Hazardous
2026-03-25 06:52:00 UTC,225,225,34.38,2059.75,29.11,62.85,Hazardous
2026-03-25 06:52:10 UTC,235,245,36.04,2065.61,31.98,56.35,Hazardous
2026-03-25 06:52:20 UTC,210,218,41.58,2078.12,29.95,58.16,Hazardous
2026-03-25 06:52:30 UTC,225,225,38.97,2102.61,29.97,60.69,Hazardous
2026-03-25 06:52:40 UTC,244,246,38.72,2088.77,32.33,55.07,Hazardous
2026-03-25 06:52:50 UTC,245,248,60.7,2089.57,38.3,46.29,Hazardous
2026-03-25 06:53:00 UTC,255,261,54.05,2032.87,35.59,52.55,Hazardous
2026-03-25 06:53:10 UTC,262,270,36.45,2063.48,35.75,49.24,Hazardous
2026-03-25 06:53:20 UTC,231,230,40.55,2081.58,30.66,58.6,Hazardous
2026-03-25 06:53:30 UTC,280,292,65.07,2106.07,36.8,50.09,Hazardous
2026-03-25 06:53:40 UTC,246,252,35.25,2054.43,32.35,55.34,Hazardous
2026-03-25 06:53:50 UTC,231,237,38.38,2091.69,31.64,55.99,Hazardous
2026-03-25 06:54:00 UTC,249,250,36.55,2057.89,39.72,40.73,Hazardous
2026-03-25 06:54:10 UTC,231,233,34.89,2048.04,30.6,57.11,Hazardous
2026-03-25 06:54:20 UTC,240,237,40.34,2075.99,34.2,50.43,Hazardous
2026-03-25 06:54:30 UTC,250,254,33.79,2051.24,31.62,53.15,Hazardous
2026-03-25 06:54:40 UTC,257,254,61.39,2087.44,35.04,55.99,Hazardous
2026-03-25 06:54:50 UTC,241,246,34.51,2053.9,32.47,55.37,Hazardous
2026-03-25 06:55:00 UTC,371,460,39.47,2095.95,34.41,52.67,Hazardous
2026-03-25 06:55:10 UTC,216,224,34.49,2041.66,30.33,58.69,Hazardous
2026-03-25 06:55:20 UTC,249,245,34.8,2062.15,39.56,42.83,Hazardous
2026-03-25 06:55:30 UTC,222,233,35.69,2097.28,29.41,63.52,Hazardous
2026-03-25 06:55:40 UTC,256,266,36.24,2050.97,37.79,45.58,Hazardous
2026-03-25 06:55:50 UTC,266,263,60.8,2098.88,36.93,49.96,Hazardous
2026-03-25 06:56:00 UTC,250,261,55.47,2040.06,35.86,53.31,Hazardous
2026-03-25 06:56:10 UTC,254,261,34.9,2062.95,31.93,54.23,Hazardous
2026-03-25 06:56:20 UTC,286,300,36.42,2051.24,34.77,50.78,Hazardous
2026-03-25 06:56:30 UTC,219,227,33.71,2029.14,29.3,62.4,Hazardous
2026-03-25 06:56:40 UTC,257,257,53.44,2043.52,35.37,54.01,Hazardous
2026-03-25 06:56:50 UTC,237,236,39.2,2093.56,33.89,51.83,Hazardous
2026-03-25 06:57:00 UTC,247,249,39.43,2084.25,30.81,57.27,Hazardous
2026-03-25 06:57:10 UTC,243,244,35.33,2054.7,32.54,54.04,Hazardous
2026-03-25 06:57:20 UTC,133,132,34.86,2055.76,33.46,53.98,Hazardous
2026-03-25 06:57:30 UTC,224,228,34.85,2080.51,29.92,60.67,Hazardous
2026-03-25 06:57:40 UTC,273,288,36.2,2068.27,33.22,54.42,Hazardous
2026-03-25 06:57:50 UTC,248,246,58.99,2086.1,35.61,50.8,Hazardous
2026-03-25 06:58:00 UTC,288,287,60.37,2095.42,36.79,49.93,Hazardous
2026-03-25 06:58:10 UTC,223,229,32.94,2047.24,29.05,63.13,Hazardous
2026-03-25 06:58:20 UTC,277,283,60.87,2089.3,36.66,49.16,Hazardous
2026-03-25 06:58:30 UTC,241,248,34.58,2050.44,40.28,39.9,Hazardous
2026-03-25 06:58:40 UTC,247,247,41.9,2098.88,39.12,43.15,Hazardous
2026-03-25 06:58:50 UTC,247,250,33.64,2062.42,32.45,54.12,Hazardous
2026-03-25 06:59:00 UTC,256,255,65.02,2098.88,38.84,48.0,Hazardous
2026-03-25 06:59:10 UTC,244,246,51.66,2030.48,35.76,51.77,Hazardous
2026-03-25 06:59:20 UTC,236,235,34.8,2042.72,33.8,51.71,Hazardous
2026-03-25 06:59:30 UTC,277,288,36.43,2052.3,35.43,50.07,Hazardous
2026-03-25 06:59:40 UTC,209,215,43.61,2101.01,29.45,62.05,Hazardous
2026-03-25 06:59:50 UTC,247,256,34.41,2049.11,32.45,55.17,Hazardous
2026-03-25 07:00:00 UTC,258,262,55.44,2059.75,35.86,52.99,Hazardous
2026-03-25 07:00:10 UTC,244,251,39.29,2099.15,31.95,55.48,Hazardous
2026-03-25 07:00:20 UTC,234,239,35.57,2046.71,30.38,59.24,Hazardous
2026-03-25 07:00:30 UTC,254,248,60.03,2090.1,38.11,48.33,Hazardous
2026-03-25 07:00:40 UTC,269,275,35.55,2064.54,36.69,47.11,Hazardous
2026-03-25 07:00:50 UTC,215,223,33.24,2053.1,29.29,62.29,Hazardous
2026-03-25 07:01:00 UTC,242,250,38.71,2095.95,32.29,54.49,Hazardous
2026-03-25 07:01:10 UTC,248,253,56.06,2063.22,35.87,53.02,Hazardous
2026-03-25 07:01:20 UTC,222,229,37.64,2061.35,30.12,57.86,Hazardous
2026-03-25 07:01:30 UTC,259,253,52.37,2024.35,35.65,51.75,Hazardous
2026-03-25 07:01:40 UTC,237,246,35.11,2053.36,32.3,55.31,Hazardous
2026-03-25 07:01:50 UTC,249,248,59.66,2076.26,37.62,49.08,Hazardous
2026-03-25 07:02:00 UTC,252,257,53.86,2034.2,35.65,52.13,Hazardous
2026-03-25 07:02:10 UTC,280,282,63.79,2108.46,37.05,50.48,Hazardous
2026-03-25 07:02:20 UTC,246,258,34.99,2046.71,31.65,54.67,Hazardous
2026-03-25 07:02:30 UTC,254,248,59.38,2082.38,38.42,46.23,Hazardous
2026-03-25 07:02:40 UTC,267,293,34.75,2057.09,31.67,53.53,Hazardous
2026-03-25 07:02:50 UTC,307,337,35.26,2063.22,34.58,50.7,Hazardous
2026-03-25 07:03:00 UTC,240,238,41.02,2096.22,34.1,51.93,Hazardous
2026-03-25 07:03:10 UTC,249,248,33.59,2072.27,32.83,52.58,Hazardous
2026-03-25 07:03:20 UTC,267,274,50.38,2027.55,35.09,54.3,Hazardous
2026-03-25 07:03:30 UTC,259,271,40.17,2100.48,33.68,50.2,Hazardous
2026-03-25 07:03:40 UTC,240,234,34.37,2037.39,33.94,51.5,Hazardous
2026-03-25 07:03:50 UTC,258,271,36.17,2047.51,37.25,45.96,Hazardous
2026-03-25 07:04:00 UTC,280,283,61.7,2098.62,36.39,52.56,Hazardous
2026-03-25 07:04:10 UTC,222,226,36.99,2086.1,29.19,63.58,Hazardous
2026-03-25 07:04:20 UTC,249,264,33.38,2053.1,31.63,57.43,Hazardous
2026-03-25 07:04:30 UTC,248,249,65.0,2119.38,37.73,46.48,Hazardous
2026-03-25 07:04:40 UTC,254,252,38.37,2100.48,32.82,53.66,Hazardous
2026-03-25 07:04:50 UTC,261,259,58.79,2085.84,35.94,52.55,Hazardous
2026-03-25 07:05:00 UTC,289,286,60.02,2087.7,36.61,51.18,Hazardous
2026-03-25 07:05:10 UTC,271,275,63.03,2104.47,36.66,49.74,Hazardous
2026-03-25 07:05:20 UTC,254,262,44.99,2120.44,38.27,44.53,Hazardous
2026-03-25 07:05:30 UTC,273,275,63.7,2095.95,37.05,51.27,Hazardous
2026-03-25 07:05:40 UTC,259,257,60.82,2087.17,38.59,50.85,Hazardous
2026-03-25 07:05:50 UTC,265,278,33.94,2047.51,33.73,51.41,Hazardous
2026-03-25 07:06:00 UTC,241,245,39.19,2075.72,40.34,39.69,Hazardous
2026-03-25 07:06:10 UTC,217,218,37.76,2078.66,29.17,62.8,Hazardous
2026-03-25 07:06:20 UTC,263,263,63.09,2104.74,36.82,49.63,Hazardous
2026-03-25 07:06:30 UTC,223,234,35.11,2070.93,29.68,60.06,Hazardous
2026-03-25 07:06:40 UTC,228,222,42.18,2080.25,30.48,58.37,Hazardous
2026-03-25 07:06:50 UTC,278,277,63.75,2093.56,37.52,49.17,Hazardous
2026-03-25 07:07:00 UTC,254,252,54.36,2041.12,35.84,53.02,Hazardous
2026-03-25 07:07:10 UTC,244,255,35.01,2058.15,31.46,54.02,Hazardous
2026-03-25 07:07:20 UTC,229,235,31.88,2058.15,29.02,63.04,Hazardous
2026-03-25 07:07:30 UTC,271,264,36.05,2044.58,35.84,48.33,Hazardous
2026-03-25 07:07:40 UTC,250,256,37.13,2071.2,39.77,41.61,Hazardous
2026-03-25 07:07:50 UTC,263,271,35.45,2061.09,36.8,46.85,Hazardous
2026-03-25 07:08:00 UTC,251,251,55.32,2045.65,35.79,53.09,Hazardous
2026-03-25 07:08:10 UTC,258,263,35.49,2047.51,32.3,55.51,Hazardous
2026-03-25 07:08:20 UTC,232,244,36.04,2047.51,34.18,52.35,Hazardous
2026-03-25 07:08:30 UTC,220,230,33.44,2053.36,29.33,63.48,Hazardous
2026-03-25 07:08:40 UTC,283,286,65.88,2116.71,37.14,49.4,Hazardous
2026-03-25 07:08:50 UTC,236,245,37.91,2080.78,40.52,39.92,Hazardous
2026-03-25 07:09:00 UTC,261,272,41.13,2086.64,36.77,46.39,Hazardous
2026-03-25 07:09:10 UTC,255,251,58.03,2066.14,35.86,53.13,Hazardous
2026-03-25 07:09:20 UTC,238,239,35.19,2051.24,30.99,58.54,Hazardous
2026-03-25 07:09:30 UTC,274,285,57.63,2064.54,37.28,51.04,Hazardous
2026-03-25 07:09:40 UTC,230,259,34.5,2055.23,33.47,54.27,Hazardous
2026-03-25 07:09:50 UTC,255,278,33.94,2048.57,31.58,57.14,Hazardous
2026-03-25 07:10:00 UTC,295,321,34.86,2057.09,34.12,51.96,Hazardous
2026-03-25 07:10:10 UTC,247,245,35.24,2066.14,32.18,55.27,Hazardous
2026-03-25 07:10:20 UTC,262,261,52.53,2044.85,35.0,53.83,Hazardous
2026-03-25 07:10:30 UTC,240,246,33.83,2027.01,40.14,39.93,Hazardous
2026-03-25 07:10:40 UTC,225,236,39.35,2093.03,30.42,57.07,Hazardous
2026-03-25 07:10:50 UTC,247,252,53.33,2034.73,35.08,55.72,Hazardous
2026-03-25 07:11:00 UTC,264,265,65.44,2109.26,36.72,50.52,Hazardous
2026-03-25 07:11:10 UTC,251,262,39.45,2094.36,31.01,54.86,Hazardous
2026-03-25 07:11:20 UTC,250,253,42.29,2091.96,39.95,40.84,Hazardous
2026-03-25 07:11:30 UTC,222,224,38.81,2079.72,29.73,58.2,Hazardous
2026-03-25 07:11:40 UTC,288,285,60.01,2090.36,37.08,49.26,Hazardous
2026-03-25 07:11:50 UTC,266,266,64.18,2113.79,36.85,50.2,Hazardous
2026-03-25 07:12:00 UTC,225,230,35.51,2048.31,30.51,59.71,Hazardous
2026-03-25 07:12:10 UTC,284,305,40.35,2089.3,34.29,52.96,Hazardous
2026-03-25 07:12:20 UTC,231,226,34.19,2056.3,30.09,59.29,Hazardous
2026-03-25 07:12:30 UTC,270,266,60.85,2091.43,35.26,52.2,Hazardous
2026-03-25 07:12:40 UTC,286,294,59.17,2083.18,36.85,49.95,Hazardous
2026-03-25 07:12:50 UTC,165,164,35.28,2069.07,33.11,53.9,Hazardous
2026-03-25 07:13:00 UTC,225,233,35.44,2058.42,29.29,61.81,Hazardous
2026-03-25 07:13:10 UTC,231,234,34.89,2050.44,32.87,53.83,Hazardous
2026-03-25 07:13:20 UTC,231,233,38.22,2075.72,30.57,59.75,Hazardous
2026-03-25 07:13:30 UTC,225,232,40.77,2081.31,30.48,56.61,Hazardous
2026-03-25 07:13:40 UTC,262,268,50.34,2036.33,35.25,53.87,Hazardous
2026-03-25 07:13:50 UTC,219,229,35.46,2091.96,29.09,62.55,Hazardous
2026-03-25 07:14:00 UTC,269,277,62.76,2095.95,36.78,48.9,Hazardous
2026-03-25 07:14:10 UTC,266,267,35.86,2065.61,35.86,48.32,Hazardous
2026-03-25 07:14:20 UTC,228,239,37.93,2082.11,30.47,57.6,Hazardous
2026-03-25 07:14:30 UTC,249,251,35.71,2062.15,33.59,52.77,Hazardous
2026-03-25 07:14:40 UTC,196,205,35.03,2062.68,32.99,54.56,Hazardous
2026-03-25 07:14:50 UTC,278,303,35.55,2054.96,31.01,58.71,Hazardous
2026-03-25 07:15:00 UTC,278,305,38.8,2087.17,31.34,57.98,Hazardous
2026-03-25 07:15:10 UTC,276,276,59.91,2096.49,36.83,50.4,Hazardous
2026-03-25 07:15:20 UTC,274,299,39.35,2090.63,31.41,57.88,Hazardous
2026-03-25 07:15:30 UTC,122,125,38.99,2080.51,33.38,52.16,Hazardous
2026-03-25 07:15:40 UTC,252,251,58.51,2082.91,35.52,53.15,Hazardous
2026-03-25 07:15:50 UTC,303,346,37.06,2073.87,34.97,50.62,Hazardous
2026-03-25 07:16:00 UTC,257,258,65.26,2102.34,38.21,48.36,Hazardous
2026-03-25 07:16:10 UTC,285,280,64.51,2107.13,36.64,49.48,Hazardous
2026-03-25 07:16:20 UTC,266,270,52.45,2034.73,35.36,52.91,Hazardous
2026-03-25 07:16:30 UTC,226,228,36.44,2074.39,29.39,62.92,Hazardous
2026-03-25 07:16:40 UTC,257,263,39.27,2085.04,31.7,56.59,Hazardous
2026-03-25 07:16:50 UTC,237,245,35.1,2062.68,31.97,55.47,Hazardous
2026-03-25 07:17:00 UTC,226,222,38.0,2068.27,30.24,58.53,Hazardous
2026-03-25 07:17:10 UTC,255,258,59.57,2086.1,38.57,47.39,Hazardous
2026-03-25 07:17:20 UTC,274,276,60.98,2078.92,36.61,50.57,Hazardous
2026-03-25 07:17:30 UTC,217,216,36.39,2082.91,29.05,62.83,Hazardous
2026-03-25 07:17:40 UTC,255,249,38.22,2053.36,38.85,41.71,Hazardous
2026-03-25 07:17:50 UTC,219,219,35.06,2041.92,30.55,58.41,Hazardous
2026-03-25 07:18:00 UTC,264,271,36.25,2057.89,36.54,45.86,Hazardous
2026-03-25 07:18:10 UTC,261,258,37.38,2062.95,37.5,47.43,Hazardous
2026-03-25 07:18:20 UTC,249,255,38.09,2073.6,31.58,54.05,Hazardous
2026-03-25 07:18:30 UTC,243,245,40.66,2097.82,34.26,52.61,Hazardous
2026-03-25 07:18:40 UTC,272,280,65.37,2114.05,36.34,52.7,Hazardous
2026-03-25 07:18:50 UTC,248,249,53.09,2038.46,35.68,52.23,Hazardous
2026-03-25 07:19:00 UTC,252,270,38.99,2083.45,31.59,56.58,Hazardous
2026-03-25 07:19:10 UTC,234,233,37.83,2061.09,39.9,38.15,Hazardous
2026-03-25 07:19:20 UTC,270,278,66.14,2101.81,36.61,50.51,Hazardous
2026-03-25 07:19:30 UTC,276,283,60.12,2085.04,36.87,49.12,Hazardous
2026-03-25 07:19:40 UTC,258,253,65.47,2099.42,38.67,45.64,Hazardous
2026-03-25 07:19:50 UTC,248,256,38.11,2080.78,32.66,54.21,Hazardous
2026-03-25 07:20:00 UTC,223,224,41.82,2093.83,30.46,57.49,Hazardous
2026-03-25 07:20:10 UTC,287,280,61.05,2086.9,36.66,51.03,Hazardous
2026-03-25 07:20:20 UTC,219,222,35.01,2089.57,29.07,62.9,Hazardous
2026-03-25 07:20:30 UTC,256,257,62.99,2088.77,38.36,46.94,Hazardous
2026-03-25 07:20:40 UTC,267,273,52.51,2054.7,35.39,52.65,Hazardous
2026-03-25 07:20:50 UTC,254,248,41.05,2093.56,39.03,42.05,Hazardous
2026-03-25 07:21:00 UTC,256,263,54.92,2047.24,35.62,51.62,Hazardous
2026-03-25 07:21:10 UTC,264,268,36.76,2050.97,36.34,47.98,Hazardous
2026-03-25 07:21:20 UTC,274,277,41.65,2078.92,36.62,46.49,Hazardous
2026-03-25 07:21:30 UTC,242,246,35.03,2032.87,39.86,39.32,Hazardous
2026-03-25 07:21:40 UTC,251,255,65.35,2120.98,38.9,47.74,Hazardous
2026-03-25 07:21:50 UTC,232,256,38.74,2102.87,33.44,53.37,Hazardous
2026-03-25 07:22:00 UTC,246,247,37.64,2069.33,32.2,54.61,Hazardous
2026-03-25 07:22:10 UTC,251,248,64.83,2114.05,38.11,46.78,Hazardous
2026-03-25 07:22:20 UTC,255,256,66.01,2109.53,38.33,47.84,Hazardous
2026-03-25 07:22:30 UTC,274,288,35.09,2044.05,33.73,49.55,Hazardous
2026-03-25 07:22:40 UTC,261,260,60.08,2092.23,38.89,47.65,Hazardous
2026-03-25 07:22:50 UTC,283,294,40.17,2079.98,33.71,54.38,Hazardous
2026-03-25 07:23:00 UTC,225,222,35.16,2045.38,30.51,57.64,Hazardous
2026-03-25 07:23:10 UTC,240,241,38.37,2085.84,32.6,54.43,Hazardous
2026-03-25 07:23:20 UTC,221,228,37.91,2089.3,29.82,60.41,Hazardous
2026-03-25 07:23:30 UTC,262,267,41.03,2085.31,36.17,47.67,Hazardous
2026-03-25 07:23:40 UTC,240,245,34.82,2049.91,32.18,55.8,Hazardous
2026-03-25 07:23:50 UTC,258,268,34.98,2070.13,31.68,57.54,Hazardous
2026-03-25 07:24:00 UTC,247,249,35.31,2047.24,32.0,53.63,Hazardous
2026-03-25 07:24:10 UTC,243,248,34.61,2064.54,32.52,53.14,Hazardous
2026-03-25 07:24:20 UTC,249,257,66.03,2103.94,38.02,48.28,Hazardous
2026-03-25 07:24:30 UTC,247,263,34.58,2052.83,31.75,56.76,Hazardous
2026-03-25 07:24:40 UTC,258,270,36.44,2052.04,35.97,47.88,Hazardous
2026-03-25 07:24:50 UTC,243,251,37.02,2055.5,39.63,42.16,Hazardous
2026-03-25 07:25:00 UTC,249,247,58.85,2085.84,37.45,48.17,Hazardous
2026-03-25 07:25:10 UTC,219,217,36.25,2050.97,30.43,58.46,Hazardous
2026-03-25 07:25:20 UTC,259,255,61.85,2077.59,38.7,46.54,Hazardous
2026-03-25 07:25:30 UTC,224,236,35.05,2035.27,30.34,57.15,Hazardous
2026-03-25 07:25:40 UTC,247,259,43.3,2108.46,38.1,42.47,Hazardous
2026-03-25 07:25:50 UTC,238,241,37.79,2085.57,32.26,53.45,Hazardous
2026-03-25 07:26:00 UTC,270,276,52.61,2036.86,35.13,52.22,Hazardous
2026-03-25 07:26:10 UTC,257,278,34.73,2056.56,31.74,55.36,Hazardous
2026-03-25 07:26:20 UTC,273,270,60.34,2084.77,36.54,50.11,Hazardous
2026-03-25 07:26:30 UTC,245,241,38.7,2093.29,32.79,53.77,Hazardous
2026-03-25 07:26:40 UTC,262,270,41.48,2095.95,36.94,46.93,Hazardous
2026-03-25 07:26:50 UTC,277,280,59.9,2079.45,36.88,49.4,Hazardous
2026-03-25 07:27:00 UTC,259,269,63.14,2106.33,36.82,50.39,Hazardous
2026-03-25 07:27:10 UTC,252,251,43.44,2118.31,38.91,44.41,Hazardous
2026-03-25 07:27:20 UTC,250,259,35.38,2052.57,31.1,57.76,Hazardous
2026-03-25 07:27:30 UTC,263,259,54.44,2050.17,35.64,54.33,Hazardous
2026-03-25 07:27:40 UTC,120,130,38.75,2090.9,33.2,52.11,Hazardous
2026-03-25 07:27:50 UTC,263,266,52.33,2032.34,35.75,54.65,Hazardous
2026-03-25 07:28:00 UTC,283,307,39.87,2093.29,34.3,52.61,Hazardous
2026-03-25 07:28:10 UTC,289,296,62.38,2092.23,35.41,54.3,Hazardous
2026-03-25 07:28:20 UTC,279,301,40.1,2091.96,34.3,53.04,Hazardous
2026-03-25 07:28:30 UTC,272,278,60.91,2082.38,36.61,49.64,Hazardous
2026-03-25 07:28:40 UTC,169,169,33.89,2046.71,33.25,53.84,Hazardous
2026-03-25 07:28:50 UTC,263,267,59.29,2061.09,35.67,53.04,Hazardous
2026-03-25 07:29:00 UTC,255,264,38.78,2082.38,31.55,57.32,Hazardous
2026-03-25 07:29:10 UTC,225,221,36.0,2051.24,30.45,58.59,Hazardous
2026-03-25 07:29:20 UTC,269,272,34.93,2064.01,36.83,46.77,Hazardous
2026-03-25 07:29:30 UTC,267,273,57.79,2071.2,37.7,49.71,Hazardous
2026-03-25 07:29:40 UTC,244,249,35.11,2042.72,40.66,39.23,Hazardous
2026-03-25 07:29:50 UTC,285,281,63.82,2107.13,36.79,49.53,Hazardous
2026-03-25 07:30:00 UTC,264,271,35.72,2067.48,33.73,52.07,Hazardous
2026-03-25 07:30:10 UTC,221,227,37.5,2033.94,30.0,59.18,Hazardous
2026-03-25 07:30:20 UTC,276,270,60.43,2094.63,36.72,49.63,Hazardous
2026-03-25 07:30:30 UTC,264,261,37.51,2073.6,35.52,48.35,Hazardous
2026-03-25 07:30:40 UTC,224,229,35.98,2104.21,29.12,63.1,Hazardous
2026-03-25 07:30:50 UTC,248,250,53.17,2041.92,35.81,51.36,Hazardous
2026-03-25 07:31:00 UTC,245,247,35.02,2050.71,32.28,55.25,Hazardous
2026-03-25 07:31:10 UTC,231,231,40.49,2075.99,30.51,58.95,Hazardous
2026-03-25 07:31:20 UTC,120,122,39.21,2076.79,33.23,52.34,Hazardous
2026-03-25 07:31:30 UTC,268,275,39.98,2102.87,35.57,48.96,Hazardous
2026-03-25 07:31:40 UTC,258,253,63.69,2114.59,37.33,48.49,Hazardous
2026-03-25 07:31:50 UTC,286,289,58.66,2091.69,37.56,49.86,Hazardous
2026-03-25 07:32:00 UTC,263,260,65.0,2110.6,36.88,51.15,Hazardous
2026-03-25 07:32:10 UTC,272,276,63.15,2106.07,37.5,49.67,Hazardous
2026-03-25 07:32:20 UTC,266,279,36.28,2053.36,36.52,45.93,Hazardous
2026-03-25 07:32:30 UTC,290,285,65.02,2120.98,37.06,50.01,Hazardous
2026-03-25 07:32:40 UTC,261,264,55.39,2048.84,35.75,53.68,Hazardous
2026-03-25 07:32:50 UTC,304,336,38.82,2081.58,34.33,52.22,Hazardous
2026-03-25 07:33:00 UTC,224,225,42.51,2077.59,30.36,58.67,Hazardous
2026-03-25 07:33:10 UTC,196,225,34.91,2052.3,33.26,51.04,Hazardous
2026-03-25 07:33:20 UTC,253,260,60.84,2085.84,38.84,47.05,Hazardous
2026-03-25 07:33:30 UTC,247,249,42.56,2111.13,38.97,41.38,Hazardous
2026-03-25 07:33:40 UTC,241,243,34.61,2048.04,32.26,54.64,Hazardous
2026-03-25 07:33:50 UTC,228,232,35.49,2068.54,30.65,57.69,Hazardous
2026-03-25 07:34:00 UTC,303,344,36.96,2048.04,35.03,50.74,Hazardous
2026-03-25 07:34:10 UTC,262,287,34.72,2064.54,31.32,57.14,Hazardous
2026-03-25 07:34:20 UTC,258,256,54.9,2043.25,34.47,56.55,Hazardous
2026-03-25 07:34:30 UTC,279,285,58.88,2083.98,37.57,50.94,Hazardous
2026-03-25 07:34:40 UTC,244,245,42.03,2099.42,39.63,42.28,Hazardous
2026-03-25 07:34:50 UTC,255,254,54.84,2066.41,35.12,56.44,Hazardous
2026-03-25 07:35:00 UTC,263,263,41.07,2093.29,37.83,46.81,Hazardous
2026-03-25 07:35:10 UTC,257,263,60.51,2075.19,37.21,50.82,Hazardous
2026-03-25 07:35:20 UTC,264,270,40.87,2082.65,33.77,52.59,Hazardous
2026-03-25 07:35:30 UTC,256,258,52.18,2047.24,35.82,52.46,Hazardous
2026-03-25 07:35:40 UTC,211,208,33.17,2062.95,29.18,61.87,Hazardous
2026-03-25 07:35:50 UTC,223,228,32.4,2058.95,29.13,63.29,Hazardous
2026-03-25 07:36:00 UTC,248,249,37.18,2064.01,39.8,41.4,Hazardous
2026-03-25 07:36:10 UTC,245,249,38.88,2075.72,40.21,39.2,Hazardous
2026-03-25 07:36:20 UTC,225,232,36.66,2057.89,30.59,58.07,Hazardous
2026-03-25 07:36:30 UTC,233,233,37.52,2053.63,29.59,61.76,Hazardous
2026-03-25 07:36:40 UTC,257,260,37.15,2064.54,37.39,47.24,Hazardous
2026-03-25 07:36:50 UTC,253,271,33.2,2033.4,31.67,57.97,Hazardous
2026-03-25 07:37:00 UTC,254,249,63.2,2095.69,38.84,44.77,Hazardous
2026-03-25 07:37:10 UTC,224,225,33.6,2068.27,29.23,63.62,Hazardous
2026-03-25 07:37:20 UTC,269,267,35.52,2054.16,33.46,51.72,Hazardous
2026-03-25 07:37:30 UTC,237,233,39.37,2074.39,34.06,51.82,Hazardous
2026-03-25 07:37:40 UTC,251,250,34.43,2056.56,32.75,54.06,Hazardous
2026-03-25 07:37:50 UTC,246,245,40.12,2097.02,40.17,39.8,Hazardous
2026-03-25 07:38:00 UTC,302,332,36.33,2050.17,34.14,51.97,Hazardous
2026-03-25 07:38:10 UTC,253,266,34.34,2051.77,31.71,56.45,Hazardous
2026-03-25 07:38:20 UTC,218,221,34.67,2065.34,29.98,58.29,Hazardous
2026-03-25 07:38:30 UTC,241,247,55.12,2065.34,34.56,59.59,Hazardous
2026-03-25 07:38:40 UTC,167,167,35.23,2061.62,33.06,54.16,Hazardous
2026-03-25 07:38:50 UTC,245,252,60.92,2096.75,38.18,47.96,Hazardous
2026-03-25 07:39:00 UTC,254,279,35.35,2058.15,31.49,57.41,Hazardous
2026-03-25 07:39:10 UTC,263,274,35.62,2057.89,33.38,55.48,Hazardous
2026-03-25 07:39:20 UTC,238,241,38.8,2087.17,40.43,39.09,Hazardous
2026-03-25 07:39:30 UTC,264,269,52.12,2033.94,35.87,54.58,Hazardous
2026-03-25 07:39:40 UTC,243,236,38.49,2065.08,40.43,39.35,Hazardous
2026-03-25 07:39:50 UTC,665,760,81.29,2183.53,35.15,54.4,Hazardous
2026-03-25 07:40:00 UTC,257,266,64.82,2107.13,36.5,51.09,Hazardous
2026-03-25 07:40:10 UTC,221,228,36.57,2058.15,29.49,63.16,Hazardous
2026-03-25 07:40:20 UTC,312,335,68.2,2127.1,35.29,54.17,Hazardous
2026-03-25 07:40:30 UTC,253,259,60.46,2086.9,38.89,46.05,Hazardous
2026-03-25 07:40:40 UTC,246,251,41.39,2101.28,39.73,40.49,Hazardous
2026-03-25 07:40:50 UTC,230,230,40.42,2107.4,29.35,61.86,Hazardous
2026-03-25 07:41:00 UTC,252,253,58.49,2073.6,35.6,52.56,Hazardous
2026-03-25 07:41:10 UTC,242,248,35.05,2033.4,40.62,39.42,Hazardous
2026-03-25 07:41:20 UTC,224,222,32.8,2066.14,29.16,62.72,Hazardous
2026-03-25 07:41:30 UTC,247,254,38.86,2090.36,31.23,56.58,Hazardous
2026-03-25 07:41:40 UTC,268,269,65.63,2106.87,37.26,51.3,Hazardous
2026-03-25 07:41:50 UTC,245,250,64.75,2118.85,38.78,47.2,Hazardous
2026-03-25 07:42:00 UTC,256,265,35.02,2052.3,31.41,57.35,Hazardous
2026-03-25 07:42:10 UTC,251,248,33.08,2054.16,32.68,53.13,Hazardous
2026-03-25 07:42:20 UTC,253,248,34.28,2059.49,32.62,53.77,Hazardous
2026-03-25 07:42:30 UTC,185,193,37.37,2082.65,33.2,54.27,Hazardous
2026-03-25 07:42:40 UTC,250,258,38.87,2080.78,31.42,57.27,Hazardous
2026-03-25 07:42:50 UTC,280,281,58.07,2070.13,37.12,50.77,Hazardous
2026-03-25 07:43:00 UTC,243,252,38.2,2084.51,31.55,53.44,Hazardous
2026-03-25 07:43:10 UTC,132,135,34.84,2075.46,33.21,52.79,Hazardous
2026-03-25 07:43:20 UTC,275,268,64.25,2114.32,37.33,48.94,Hazardous
2026-03-25 07:43:30 UTC,234,243,34.86,2056.3,32.19,55.81,Hazardous
2026-03-25 07:43:40 UTC,253,252,65.24,2112.99,38.54,46.42,Hazardous
2026-03-25 07:43:50 UTC,252,249,60.03,2086.37,35.17,56.57,Hazardous
2026-03-25 07:44:00 UTC,273,280,36.55,2065.88,33.85,50.81,Hazardous
2026-03-25 07:44:10 UTC,244,254,33.28,2044.32,31.77,52.81,Hazardous
2026-03-25 07:44:20 UTC,128,132,38.57,2078.66,33.51,52.81,Hazardous
2026-03-25 07:44:30 UTC,220,218,33.63,2061.35,29.73,58.58,Hazardous
2026-03-25 07:44:40 UTC,250,248,65.56,2102.87,38.43,46.17,Hazardous
2026-03-25 07:44:50 UTC,254,250,51.2,2017.16,35.6,51.78,Hazardous
2026-03-25 07:45:00 UTC,261,284,37.82,2064.28,31.2,54.72,Hazardous
2026-03-25 07:45:10 UTC,274,275,65.13,2112.99,36.37,52.26,Hazardous
2026-03-25 07:45:20 UTC,216,223,37.78,2061.35,30.48,58.7,Hazardous
2026-03-25 07:45:30 UTC,121,122,32.48,2040.59,33.39,51.63,Hazardous
2026-03-25 07:45:40 UTC,252,246,36.33,2045.91,39.1,43.07,Hazardous
2026-03-25 07:45:50 UTC,248,247,60.15,2071.2,35.7,52.76,Hazardous
2026-03-25 07:46:00 UTC,285,309,38.92,2082.65,35.18,50.6,Hazardous
2026-03-25 07:46:10 UTC,377,466,39.25,2083.71,34.57,53.45,Hazardous
2026-03-25 07:46:20 UTC,275,272,62.25,2100.22,36.87,49.13,Hazardous
2026-03-25 07:46:30 UTC,125,120,38.26,2099.68,33.53,50.42,Hazardous
2026-03-25 07:46:40 UTC,284,284,65.53,2103.41,36.82,50.42,Hazardous
2026-03-25 07:46:50 UTC,266,267,41.32,2091.43,36.27,46.58,Hazardous
2026-03-25 07:47:00 UTC,236,238,34.92,2042.18,32.19,53.19,Hazardous
2026-03-25 07:47:10 UTC,237,238,36.34,2049.11,30.32,59.09,Hazardous
2026-03-25 07:47:20 UTC,265,268,61.16,2100.74,37.04,51.84,Hazardous
2026-03-25 07:47:30 UTC,226,229,38.92,2083.45,29.78,61.96,Hazardous
2026-03-25 07:47:40 UTC,262,259,64.95,2119.65,36.65,51.44,Hazardous
2026-03-25 07:47:50 UTC,254,254,59.09,2071.2,38.12,47.34,Hazardous
2026-03-25 07:48:00 UTC,262,262,53.63,2032.07,35.75,52.88,Hazardous
2026-03-25 07:48:10 UTC,268,280,62.31,2090.36,36.71,50.82,Hazardous
2026-03-25 07:48:20 UTC,246,253,33.66,2053.1,31.6,53.99,Hazardous
2026-03-25 07:48:30 UTC,152,162,38.29,2089.04,33.38,50.31,Hazardous
2026-03-25 07:48:40 UTC,260,281,34.31,2048.57,31.5,56.97,Hazardous
2026-03-25 07:48:50 UTC,244,245,38.18,2079.45,30.71,58.89,Hazardous
2026-03-25 07:49:00 UTC,224,229,33.54,2066.14,29.02,62.7,Hazardous
2026-03-25 07:49:10 UTC,224,230,35.03,2073.33,29.43,61.66,Hazardous
2026-03-25 07:49:20 UTC,253,261,35.8,2070.67,33.74,51.1,Hazardous
2026-03-25 07:49:30 UTC,278,319,33.91,2042.45,31.38,57.79,Hazardous
2026-03-25 07:49:40 UTC,146,149,39.48,2091.69,33.22,53.81,Hazardous
2026-03-25 07:49:50 UTC,124,126,37.63,2091.16,33.52,50.92,Hazardous
2026-03-25 07:50:00 UTC,218,225,34.92,2049.37,30.01,58.24,Hazardous
2026-03-25 07:50:10 UTC,243,247,37.73,2065.61,40.53,39.85,Hazardous
2026-03-25 07:50:20 UTC,236,243,34.94,2047.51,31.74,54.79,Hazardous
2026-03-25 07:50:30 UTC,251,259,54.94,2044.85,35.68,52.03,Hazardous
2026-03-25 07:50:40 UTC,279,281,59.27,2083.18,37.74,49.94,Hazardous
2026-03-25 07:50:50 UTC,130,130,33.16,2048.04,33.21,50.48,Hazardous
2026-03-25 07:51:00 UTC,219,224,35.35,2062.68,30.42,57.67,Hazardous
2026-03-25 07:51:10 UTC,222,217,40.99,2085.84,29.74,60.01,Hazardous
2026-03-25 07:51:20 UTC,122,130,38.55,2041.12,29.52,61.74,Hazardous
2026-03-25 07:51:30 UTC,261,255,54.58,2046.71,35.58,53.39,Hazardous
2026-03-25 07:51:40 UTC,244,250,32.41,2047.77,32.36,54.34,Hazardous
2026-03-25 07:51:50 UTC,289,286,65.51,2103.14,36.76,49.67,Hazardous
2026-03-25 07:52:00 UTC,298,331,36.07,2073.33,34.33,52.11,Hazardous
2026-03-25 07:52:10 UTC,260,266,36.42,2060.55,35.97,47.38,Hazardous
2026-03-25 07:52:20 UTC,258,254,60.02,2078.39,38.7,47.29,Hazardous
2026-03-25 07:52:30 UTC,235,247,41.88,2087.17,39.53,41.85,Hazardous
2026-03-25 07:52:40 UTC,236,244,35.14,2050.17,30.47,58.91,Hazardous
2026-03-25 07:52:50 UTC,262,261,59.08,2091.69,36.76,50.11,Hazardous
2026-03-25 07:53:00 UTC,264,273,36.09,2042.45,36.73,45.15,Hazardous
2026-03-25 07:53:10 UTC,135,139,34.84,2050.17,33.59,51.88,Hazardous
2026-03-25 07:53:20 UTC,281,282,58.68,2080.51,37.71,51.8,Hazardous
2026-03-25 07:53:30 UTC,252,257,60.4,2096.22,36.43,51.13,Hazardous
2026-03-25 07:53:40 UTC,258,271,38.66,2093.03,31.59,58.15,Hazardous
2026-03-25 07:53:50 UTC,239,243,38.79,2085.31,32.71,53.88,Hazardous
2026-03-25 07:54:00 UTC,249,261,38.74,2086.37,38.71,43.62,Hazardous
2026-03-25 07:54:10 UTC,221,225,39.94,2093.56,30.46,58.28,Hazardous
2026-03-25 07:54:20 UTC,221,219,33.2,2048.57,30.03,60.29,Hazardous
2026-03-25 07:54:30 UTC,248,256,60.88,2084.25,35.38,52.95,Hazardous
2026-03-25 07:54:40 UTC,238,241,35.07,2055.23,31.93,56.54,Hazardous
2026-03-25 07:54:50 UTC,232,232,35.64,2045.12,30.85,57.33,Hazardous
2026-03-25 07:55:00 UTC,211,220,36.79,2090.63,29.15,63.02,Hazardous
2026-03-25 07:55:10 UTC,254,260,33.44,2050.97,31.81,57.06,Hazardous
2026-03-25 07:55:20 UTC,239,250,35.52,2053.9,32.38,55.73,Hazardous
2026-03-25 07:55:30 UTC,250,257,61.18,2087.44,38.86,47.53,Hazardous
2026-03-25 07:55:40 UTC,247,239,33.83,2042.72,32.2,53.79,Hazardous
2026-03-25 07:55:50 UTC,275,271,59.23,2078.92,37.34,48.73,Hazardous
2026-03-25 07:56:00 UTC,256,253,38.78,2074.66,37.95,43.5,Hazardous
2026-03-25 07:56:10 UTC,256,263,63.05,2111.13,35.19,54.11,Hazardous
2026-03-25 07:56:20 UTC,235,240,36.48,2067.21,30.62,59.42,Hazardous
2026-03-25 07:56:30 UTC,253,258,52.1,2023.02,35.67,52.53,Hazardous
2026-03-25 07:56:40 UTC,330,400,35.3,2063.74,31.99,55.89,Hazardous
2026-03-25 07:56:50 UTC,255,261,35.36,2060.02,31.75,53.63,Hazardous
2026-03-25 07:57:00 UTC,275,276,62.59,2110.86,36.81,50.37,Hazardous
2026-03-25 07:57:10 UTC,258,251,58.87,2081.05,35.47,53.26,Hazardous
2026-03-25 07:57:20 UTC,219,219,37.3,2091.43,29.35,63.13,Hazardous
2026-03-25 07:57:30 UTC,252,253,44.74,2106.6,38.38,43.25,Hazardous
2026-03-25 07:57:40 UTC,273,280,40.53,2075.99,34.96,50.84,Hazardous
2026-03-25 07:57:50 UTC,247,249,37.89,2062.15,39.25,41.12,Hazardous
2026-03-25 07:58:00 UTC,135,137,34.8,2056.3,33.37,51.71,Hazardous
2026-03-25 07:58:10 UTC,228,235,39.48,2102.34,30.61,56.56,Hazardous
2026-03-25 07:58:20 UTC,286,286,60.76,2102.08,36.59,48.56,Hazardous
2026-03-25 07:58:30 UTC,281,302,40.27,2089.83,34.3,52.6,Hazardous
2026-03-25 07:58:40 UTC,247,256,35.37,2055.76,31.14,57.99,Hazardous
2026-03-25 07:58:50 UTC,168,169,35.34,2079.18,33.29,54.41,Hazardous
2026-03-25 07:59:00 UTC,280,283,65.53,2113.79,36.87,50.36,Hazardous
2026-03-25 07:59:10 UTC,252,254,53.89,2050.71,35.82,51.76,Hazardous
2026-03-25 07:59:20 UTC,247,261,39.07,2093.83,31.11,55.27,Hazardous
2026-03-25 07:59:30 UTC,215,219,40.78,2077.86,30.29,58.86,Hazardous
2026-03-25 07:59:40 UTC,118,130,32.91,2044.32,33.55,51.21,Hazardous
2026-03-25 07:59:50 UTC,277,275,59.6,2072.8,36.51,49.66,Hazardous
2026-03-25 08:00:00 UTC,230,224,33.72,2057.89,29.26,63.46,Hazardous
2026-03-25 08:00:10 UTC,255,255,63.36,2111.13,39.05,45.17,Hazardous
2026-03-25 08:00:20 UTC,287,293,40.17,2079.18,33.57,54.31,Hazardous
2026-03-25 08:00:30 UTC,246,241,38.34,2081.85,40.65,39.61,Hazardous
2026-03-25 08:00:40 UTC,249,258,59.84,2089.04,38.89,47.26,Hazardous
2026-03-25 08:00:50 UTC,229,233,38.06,2066.41,30.61,57.35,Hazardous
2026-03-25 08:01:00 UTC,255,247,36.84,2072.0,40.1,41.28,Hazardous
2026-03-25 08:01:10 UTC,246,244,33.62,2052.3,32.14,53.97,Hazardous
2026-03-25 08:01:20 UTC,260,273,36.35,2050.97,36.15,47.32,Hazardous
2026-03-25 08:01:30 UTC,218,230,36.35,2059.49,30.58,57.44,Hazardous
2026-03-25 08:01:40 UTC,283,277,61.1,2087.97,36.28,52.88,Hazardous
2026-03-25 08:01:50 UTC,230,234,36.81,2047.24,30.35,58.5,Hazardous
2026-03-25 08:02:00 UTC,224,226,40.84,2083.98,30.52,57.11,Hazardous
2026-03-25 08:02:10 UTC,249,245,37.51,2059.22,38.8,42.16,Hazardous
2026-03-25 08:02:20 UTC,232,232,36.68,2050.71,30.59,58.2,Hazardous
2026-03-25 08:02:30 UTC,270,268,52.23,2036.33,34.7,54.57,Hazardous
2026-03-25 08:02:40 UTC,257,265,39.95,2087.7,33.61,53.67,Hazardous
2026-03-25 08:02:50 UTC,262,257,53.8,2044.32,35.76,53.37,Hazardous
2026-03-25 08:03:00 UTC,280,283,65.61,2115.39,36.93,50.64,Hazardous
2026-03-25 08:03:10 UTC,220,230,36.36,2062.42,30.25,59.12,Hazardous
2026-03-25 08:03:20 UTC,240,254,38.12,2088.5,31.99,54.55,Hazardous
2026-03-25 08:03:30 UTC,259,280,39.18,2082.11,31.26,57.34,Hazardous
2026-03-25 08:03:40 UTC,252,255,64.39,2091.69,38.6,46.13,Hazardous
2026-03-25 08:03:50 UTC,267,264,61.65,2088.77,35.14,52.68,Hazardous
2026-03-25 08:04:00 UTC,255,255,55.16,2048.04,35.76,53.07,Hazardous
2026-03-25 08:04:10 UTC,253,257,35.47,2064.01,32.34,55.16,Hazardous
2026-03-25 08:04:20 UTC,216,221,37.83,2039.53,30.2,60.02,Hazardous
2026-03-25 08:04:30 UTC,279,278,59.62,2075.19,37.55,49.22,Hazardous
2026-03-25 08:04:40 UTC,269,277,60.05,2080.51,36.6,49.46,Hazardous
2026-03-25 08:04:50 UTC,227,230,36.16,2052.83,30.39,59.02,Hazardous
2026-03-25 08:05:00 UTC,252,248,37.65,2082.65,31.5,53.97,Hazardous
2026-03-25 08:05:10 UTC,235,245,38.85,2090.36,31.82,55.93,Hazardous
2026-03-25 08:05:20 UTC,256,260,53.95,2055.23,35.95,51.11,Hazardous
2026-03-25 08:05:30 UTC,224,223,40.1,2073.33,30.19,58.84,Hazardous
2026-03-25 08:05:40 UTC,223,224,37.71,2095.42,29.49,62.6,Hazardous
2026-03-25 08:05:50 UTC,250,259,35.75,2067.74,33.67,53.11,Hazardous
2026-03-25 08:06:00 UTC,214,220,32.26,2058.69,29.12,62.14,Hazardous
2026-03-25 08:06:10 UTC,267,283,35.13,2059.75,31.1,57.83,Hazardous
2026-03-25 08:06:20 UTC,245,253,37.33,2055.76,39.91,41.01,Hazardous
2026-03-25 08:06:30 UTC,129,131,35.17,2050.44,33.36,52.07,Hazardous
2026-03-25 08:06:40 UTC,252,248,54.34,2044.05,35.72,53.14,Hazardous
2026-03-25 08:06:50 UTC,221,229,37.53,2037.39,30.06,59.77,Hazardous
2026-03-25 08:07:00 UTC,165,164,34.95,2058.95,33.25,54.17,Hazardous
2026-03-25 08:07:10 UTC,247,251,40.81,2085.04,39.97,41.27,Hazardous
2026-03-25 08:07:20 UTC,287,321,35.38,2069.33,31.64,54.93,Hazardous
2026-03-25 08:07:30 UTC,229,245,35.2,2055.5,30.66,58.7,Hazardous
2026-03-25 08:07:40 UTC,256,259,63.53,2103.94,37.58,48.47,Hazardous
2026-03-25 08:07:50 UTC,239,244,35.34,2053.63,40.4,39.36,Hazardous
2026-03-25 08:08:00 UTC,267,267,40.77,2102.87,36.77,46.89,Hazardous
2026-03-25 08:08:10 UTC,235,242,34.94,2057.89,32.04,54.33,Hazardous
2026-03-25 08:08:20 UTC,250,257,35.23,2062.95,31.66,54.06,Hazardous
2026-03-25 08:08:30 UTC,302,355,37.64,2084.51,31.73,56.34,Hazardous
2026-03-25 08:08:40 UTC,250,251,61.0,2068.54,35.69,52.79,Hazardous
2026-03-25 08:08:50 UTC,255,251,59.85,2094.89,38.11,47.11,Hazardous
2026-03-25 08:09:00 UTC,219,224,37.76,2067.48,30.2,59.03,Hazardous
2026-03-25 08:09:10 UTC,294,322,35.26,2054.43,34.04,51.93,Hazardous
2026-03-25 08:09:20 UTC,227,234,34.86,2062.15,29.53,62.66,Hazardous
2026-03-25 08:09:30 UTC,223,229,35.24,2065.34,29.25,61.93,Hazardous
2026-03-25 08:09:40 UTC,262,258,60.95,2070.4,34.89,56.18,Hazardous
2026-03-25 08:09:50 UTC,257,260,64.83,2099.68,38.38,49.03,Hazardous
2026-03-25 08:10:00 UTC,288,281,61.37,2099.68,36.85,51.07,Hazardous
2026-03-25 08:10:10 UTC,124,128,38.61,2054.7,29.6,62.39,Hazardous
2026-03-25 08:10:20 UTC,269,272,36.14,2069.6,36.59,46.76,Hazardous
2026-03-25 08:10:30 UTC,223,229,42.5,2089.04,30.13,58.37,Hazardous
2026-03-25 08:10:40 UTC,251,251,42.68,2094.89,38.92,41.77,Hazardous
2026-03-25 08:10:50 UTC,250,257,59.5,2078.92,38.69,47.44,Hazardous
2026-03-25 08:11:00 UTC,255,267,38.49,2091.16,31.76,58.1,Hazardous
2026-03-25 08:11:10 UTC,244,249,53.43,2049.11,35.31,55.53,Hazardous
2026-03-25 08:11:20 UTC,242,245,35.27,2048.57,34.11,50.35,Hazardous
2026-03-25 08:11:30 UTC,258,257,37.51,2074.92,37.9,42.73,Hazardous
2026-03-25 08:11:40 UTC,258,249,60.76,2080.25,35.44,51.77,Hazardous
2026-03-25 08:11:50 UTC,277,302,35.05,2045.91,31.75,57.82,Hazardous
2026-03-25 08:12:00 UTC,242,246,58.71,2076.26,37.83,47.02,Hazardous
2026-03-25 08:12:10 UTC,306,308,126.12,2345.63,35.09,54.7,Hazardous
2026-03-25 08:12:20 UTC,234,238,34.06,2053.63,31.83,56.35,Hazardous
2026-03-25 08:12:30 UTC,271,273,35.18,2053.36,35.8,48.94,Hazardous
2026-03-25 08:12:40 UTC,294,351,37.64,2065.34,31.58,56.22,Hazardous
2026-03-25 08:12:50 UTC,256,274,34.01,2044.32,31.4,57.36,Hazardous
2026-03-25 08:13:00 UTC,259,266,33.76,2053.1,31.69,57.42,Hazardous
2026-03-25 08:13:10 UTC,254,250,65.89,2106.33,39.0,47.62,Hazardous
2026-03-25 08:13:20 UTC,251,260,52.89,2045.38,35.63,52.95,Hazardous
2026-03-25 08:13:30 UTC,277,272,64.19,2109.53,37.68,48.9,Hazardous
2026-03-25 08:13:40 UTC,255,260,54.98,2039.79,34.97,55.97,Hazardous
2026-03-25 08:13:50 UTC,224,232,38.77,2101.54,29.63,62.48,Hazardous
2026-03-25 08:14:00 UTC,199,206,38.41,2099.68,33.0,53.94,Hazardous
2026-03-25 08:14:10 UTC,265,271,65.93,2106.87,35.25,52.85,Hazardous
2026-03-25 08:14:20 UTC,240,250,37.99,2083.71,30.79,58.21,Hazardous
2026-03-25 08:14:30 UTC,213,220,32.78,2069.33,29.25,62.7,Hazardous
2026-03-25 08:14:40 UTC,249,257,38.31,2074.92,39.12,41.31,Hazardous
2026-03-25 08:14:50 UTC,202,210,38.79,2083.18,32.8,53.56,Hazardous
2026-03-25 08:15:00 UTC,224,226,33.09,2064.28,29.08,62.89,Hazardous
2026-03-25 08:15:10 UTC,262,266,36.03,2053.36,37.6,45.11,Hazardous
2026-03-25 08:15:20 UTC,252,261,38.09,2069.33,37.96,42.2,Hazardous
2026-03-25 08:15:30 UTC,227,223,36.68,2072.27,30.17,59.12,Hazardous
2026-03-25 08:15:40 UTC,226,219,34.53,2065.08,30.03,57.56,Hazardous
2026-03-25 08:15:50 UTC,224,229,34.44,2051.24,29.87,59.74,Hazardous
2026-03-25 08:16:00 UTC,182,187,37.35,2072.8,32.9,54.96,Hazardous
2026-03-25 08:16:10 UTC,253,250,33.8,2055.23,32.73,53.82,Hazardous
2026-03-25 08:16:20 UTC,275,270,59.18,2074.39,36.98,50.52,Hazardous
2026-03-25 08:16:30 UTC,269,278,60.57,2098.35,36.88,49.7,Hazardous
2026-03-25 08:16:40 UTC,247,243,38.3,2072.27,39.1,41.31,Hazardous
2026-03-25 08:16:50 UTC,250,245,58.42,2077.59,35.73,53.19,Hazardous
2026-03-25 08:17:00 UTC,249,249,62.93,2103.14,37.77,47.95,Hazardous
2026-03-25 08:17:10 UTC,260,260,53.55,2038.73,35.61,52.74,Hazardous
2026-03-25 08:17:20 UTC,241,251,37.3,2048.31,39.76,41.37,Hazardous
2026-03-25 08:17:30 UTC,268,274,60.84,2079.18,36.78,50.26,Hazardous
2026-03-25 08:17:40 UTC,229,241,36.72,2056.03,30.47,59.35,Hazardous
2026-03-25 08:17:50 UTC,226,232,35.49,2078.92,29.7,62.36,Hazardous
2026-03-25 08:18:00 UTC,195,196,35.43,2054.96,33.28,54.77,Hazardous
2026-03-25 08:18:10 UTC,222,233,40.41,2092.49,29.32,63.3,Hazardous
2026-03-25 08:18:20 UTC,273,276,64.96,2106.33,35.58,53.6,Hazardous
2026-03-25 08:18:30 UTC,263,254,54.52,2048.04,34.78,57.04,Hazardous
2026-03-25 08:18:40 UTC,252,252,51.85,2021.96,35.65,52.94,Hazardous
2026-03-25 08:18:50 UTC,235,243,38.23,2081.85,39.77,41.11,Hazardous
2026-03-25 08:19:00 UTC,250,259,64.73,2100.74,38.42,47.41,Hazardous
2026-03-25 08:19:10 UTC,241,250,36.15,2053.36,40.11,39.1,Hazardous
2026-03-25 08:19:20 UTC,246,253,54.99,2038.73,35.7,54.0,Hazardous
2026-03-25 08:19:30 UTC,268,277,38.57,2093.56,33.56,50.68,Hazardous
2026-03-25 08:19:40 UTC,254,265,59.53,2071.2,38.64,49.24,Hazardous
2026-03-25 08:19:50 UTC,229,230,34.91,2084.51,29.02,62.96,Hazardous
2026-03-25 08:20:00 UTC,262,258,63.76,2097.55,38.63,45.93,Hazardous
2026-03-25 08:20:10 UTC,277,275,65.46,2114.05,36.8,50.72,Hazardous
2026-03-25 08:20:20 UTC,243,244,35.74,2059.22,30.91,57.5,Hazardous
2026-03-25 08:20:30 UTC,243,247,39.33,2079.18,32.36,55.02,Hazardous
2026-03-25 08:20:40 UTC,253,252,54.44,2060.82,34.99,56.86,Hazardous
2026-03-25 08:20:50 UTC,297,338,35.24,2067.48,34.57,51.27,Hazardous
2026-03-25 08:21:00 UTC,223,227,34.98,2028.88,30.38,57.47,Hazardous
2026-03-25 08:21:10 UTC,241,246,34.98,2053.36,32.24,56.35,Hazardous
2026-03-25 08:21:20 UTC,267,268,60.15,2093.03,36.8,51.83,Hazardous
2026-03-25 08:21:30 UTC,282,320,34.97,2058.95,31.3,57.5,Hazardous
2026-03-25 08:21:40 UTC,285,286,60.15,2076.79,36.95,49.61,Hazardous
2026-03-25 08:21:50 UTC,260,272,35.84,2063.48,36.48,46.03,Hazardous
2026-03-25 08:22:00 UTC,251,256,56.64,2056.03,35.37,55.98,Hazardous
2026-03-25 08:22:10 UTC,262,265,52.64,2033.14,34.97,53.21,Hazardous
2026-03-25 08:22:20 UTC,249,249,39.91,2077.06,31.23,56.76,Hazardous
2026-03-25 08:22:30 UTC,130,137,34.24,2064.28,33.39,53.3,Hazardous
2026-03-25 08:22:40 UTC,252,251,53.28,2033.94,35.41,52.79,Hazardous
2026-03-25 08:22:50 UTC,229,228,35.57,2063.22,30.03,59.83,Hazardous
2026-03-25 08:23:00 UTC,258,253,61.45,2087.44,35.39,55.15,Hazardous
2026-03-25 08:23:10 UTC,250,247,65.29,2109.53,38.27,46.43,Hazardous
2026-03-25 08:23:20 UTC,214,228,38.96,2069.6,30.18,60.06,Hazardous
2026-03-25 08:23:30 UTC,283,298,62.37,2097.02,35.4,54.06,Hazardous
2026-03-25 08:23:40 UTC,280,279,64.8,2118.05,36.58,53.17,Hazardous
2026-03-25 08:23:50 UTC,250,256,60.27,2076.79,38.16,46.32,Hazardous
2026-03-25 08:24:00 UTC,183,190,37.16,2075.46,33.18,54.26,Hazardous
2026-03-25 08:24:10 UTC,244,251,38.41,2101.28,31.73,54.14,Hazardous
2026-03-25 08:24:20 UTC,223,226,32.88,2041.12,29.9,60.54,Hazardous
2026-03-25 08:24:30 UTC,250,257,41.06,2084.25,38.85,41.61,Hazardous
2026-03-25 08:24:40 UTC,249,253,42.52,2102.34,39.22,43.29,Hazardous
2026-03-25 08:24:50 UTC,248,254,65.46,2107.93,38.61,47.54,Hazardous
2026-03-25 08:25:00 UTC,258,282,34.9,2066.68,31.13,58.11,Hazardous
2026-03-25 08:25:10 UTC,251,254,40.58,2091.96,40.01,41.35,Hazardous
2026-03-25 08:25:20 UTC,264,283,35.41,2057.36,30.98,58.79,Hazardous
2026-03-25 08:25:30 UTC,221,235,35.88,2067.48,30.24,58.58,Hazardous
2026-03-25 08:25:40 UTC,333,405,35.74,2053.9,31.76,56.31,Hazardous
2026-03-25 08:25:50 UTC,253,257,35.67,2047.77,31.44,54.04,Hazardous
2026-03-25 08:26:00 UTC,238,247,34.92,2043.25,40.41,39.55,Hazardous
2026-03-25 08:26:10 UTC,256,253,36.49,2085.04,32.64,53.0,Hazardous
2026-03-25 08:26:20 UTC,225,233,36.37,2057.09,30.52,58.75,Hazardous
2026-03-25 08:26:30 UTC,242,239,37.57,2058.42,32.57,54.53,Hazardous
2026-03-25 08:26:40 UTC,222,227,36.27,2084.77,29.44,63.2,Hazardous
2026-03-25 08:26:50 UTC,252,246,64.65,2117.51,38.1,46.4,Hazardous
2026-03-25 08:27:00 UTC,244,242,62.37,2095.42,37.74,47.11,Hazardous
2026-03-25 08:27:10 UTC,222,222,36.35,2051.77,30.54,59.06,Hazardous
2026-03-25 08:27:20 UTC,251,246,36.81,2056.03,39.82,41.55,Hazardous
2026-03-25 08:27:30 UTC,281,283,60.82,2102.61,36.32,52.4,Hazardous
2026-03-25 08:27:40 UTC,257,259,52.43,2029.14,34.94,53.9,Hazardous
2026-03-25 08:27:50 UTC,260,254,62.91,2105.54,35.29,54.37,Hazardous
2026-03-25 08:28:00 UTC,285,280,60.67,2077.32,36.93,51.58,Hazardous
2026-03-25 08:28:10 UTC,268,265,56.93,2073.33,35.2,54.64,Hazardous
2026-03-25 08:28:20 UTC,263,257,59.25,2067.21,35.72,53.68,Hazardous
2026-03-25 08:28:30 UTC,251,258,54.63,2041.39,34.91,58.89,Hazardous
2026-03-25 08:28:40 UTC,272,276,66.45,2124.17,36.65,49.66,Hazardous
2026-03-25 08:28:50 UTC,215,222,38.97,2098.62,29.71,58.42,Hazardous
2026-03-25 08:29:00 UTC,256,248,36.62,2078.92,32.55,53.1,Hazardous
2026-03-25 08:29:10 UTC,240,248,34.89,2054.16,39.51,41.7,Hazardous
2026-03-25 08:29:20 UTC,279,276,66.29,2126.83,36.48,53.15,Hazardous
2026-03-25 08:29:30 UTC,251,249,33.82,2055.5,32.84,53.12,Hazardous
2026-03-25 08:29:40 UTC,263,271,52.56,2050.44,35.47,52.94,Hazardous
2026-03-25 08:29:50 UTC,119,128,33.23,2035.53,33.25,50.53,Hazardous
2026-03-25 08:30:00 UTC,234,234,38.09,2068.01,30.61,57.92,Hazardous
2026-03-25 08:30:10 UTC,256,259,54.24,2033.4,35.43,52.21,Hazardous
2026-03-25 08:30:20 UTC,247,252,35.72,2061.89,31.04,57.87,Hazardous
2026-03-25 08:30:30 UTC,277,282,59.12,2085.84,37.32,49.07,Hazardous
2026-03-25 08:30:40 UTC,232,225,40.75,2104.47,29.21,63.17,Hazardous
2026-03-25 08:30:50 UTC,249,258,65.21,2126.83,38.25,48.05,Hazardous
2026-03-25 08:31:00 UTC,129,131,38.67,2074.66,33.49,51.91,Hazardous
2026-03-25 08:31:10 UTC,255,266,56.34,2066.14,34.93,54.34,Hazardous
2026-03-25 08:31:20 UTC,212,215,32.36,2044.32,29.04,61.97,Hazardous
2026-03-25 08:31:30 UTC,286,283,58.68,2074.13,37.55,49.48,Hazardous
2026-03-25 08:31:40 UTC,223,219,32.89,2062.68,29.29,62.92,Hazardous
2026-03-25 08:31:50 UTC,227,231,33.78,2076.52,29.28,63.58,Hazardous
2026-03-25 08:32:00 UTC,249,254,33.73,2050.97,31.24,57.03,Hazardous
2026-03-25 08:32:10 UTC,262,283,34.76,2069.87,31.67,58.19,Hazardous
2026-03-25 08:32:20 UTC,136,139,37.64,2077.59,33.41,52.65,Hazardous
2026-03-25 08:32:30 UTC,247,248,36.39,2054.43,33.63,51.95,Hazardous
2026-03-25 08:32:40 UTC,225,224,35.98,2060.55,30.45,59.04,Hazardous
2026-03-25 08:32:50 UTC,256,261,52.42,2034.47,35.06,54.14,Hazardous
2026-03-25 08:33:00 UTC,258,253,53.6,2043.78,35.87,53.32,Hazardous
2026-03-25 08:33:10 UTC,273,281,36.7,2042.18,33.75,53.49,Hazardous
2026-03-25 08:33:20 UTC,223,221,37.6,2055.76,30.29,58.5,Hazardous
2026-03-25 08:33:30 UTC,229,238,40.88,2098.35,30.32,59.93,Hazardous
2026-03-25 08:33:40 UTC,248,256,42.98,2110.33,39.09,40.95,Hazardous
2026-03-25 08:33:50 UTC,256,249,58.42,2083.45,35.44,52.25,Hazardous
2026-03-25 08:34:00 UTC,260,282,38.12,2099.15,31.78,57.98,Hazardous
2026-03-25 08:34:10 UTC,248,248,34.91,2052.57,31.87,54.37,Hazardous
2026-03-25 08:34:20 UTC,252,252,55.17,2048.84,35.69,54.25,Hazardous
2026-03-25 08:34:30 UTC,253,261,59.23,2086.37,38.31,47.47,Hazardous
2026-03-25 08:34:40 UTC,242,251,53.43,2031.54,35.04,56.02,Hazardous
2026-03-25 08:34:50 UTC,238,240,35.11,2046.71,40.25,38.39,Hazardous
2026-03-25 08:35:00 UTC,195,205,38.92,2050.71,39.45,41.14,Hazardous
2026-03-25 08:35:10 UTC,252,251,60.23,2087.7,38.47,47.16,Hazardous
2026-03-25 08:35:20 UTC,246,261,37.46,2087.17,31.57,56.44,Hazardous
2026-03-25 08:35:30 UTC,216,220,35.05,2048.04,30.06,58.27,Hazardous
2026-03-25 08:35:40 UTC,255,261,59.34,2079.18,38.58,47.3,Hazardous
2026-03-25 08:35:50 UTC,180,178,36.41,2069.87,33.26,53.83,Hazardous
2026-03-25 08:36:00 UTC,287,290,60.0,2080.78,37.1,49.67,Hazardous
2026-03-25 08:36:10 UTC,266,278,63.99,2113.52,37.65,48.88,Hazardous
2026-03-25 08:36:20 UTC,239,244,35.01,2057.63,32.55,54.99,Hazardous
2026-03-25 08:36:30 UTC,280,281,67.25,2117.78,36.61,50.68,Hazardous
2026-03-25 08:36:40 UTC,264,287,37.51,2058.95,31.01,54.98,Hazardous
2026-03-25 08:36:50 UTC,243,250,33.46,2044.32,31.72,54.17,Hazardous
2026-03-25 08:37:00 UTC,212,220,37.48,2096.49,29.11,62.26,Hazardous
2026-03-25 08:37:10 UTC,225,227,39.02,2098.35,30.42,56.81,Hazardous
2026-03-25 08:37:20 UTC,418,460,64.77,2108.46,35.28,54.25,Hazardous
2026-03-25 08:37:30 UTC,275,281,66.55,2130.83,35.53,52.19,Hazardous
2026-03-25 08:37:40 UTC,275,275,63.64,2102.87,37.67,49.68,Hazardous
2026-03-25 08:37:50 UTC,280,283,60.6,2093.03,35.92,52.38,Hazardous
2026-03-25 08:38:00 UTC,254,254,64.84,2101.28,38.81,45.74,Hazardous
2026-03-25 08:38:10 UTC,264,259,60.7,2080.78,37.17,51.14,Hazardous
2026-03-25 08:38:20 UTC,224,234,36.45,2067.74,29.51,63.06,Hazardous
2026-03-25 08:38:30 UTC,244,245,38.09,2061.89,38.99,43.04,Hazardous
2026-03-25 08:38:40 UTC,260,265,64.91,2124.17,37.01,51.25,Hazardous
2026-03-25 08:38:50 UTC,227,225,38.86,2078.39,30.55,58.8,Hazardous
2026-03-25 08:39:00 UTC,289,332,35.52,2049.64,34.03,51.79,Hazardous
2026-03-25 08:39:10 UTC,238,247,38.99,2080.78,32.33,55.15,Hazardous
2026-03-25 08:39:20 UTC,265,268,63.97,2115.39,37.05,49.86,Hazardous
2026-03-25 08:39:30 UTC,259,281,34.92,2059.49,31.31,57.64,Hazardous
2026-03-25 08:39:40 UTC,259,263,38.09,2090.1,31.7,58.03,Hazardous
2026-03-25 08:39:50 UTC,123,133,38.03,2095.42,33.29,53.23,Hazardous
2026-03-25 08:40:00 UTC,245,247,59.37,2089.04,34.89,55.89,Hazardous
2026-03-25 08:40:10 UTC,251,259,36.78,2079.45,31.8,53.58,Hazardous
2026-03-25 08:40:20 UTC,260,258,54.09,2048.84,35.59,54.09,Hazardous
2026-03-25 08:40:30 UTC,262,267,56.41,2079.18,35.01,55.01,Hazardous
2026-03-25 08:40:40 UTC,254,251,52.31,2037.39,35.54,51.54,Hazardous
2026-03-25 08:40:50 UTC,252,250,59.21,2080.78,35.65,50.99,Hazardous
2026-03-25 08:41:00 UTC,264,266,60.85,2089.83,37.01,50.09,Hazardous
2026-03-25 08:41:10 UTC,286,284,64.65,2126.03,37.1,50.69,Hazardous
2026-03-25 08:41:20 UTC,247,254,33.64,2040.06,31.36,57.28,Hazardous
2026-03-25 08:41:30 UTC,274,273,36.66,2046.18,35.87,49.24,Hazardous
2026-03-25 08:41:40 UTC,313,370,35.24,2070.13,31.78,55.87,Hazardous
2026-03-25 08:41:50 UTC,105,115,43.19,2086.1,39.41,41.3,Hazardous
2026-03-25 08:42:00 UTC,254,260,61.36,2083.45,38.85,46.08,Hazardous
2026-03-25 08:42:10 UTC,268,275,59.81,2085.04,36.58,50.37,Hazardous
2026-03-25 08:42:20 UTC,256,258,53.26,2040.86,35.72,51.97,Hazardous
2026-03-25 08:42:30 UTC,250,255,37.76,2082.11,31.36,56.78,Hazardous
2026-03-25 08:42:40 UTC,228,239,35.1,2075.72,32.92,54.06,Hazardous
2026-03-25 08:42:50 UTC,242,246,34.87,2047.24,40.38,38.85,Hazardous
2026-03-25 08:43:00 UTC,228,228,35.86,2056.3,30.02,58.41,Hazardous
2026-03-25 08:43:10 UTC,122,123,34.36,2063.74,33.24,50.37,Hazardous
2026-03-25 08:43:20 UTC,287,320,35.43,2055.76,31.2,58.18,Hazardous
2026-03-25 08:43:30 UTC,255,264,33.46,2045.91,31.65,57.06,Hazardous
2026-03-25 08:43:40 UTC,262,261,44.53,2105.81,38.08,44.28,Hazardous
2026-03-25 08:43:50 UTC,284,280,63.18,2100.48,36.82,52.94,Hazardous
2026-03-25 08:44:00 UTC,266,267,65.29,2122.57,36.81,51.52,Hazardous
2026-03-25 08:44:10 UTC,257,259,40.82,2081.85,38.07,45.41,Hazardous
2026-03-25 08:44:20 UTC,144,151,35.2,2057.36,33.15,52.71,Hazardous
2026-03-25 08:44:30 UTC,252,258,53.98,2035.53,35.68,51.5,Hazardous
2026-03-25 08:44:40 UTC,219,223,34.41,2056.56,32.96,53.89,Hazardous
2026-03-25 08:44:50 UTC,246,255,40.57,2096.75,31.23,57.25,Hazardous
2026-03-25 08:45:00 UTC,239,249,36.4,2065.34,31.64,56.18,Hazardous
2026-03-25 08:45:10 UTC,245,247,35.63,2053.63,32.45,54.4,Hazardous
2026-03-25 08:45:20 UTC,279,279,66.71,2110.86,35.51,52.46,Hazardous
2026-03-25 08:45:30 UTC,276,280,34.7,2041.92,36.61,46.24,Hazardous
2026-03-25 08:45:40 UTC,271,272,52.73,2056.56,35.38,52.64,Hazardous
2026-03-25 08:45:50 UTC,127,132,34.3,2048.57,33.38,53.86,Hazardous
2026-03-25 08:46:00 UTC,271,282,60.63,2089.3,35.7,52.47,Hazardous
2026-03-25 08:46:10 UTC,260,261,59.53,2069.07,38.59,48.61,Hazardous
2026-03-25 08:46:20 UTC,246,245,37.37,2077.86,39.27,41.98,Hazardous
2026-03-25 08:46:30 UTC,158,161,34.93,2066.68,33.17,53.53,Hazardous
2026-03-25 08:46:40 UTC,228,233,42.29,2097.55,30.31,58.62,Hazardous
2026-03-25 08:46:50 UTC,272,276,34.6,2048.57,33.83,50.44,Hazardous
2026-03-25 08:47:00 UTC,281,277,64.84,2106.6,36.08,52.53,Hazardous
2026-03-25 08:47:10 UTC,260,276,36.12,2064.54,31.59,56.99,Hazardous
2026-03-25 08:47:20 UTC,252,262,39.11,2085.57,31.04,56.49,Hazardous
2026-03-25 08:47:30 UTC,255,271,36.53,2060.82,34.15,52.44,Hazardous
2026-03-25 08:47:40 UTC,256,261,43.65,2115.39,38.21,41.56,Hazardous
2026-03-25 08:47:50 UTC,242,248,34.13,2040.59,39.89,42.66,Hazardous
2026-03-25 08:48:00 UTC,258,266,59.67,2079.72,38.18,47.37,Hazardous
2026-03-25 08:48:10 UTC,272,273,41.22,2092.76,36.89,46.31,Hazardous
2026-03-25 08:48:20 UTC,249,254,61.41,2092.76,38.93,47.42,Hazardous
2026-03-25 08:48:30 UTC,259,257,57.85,2071.47,35.77,53.46,Hazardous
2026-03-25 08:48:40 UTC,255,261,52.5,2024.09,35.85,52.18,Hazardous
2026-03-25 08:48:50 UTC,250,250,59.88,2078.12,38.23,48.66,Hazardous
2026-03-25 08:49:00 UTC,221,225,35.09,2025.69,30.28,58.18,Hazardous
2026-03-25 08:49:10 UTC,240,242,33.88,2037.13,32.07,56.28,Hazardous
2026-03-25 08:49:20 UTC,243,246,35.08,2047.51,31.95,56.63,Hazardous
2026-03-25 08:49:30 UTC,222,219,34.0,2043.25,30.02,58.75,Hazardous
2026-03-25 08:49:40 UTC,288,284,66.04,2129.76,36.89,51.49,Hazardous
2026-03-25 08:49:50 UTC,246,247,34.18,2052.83,32.54,53.46,Hazardous
2026-03-25 08:50:00 UTC,223,234,37.27,2056.03,30.41,57.72,Hazardous
2026-03-25 08:50:10 UTC,253,260,38.89,2072.27,38.49,43.62,Hazardous
2026-03-25 08:50:20 UTC,254,250,37.04,2075.99,39.11,40.66,Hazardous
2026-03-25 08:50:30 UTC,258,249,56.36,2054.43,35.17,55.15,Hazardous
2026-03-25 08:50:40 UTC,256,252,63.29,2109.26,39.04,45.41,Hazardous
2026-03-25 08:50:50 UTC,258,257,59.63,2083.45,38.76,48.11,Hazardous
2026-03-25 08:51:00 UTC,284,290,61.07,2077.32,36.81,51.2,Hazardous
2026-03-25 08:51:10 UTC,252,248,35.45,2056.3,39.4,42.66,Hazardous
2026-03-25 08:51:20 UTC,246,250,39.88,2073.6,31.2,56.77,Hazardous
2026-03-25 08:51:30 UTC,235,231,34.96,2061.09,30.78,57.22,Hazardous
2026-03-25 08:51:40 UTC,230,232,40.33,2076.52,30.77,59.26,Hazardous
2026-03-25 08:51:50 UTC,282,277,61.23,2085.31,35.26,52.29,Hazardous
2026-03-25 08:52:00 UTC,222,229,40.5,2096.22,30.59,59.22,Hazardous
2026-03-25 08:52:10 UTC,271,277,64.74,2127.89,36.23,53.05,Hazardous
2026-03-25 08:52:20 UTC,222,232,42.44,2083.45,29.45,62.62,Hazardous
2026-03-25 08:52:30 UTC,248,248,36.86,2048.04,39.67,41.86,Hazardous
2026-03-25 08:52:40 UTC,210,219,36.65,2080.25,28.93,62.83,Hazardous
2026-03-25 08:52:50 UTC,260,284,35.5,2053.1,31.45,57.48,Hazardous
2026-03-25 08:53:00 UTC,286,283,66.19,2124.7,36.9,50.28,Hazardous
2026-03-25 08:53:10 UTC,275,268,65.7,2125.5,36.63,50.52,Hazardous
2026-03-25 08:53:20 UTC,256,257,53.9,2050.71,35.62,54.22,Hazardous
2026-03-25 08:53:30 UTC,253,247,51.62,2032.87,35.41,51.61,Hazardous
2026-03-25 08:53:40 UTC,249,262,38.29,2082.65,31.69,57.15,Hazardous
2026-03-25 08:53:50 UTC,262,273,34.09,2051.5,31.11,58.33,Hazardous
2026-03-25 08:54:00 UTC,264,267,50.72,2030.48,35.22,53.19,Hazardous
2026-03-25 08:54:10 UTC,282,286,60.96,2097.02,36.5,50.93,Hazardous
2026-03-25 08:54:20 UTC,251,268,35.15,2050.97,31.55,57.79,Hazardous
2026-03-25 08:54:30 UTC,232,239,38.96,2062.15,39.66,41.44,Hazardous
2026-03-25 08:54:40 UTC,260,265,57.49,2075.46,34.78,53.18,Hazardous
2026-03-25 08:54:50 UTC,124,127,37.82,2080.51,33.58,50.93,Hazardous
2026-03-25 08:55:00 UTC,215,227,40.8,2093.56,30.55,58.64,Hazardous
2026-03-25 08:55:10 UTC,280,273,59.1,2089.83,37.3,49.71,Hazardous
2026-03-25 08:55:20 UTC,237,246,38.34,2101.81,32.86,54.34,Hazardous
2026-03-25 08:55:30 UTC,276,274,60.91,2091.16,36.79,49.95,Hazardous
2026-03-25 08:55:40 UTC,255,257,56.38,2068.54,34.83,54.39,Hazardous
2026-03-25 08:55:50 UTC,247,253,34.14,2051.24,32.37,54.19,Hazardous
2026-03-25 08:56:00 UTC,261,258,58.79,2083.18,38.63,46.81,Hazardous
2026-03-25 08:56:10 UTC,252,256,60.35,2103.41,36.57,51.56,Hazardous
2026-03-25 08:56:20 UTC,284,285,60.81,2095.42,36.49,51.6,Hazardous
2026-03-25 08:56:30 UTC,149,157,39.07,2093.29,33.06,53.56,Hazardous
2026-03-25 08:56:40 UTC,254,257,60.11,2068.54,35.68,53.88,Hazardous
2026-03-25 08:56:50 UTC,259,254,65.39,2108.73,38.29,48.13,Hazardous
2026-03-25 08:57:00 UTC,248,250,35.9,2052.3,39.21,43.26,Hazardous
2026-03-25 08:57:10 UTC,223,230,37.15,2068.27,30.77,58.1,Hazardous
2026-03-25 08:57:20 UTC,261,263,39.02,2099.42,31.03,55.92,Hazardous
2026-03-25 08:57:30 UTC,261,261,54.58,2055.23,35.11,52.82,Hazardous
2026-03-25 08:57:40 UTC,237,245,37.55,2064.81,32.65,54.54,Hazardous
2026-03-25 08:57:50 UTC,240,251,41.63,2075.19,39.93,41.18,Hazardous
2026-03-25 08:58:00 UTC,278,276,60.34,2091.96,36.9,50.27,Hazardous
2026-03-25 08:58:10 UTC,287,282,64.26,2093.29,36.62,51.75,Hazardous
2026-03-25 08:58:20 UTC,224,228,36.76,2057.09,30.11,58.73,Hazardous
2026-03-25 08:58:30 UTC,239,242,38.82,2097.02,31.7,55.07,Hazardous
2026-03-25 08:58:40 UTC,252,255,53.79,2041.12,35.16,56.53,Hazardous
2026-03-25 08:58:50 UTC,279,279,64.07,2089.04,37.4,50.04,Hazardous
2026-03-25 08:59:00 UTC,241,252,34.67,2052.3,32.14,54.64,Hazardous
2026-03-25 08:59:10 UTC,274,289,37.64,2063.74,33.34,53.76,Hazardous
2026-03-25 08:59:20 UTC,234,229,34.64,2055.76,30.61,56.73,Hazardous
2026-03-25 08:59:30 UTC,242,245,42.57,2101.81,39.71,40.47,Hazardous
2026-03-25 08:59:40 UTC,264,262,51.84,2038.99,35.31,54.26,Hazardous
2026-03-25 08:59:50 UTC,243,236,38.84,2092.49,32.07,53.73,Hazardous
2026-03-25 09:00:00 UTC,215,226,32.63,2066.14,29.19,62.68,Hazardous
2026-03-25 09:00:10 UTC,251,258,38.46,2068.54,38.34,42.12,Hazardous
2026-03-25 09:00:20 UTC,264,259,50.45,2034.73,35.18,53.53,Hazardous
2026-03-25 09:00:30 UTC,248,252,41.76,2089.57,39.53,42.44,Hazardous
2026-03-25 09:00:40 UTC,206,210,38.24,2085.84,32.96,54.0,Hazardous
2026-03-25 09:00:50 UTC,225,220,39.34,2087.7,29.89,57.99,Hazardous
2026-03-25 09:01:00 UTC,274,275,58.72,2079.72,35.21,53.76,Hazardous
2026-03-25 09:01:10 UTC,258,256,53.93,2030.74,35.64,52.19,Hazardous
2026-03-25 09:01:20 UTC,278,272,66.72,2126.3,35.42,53.78,Hazardous
2026-03-25 09:01:30 UTC,256,272,38.88,2088.5,31.46,57.31,Hazardous
2026-03-25 09:01:40 UTC,218,220,34.58,2044.58,30.29,58.88,Hazardous
2026-03-25 09:01:50 UTC,271,265,40.33,2098.88,35.86,48.67,Hazardous
2026-03-25 09:02:00 UTC,246,245,38.69,2082.91,31.96,56.12,Hazardous
2026-03-25 09:02:10 UTC,256,249,60.92,2078.12,39.03,47.47,Hazardous
2026-03-25 09:02:20 UTC,283,314,33.88,2052.83,31.33,57.52,Hazardous
2026-03-25 09:02:30 UTC,260,283,37.45,2058.15,31.34,55.09,Hazardous
2026-03-25 09:02:40 UTC,262,266,59.63,2074.13,38.4,48.89,Hazardous
2026-03-25 09:02:50 UTC,263,259,55.26,2040.06,34.95,55.43,Hazardous
2026-03-25 09:03:00 UTC,254,260,58.84,2073.87,35.72,52.63,Hazardous
2026-03-25 09:03:10 UTC,253,254,65.28,2102.34,38.18,47.09,Hazardous
2026-03-25 09:03:20 UTC,266,266,54.7,2051.5,35.72,53.26,Hazardous
2026-03-25 09:03:30 UTC,241,248,38.84,2078.92,32.28,56.12,Hazardous
2026-03-25 09:03:40 UTC,243,243,36.53,2050.97,39.17,42.92,Hazardous
2026-03-25 09:03:50 UTC,237,241,38.62,2091.96,32.71,54.01,Hazardous
2026-03-25 09:04:00 UTC,250,294,38.52,2099.95,33.1,53.83,Hazardous
2026-03-25 09:04:10 UTC,287,291,59.74,2076.79,37.06,50.99,Hazardous
2026-03-25 09:04:20 UTC,255,254,34.46,2048.04,32.77,53.84,Hazardous
2026-03-25 09:04:30 UTC,271,279,60.27,2082.11,35.83,52.41,Hazardous
2026-03-25 09:04:40 UTC,220,221,35.1,2071.47,29.89,60.09,Hazardous
2026-03-25 09:04:50 UTC,235,234,34.39,2043.52,34.09,51.49,Hazardous
2026-03-25 09:05:00 UTC,247,250,54.28,2036.86,35.88,53.26,Hazardous
2026-03-25 09:05:10 UTC,254,252,35.8,2074.39,33.41,53.06,Hazardous
2026-03-25 09:05:20 UTC,279,287,58.84,2083.98,37.57,50.29,Hazardous
2026-03-25 09:05:30 UTC,255,262,44.88,2118.58,38.32,44.3,Hazardous
2026-03-25 09:05:40 UTC,274,286,58.08,2072.0,36.91,50.9,Hazardous
2026-03-25 09:05:50 UTC,257,250,56.39,2081.85,34.79,54.37,Hazardous
2026-03-25 09:06:00 UTC,223,219,34.49,2037.39,30.5,58.13,Hazardous
2026-03-25 09:06:10 UTC,252,256,36.79,2049.91,39.15,43.21,Hazardous
2026-03-25 09:06:20 UTC,253,250,34.07,2061.89,32.48,53.74,Hazardous
2026-03-25 09:06:30 UTC,125,129,38.81,2077.86,33.22,52.76,Hazardous
2026-03-25 09:06:40 UTC,229,223,34.64,2080.51,29.81,60.2,Hazardous
2026-03-25 09:06:50 UTC,270,273,52.59,2046.98,35.49,52.68,Hazardous
2026-03-25 09:07:00 UTC,266,275,35.51,2059.22,35.28,48.95,Hazardous
2026-03-25 09:07:10 UTC,257,257,57.32,2059.49,38.68,48.33,Hazardous
2026-03-25 09:07:20 UTC,225,224,39.09,2102.08,29.87,58.82,Hazardous
2026-03-25 09:07:30 UTC,246,247,35.42,2056.56,32.13,55.33,Hazardous
2026-03-25 09:07:40 UTC,250,259,64.18,2113.79,37.33,47.67,Hazardous
2026-03-25 09:07:50 UTC,285,293,62.79,2090.9,35.26,53.72,Hazardous
2026-03-25 09:08:00 UTC,253,260,57.21,2063.22,38.67,49.22,Hazardous
2026-03-25 09:08:10 UTC,226,234,38.24,2077.86,29.21,62.57,Hazardous
2026-03-25 09:08:20 UTC,228,227,39.0,2089.57,29.73,62.11,Hazardous
2026-03-25 09:08:30 UTC,126,118,38.24,2097.82,33.42,50.57,Hazardous
2026-03-25 09:08:40 UTC,250,253,41.32,2099.42,39.6,39.68,Hazardous
2026-03-25 09:08:50 UTC,262,270,39.02,2083.71,31.6,57.0,Hazardous
2026-03-25 09:09:00 UTC,283,281,57.29,2070.13,36.93,51.94,Hazardous
2026-03-25 09:09:10 UTC,221,223,37.95,2083.98,30.02,60.76,Hazardous
2026-03-25 09:09:20 UTC,261,274,35.99,2046.45,36.99,47.25,Hazardous
2026-03-25 09:09:30 UTC,224,219,42.58,2079.18,30.19,58.48,Hazardous
2026-03-25 09:09:40 UTC,269,275,35.14,2058.15,35.9,49.31,Hazardous
2026-03-25 09:09:50 UTC,259,253,65.39,2125.5,38.55,47.55,Hazardous
2026-03-25 09:10:00 UTC,248,249,42.27,2090.1,39.27,42.27,Hazardous
2026-03-25 09:10:10 UTC,260,252,55.08,2044.85,34.93,56.29,Hazardous
2026-03-25 09:10:20 UTC,225,228,37.58,2053.63,30.12,57.72,Hazardous
2026-03-25 09:10:30 UTC,259,261,54.0,2049.91,35.73,52.32,Hazardous
2026-03-25 09:10:40 UTC,227,230,33.72,2045.12,29.82,60.86,Hazardous
2026-03-25 09:10:50 UTC,219,227,42.11,2087.97,30.28,59.31,Hazardous
2026-03-25 09:11:00 UTC,269,265,35.0,2060.82,33.77,51.05,Hazardous
2026-03-25 09:11:10 UTC,241,242,35.37,2061.35,31.89,56.35,Hazardous
2026-03-25 09:11:20 UTC,244,248,41.59,2105.01,39.44,43.1,Hazardous
2026-03-25 09:11:30 UTC,245,250,41.25,2097.28,39.92,40.22,Hazardous
2026-03-25 09:11:40 UTC,257,275,35.28,2053.63,31.3,54.88,Hazardous
2026-03-25 09:11:50 UTC,245,244,41.64,2095.69,39.67,40.17,Hazardous
2026-03-25 09:12:00 UTC,267,267,51.91,2045.38,35.14,53.71,Hazardous
2026-03-25 09:12:10 UTC,210,219,32.0,2060.02,29.15,61.69,Hazardous
2026-03-25 09:12:20 UTC,242,252,34.67,2054.96,32.36,54.83,Hazardous
2026-03-25 09:12:30 UTC,252,256,61.09,2081.31,35.76,51.69,Hazardous
2026-03-25 09:12:40 UTC,229,234,37.95,2067.48,30.66,59.74,Hazardous
2026-03-25 09:12:50 UTC,148,149,35.53,2052.3,33.48,53.04,Hazardous
2026-03-25 09:13:00 UTC,220,221,35.19,2066.14,30.38,57.65,Hazardous
2026-03-25 09:13:10 UTC,271,270,52.05,2045.12,35.95,54.62,Hazardous
2026-03-25 09:13:20 UTC,266,267,35.63,2051.24,33.79,51.58,Hazardous
2026-03-25 09:13:30 UTC,253,274,35.16,2070.93,31.39,56.36,Hazardous
2026-03-25 09:13:40 UTC,273,274,36.65,2050.17,33.61,51.06,Hazardous
2026-03-25 09:13:50 UTC,280,277,64.04,2105.81,37.54,50.35,Hazardous
2026-03-25 09:14:00 UTC,247,252,64.92,2117.78,38.29,46.37,Hazardous
2026-03-25 09:14:10 UTC,243,249,35.06,2045.65,39.44,41.34,Hazardous
2026-03-25 09:14:20 UTC,232,230,35.04,2056.56,30.62,59.33,Hazardous
2026-03-25 09:14:30 UTC,275,303,35.74,2053.36,30.99,58.24,Hazardous
2026-03-25 09:14:40 UTC,253,255,53.72,2042.45,35.03,56.3,Hazardous
2026-03-25 09:14:50 UTC,158,159,35.69,2069.6,33.23,53.47,Hazardous
2026-03-25 09:15:00 UTC,237,244,38.97,2086.37,40.17,40.44,Hazardous
2026-03-25 09:15:10 UTC,304,333,34.77,2058.69,34.31,51.36,Hazardous
2026-03-25 09:15:20 UTC,254,258,43.6,2116.71,38.4,42.3,Hazardous
2026-03-25 09:15:30 UTC,216,221,32.45,2058.15,29.06,62.86,Hazardous
2026-03-25 09:15:40 UTC,241,253,35.1,2060.82,32.09,53.99,Hazardous
2026-03-25 09:15:50 UTC,251,248,38.36,2061.35,38.96,41.17,Hazardous
2026-03-25 09:16:00 UTC,248,252,44.68,2115.39,38.21,43.54,Hazardous
2026-03-25 09:16:10 UTC,248,252,52.39,2033.67,35.7,51.81,Hazardous
2026-03-25 09:16:20 UTC,270,275,60.0,2082.38,36.51,50.28,Hazardous
2026-03-25 09:16:30 UTC,291,289,58.91,2076.79,36.81,50.02,Hazardous
2026-03-25 09:16:40 UTC,228,236,42.04,2079.18,30.55,58.21,Hazardous
2026-03-25 09:16:50 UTC,218,220,32.94,2071.73,29.18,62.38,Hazardous
2026-03-25 09:17:00 UTC,126,125,38.75,2091.43,33.25,52.56,Hazardous
2026-03-25 09:17:10 UTC,239,251,35.25,2064.54,32.24,53.37,Hazardous
2026-03-25 09:17:20 UTC,245,246,41.66,2107.93,39.61,42.62,Hazardous
2026-03-25 09:17:30 UTC,285,325,35.34,2070.67,31.85,54.94,Hazardous
2026-03-25 09:17:40 UTC,219,223,34.69,2075.19,29.95,60.22,Hazardous
2026-03-25 09:17:50 UTC,416,570,40.1,2099.15,34.57,53.08,Hazardous
2026-03-25 09:18:00 UTC,222,229,40.28,2072.8,30.64,58.93,Hazardous
2026-03-25 09:18:10 UTC,261,272,36.57,2050.71,37.47,45.14,Hazardous
2026-03-25 09:18:20 UTC,249,253,38.31,2080.25,38.53,43.4,Hazardous
2026-03-25 09:18:30 UTC,269,267,65.59,2118.58,36.68,51.07,Hazardous
2026-03-25 09:18:40 UTC,277,278,40.41,2102.34,33.8,50.35,Hazardous
2026-03-25 09:18:50 UTC,236,237,34.52,2053.63,32.38,54.51,Hazardous
2026-03-25 09:19:00 UTC,269,269,35.24,2061.09,35.74,48.84,Hazardous
2026-03-25 09:19:10 UTC,254,260,65.07,2118.58,38.41,50.12,Hazardous
2026-03-25 09:19:20 UTC,280,287,59.54,2090.63,36.75,50.15,Hazardous
2026-03-25 09:19:30 UTC,246,243,38.73,2072.53,40.19,40.31,Hazardous
2026-03-25 09:19:40 UTC,227,223,37.64,2061.89,30.11,58.56,Hazardous
2026-03-25 09:19:50 UTC,255,254,59.05,2068.8,35.67,52.3,Hazardous
2026-03-25 09:20:00 UTC,255,255,63.16,2095.69,38.68,45.76,Hazardous
2026-03-25 09:20:10 UTC,253,251,60.27,2073.87,38.88,47.67,Hazardous
2026-03-25 09:20:20 UTC,233,238,35.95,2069.07,33.99,51.69,Hazardous
2026-03-25 09:20:30 UTC,268,264,51.57,2033.4,35.96,54.69,Hazardous
2026-03-25 09:20:40 UTC,265,279,34.74,2057.63,31.78,58.96,Hazardous
2026-03-25 09:20:50 UTC,240,252,40.33,2065.88,39.99,39.88,Hazardous
2026-03-25 09:21:00 UTC,237,239,39.35,2067.74,40.23,38.92,Hazardous
2026-03-25 09:21:10 UTC,224,232,36.07,2075.99,29.21,63.49,Hazardous
2026-03-25 09:21:20 UTC,261,261,53.88,2035.53,35.54,52.97,Hazardous
2026-03-25 09:21:30 UTC,226,224,35.1,2054.43,30.0,59.34,Hazardous
2026-03-25 09:21:40 UTC,239,249,34.89,2064.28,32.17,55.75,Hazardous
2026-03-25 09:21:50 UTC,243,254,40.06,2088.5,40.01,40.44,Hazardous
2026-03-25 09:22:00 UTC,277,300,39.0,2085.31,31.39,57.65,Hazardous
2026-03-25 09:22:10 UTC,216,227,35.9,2032.6,30.24,58.09,Hazardous
2026-03-25 09:22:20 UTC,250,254,58.99,2082.38,35.57,53.45,Hazardous
2026-03-25 09:22:30 UTC,263,257,61.2,2078.39,34.76,55.63,Hazardous
2026-03-25 09:22:40 UTC,238,242,40.0,2066.68,40.36,39.48,Hazardous
2026-03-25 09:22:50 UTC,259,275,38.31,2080.78,31.69,57.75,Hazardous
2026-03-25 09:23:00 UTC,218,220,34.8,2067.74,29.72,60.31,Hazardous
2026-03-25 09:23:10 UTC,268,272,59.42,2080.78,36.73,49.12,Hazardous
2026-03-25 09:23:20 UTC,267,267,36.4,2064.28,36.14,47.23,Hazardous
2026-03-25 09:23:30 UTC,261,267,54.75,2056.83,35.8,52.69,Hazardous
2026-03-25 09:23:40 UTC,282,293,36.09,2067.74,35.07,50.37,Hazardous
2026-03-25 09:23:50 UTC,266,274,40.33,2088.77,35.87,48.48,Hazardous
2026-03-25 09:24:00 UTC,259,260,52.34,2039.26,35.53,53.32,Hazardous
2026-03-25 09:24:10 UTC,257,255,35.44,2049.91,32.08,55.35,Hazardous
2026-03-25 09:24:20 UTC,416,577,40.34,2082.11,34.49,53.07,Hazardous
2026-03-25 09:24:30 UTC,278,283,59.87,2083.98,37.09,51.04,Hazardous
2026-03-25 09:24:40 UTC,260,266,59.37,2074.92,35.87,52.22,Hazardous
2026-03-25 09:24:50 UTC,266,267,64.11,2111.13,37.26,49.86,Hazardous
2026-03-25 09:25:00 UTC,257,258,54.26,2055.23,35.68,54.03,Hazardous
2026-03-25 09:25:10 UTC,249,256,65.34,2097.55,38.29,47.27,Hazardous
2026-03-25 09:25:20 UTC,296,331,36.55,2068.27,34.17,51.71,Hazardous
2026-03-25 09:25:30 UTC,273,283,34.2,2052.3,36.53,45.45,Hazardous
2026-03-25 09:25:40 UTC,221,220,37.54,2090.1,29.93,58.16,Hazardous
2026-03-25 09:25:50 UTC,229,237,35.52,2049.37,30.52,57.53,Hazardous
2026-03-25 09:26:00 UTC,260,268,38.19,2070.67,37.93,45.07,Hazardous
2026-03-25 09:26:10 UTC,275,279,61.36,2090.1,36.89,50.38,Hazardous
2026-03-25 09:26:20 UTC,289,314,34.81,2061.62,34.18,52.27,Hazardous
2026-03-25 09:26:30 UTC,268,296,38.82,2105.54,31.44,58.48,Hazardous
2026-03-25 09:26:40 UTC,256,264,36.01,2049.37,38.06,45.59,Hazardous
2026-03-25 09:26:50 UTC,265,263,56.23,2081.85,35.12,54.53,Hazardous
2026-03-25 09:27:00 UTC,281,276,65.93,2117.51,36.59,50.3,Hazardous
2026-03-25 09:27:10 UTC,236,241,38.04,2081.85,40.2,39.14,Hazardous
2026-03-25 09:27:20 UTC,244,244,35.98,2064.01,40.19,39.21,Hazardous
2026-03-25 09:27:30 UTC,248,252,56.56,2063.48,38.82,46.47,Hazardous
2026-03-25 09:27:40 UTC,267,279,35.52,2058.95,35.26,48.8,Hazardous
2026-03-25 09:27:50 UTC,229,232,35.57,2062.42,30.43,58.65,Hazardous
2026-03-25 09:28:00 UTC,258,258,51.95,2042.72,34.91,53.78,Hazardous
2026-03-25 09:28:10 UTC,282,284,60.08,2085.57,36.92,48.94,Hazardous
2026-03-25 09:28:20 UTC,279,282,58.84,2088.5,37.57,50.11,Hazardous
2026-03-25 09:28:30 UTC,283,280,61.68,2081.05,36.73,51.61,Hazardous
2026-03-25 09:28:40 UTC,217,220,38.98,2093.29,29.88,58.74,Hazardous
2026-03-25 09:28:50 UTC,225,233,36.18,2064.01,30.3,58.63,Hazardous
2026-03-25 09:29:00 UTC,281,287,66.69,2118.31,36.64,50.44,Hazardous
2026-03-25 09:29:10 UTC,248,251,56.7,2050.44,35.46,56.81,Hazardous
2026-03-25 09:29:20 UTC,252,261,60.43,2078.92,35.63,52.75,Hazardous
2026-03-25 09:29:30 UTC,250,259,36.19,2064.81,33.53,51.34,Hazardous
2026-03-25 09:29:40 UTC,49,65,62.93,2131.89,29.23,65.29,Caution
2026-03-25 09:29:50 UTC,35,52,57.84,2099.68,29.51,62.19,Caution
2026-03-25 09:30:00 UTC,45,65,54.85,2066.68,29.07,66.39,Caution
2026-03-25 09:30:10 UTC,49,52,59.33,2106.07,29.16,65.13,Caution
2026-03-25 09:30:20 UTC,43,47,57.76,2094.36,29.58,61.9,Caution
2026-03-25 09:30:30 UTC,37,50,58.62,2081.05,29.41,63.81,Caution
2026-03-25 09:30:40 UTC,43,54,53.28,2061.62,29.58,65.26,Caution
2026-03-25 09:30:50 UTC,47,59,59.34,2087.17,29.54,62.73,Caution
2026-03-25 09:31:00 UTC,41,53,59.62,2096.22,29.24,65.33,Caution
2026-03-25 09:31:10 UTC,42,60,60.84,2107.67,29.12,63.38,Caution
2026-03-25 09:31:20 UTC,49,53,60.97,2123.1,29.41,64.08,Caution
2026-03-25 09:31:30 UTC,47,61,54.47,2090.63,28.89,64.49,Caution
2026-03-25 09:31:40 UTC,48,64,61.55,2097.28,29.07,65.51,Caution
2026-03-25 09:31:50 UTC,50,64,55.7,2091.96,29.12,65.59,Caution
2026-03-25 09:32:00 UTC,49,59,53.97,2063.48,29.26,65.11,Caution
2026-03-25 09:32:10 UTC,44,54,60.85,2116.71,29.03,66.84,Caution
2026-03-25 09:32:20 UTC,44,63,60.93,2117.25,28.96,64.28,Caution
2026-03-25 09:32:30 UTC,44,62,57.66,2081.31,29.62,62.49,Caution
2026-03-25 09:32:40 UTC,53,68,61.05,2129.23,28.94,65.88,Caution
2026-03-25 09:32:50 UTC,55,64,60.9,2117.25,28.93,65.83,Caution
2026-03-25 09:33:00 UTC,47,70,47.28,2110.33,29.7,63.49,Caution
2026-03-25 09:33:10 UTC,49,64,54.88,2083.98,29.49,62.5,Caution
2026-03-25 09:33:20 UTC,42,50,57.76,2091.69,29.52,63.29,Caution
2026-03-25 09:33:30 UTC,51,65,56.4,2086.1,29.06,64.77,Caution
2026-03-25 09:33:40 UTC,46,53,58.23,2092.76,29.22,64.74,Caution
2026-03-25 09:33:50 UTC,43,42,58.66,2083.98,29.55,63.86,Caution
2026-03-25 09:34:00 UTC,45,57,51.25,2075.46,29.2,65.06,Caution
2026-03-25 09:34:10 UTC,56,68,41.85,2070.93,29.5,62.86,Caution
2026-03-25 09:34:20 UTC,52,63,54.99,2100.22,29.21,65.73,Caution
2026-03-25 09:34:30 UTC,50,64,61.14,2135.62,29.1,64.61,Caution
2026-03-25 09:34:40 UTC,50,62,61.02,2106.33,29.32,65.19,Caution
2026-03-25 09:34:50 UTC,37,53,61.14,2115.92,29.36,66.12,Caution
2026-03-25 09:35:00 UTC,43,54,60.08,2124.97,29.37,63.23,Caution
2026-03-25 09:35:10 UTC,40,52,59.31,2081.85,29.45,64.44,Caution
2026-03-25 09:35:20 UTC,48,57,54.53,2076.52,29.32,65.17,Caution
2026-03-25 09:35:30 UTC,50,70,43.46,2092.23,29.55,63.07,Caution
2026-03-25 09:35:40 UTC,42,54,59.11,2093.56,29.58,65.13,Caution
2026-03-25 09:35:50 UTC,36,48,56.07,2085.04,29.59,64.48,Caution
2026-03-25 09:36:00 UTC,46,57,55.58,2075.72,29.38,64.35,Caution
2026-03-25 09:36:10 UTC,49,63,54.36,2084.77,29.06,64.25,Caution
2026-03-25 09:36:20 UTC,51,60,56.96,2102.61,28.87,64.2,Caution
2026-03-25 09:36:30 UTC,36,51,51.05,2061.89,29.49,62.12,Caution
2026-03-25 09:36:40 UTC,51,57,55.1,2097.28,29.04,65.64,Caution
2026-03-25 09:36:50 UTC,44,51,60.08,2118.05,29.42,65.22,Caution
2026-03-25 09:37:00 UTC,42,59,52.85,2063.22,29.48,65.41,Caution
2026-03-25 09:37:10 UTC,41,44,51.73,2075.72,29.48,63.85,Caution
2026-03-25 09:37:20 UTC,43,57,54.19,2076.26,29.73,62.24,Caution
2026-03-25 09:37:30 UTC,42,58,59.86,2109.8,29.42,65.58,Caution
2026-03-25 09:37:40 UTC,38,59,53.85,2076.26,29.19,65.13,Caution
2026-03-25 09:37:50 UTC,43,52,50.38,2042.72,29.45,61.81,Caution
2026-03-25 09:38:00 UTC,38,62,59.9,2116.98,29.25,64.26,Caution
2026-03-25 09:38:10 UTC,47,60,55.6,2089.57,29.1,65.51,Caution
2026-03-25 09:38:20 UTC,47,64,54.55,2077.59,29.59,62.61,Caution
2026-03-25 09:38:30 UTC,54,73,46.58,2114.85,29.61,63.23,Caution
2026-03-25 09:38:40 UTC,52,59,56.31,2081.85,29.45,63.28,Caution
2026-03-25 09:38:50 UTC,66,80,43.85,2104.74,29.51,61.42,Caution
2026-03-25 09:39:00 UTC,44,53,53.66,2072.8,29.53,64.83,Caution
2026-03-25 09:39:10 UTC,41,50,57.02,2097.55,29.34,63.69,Caution
2026-03-25 09:39:20 UTC,49,63,56.79,2079.98,29.64,63.24,Caution
2026-03-25 09:39:30 UTC,40,44,58.75,2094.63,29.42,64.79,Caution
2026-03-25 09:39:40 UTC,39,51,58.39,2102.08,29.29,63.26,Caution
2026-03-25 09:39:50 UTC,43,50,51.67,2066.41,29.48,63.11,Caution
2026-03-25 09:40:00 UTC,53,61,40.85,2057.09,29.46,63.98,Caution
2026-03-25 09:40:10 UTC,48,57,60.76,2120.71,29.46,64.23,Caution
2026-03-25 09:40:20 UTC,48,59,56.45,2080.78,28.83,64.96,Caution
2026-03-25 09:40:30 UTC,42,57,55.6,2082.38,29.36,64.21,Caution
2026-03-25 09:40:40 UTC,51,62,62.13,2126.3,29.15,64.14,Caution
2026-03-25 09:40:50 UTC,53,62,51.7,2061.09,29.38,63.62,Caution
2026-03-25 09:41:00 UTC,45,54,61.57,2104.74,29.24,65.21,Caution
2026-03-25 09:41:10 UTC,47,61,54.41,2076.79,29.09,65.59,Caution
2026-03-25 09:41:20 UTC,48,60,40.46,2069.33,29.62,63.12,Caution
2026-03-25 09:41:30 UTC,46,65,54.9,2086.1,29.6,62.35,Caution
2026-03-25 09:41:40 UTC,48,58,55.03,2085.57,29.07,65.07,Caution
2026-03-25 09:41:50 UTC,46,54,60.95,2112.72,29.25,66.23,Caution
2026-03-25 09:42:00 UTC,41,46,58.8,2086.1,29.24,65.01,Caution
2026-03-25 09:42:10 UTC,47,67,59.66,2113.26,29.21,65.19,Caution
2026-03-25 09:42:20 UTC,38,47,59.15,2103.14,29.65,63.28,Caution
2026-03-25 09:42:30 UTC,49,68,40.14,2081.58,29.75,63.78,Caution
2026-03-25 09:42:40 UTC,34,44,58.66,2090.9,29.56,63.77,Caution
2026-03-25 09:42:50 UTC,54,62,62.29,2128.69,29.16,64.25,Caution
2026-03-25 09:43:00 UTC,45,61,51.82,2056.83,29.38,63.14,Caution
2026-03-25 09:43:10 UTC,45,62,40.76,2078.92,29.47,63.76,Caution
2026-03-25 09:43:20 UTC,47,51,61.52,2122.3,29.12,63.86,Caution
2026-03-25 09:43:30 UTC,42,58,60.61,2116.19,29.29,67.16,Caution
2026-03-25 09:43:40 UTC,53,62,59.25,2098.08,29.06,64.69,Caution
2026-03-25 09:43:50 UTC,47,64,55.44,2084.77,29.11,65.3,Caution
2026-03-25 09:44:00 UTC,54,64,62.41,2114.59,28.88,63.71,Caution
2026-03-25 09:44:10 UTC,42,50,55.67,2085.57,29.21,64.06,Caution
2026-03-25 09:44:20 UTC,54,64,59.76,2125.77,29.24,65.61,Caution
2026-03-25 09:44:30 UTC,45,46,51.22,2066.14,29.68,64.17,Caution
2026-03-25 09:44:40 UTC,42,55,54.22,2081.58,29.29,64.75,Caution
2026-03-25 09:44:50 UTC,40,52,58.78,2100.48,29.49,61.98,Caution
2026-03-25 09:45:00 UTC,50,66,57.34,2079.98,29.66,62.7,Caution
2026-03-25 09:45:10 UTC,49,58,54.3,2102.87,28.94,64.19,Caution
2026-03-25 09:45:20 UTC,39,44,58.63,2105.54,29.39,64.96,Caution
2026-03-25 09:45:30 UTC,44,58,59.75,2102.61,29.44,64.0,Caution
2026-03-25 09:45:40 UTC,52,72,40.64,2070.13,29.76,64.15,Caution
2026-03-25 09:45:50 UTC,51,70,45.62,2109.0,29.66,62.99,Caution
2026-03-25 09:46:00 UTC,38,54,51.43,2041.12,29.59,64.03,Caution
2026-03-25 09:46:10 UTC,53,71,46.43,2112.46,29.63,63.45,Caution
2026-03-25 09:46:20 UTC,38,53,58.43,2104.21,29.4,64.42,Caution
2026-03-25 09:46:30 UTC,41,51,55.9,2086.37,28.93,64.26,Caution
2026-03-25 09:46:40 UTC,45,60,54.3,2074.92,29.07,64.73,Caution
2026-03-25 09:46:50 UTC,52,61,61.14,2136.95,29.28,65.11,Caution
2026-03-25 09:47:00 UTC,42,66,62.44,2120.18,28.85,64.43,Caution
2026-03-25 09:47:10 UTC,38,57,50.69,2063.22,29.49,64.84,Caution
2026-03-25 09:47:20 UTC,41,61,59.98,2111.13,29.14,65.25,Caution
2026-03-25 09:47:30 UTC,55,69,45.8,2125.5,29.56,62.9,Caution
2026-03-25 09:47:40 UTC,46,65,60.7,2115.92,29.11,65.81,Caution
2026-03-25 09:47:50 UTC,52,65,61.37,2114.85,29.01,64.51,Caution
2026-03-25 09:48:00 UTC,37,58,57.19,2086.64,29.41,64.79,Caution
2026-03-25 09:48:10 UTC,47,58,54.11,2063.74,29.37,63.14,Caution
2026-03-25 09:48:20 UTC,49,66,50.97,2056.3,29.35,62.8,Caution
2026-03-25 09:48:30 UTC,44,56,52.77,2060.02,29.47,64.88,Caution
2026-03-25 09:48:40 UTC,40,45,52.33,2057.09,29.45,64.05,Caution
2026-03-25 09:48:50 UTC,41,54,53.07,2075.19,29.44,64.94,Caution
2026-03-25 09:49:00 UTC,54,66,47.31,2111.39,29.43,63.22,Caution
2026-03-25 09:49:10 UTC,42,56,55.77,2097.02,28.95,63.92,Caution
2026-03-25 09:49:20 UTC,38,48,58.64,2098.62,29.57,63.27,Caution
2026-03-25 09:49:30 UTC,42,46,52.45,2046.45,29.34,62.97,Caution
2026-03-25 09:49:40 UTC,40,54,58.04,2093.56,29.69,62.56,Caution
2026-03-25 09:49:50 UTC,66,83,38.94,2080.25,29.73,62.09,Caution
2026-03-25 09:50:00 UTC,41,47,52.38,2070.93,29.48,63.87,Caution
2026-03-25 09:50:10 UTC,40,52,58.7,2099.15,29.63,63.19,Caution
2026-03-25 09:50:20 UTC,42,48,58.94,2092.49,29.37,65.11,Caution
2026-03-25 09:50:30 UTC,42,52,56.77,2085.57,29.36,62.21,Caution
2026-03-25 09:50:40 UTC,35,52,55.85,2065.34,29.26,63.82,Caution
2026-03-25 09:50:50 UTC,49,61,51.27,2056.83,29.36,63.1,Caution
2026-03-25 09:51:00 UTC,43,54,61.3,2109.53,29.31,65.67,Caution
2026-03-25 09:51:10 UTC,49,72,46.57,2123.1,29.43,63.14,Caution
2026-03-25 09:51:20 UTC,47,59,51.52,2083.45,29.22,66.48,Caution
2026-03-25 09:51:30 UTC,43,56,60.6,2137.74,29.05,64.33,Caution
2026-03-25 09:51:40 UTC,46,56,54.25,2079.98,29.24,65.32,Caution
2026-03-25 09:51:50 UTC,37,43,58.02,2100.22,29.6,63.75,Caution
2026-03-25 09:52:00 UTC,45,55,50.51,2065.34,29.53,62.16,Caution
2026-03-25 09:52:10 UTC,47,61,62.59,2128.69,28.8,65.2,Caution
2026-03-25 09:52:20 UTC,53,68,45.08,2117.25,29.51,63.67,Caution
2026-03-25 09:52:30 UTC,52,67,56.17,2097.28,29.23,67.26,Caution
2026-03-25 09:52:40 UTC,43,59,56.86,2074.13,29.48,62.25,Caution
2026-03-25 09:52:50 UTC,46,54,56.62,2086.64,28.9,63.85,Caution
2026-03-25 09:53:00 UTC,46,52,61.54,2097.02,29.43,65.37,Caution
2026-03-25 09:53:10 UTC,42,54,60.02,2121.24,29.17,64.11,Caution
2026-03-25 09:53:20 UTC,51,62,60.53,2115.39,29.41,65.98,Caution
2026-03-25 09:53:30 UTC,45,65,62.23,2122.04,28.99,64.94,Caution
2026-03-25 09:53:40 UTC,46,49,58.65,2100.22,29.53,64.58,Caution
2026-03-25 09:53:50 UTC,51,60,61.81,2122.04,28.97,64.68,Caution
2026-03-25 09:54:00 UTC,42,54,56.41,2078.66,29.43,63.27,Caution
2026-03-25 09:54:10 UTC,45,52,52.84,2062.95,29.48,62.98,Caution
2026-03-25 09:54:20 UTC,43,63,60.6,2115.92,29.35,65.95,Caution
2026-03-25 09:54:30 UTC,37,48,54.66,2061.62,29.34,64.64,Caution
2026-03-25 09:54:40 UTC,47,51,59.16,2089.3,29.36,65.13,Caution
2026-03-25 09:54:50 UTC,60,84,38.77,2071.73,29.46,62.2,Caution
2026-03-25 09:55:00 UTC,47,57,60.09,2101.54,29.4,66.05,Caution
2026-03-25 09:55:10 UTC,52,59,54.78,2089.04,29.04,64.81,Caution
2026-03-25 09:55:20 UTC,51,56,62.57,2130.03,29.04,64.57,Caution
2026-03-25 09:55:30 UTC,47,60,53.72,2062.42,29.2,65.69,Caution
2026-03-25 09:55:40 UTC,37,52,50.81,2049.64,29.44,64.06,Caution
2026-03-25 09:55:50 UTC,42,54,60.29,2114.32,29.16,63.52,Caution
2026-03-25 09:56:00 UTC,37,55,61.17,2101.81,29.46,65.24,Caution
2026-03-25 09:56:10 UTC,37,54,54.19,2074.66,29.23,64.74,Caution
2026-03-25 09:56:20 UTC,37,48,55.39,2079.18,29.58,63.67,Caution
2026-03-25 09:56:30 UTC,40,56,55.87,2105.54,29.06,64.29,Caution
2026-03-25 09:56:40 UTC,47,55,54.48,2065.34,29.79,62.24,Caution
2026-03-25 09:56:50 UTC,45,56,60.7,2117.78,29.25,65.36,Caution
2026-03-25 09:57:00 UTC,45,64,56.67,2084.51,29.34,63.05,Caution
2026-03-25 09:57:10 UTC,49,61,60.47,2136.15,28.99,64.37,Caution
2026-03-25 09:57:20 UTC,50,62,61.1,2136.68,29.0,66.91,Caution
2026-03-25 09:57:30 UTC,52,70,40.17,2082.65,29.47,63.35,Caution
2026-03-25 09:57:40 UTC,45,53,60.6,2095.95,29.31,65.71,Caution
2026-03-25 09:57:50 UTC,42,56,61.36,2111.39,29.3,65.43,Caution
2026-03-25 09:58:00 UTC,47,63,61.22,2122.84,29.29,65.4,Caution
2026-03-25 09:58:10 UTC,51,66,41.98,2063.48,29.53,63.54,Caution
2026-03-25 09:58:20 UTC,49,54,54.86,2077.59,29.61,62.98,Caution
2026-03-25 09:58:30 UTC,43,59,58.2,2094.09,29.5,62.15,Caution
2026-03-25 09:58:40 UTC,51,57,52.5,2057.36,29.67,62.49,Caution
2026-03-25 09:58:50 UTC,52,59,61.5,2109.8,29.29,65.89,Caution
2026-03-25 09:59:00 UTC,45,64,52.13,2063.74,28.96,66.58,Caution
2026-03-25 09:59:10 UTC,46,57,60.2,2104.21,29.31,63.39,Caution
2026-03-25 09:59:20 UTC,70,83,44.26,2101.54,29.7,61.51,Caution
2026-03-25 09:59:30 UTC,49,60,61.6,2118.31,29.21,65.92,Caution
2026-03-25 09:59:40 UTC,44,54,57.57,2093.83,29.59,61.98,Caution
2026-03-25 09:59:50 UTC,51,66,59.32,2116.19,28.95,64.77,Caution
