Timestamp,PM2.5,PM10,Gas,CO,Temp,Hum,Status
2026-04-29 07:47:27 UTC,8,8,3.72,0.65,27.4,68.5,Safe
2026-04-29 07:47:37 UTC,7,8,3.71,0.66,27.4,68.6,Safe
2026-04-29 07:47:47 UTC,6,7,3.66,0.65,27.4,68.5,Safe
2026-04-29 07:47:57 UTC,7,8,3.68,0.65,27.4,68.6,Safe
2026-04-29 07:48:07 UTC,9,9,3.66,0.65,27.4,68.5,Safe
2026-04-29 07:48:17 UTC,9,9,3.71,0.65,27.4,68.5,Safe
2026-04-29 07:48:27 UTC,7,9,3.65,0.65,27.4,68.5,Safe
2026-04-29 07:48:37 UTC,7,10,3.71,0.65,27.4,68.5,Safe
2026-04-29 07:48:47 UTC,5,9,3.63,0.64,27.4,68.5,Safe
2026-04-29 07:48:57 UTC,5,9,3.71,0.66,27.4,68.5,Safe
2026-04-29 07:49:07 UTC,7,11,3.66,0.65,27.4,68.4,Safe
2026-04-29 07:49:17 UTC,8,12,3.7,0.65,27.4,68.5,Safe
2026-04-29 07:49:27 UTC,6,8,3.71,0.65,27.4,68.4,Safe
2026-04-29 07:49:37 UTC,6,6,3.65,0.65,27.4,68.3,Safe
2026-04-29 07:49:47 UTC,7,7,3.71,0.65,27.6,68.4,Safe
2026-04-29 07:49:57 UTC,7,7,3.66,0.65,27.6,68.3,Safe
2026-04-29 07:50:07 UTC,6,7,3.7,0.65,27.6,68.3,Safe
2026-04-29 07:50:17 UTC,6,9,3.66,0.65,27.6,68.3,Safe
2026-04-29 07:50:27 UTC,6,9,3.71,0.65,27.6,68.4,Safe
2026-04-29 07:50:37 UTC,7,8,3.65,0.65,27.6,68.3,Safe
2026-04-29 07:50:47 UTC,6,7,3.7,0.65,27.7,68.3,Safe
2026-04-29 07:50:57 UTC,5,6,3.71,0.65,27.7,68.3,Safe
2026-04-29 07:51:07 UTC,5,6,3.71,0.65,27.7,68.3,Safe
2026-04-29 07:51:17 UTC,5,6,3.65,0.64,27.7,68.3,Safe
2026-04-29 07:51:27 UTC,6,7,3.62,0.64,27.7,68.2,Safe
2026-04-29 07:51:37 UTC,4,6,3.7,0.65,27.7,68.3,Safe
2026-04-29 07:51:47 UTC,5,7,3.65,0.64,27.7,68.2,Safe
2026-04-29 07:51:57 UTC,5,6,3.7,0.65,27.7,68.2,Safe
2026-04-29 07:52:07 UTC,6,6,3.66,0.65,27.7,68.2,Safe
2026-04-29 07:52:17 UTC,6,7,3.7,0.65,27.7,68.2,Safe
2026-04-29 07:52:27 UTC,6,8,3.62,0.64,27.7,68.2,Safe
2026-04-29 07:52:37 UTC,6,7,3.68,0.65,27.8,68.2,Safe
2026-04-29 07:52:47 UTC,6,7,3.64,0.64,27.8,68.2,Safe
2026-04-29 07:52:57 UTC,7,7,3.7,0.65,27.8,68.2,Safe
2026-04-29 07:53:07 UTC,5,6,3.7,0.65,27.8,68.2,Safe
2026-04-29 07:53:17 UTC,6,8,3.63,0.64,27.8,68.1,Safe
2026-04-29 07:53:27 UTC,8,9,3.7,0.65,27.8,68,Safe
2026-04-29 07:53:37 UTC,7,10,3.64,0.65,27.8,68,Safe
2026-04-29 07:53:47 UTC,6,9,3.7,0.65,27.8,67.9,Safe
2026-04-29 07:53:57 UTC,6,10,3.64,0.65,27.8,68,Safe
2026-04-29 07:54:07 UTC,6,10,3.7,0.65,27.8,67.9,Safe
2026-04-29 07:54:17 UTC,7,10,3.61,0.64,27.8,67.9,Safe
2026-04-29 07:54:27 UTC,7,11,3.7,0.65,27.8,67.8,Safe
2026-04-29 07:54:37 UTC,6,11,3.64,0.64,27.8,67.8,Safe
2026-04-29 07:54:47 UTC,6,10,3.7,0.65,27.8,67.7,Safe
2026-04-29 07:54:57 UTC,6,11,3.65,0.65,27.8,67.7,Safe
2026-04-29 07:55:07 UTC,7,11,3.65,0.65,27.8,67.7,Safe
2026-04-29 07:55:17 UTC,7,10,3.7,0.65,27.8,67.6,Safe
2026-04-29 07:55:27 UTC,7,8,3.65,0.65,27.9,67.6,Safe
2026-04-29 07:55:37 UTC,8,9,3.71,0.65,27.8,67.5,Safe
2026-04-29 07:55:47 UTC,6,7,3.65,0.65,27.8,67.5,Safe
2026-04-29 07:55:57 UTC,7,10,3.7,0.65,27.9,67.5,Safe
2026-04-29 07:56:07 UTC,7,12,3.65,0.65,27.9,67.4,Safe
2026-04-29 07:56:17 UTC,7,12,3.7,0.65,27.9,67.4,Safe
2026-04-29 07:56:27 UTC,7,9,3.63,0.64,27.9,67.4,Safe
2026-04-29 07:56:37 UTC,7,8,3.7,0.65,27.9,67.4,Safe
2026-04-29 07:56:47 UTC,8,8,3.69,0.65,27.9,67.4,Safe
2026-04-29 07:56:57 UTC,8,11,3.65,0.65,27.9,67.3,Safe
2026-04-29 07:57:07 UTC,6,11,3.7,0.65,27.9,67.2,Safe
2026-04-29 07:57:17 UTC,5,9,3.63,0.64,27.9,67.2,Safe
2026-04-29 07:57:27 UTC,4,9,3.67,0.65,27.9,67.3,Safe
2026-04-29 07:57:37 UTC,5,8,3.65,0.65,28,67.3,Safe
2026-04-29 07:57:47 UTC,4,7,3.7,0.65,27.9,67.3,Safe
2026-04-29 07:57:57 UTC,4,6,3.65,0.65,27.9,67.2,Safe
2026-04-29 07:58:07 UTC,5,7,3.69,0.65,27.9,67,Safe
2026-04-29 07:58:17 UTC,5,8,3.65,0.64,27.9,67,Safe
2026-04-29 07:58:27 UTC,5,10,3.69,0.65,27.9,67,Safe
2026-04-29 07:58:37 UTC,5,8,3.64,0.64,27.9,67.1,Safe
2026-04-29 07:58:47 UTC,5,9,3.68,0.65,27.9,67,Safe
2026-04-29 07:58:57 UTC,6,9,3.7,0.65,28,67,Safe
2026-04-29 07:59:07 UTC,5,7,3.63,0.64,27.9,67,Safe
2026-04-29 07:59:17 UTC,5,7,3.7,0.65,27.9,66.9,Safe
2026-04-29 07:59:27 UTC,5,5,3.65,0.65,28,66.9,Safe
2026-04-29 07:59:37 UTC,5,6,3.68,0.65,28,67,Safe
2026-04-29 07:59:47 UTC,6,7,3.65,0.65,28,66.9,Safe
2026-04-29 07:59:57 UTC,6,11,3.67,0.65,28,66.9,Safe
2026-04-29 08:00:07 UTC,5,9,3.64,0.64,28,66.9,Safe
2026-04-29 08:00:17 UTC,5,9,3.7,0.65,28,66.8,Safe
2026-04-29 08:00:27 UTC,5,8,3.67,0.65,28,66.8,Safe
2026-04-29 08:00:37 UTC,4,7,3.68,0.65,28,66.7,Safe
2026-04-29 08:00:47 UTC,4,6,3.68,0.65,28,66.7,Safe
2026-04-29 08:00:57 UTC,4,6,3.64,0.65,28,66.7,Safe
2026-04-29 08:01:07 UTC,4,6,3.69,0.65,28,66.7,Safe
2026-04-29 08:01:17 UTC,4,6,3.62,0.64,28,66.8,Safe
2026-04-29 08:01:27 UTC,4,7,3.7,0.65,28,66.8,Safe
2026-04-29 08:01:37 UTC,5,7,3.65,0.65,28,66.8,Safe
2026-04-29 08:01:47 UTC,5,7,3.7,0.65,28,66.7,Safe
2026-04-29 08:01:57 UTC,3,6,3.64,0.65,28,66.7,Safe
2026-04-29 08:02:07 UTC,4,6,3.69,0.65,28.1,66.7,Safe
2026-04-29 08:02:17 UTC,4,5,3.64,0.64,28.1,66.7,Safe
2026-04-29 08:02:27 UTC,5,6,3.69,0.65,28,66.7,Safe
2026-04-29 08:02:37 UTC,4,5,3.69,0.65,28,66.6,Safe
2026-04-29 08:02:47 UTC,4,5,3.63,0.64,28,66.6,Safe
2026-04-29 08:02:57 UTC,4,4,3.7,0.65,28.1,66.6,Safe
2026-04-29 08:03:07 UTC,4,5,3.64,0.64,28.1,66.6,Safe
2026-04-29 08:03:17 UTC,4,5,3.7,0.65,28.1,66.5,Safe
2026-04-29 08:03:27 UTC,4,5,3.63,0.64,28.1,66.5,Safe
2026-04-29 08:03:37 UTC,3,4,3.66,0.65,28.1,66.5,Safe
2026-04-29 08:03:47 UTC,3,5,3.64,0.64,28.1,66.5,Safe
2026-04-29 08:03:57 UTC,3,6,3.71,0.65,28.1,66.4,Safe
2026-04-29 08:04:07 UTC,5,5,3.64,0.64,28.1,66.4,Safe
2026-04-29 08:04:17 UTC,6,6,3.67,0.65,28.1,66.3,Safe
2026-04-29 08:04:27 UTC,3,4,3.64,0.64,28.1,66.3,Safe
2026-04-29 08:04:37 UTC,3,3,3.63,0.65,28.1,66.4,Safe
2026-04-29 08:04:47 UTC,3,4,3.69,0.65,28.1,66.3,Safe
2026-04-29 08:04:57 UTC,4,5,3.63,0.64,28.2,66.4,Safe
2026-04-29 08:05:07 UTC,4,6,3.67,0.65,28.1,66.3,Safe
2026-04-29 08:05:17 UTC,4,6,3.62,0.64,28.2,66.3,Safe
2026-04-29 08:05:27 UTC,5,6,3.67,0.65,28.2,66.3,Safe
2026-04-29 08:05:37 UTC,5,6,3.64,0.65,28.2,66.4,Safe
2026-04-29 08:05:47 UTC,6,6,3.68,0.65,28.2,66.4,Safe
2026-04-29 08:05:57 UTC,7,8,3.64,0.64,28.2,66.3,Safe
2026-04-29 08:06:07 UTC,8,11,3.7,0.65,28.2,66.2,Safe
2026-04-29 08:06:17 UTC,8,12,3.7,0.65,28.2,66.2,Safe
2026-04-29 08:06:27 UTC,8,13,3.71,0.65,28.2,66.2,Safe
2026-04-29 08:06:37 UTC,9,16,3.7,0.65,28.2,66.2,Safe
2026-04-29 08:06:47 UTC,9,18,3.63,0.65,28.2,66.2,Safe
2026-04-29 08:06:57 UTC,11,22,3.69,0.65,28.2,66.3,Safe
2026-04-29 08:07:07 UTC,11,23,3.64,0.64,28.2,66.2,Safe
2026-04-29 08:07:17 UTC,11,24,3.7,0.65,28.2,66.2,Safe
2026-04-29 08:07:27 UTC,13,27,3.64,0.64,28.2,66.1,Safe
2026-04-29 08:07:37 UTC,12,24,3.67,0.65,28.2,66.2,Safe
2026-04-29 08:07:47 UTC,13,24,3.65,0.65,28.2,66.2,Safe
2026-04-29 08:07:57 UTC,16,22,3.7,0.65,28.2,66.1,Safe
2026-04-29 08:08:07 UTC,16,20,3.64,0.64,28.2,66.1,Safe
2026-04-29 08:08:17 UTC,18,24,3.69,0.65,28.2,66.1,Safe
2026-04-29 08:08:27 UTC,16,23,3.7,0.65,28.2,66.1,Safe
2026-04-29 08:08:37 UTC,16,22,3.62,0.64,28.2,66.1,Safe
2026-04-29 08:08:47 UTC,16,22,3.66,0.65,28.2,66.1,Safe
2026-04-29 08:08:57 UTC,12,20,3.63,0.65,28.3,66.2,Safe
2026-04-29 08:09:07 UTC,10,20,3.69,0.65,28.2,66.1,Safe
2026-04-29 08:09:17 UTC,11,19,3.63,0.64,28.3,66.1,Safe
2026-04-29 08:09:27 UTC,11,20,3.68,0.65,28.3,66.1,Safe
2026-04-29 08:09:37 UTC,13,22,3.63,0.64,28.3,66.1,Safe
2026-04-29 08:09:47 UTC,17,23,3.69,0.65,28.3,66.1,Safe
2026-04-29 08:09:57 UTC,19,26,3.7,0.65,28.3,66.1,Safe
2026-04-29 08:10:07 UTC,19,25,3.68,0.65,28.3,66,Safe
2026-04-29 08:10:17 UTC,19,24,3.64,0.64,28.3,65.9,Safe
2026-04-29 08:10:27 UTC,20,22,3.63,0.65,28.3,66,Safe
2026-04-29 08:10:37 UTC,20,25,3.69,0.65,28.3,65.9,Safe
2026-04-29 08:10:47 UTC,20,25,3.65,0.65,28.3,65.9,Safe
2026-04-29 08:10:57 UTC,19,25,3.66,0.65,28.3,65.9,Safe
2026-04-29 08:11:07 UTC,19,23,3.65,0.64,28.3,65.9,Safe
2026-04-29 08:11:17 UTC,19,23,3.7,0.65,28.3,65.9,Safe
2026-04-29 08:11:27 UTC,20,23,3.64,0.64,28.3,65.9,Safe
2026-04-29 08:11:37 UTC,21,24,3.69,0.65,28.3,65.8,Safe
2026-04-29 08:11:47 UTC,22,26,3.63,0.64,28.3,65.9,Safe
2026-04-29 08:11:57 UTC,23,27,3.7,0.65,28.3,65.9,Safe
2026-04-29 08:12:07 UTC,24,31,3.66,0.65,28.3,65.8,Safe
2026-04-29 08:12:17 UTC,22,28,3.64,0.65,28.3,65.8,Safe
2026-04-29 08:12:27 UTC,22,27,3.69,0.65,28.3,65.8,Safe
2026-04-29 08:12:37 UTC,23,30,3.62,0.64,28.3,65.8,Safe
2026-04-29 08:12:47 UTC,22,27,3.69,0.65,28.3,65.8,Safe
2026-04-29 08:12:57 UTC,23,26,3.64,0.65,28.3,65.7,Safe
2026-04-29 08:13:07 UTC,21,23,3.7,0.65,28.3,65.7,Safe
2026-04-29 08:13:17 UTC,20,21,3.6,0.64,28.3,65.7,Safe
2026-04-29 08:13:27 UTC,21,21,3.69,0.65,28.3,65.7,Safe
2026-04-29 08:13:37 UTC,20,20,3.64,0.65,28.3,65.7,Safe
2026-04-29 08:13:47 UTC,20,20,3.67,0.65,28.3,65.7,Safe
2026-04-29 08:13:57 UTC,20,21,3.63,0.65,28.3,65.7,Safe
2026-04-29 08:14:07 UTC,21,23,3.64,0.64,28.3,65.8,Safe
2026-04-29 08:14:17 UTC,21,25,3.69,0.65,28.3,65.8,Safe
2026-04-29 08:14:27 UTC,20,25,3.62,0.64,28.3,65.7,Safe
2026-04-29 08:14:37 UTC,21,22,3.67,0.65,28.3,65.7,Safe
2026-04-29 08:14:47 UTC,21,23,3.64,0.64,28.3,65.8,Safe
2026-04-29 08:14:57 UTC,22,25,3.7,0.65,28.3,65.9,Safe
2026-04-29 08:15:07 UTC,24,29,3.64,0.64,28.3,65.7,Safe
2026-04-29 08:15:17 UTC,27,30,3.66,0.65,28.3,65.8,Safe
2026-04-29 08:15:27 UTC,27,29,3.63,0.65,28.3,65.7,Safe
2026-04-29 08:15:37 UTC,28,29,3.69,0.65,28.3,65.7,Safe
2026-04-29 08:15:47 UTC,25,31,3.68,0.65,28.3,65.7,Safe
2026-04-29 08:15:57 UTC,25,29,3.67,0.65,28.3,65.7,Safe
2026-04-29 08:16:07 UTC,25,29,3.68,0.65,28.3,65.7,Safe
2026-04-29 08:16:17 UTC,23,26,3.64,0.64,28.3,65.7,Safe
2026-04-29 08:16:27 UTC,22,25,3.68,0.65,28.3,65.7,Safe
2026-04-29 08:16:37 UTC,21,25,3.61,0.64,28.3,65.7,Safe
2026-04-29 08:16:47 UTC,20,24,3.69,0.65,28.3,65.7,Safe
2026-04-29 08:16:57 UTC,20,21,3.63,0.64,28.3,65.6,Safe
2026-04-29 08:17:07 UTC,20,22,3.69,0.65,28.3,65.7,Safe
2026-04-29 08:17:17 UTC,19,22,3.63,0.64,28.3,65.6,Safe
2026-04-29 08:17:27 UTC,19,23,3.67,0.65,28.3,65.6,Safe
2026-04-29 08:17:37 UTC,17,20,3.63,0.64,28.3,65.6,Safe
2026-04-29 08:17:47 UTC,18,21,3.67,0.65,28.3,65.7,Safe
2026-04-29 08:17:57 UTC,17,20,3.69,0.65,28.3,65.6,Safe
2026-04-29 08:18:07 UTC,16,19,3.6,0.64,28.3,65.6,Safe
2026-04-29 08:18:17 UTC,17,19,3.68,0.65,28.3,65.6,Safe
2026-04-29 08:18:27 UTC,15,19,3.62,0.64,28.3,65.6,Safe
2026-04-29 08:18:37 UTC,12,15,3.67,0.65,28.3,65.6,Safe
2026-04-29 08:18:47 UTC,9,12,3.62,0.64,28.3,65.7,Safe
2026-04-29 08:18:57 UTC,10,16,3.68,0.65,28.3,65.8,Safe
2026-04-29 08:19:07 UTC,11,17,3.63,0.64,28.3,65.8,Safe
2026-04-29 08:19:17 UTC,11,14,3.67,0.65,28.3,65.8,Safe
2026-04-29 08:19:27 UTC,9,12,3.68,0.65,28.3,65.8,Safe
2026-04-29 08:19:37 UTC,9,13,3.67,0.65,28.2,66,Safe
2026-04-29 08:19:47 UTC,8,11,3.68,0.65,28.3,65.8,Safe
2026-04-29 08:19:57 UTC,10,11,3.61,0.64,28.2,65.8,Safe
2026-04-29 08:20:07 UTC,10,12,3.68,0.65,28.2,65.9,Safe
2026-04-29 08:20:17 UTC,10,13,3.61,0.64,28.3,65.8,Safe
2026-04-29 08:20:27 UTC,10,16,3.68,0.65,28.3,65.8,Safe
2026-04-29 08:20:37 UTC,9,17,3.6,0.64,28.2,65.8,Safe
2026-04-29 08:20:47 UTC,9,15,3.69,0.65,28.2,65.8,Safe
2026-04-29 08:20:57 UTC,8,15,3.62,0.64,28.2,65.8,Safe
2026-04-29 08:21:07 UTC,7,16,3.67,0.65,28.2,65.7,Safe
2026-04-29 08:21:17 UTC,7,14,3.62,0.64,28.2,65.8,Safe
2026-04-29 08:21:27 UTC,6,13,3.66,0.65,28.2,65.8,Safe
2026-04-29 08:21:37 UTC,7,11,3.67,0.65,28.2,65.9,Safe
2026-04-29 08:21:47 UTC,8,9,3.63,0.64,28.2,65.9,Safe
2026-04-29 08:21:57 UTC,8,9,3.66,0.65,28.1,66,Safe
2026-04-29 08:22:07 UTC,9,10,3.61,0.64,28.2,65.9,Safe
2026-04-29 08:22:17 UTC,9,10,3.68,0.65,28.2,65.9,Safe
2026-04-29 08:22:27 UTC,8,9,3.6,0.64,28.2,65.9,Safe
2026-04-29 08:22:37 UTC,7,10,3.68,0.65,28.2,65.9,Safe
2026-04-29 08:22:47 UTC,6,8,3.62,0.64,28.2,65.9,Safe
2026-04-29 08:22:57 UTC,6,8,3.66,0.65,28.2,65.9,Safe
2026-04-29 08:23:07 UTC,6,9,3.67,0.65,28.2,65.8,Safe
2026-04-29 08:23:17 UTC,6,10,3.66,0.65,28.2,65.8,Safe
2026-04-29 08:23:27 UTC,6,8,3.68,0.65,28.2,65.8,Safe
2026-04-29 08:23:37 UTC,7,9,3.62,0.64,28.2,65.8,Safe
2026-04-29 08:23:47 UTC,8,10,3.68,0.65,28.2,65.8,Safe
2026-04-29 08:23:57 UTC,9,11,3.62,0.64,28.2,65.8,Safe
2026-04-29 08:24:07 UTC,8,9,3.67,0.65,28.2,65.8,Safe
2026-04-29 08:24:17 UTC,7,9,3.62,0.64,28.3,65.8,Safe
2026-04-29 08:24:27 UTC,8,10,3.68,0.65,28.3,65.8,Safe
2026-04-29 08:24:37 UTC,8,9,3.62,0.64,28.2,65.8,Safe
2026-04-29 08:24:47 UTC,6,6,3.68,0.65,28.2,65.8,Safe
2026-04-29 08:24:57 UTC,6,8,3.61,0.64,28.3,65.8,Safe
2026-04-29 08:25:07 UTC,7,9,3.68,0.65,28.2,65.8,Safe
2026-04-29 08:25:17 UTC,6,9,3.68,0.65,28.3,65.8,Safe
2026-04-29 08:25:27 UTC,6,10,3.63,0.64,28.3,65.8,Safe
2026-04-29 08:25:37 UTC,7,9,3.68,0.65,28.3,65.8,Safe
2026-04-29 08:25:47 UTC,7,8,3.63,0.64,28.3,65.8,Safe
2026-04-29 08:25:57 UTC,8,8,3.68,0.65,28.3,65.8,Safe
2026-04-29 08:26:07 UTC,5,8,3.61,0.64,28.3,65.8,Safe
2026-04-29 08:26:17 UTC,6,8,3.67,0.65,28.3,65.8,Safe
2026-04-29 08:26:27 UTC,7,7,3.62,0.64,28.3,65.8,Safe
2026-04-29 08:26:37 UTC,6,6,3.67,0.65,28.3,65.8,Safe
2026-04-29 08:26:47 UTC,5,6,3.68,0.65,28.3,65.8,Safe
2026-04-29 08:26:57 UTC,5,5,3.67,0.65,28.3,65.8,Safe
2026-04-29 08:27:07 UTC,7,8,3.67,0.65,28.3,65.8,Safe
2026-04-29 08:27:17 UTC,7,8,3.63,0.65,28.3,65.8,Safe
2026-04-29 08:27:27 UTC,6,8,3.68,0.65,28.4,65.8,Safe
2026-04-29 08:27:37 UTC,6,8,3.62,0.64,28.4,65.8,Safe
2026-04-29 08:27:47 UTC,7,10,3.68,0.65,28.4,65.8,Safe
2026-04-29 08:27:57 UTC,6,7,3.63,0.64,28.4,65.9,Safe
2026-04-29 08:28:07 UTC,6,6,3.68,0.65,28.4,65.8,Safe
2026-04-29 08:28:17 UTC,6,7,3.61,0.64,28.4,65.8,Safe
2026-04-29 08:28:27 UTC,6,7,3.68,0.65,28.4,65.8,Safe
2026-04-29 08:28:37 UTC,6,7,3.62,0.64,28.4,65.8,Safe
2026-04-29 08:28:47 UTC,6,7,3.67,0.65,28.4,65.7,Safe
2026-04-29 08:28:57 UTC,7,8,3.66,0.65,28.4,65.7,Safe
2026-04-29 08:29:07 UTC,7,9,3.62,0.64,28.4,65.7,Safe
2026-04-29 08:29:17 UTC,6,8,3.65,0.65,28.4,65.7,Safe
2026-04-29 08:29:27 UTC,5,6,3.63,0.64,28.5,65.6,Safe
2026-04-29 08:29:37 UTC,7,8,3.69,0.65,28.5,65.6,Safe
2026-04-29 08:29:47 UTC,7,8,3.62,0.64,28.4,65.6,Safe
2026-04-29 08:29:57 UTC,6,6,3.68,0.65,28.5,65.5,Safe
2026-04-29 08:30:07 UTC,7,7,3.63,0.64,28.4,65.5,Safe
2026-04-29 08:30:17 UTC,7,9,3.67,0.65,28.4,65.6,Safe
2026-04-29 08:30:27 UTC,7,9,3.66,0.65,28.4,65.6,Safe
2026-04-29 08:30:37 UTC,6,8,3.68,0.65,28.4,65.5,Safe
2026-04-29 08:30:47 UTC,7,8,3.68,0.65,28.5,65.6,Safe
2026-04-29 08:30:57 UTC,8,10,3.62,0.64,28.5,65.6,Safe
2026-04-29 08:31:07 UTC,7,9,3.66,0.65,28.4,65.6,Safe
2026-04-29 08:31:17 UTC,7,9,3.63,0.64,28.5,65.5,Safe
2026-04-29 08:31:27 UTC,7,9,3.67,0.65,28.5,65.5,Safe
2026-04-29 08:31:37 UTC,6,8,3.62,0.64,28.5,65.5,Safe
2026-04-29 08:31:47 UTC,6,9,3.68,0.65,28.5,65.5,Safe
2026-04-29 08:31:57 UTC,6,9,3.62,0.64,28.5,65.5,Safe
2026-04-29 08:32:07 UTC,7,9,3.67,0.65,28.5,65.5,Safe
2026-04-29 08:32:17 UTC,7,7,3.61,0.64,28.5,65.5,Safe
2026-04-29 08:32:27 UTC,7,8,3.67,0.65,28.5,65.5,Safe
2026-04-29 08:32:37 UTC,8,10,3.67,0.65,28.5,65.6,Safe
2026-04-29 08:32:47 UTC,9,9,3.59,0.64,28.5,65.6,Safe
2026-04-29 08:32:57 UTC,6,7,3.67,0.65,28.5,65.6,Safe
2026-04-29 08:33:07 UTC,8,8,3.63,0.64,28.5,65.6,Safe
2026-04-29 08:33:17 UTC,8,8,3.69,0.65,28.5,65.6,Safe
2026-04-29 08:33:27 UTC,8,8,3.63,0.65,28.5,65.7,Safe
2026-04-29 08:33:37 UTC,6,6,3.67,0.65,28.5,65.6,Safe
2026-04-29 08:33:47 UTC,6,6,3.61,0.64,28.5,65.6,Safe
2026-04-29 08:33:57 UTC,6,8,3.67,0.65,28.5,65.6,Safe
2026-04-29 08:34:07 UTC,6,10,3.67,0.65,28.5,65.6,Safe
2026-04-29 08:34:17 UTC,6,10,3.68,0.65,28.5,65.7,Safe
2026-04-29 08:34:27 UTC,7,8,3.65,0.65,28.5,65.6,Safe
2026-04-29 08:34:37 UTC,9,9,3.62,0.64,28.5,65.7,Safe
2026-04-29 08:34:47 UTC,8,9,3.67,0.65,28.5,65.7,Safe
2026-04-29 08:34:57 UTC,9,11,3.63,0.64,28.5,65.7,Safe
2026-04-29 08:35:07 UTC,11,20,3.68,0.65,28.6,65.8,Safe
2026-04-29 08:35:17 UTC,20,35,3.6,0.64,28.6,65.9,Safe
2026-04-29 08:35:27 UTC,21,37,3.67,0.65,28.5,66,Safe
2026-04-29 08:35:37 UTC,21,41,3.62,0.64,28.5,66,Safe
2026-04-29 08:35:47 UTC,23,51,3.68,0.65,28.5,66.1,Safe
2026-04-29 08:35:57 UTC,26,49,3.62,0.64,28.5,66.1,Safe
2026-04-29 08:36:07 UTC,25,47,3.68,0.65,28.5,66,Safe
2026-04-29 08:36:17 UTC,25,43,3.66,0.65,28.5,66.1,Safe
2026-04-29 08:36:27 UTC,24,47,3.63,0.64,28.5,66.1,Safe
2026-04-29 08:36:37 UTC,23,47,3.69,0.65,28.5,66.1,Safe
2026-04-29 08:36:47 UTC,27,49,3.63,0.64,28.5,66.1,Safe
2026-04-29 08:36:57 UTC,25,49,3.66,0.65,28.5,66,Safe
2026-04-29 08:37:07 UTC,24,47,3.63,0.65,28.5,66.1,Safe
2026-04-29 08:37:17 UTC,25,47,3.68,0.65,28.5,66,Safe
2026-04-29 08:37:27 UTC,27,49,3.61,0.65,28.5,66,Safe
2026-04-29 08:37:37 UTC,28,50,3.68,0.65,28.5,66.3,Safe
2026-04-29 08:37:47 UTC,26,49,3.67,0.65,28.5,66.3,Safe
2026-04-29 08:37:57 UTC,26,47,3.68,0.65,28.5,66.3,Safe
2026-04-29 08:38:07 UTC,25,43,3.67,0.65,28.5,66.4,Safe
2026-04-29 08:38:17 UTC,24,39,3.63,0.64,28.5,66.3,Safe
2026-04-29 08:38:27 UTC,22,35,3.66,0.65,28.5,66.3,Safe
2026-04-29 08:38:37 UTC,21,33,3.62,0.64,28.5,66.1,Safe
2026-04-29 08:38:47 UTC,17,27,3.67,0.65,28.5,66,Safe
2026-04-29 08:38:57 UTC,19,29,3.62,0.64,28.5,65.9,Safe
2026-04-29 08:39:07 UTC,17,28,3.68,0.65,28.5,65.9,Safe
2026-04-29 08:39:17 UTC,18,29,3.63,0.65,28.5,65.9,Safe
2026-04-29 08:39:27 UTC,17,24,3.66,0.65,28.5,65.8,Safe
2026-04-29 08:39:37 UTC,14,21,3.62,0.64,28.5,66,Safe
2026-04-29 08:39:47 UTC,15,21,3.68,0.65,28.5,65.9,Safe
2026-04-29 08:39:57 UTC,14,22,3.65,0.65,28.5,65.9,Safe
2026-04-29 08:40:07 UTC,11,22,3.63,0.64,28.5,65.8,Safe
2026-04-29 08:40:17 UTC,11,24,3.68,0.65,28.5,66,Safe
2026-04-29 08:40:27 UTC,11,24,3.62,0.65,28.5,66,Safe
2026-04-29 08:40:37 UTC,8,17,3.68,0.65,28.5,66.1,Safe
2026-04-29 08:40:47 UTC,8,15,3.62,0.64,28.5,66.1,Safe
2026-04-29 08:40:57 UTC,7,14,3.66,0.65,28.5,66.2,Safe
2026-04-29 08:41:07 UTC,8,14,3.63,0.64,28.5,66.2,Safe
2026-04-29 08:41:17 UTC,8,16,3.68,0.65,28.5,66.3,Safe
2026-04-29 08:41:27 UTC,6,16,3.68,0.65,28.6,66.3,Safe
2026-04-29 08:41:37 UTC,6,15,3.68,0.65,28.6,66.4,Safe
2026-04-29 08:41:47 UTC,7,13,3.62,0.64,28.6,66.5,Safe
2026-04-29 08:41:57 UTC,7,14,3.63,0.65,28.6,66.4,Safe
2026-04-29 08:42:07 UTC,7,11,3.67,0.65,28.6,66.4,Safe
2026-04-29 08:42:17 UTC,7,15,3.63,0.65,28.6,66.5,Safe
2026-04-29 08:42:27 UTC,6,16,3.66,0.65,28.6,66.4,Safe
2026-04-29 08:42:37 UTC,6,14,3.62,0.64,28.7,66.4,Safe
2026-04-29 08:42:47 UTC,7,13,3.66,0.65,28.7,66.4,Safe
2026-04-29 08:42:57 UTC,8,15,3.62,0.65,28.7,66.4,Safe
2026-04-29 08:43:07 UTC,5,10,3.67,0.65,28.7,66.3,Safe
2026-04-29 08:43:17 UTC,6,12,3.63,0.64,28.7,66.3,Safe
2026-04-29 08:43:27 UTC,7,10,3.68,0.65,28.7,66.3,Safe
2026-04-29 08:43:37 UTC,6,10,3.67,0.65,28.7,66.4,Safe
2026-04-29 08:43:47 UTC,7,10,3.6,0.64,28.7,66.4,Safe
2026-04-29 08:43:57 UTC,7,9,3.66,0.65,28.7,66.3,Safe
2026-04-29 08:44:07 UTC,6,8,3.63,0.64,28.7,66.4,Safe
2026-04-29 08:44:17 UTC,8,9,3.68,0.65,28.7,66.4,Safe
2026-04-29 08:44:27 UTC,7,9,3.62,0.64,28.7,66.4,Safe
2026-04-29 08:44:37 UTC,5,10,3.7,0.65,28.7,66.4,Safe
2026-04-29 08:44:47 UTC,7,12,3.63,0.65,28.7,66.4,Safe
2026-04-29 08:44:57 UTC,8,11,3.68,0.65,28.7,66.4,Safe
2026-04-29 08:45:07 UTC,9,9,3.67,0.65,28.7,66.3,Safe
2026-04-29 08:45:17 UTC,7,7,3.66,0.65,28.7,66.3,Safe
2026-04-29 08:45:27 UTC,7,7,3.62,0.64,28.7,66.3,Safe
2026-04-29 08:45:37 UTC,7,10,3.63,0.65,28.7,66.4,Safe
2026-04-29 08:45:47 UTC,6,9,3.66,0.65,28.7,66.4,Safe
2026-04-29 08:45:57 UTC,5,8,3.62,0.64,28.7,66.3,Safe
2026-04-29 08:46:07 UTC,8,9,3.69,0.65,28.7,66.3,Safe
2026-04-29 08:46:17 UTC,5,7,3.61,0.64,28.7,66.4,Safe
2026-04-29 08:46:27 UTC,5,6,3.68,0.65,28.7,66.3,Safe
2026-04-29 08:46:37 UTC,6,8,3.62,0.64,28.8,66.2,Safe
2026-04-29 08:46:47 UTC,6,9,3.68,0.65,28.7,66.2,Safe
2026-04-29 08:46:57 UTC,5,7,3.61,0.64,28.8,66.1,Safe
2026-04-29 08:47:07 UTC,5,6,3.66,0.65,28.8,66.1,Safe
2026-04-29 08:47:17 UTC,5,7,3.68,0.65,28.8,66,Safe
2026-04-29 08:47:27 UTC,6,8,3.6,0.64,28.8,66,Safe
2026-04-29 08:47:37 UTC,7,10,3.66,0.65,28.8,65.9,Safe
2026-04-29 08:47:47 UTC,6,9,3.62,0.64,28.8,66,Safe
2026-04-29 08:47:57 UTC,7,9,3.67,0.65,28.8,66,Safe
2026-04-29 08:48:07 UTC,6,9,3.62,0.64,28.8,66,Safe
2026-04-29 08:48:17 UTC,6,8,3.66,0.65,28.8,66.2,Safe
2026-04-29 08:48:27 UTC,7,8,3.63,0.64,28.8,66.1,Safe
2026-04-29 08:48:37 UTC,7,7,3.66,0.65,28.8,66,Safe
2026-04-29 08:48:47 UTC,6,6,3.68,0.65,28.8,65.9,Safe
2026-04-29 08:48:57 UTC,7,7,3.68,0.65,28.9,65.8,Safe
2026-04-29 08:49:07 UTC,7,8,3.6,0.64,28.9,65.8,Safe
2026-04-29 08:49:17 UTC,5,7,3.63,0.64,28.8,65.8,Safe
2026-04-29 08:49:27 UTC,7,7,3.68,0.65,28.8,65.9,Safe
2026-04-29 08:49:37 UTC,8,8,3.63,0.65,28.9,65.8,Safe
2026-04-29 08:49:47 UTC,10,12,3.68,0.65,28.9,66,Safe
2026-04-29 08:49:57 UTC,8,10,3.61,0.64,28.9,65.8,Safe
2026-04-29 08:50:07 UTC,8,9,3.68,0.65,28.9,65.9,Safe
2026-04-29 08:50:17 UTC,10,11,3.62,0.64,28.9,65.9,Safe
2026-04-29 08:50:27 UTC,12,14,3.66,0.65,28.9,66,Safe
2026-04-29 08:50:37 UTC,13,19,3.62,0.65,28.9,66.2,Safe
2026-04-29 08:50:47 UTC,12,18,3.68,0.65,28.9,66,Safe
2026-04-29 08:50:57 UTC,12,17,3.68,0.65,28.9,66,Safe
2026-04-29 08:51:07 UTC,13,21,3.6,0.64,28.9,66,Safe
2026-04-29 08:51:17 UTC,12,20,3.68,0.65,28.9,66,Safe
2026-04-29 08:51:27 UTC,13,20,3.63,0.65,28.9,66,Safe
2026-04-29 08:51:37 UTC,10,18,3.7,0.65,28.9,66,Safe
2026-04-29 08:51:47 UTC,11,18,3.62,0.65,28.9,65.9,Safe
2026-04-29 08:51:57 UTC,11,19,3.68,0.65,28.9,65.9,Safe
2026-04-29 08:52:07 UTC,14,22,3.63,0.65,28.9,65.8,Safe
2026-04-29 08:52:17 UTC,14,21,3.68,0.65,28.9,65.8,Safe
2026-04-29 08:52:27 UTC,9,16,3.67,0.65,28.9,65.8,Safe
2026-04-29 08:52:37 UTC,9,15,3.69,0.65,28.9,65.9,Safe
2026-04-29 08:52:47 UTC,9,15,3.62,0.64,28.9,65.6,Safe
2026-04-29 08:52:57 UTC,9,15,3.61,0.64,28.9,65.5,Safe
2026-04-29 08:53:07 UTC,11,15,3.69,0.65,28.9,65.5,Safe
2026-04-29 08:53:17 UTC,9,15,3.62,0.65,28.9,65.4,Safe
2026-04-29 08:53:27 UTC,9,16,3.67,0.65,28.9,65.4,Safe
2026-04-29 08:53:37 UTC,8,14,3.6,0.64,28.9,65.4,Safe
2026-04-29 08:53:47 UTC,8,12,3.68,0.65,28.9,65.4,Safe
2026-04-29 08:53:57 UTC,7,11,3.63,0.64,28.9,65.5,Safe
2026-04-29 08:54:07 UTC,7,10,3.68,0.65,28.9,65.4,Safe
2026-04-29 08:54:17 UTC,9,11,3.62,0.65,28.9,65.4,Safe
2026-04-29 08:54:27 UTC,10,13,3.68,0.65,28.9,65.4,Safe
2026-04-29 08:54:37 UTC,8,12,3.67,0.65,28.9,65.4,Safe
2026-04-29 08:54:47 UTC,9,11,3.62,0.65,28.9,65.4,Safe
2026-04-29 08:54:57 UTC,10,13,3.68,0.65,28.9,65.3,Safe
2026-04-29 08:55:07 UTC,10,12,3.6,0.64,28.9,65.2,Safe
2026-04-29 08:55:17 UTC,10,13,3.66,0.65,28.9,65.2,Safe
2026-04-29 08:55:27 UTC,9,12,3.63,0.64,28.9,65.3,Safe
2026-04-29 08:55:37 UTC,8,9,3.68,0.65,28.9,65.5,Safe
2026-04-29 08:55:47 UTC,7,9,3.62,0.64,28.9,65.6,Safe
2026-04-29 08:55:57 UTC,7,8,3.68,0.65,28.9,65.6,Safe
2026-04-29 08:56:07 UTC,8,8,3.68,0.65,29,65.5,Safe
2026-04-29 08:56:17 UTC,8,9,3.69,0.65,29,65.5,Safe
2026-04-29 08:56:27 UTC,7,10,3.66,0.65,29,65.5,Safe
2026-04-29 08:56:37 UTC,7,10,3.59,0.64,29,65.5,Safe
2026-04-29 08:56:47 UTC,9,10,3.67,0.65,29,65.5,Safe
2026-04-29 08:56:57 UTC,9,12,3.62,0.64,29,65.5,Safe
2026-04-29 08:57:07 UTC,9,13,3.67,0.65,29,65.7,Safe
2026-04-29 08:57:17 UTC,9,13,3.62,0.65,29,65.8,Safe
2026-04-29 08:57:27 UTC,9,14,3.69,0.65,29,65.8,Safe
2026-04-29 08:57:37 UTC,9,15,3.62,0.64,29,65.8,Safe
2026-04-29 08:57:47 UTC,11,16,3.67,0.65,29,65.8,Safe
2026-04-29 08:57:57 UTC,10,16,3.63,0.64,29,65.8,Safe
2026-04-29 08:58:07 UTC,9,15,3.68,0.65,29,65.8,Safe
2026-04-29 08:58:17 UTC,10,16,3.68,0.65,29.1,65.8,Safe
2026-04-29 08:58:27 UTC,11,18,3.61,0.64,29,65.8,Safe
2026-04-29 08:58:37 UTC,10,18,3.67,0.65,29.1,65.8,Safe
2026-04-29 08:58:47 UTC,8,14,3.61,0.64,29.1,65.9,Safe
2026-04-29 08:58:57 UTC,8,12,3.68,0.65,29.1,65.9,Safe
2026-04-29 08:59:07 UTC,10,16,3.62,0.65,29.1,65.9,Safe
2026-04-29 08:59:17 UTC,9,15,3.67,0.65,29.1,66,Safe
2026-04-29 08:59:27 UTC,8,17,3.63,0.64,29.1,66,Safe
2026-04-29 08:59:37 UTC,8,14,3.68,0.65,29.1,66,Safe
2026-04-29 08:59:47 UTC,9,15,3.68,0.65,29.1,66,Safe
2026-04-29 08:59:57 UTC,10,17,3.68,0.65,29.1,66,Safe
2026-04-29 09:00:07 UTC,12,20,3.65,0.65,29.1,66,Safe
2026-04-29 09:00:17 UTC,11,19,3.61,0.64,29.1,66,Safe
2026-04-29 09:00:27 UTC,9,18,3.67,0.65,29.1,66.1,Safe
2026-04-29 09:00:37 UTC,8,18,3.61,0.64,29.2,66.1,Safe
2026-04-29 09:00:47 UTC,10,19,3.69,0.65,29.2,66.2,Safe
2026-04-29 09:00:57 UTC,9,18,3.61,0.64,29.1,66.1,Safe
2026-04-29 09:01:07 UTC,10,17,3.68,0.65,29.1,66,Safe
2026-04-29 09:01:17 UTC,10,15,3.6,0.64,29.2,65.9,Safe
2026-04-29 09:01:27 UTC,8,12,3.66,0.65,29.1,65.8,Safe
2026-04-29 09:01:37 UTC,9,12,3.62,0.64,29.2,65.7,Safe
2026-04-29 09:01:47 UTC,10,13,3.68,0.65,29.2,65.7,Safe
2026-04-29 09:01:57 UTC,8,13,3.66,0.65,29.2,65.8,Safe
2026-04-29 09:02:07 UTC,8,13,3.62,0.64,29.2,65.7,Safe
2026-04-29 09:02:17 UTC,9,12,3.68,0.65,29.2,65.7,Safe
2026-04-29 09:02:27 UTC,9,11,3.63,0.65,29.2,65.7,Safe
2026-04-29 09:02:37 UTC,8,10,3.67,0.65,29.2,65.6,Safe
2026-04-29 09:02:47 UTC,7,10,3.63,0.64,29.2,65.6,Safe
2026-04-29 09:02:57 UTC,8,10,3.68,0.65,29.2,65.5,Safe
2026-04-29 09:03:07 UTC,8,8,3.62,0.64,29.2,65.5,Safe
2026-04-29 09:03:17 UTC,7,9,3.69,0.65,29.2,65.5,Safe
2026-04-29 09:03:27 UTC,6,10,3.68,0.65,29.2,65.6,Safe
2026-04-29 09:03:37 UTC,8,9,3.67,0.65,29.2,65.4,Safe
2026-04-29 09:03:47 UTC,7,10,3.69,0.65,29.2,65.5,Safe
2026-04-29 09:03:57 UTC,8,11,3.63,0.64,29.3,65.4,Safe
2026-04-29 09:04:07 UTC,9,10,3.68,0.65,29.3,65.4,Safe
2026-04-29 09:04:17 UTC,8,9,3.63,0.65,29.3,65.4,Safe
2026-04-29 09:04:27 UTC,8,8,3.68,0.65,29.3,65.3,Safe
2026-04-29 09:04:37 UTC,8,8,3.6,0.64,29.3,65.2,Safe
2026-04-29 09:04:47 UTC,5,7,3.68,0.65,29.3,65.1,Safe
2026-04-29 09:04:57 UTC,6,8,3.63,0.64,29.3,65,Safe
2026-04-29 09:05:07 UTC,8,10,3.68,0.65,29.3,65,Safe
2026-04-29 09:05:17 UTC,9,11,3.63,0.65,29.3,65,Safe
2026-04-29 09:05:27 UTC,6,8,3.68,0.65,29.3,64.9,Safe
2026-04-29 09:05:37 UTC,7,7,3.68,0.65,29.3,64.9,Safe
2026-04-29 09:05:47 UTC,6,7,3.63,0.65,29.3,64.9,Safe
2026-04-29 09:05:57 UTC,5,7,3.67,0.65,29.3,65,Safe
2026-04-29 09:06:07 UTC,7,9,3.62,0.64,29.4,64.8,Safe
2026-04-29 09:06:17 UTC,7,11,3.65,0.65,29.4,64.7,Safe
2026-04-29 09:06:27 UTC,6,10,3.62,0.64,29.4,64.7,Safe
2026-04-29 09:06:37 UTC,5,12,3.68,0.65,29.4,64.6,Safe
2026-04-29 09:06:47 UTC,6,9,3.63,0.64,29.4,64.6,Safe
2026-04-29 09:06:57 UTC,5,8,3.69,0.65,29.4,64.6,Safe
2026-04-29 09:07:07 UTC,5,6,3.67,0.65,29.4,64.5,Safe
2026-04-29 09:07:17 UTC,6,7,3.62,0.65,29.4,64.4,Safe
2026-04-29 09:07:27 UTC,6,7,3.67,0.65,29.4,64.3,Safe
2026-04-29 09:07:37 UTC,7,8,3.61,0.64,29.4,64.3,Safe
2026-04-29 09:07:47 UTC,4,6,3.68,0.65,29.4,64.2,Safe
2026-04-29 09:07:57 UTC,5,9,3.62,0.65,29.4,64.2,Safe
2026-04-29 09:08:07 UTC,7,10,3.65,0.65,29.4,64.2,Safe
2026-04-29 09:08:17 UTC,7,7,3.63,0.65,29.4,64.1,Safe
2026-04-29 09:08:27 UTC,6,7,3.67,0.65,29.4,64,Safe
2026-04-29 09:08:37 UTC,6,8,3.61,0.64,29.4,64,Safe
2026-04-29 09:08:47 UTC,6,10,3.69,0.65,29.4,63.9,Safe
2026-04-29 09:08:57 UTC,8,10,3.62,0.64,29.4,63.9,Safe
2026-04-29 09:09:07 UTC,7,8,3.6,0.64,29.4,63.9,Safe
2026-04-29 09:09:17 UTC,7,10,3.69,0.65,29.4,64,Safe
2026-04-29 09:09:27 UTC,7,10,3.62,0.64,29.4,63.9,Safe
2026-04-29 09:09:37 UTC,6,9,3.68,0.65,29.4,63.9,Safe
2026-04-29 09:09:47 UTC,7,9,3.62,0.64,29.4,63.9,Safe
2026-04-29 09:09:57 UTC,7,7,3.67,0.65,29.4,63.9,Safe
2026-04-29 09:10:07 UTC,7,9,3.6,0.64,29.4,63.9,Safe
2026-04-29 09:10:17 UTC,6,9,3.69,0.66,29.4,63.9,Safe
2026-04-29 09:10:27 UTC,7,8,3.63,0.65,29.4,64.1,Safe
2026-04-29 09:10:37 UTC,7,8,3.68,0.65,29.4,64.1,Safe
2026-04-29 09:10:47 UTC,5,6,3.66,0.65,29.4,64.1,Safe
2026-04-29 09:10:57 UTC,5,7,3.63,0.65,29.4,64.1,Safe
2026-04-29 09:11:07 UTC,7,9,3.69,0.65,29.4,64.2,Safe
2026-04-29 09:11:17 UTC,6,8,3.62,0.64,29.4,64.3,Safe
2026-04-29 09:11:27 UTC,6,6,3.69,0.65,29.4,64.1,Safe
2026-04-29 09:11:37 UTC,7,7,3.64,0.65,29.4,64,Safe
2026-04-29 09:11:47 UTC,5,7,3.68,0.65,29.4,64.2,Safe
2026-04-29 09:11:57 UTC,5,7,3.63,0.64,29.4,64.4,Safe
2026-04-29 09:12:07 UTC,6,7,3.67,0.65,29.4,64.3,Safe
2026-04-29 09:12:17 UTC,6,7,3.67,0.65,29.4,64.2,Safe
2026-04-29 09:12:27 UTC,5,6,3.68,0.65,29.4,64.1,Safe
2026-04-29 09:12:37 UTC,5,5,3.68,0.65,29.4,64,Safe
2026-04-29 09:12:47 UTC,4,5,3.59,0.64,29.4,63.9,Safe
2026-04-29 09:12:57 UTC,5,6,3.69,0.65,29.4,63.9,Safe
2026-04-29 09:13:07 UTC,6,7,3.62,0.64,29.4,64,Safe
2026-04-29 09:13:17 UTC,6,9,3.68,0.65,29.4,64.1,Safe
2026-04-29 09:13:27 UTC,6,8,3.6,0.64,29.5,64.2,Safe
2026-04-29 09:13:37 UTC,6,8,3.69,0.65,29.4,64.2,Safe
2026-04-29 09:13:47 UTC,5,10,3.62,0.64,29.5,64.1,Safe
2026-04-29 09:13:57 UTC,6,9,3.68,0.65,29.5,64,Safe
2026-04-29 09:14:07 UTC,7,7,3.61,0.65,29.5,63.9,Safe
2026-04-29 09:14:17 UTC,5,7,3.67,0.65,29.5,63.7,Safe
2026-04-29 09:14:27 UTC,7,10,3.67,0.65,29.5,63.8,Safe
2026-04-29 09:14:37 UTC,7,8,3.62,0.64,29.5,63.7,Safe
2026-04-29 09:14:47 UTC,9,12,3.67,0.65,29.5,63.8,Safe
2026-04-29 09:14:57 UTC,7,9,3.62,0.64,29.5,63.9,Safe
2026-04-29 09:15:07 UTC,6,9,3.68,0.65,29.5,63.9,Safe
2026-04-29 09:15:17 UTC,5,7,3.62,0.64,29.5,63.7,Safe
2026-04-29 09:15:27 UTC,5,6,3.68,0.65,29.5,63.5,Safe
2026-04-29 09:15:37 UTC,4,7,3.62,0.64,29.5,63.5,Safe
2026-04-29 09:15:47 UTC,5,7,3.68,0.65,29.5,63.3,Safe
2026-04-29 09:15:57 UTC,6,9,3.68,0.65,29.5,63.4,Safe
2026-04-29 09:16:07 UTC,6,8,3.68,0.65,29.5,63.4,Safe
2026-04-29 09:16:17 UTC,6,7,3.68,0.65,29.5,63.4,Safe
2026-04-29 09:16:27 UTC,6,6,3.62,0.64,29.5,63.4,Safe
2026-04-29 09:16:37 UTC,6,7,3.67,0.65,29.5,63.4,Safe
2026-04-29 09:16:47 UTC,7,9,3.61,0.64,29.5,63.4,Safe
2026-04-29 09:16:57 UTC,8,9,3.67,0.65,29.5,63.5,Safe
2026-04-29 09:17:07 UTC,7,7,3.62,0.64,29.5,63.3,Safe
2026-04-29 09:17:17 UTC,7,7,3.67,0.65,29.6,63.2,Safe
2026-04-29 09:17:27 UTC,8,8,3.59,0.64,29.6,63.1,Safe
2026-04-29 09:17:37 UTC,7,7,3.67,0.65,29.6,63,Safe
2026-04-29 09:17:47 UTC,6,6,3.62,0.64,29.6,62.9,Safe
2026-04-29 09:17:57 UTC,5,6,3.62,0.64,29.5,63,Safe
2026-04-29 09:18:07 UTC,5,5,3.66,0.65,29.5,63.1,Safe
2026-04-29 09:18:17 UTC,6,7,3.61,0.64,29.6,63,Safe
2026-04-29 09:18:27 UTC,6,7,3.67,0.65,29.5,62.9,Safe
2026-04-29 09:18:37 UTC,7,7,3.6,0.64,29.5,63,Safe
2026-04-29 09:18:47 UTC,6,6,3.66,0.65,29.5,63.1,Safe
2026-04-29 09:18:57 UTC,6,7,3.62,0.64,29.5,63.5,Safe
2026-04-29 09:19:07 UTC,6,6,3.66,0.65,29.5,63.4,Safe
2026-04-29 09:19:17 UTC,5,5,3.61,0.64,29.5,63.1,Safe
2026-04-29 09:19:27 UTC,6,6,3.67,0.65,29.5,62.9,Safe
2026-04-29 09:19:37 UTC,6,6,3.67,0.65,29.5,62.9,Safe
2026-04-29 09:19:47 UTC,5,6,3.61,0.64,29.5,62.8,Safe
2026-04-29 09:19:57 UTC,7,8,3.68,0.65,29.5,62.8,Safe
2026-04-29 09:20:07 UTC,9,10,3.62,0.64,29.5,62.9,Safe
2026-04-29 09:20:17 UTC,7,7,3.67,0.65,29.5,63,Safe
2026-04-29 09:20:27 UTC,6,6,3.63,0.64,29.5,63.2,Safe
2026-04-29 09:20:37 UTC,6,6,3.65,0.65,29.5,63.2,Safe
2026-04-29 09:20:47 UTC,7,7,3.61,0.64,29.6,63.1,Safe
2026-04-29 09:20:57 UTC,7,8,3.66,0.65,29.5,63.5,Safe
2026-04-29 09:21:07 UTC,8,8,3.61,0.64,29.5,63.8,Safe
2026-04-29 09:21:17 UTC,7,9,3.67,0.65,29.5,63.6,Safe
2026-04-29 09:21:27 UTC,7,12,3.62,0.64,29.6,63.6,Safe
2026-04-29 09:21:37 UTC,8,13,3.6,0.64,29.6,63.3,Safe
2026-04-29 09:21:47 UTC,7,8,3.66,0.65,29.5,63,Safe
2026-04-29 09:21:57 UTC,7,9,3.62,0.64,29.6,62.9,Safe
2026-04-29 09:22:07 UTC,8,10,3.67,0.65,29.5,62.8,Safe
2026-04-29 09:22:17 UTC,9,10,3.62,0.64,29.5,62.9,Safe
2026-04-29 09:22:27 UTC,8,8,3.67,0.65,29.5,62.9,Safe
2026-04-29 09:22:37 UTC,8,9,3.61,0.64,29.5,62.8,Safe
2026-04-29 09:22:47 UTC,8,9,3.67,0.65,29.5,62.8,Safe
2026-04-29 09:22:57 UTC,6,9,3.62,0.64,29.5,62.6,Safe
2026-04-29 09:23:07 UTC,7,8,3.67,0.65,29.5,62.6,Safe
2026-04-29 09:23:17 UTC,8,9,3.65,0.65,29.5,62.7,Safe
2026-04-29 09:23:27 UTC,8,10,3.61,0.64,29.5,62.7,Safe
2026-04-29 09:23:37 UTC,6,9,3.71,0.65,29.5,62.7,Safe
2026-04-29 09:23:47 UTC,7,9,3.62,0.64,29.5,62.7,Safe
2026-04-29 09:23:57 UTC,7,10,3.66,0.65,29.5,63,Safe
2026-04-29 09:24:07 UTC,7,8,3.62,0.64,29.5,63.2,Safe
2026-04-29 09:24:17 UTC,6,8,3.68,0.65,29.5,63.5,Safe
2026-04-29 09:24:27 UTC,8,10,3.61,0.64,29.6,63.8,Safe
2026-04-29 09:24:37 UTC,8,11,3.66,0.65,29.5,63.9,Safe
2026-04-29 09:24:47 UTC,8,9,3.61,0.64,29.5,64.1,Safe
2026-04-29 09:24:57 UTC,8,9,3.67,0.65,29.5,64.2,Safe
2026-04-29 09:25:07 UTC,9,10,3.62,0.64,29.6,64.3,Safe
2026-04-29 09:25:17 UTC,8,10,3.62,0.64,29.6,64.3,Safe
2026-04-29 09:25:27 UTC,8,11,3.68,0.65,29.5,64,Safe
2026-04-29 09:25:37 UTC,7,10,3.61,0.64,29.6,64.1,Safe
2026-04-29 09:25:47 UTC,9,9,3.67,0.65,29.6,64.2,Safe
2026-04-29 09:25:57 UTC,8,9,3.61,0.64,29.6,64.4,Safe
2026-04-29 09:26:07 UTC,6,7,3.68,0.65,29.6,64.4,Safe
2026-04-29 09:26:17 UTC,7,8,3.59,0.64,29.6,64.1,Safe
2026-04-29 09:26:27 UTC,8,9,3.66,0.65,29.6,64.1,Safe
2026-04-29 09:26:37 UTC,7,9,3.61,0.64,29.6,64,Safe
2026-04-29 09:26:47 UTC,7,9,3.67,0.65,29.6,64,Safe
2026-04-29 09:26:57 UTC,8,10,3.66,0.65,29.7,64.1,Safe
2026-04-29 09:27:07 UTC,9,12,3.59,0.64,29.6,64,Safe
2026-04-29 09:27:17 UTC,7,9,3.67,0.65,29.7,63.9,Safe
2026-04-29 09:27:27 UTC,8,10,3.62,0.64,29.7,63.7,Safe
2026-04-29 09:27:37 UTC,9,10,3.67,0.65,29.7,63.3,Safe
2026-04-29 09:27:47 UTC,8,8,3.62,0.64,29.7,63.1,Safe
2026-04-29 09:27:57 UTC,9,9,3.67,0.65,29.7,63.4,Safe
2026-04-29 09:28:07 UTC,9,11,3.59,0.64,29.7,63.4,Safe
2026-04-29 09:28:17 UTC,8,10,3.68,0.65,29.7,63.6,Safe
2026-04-29 09:28:27 UTC,7,10,3.6,0.64,29.7,63.6,Safe
2026-04-29 09:28:37 UTC,8,10,3.67,0.65,29.7,63.5,Safe
2026-04-29 09:28:47 UTC,8,9,3.62,0.64,29.7,63.4,Safe
2026-04-29 09:28:57 UTC,5,8,3.62,0.64,29.7,63.2,Safe
2026-04-29 09:29:07 UTC,6,9,3.68,0.65,29.7,63.2,Safe
2026-04-29 09:29:17 UTC,5,7,3.62,0.64,29.7,63.1,Safe
2026-04-29 09:29:27 UTC,6,8,3.68,0.65,29.7,63.1,Safe
2026-04-29 09:29:37 UTC,7,8,3.61,0.64,29.7,63.1,Safe
2026-04-29 09:29:47 UTC,7,7,3.68,0.65,29.8,63.1,Safe
2026-04-29 09:29:57 UTC,7,7,3.62,0.65,29.8,63.1,Safe
2026-04-29 09:30:07 UTC,8,9,3.68,0.65,29.8,63.1,Safe
2026-04-29 09:30:17 UTC,8,8,3.62,0.64,29.8,63.1,Safe
2026-04-29 09:30:27 UTC,8,10,3.67,0.65,29.8,63,Safe
2026-04-29 09:30:37 UTC,8,14,3.68,0.65,29.8,63,Safe
2026-04-29 09:30:47 UTC,7,11,3.6,0.64,29.8,63,Safe
2026-04-29 09:30:57 UTC,7,10,3.67,0.65,29.9,63,Safe
2026-04-29 09:31:07 UTC,8,10,3.58,0.64,29.9,63,Safe
2026-04-29 09:31:17 UTC,7,11,3.66,0.65,29.9,62.9,Safe
2026-04-29 09:31:27 UTC,6,10,3.59,0.64,29.9,62.5,Safe
2026-04-29 09:31:37 UTC,8,11,3.67,0.65,29.9,62.5,Safe
2026-04-29 09:31:47 UTC,10,13,3.61,0.64,29.8,62.5,Safe
2026-04-29 09:31:57 UTC,9,12,3.67,0.65,29.9,62.6,Safe
2026-04-29 09:32:07 UTC,9,10,3.6,0.64,29.9,62.6,Safe
2026-04-29 09:32:17 UTC,7,9,3.67,0.65,29.9,62.7,Safe
2026-04-29 09:32:27 UTC,6,9,3.59,0.64,29.9,62.8,Safe
2026-04-29 09:32:37 UTC,8,10,3.59,0.64,29.9,62.7,Safe
2026-04-29 09:32:47 UTC,8,10,3.67,0.65,29.9,62.7,Safe
2026-04-29 09:32:57 UTC,8,9,3.61,0.64,29.9,62.6,Safe
2026-04-29 09:33:07 UTC,7,11,3.66,0.65,29.9,62.6,Safe
2026-04-29 09:33:17 UTC,9,12,3.62,0.64,29.9,62.7,Safe
2026-04-29 09:33:27 UTC,7,8,3.68,0.65,29.9,62.7,Safe
2026-04-29 09:33:37 UTC,6,8,3.58,0.64,29.9,62.7,Safe
2026-04-29 09:33:47 UTC,6,9,3.67,0.65,29.9,62.7,Safe
2026-04-29 09:33:57 UTC,7,8,3.62,0.64,29.9,62.7,Safe
2026-04-29 09:34:07 UTC,7,8,3.66,0.65,30,62.7,Safe
2026-04-29 09:34:17 UTC,8,10,3.67,0.65,29.9,62.6,Safe
2026-04-29 09:34:27 UTC,8,11,3.61,0.64,30,62.5,Safe
2026-04-29 09:34:37 UTC,7,10,3.65,0.65,29.9,62.5,Safe
2026-04-29 09:34:47 UTC,8,12,3.63,0.64,30,62.4,Safe
2026-04-29 09:34:57 UTC,10,14,3.67,0.65,30,62.5,Safe
2026-04-29 09:35:07 UTC,10,15,3.62,0.65,30,62.3,Safe
2026-04-29 09:35:17 UTC,11,15,3.67,0.65,30,62.3,Safe
2026-04-29 09:35:27 UTC,11,14,3.61,0.64,30,62.3,Safe
2026-04-29 09:35:37 UTC,9,12,3.67,0.65,30,62.3,Safe
2026-04-29 09:35:47 UTC,10,15,3.67,0.65,30,62.4,Safe
2026-04-29 09:35:57 UTC,11,16,3.67,0.65,30,62.5,Safe
2026-04-29 09:36:07 UTC,11,17,3.62,0.64,30,62.4,Safe
2026-04-29 09:36:17 UTC,13,17,3.62,0.64,30.1,62.5,Safe
2026-04-29 09:36:27 UTC,15,20,3.68,0.65,30,62.5,Safe
2026-04-29 09:36:37 UTC,16,20,3.6,0.64,30,62.5,Safe
2026-04-29 09:36:47 UTC,17,19,3.68,0.65,30.1,62.5,Safe
2026-04-29 09:36:57 UTC,17,19,3.62,0.64,30.1,62.5,Safe
2026-04-29 09:37:07 UTC,18,20,3.67,0.65,30.1,62.6,Safe
2026-04-29 09:37:17 UTC,17,19,3.62,0.64,30.1,62.6,Safe
2026-04-29 09:37:27 UTC,15,18,3.67,0.65,30.1,62.6,Safe
2026-04-29 09:37:37 UTC,14,19,3.61,0.64,30.1,62.6,Safe
2026-04-29 09:37:47 UTC,14,20,3.67,0.65,30.1,62.6,Safe
2026-04-29 09:37:57 UTC,14,19,3.66,0.65,30.1,62.6,Safe
2026-04-29 09:38:07 UTC,15,19,3.63,0.65,30.1,62.6,Safe
2026-04-29 09:38:17 UTC,14,18,3.68,0.65,30.1,62.8,Safe
2026-04-29 09:38:27 UTC,17,20,3.59,0.64,30.1,62.7,Safe
2026-04-29 09:38:37 UTC,17,20,3.66,0.65,30.1,62.8,Safe
2026-04-29 09:38:47 UTC,17,20,3.62,0.65,30.1,62.8,Safe
2026-04-29 09:38:57 UTC,16,20,3.67,0.65,30.1,62.8,Safe
2026-04-29 09:39:07 UTC,15,21,3.59,0.64,30.1,62.7,Safe
2026-04-29 09:39:17 UTC,14,20,3.68,0.65,30.1,62.7,Safe
2026-04-29 09:39:27 UTC,14,18,3.66,0.65,30.1,62.8,Safe
2026-04-29 09:39:37 UTC,14,18,3.68,0.65,30.1,62.8,Safe
2026-04-29 09:39:47 UTC,14,19,3.65,0.65,30.1,62.8,Safe
2026-04-29 09:39:57 UTC,15,19,3.61,0.65,30.1,62.8,Safe
2026-04-29 09:40:07 UTC,17,21,3.68,0.65,30.2,62.8,Safe
2026-04-29 09:40:17 UTC,16,21,3.61,0.65,30.1,62.8,Safe
2026-04-29 09:40:27 UTC,17,21,3.66,0.65,30.2,62.7,Safe
2026-04-29 09:40:37 UTC,16,20,3.62,0.65,30.2,62.8,Safe
2026-04-29 09:40:47 UTC,16,20,3.68,0.65,30.1,62.8,Safe
2026-04-29 09:40:57 UTC,16,19,3.58,0.64,30.2,62.9,Safe
2026-04-29 09:41:07 UTC,16,20,3.66,0.65,30.2,62.9,Safe
2026-04-29 09:41:17 UTC,16,22,3.63,0.65,30.2,62.9,Safe
2026-04-29 09:41:27 UTC,17,20,3.67,0.65,30.2,62.9,Safe
2026-04-29 09:41:37 UTC,16,18,3.68,0.65,30.2,62.9,Safe
2026-04-29 09:41:47 UTC,14,18,3.62,0.65,30.2,62.8,Safe
2026-04-29 09:41:57 UTC,13,19,3.69,0.65,30.2,62.8,Safe
2026-04-29 09:42:07 UTC,14,20,3.63,0.64,30.2,62.8,Safe
2026-04-29 09:42:17 UTC,15,18,3.68,0.65,30.2,62.8,Safe
2026-04-29 09:42:27 UTC,16,19,3.59,0.64,30.2,62.8,Safe
2026-04-29 09:42:37 UTC,18,22,3.66,0.65,30.2,62.9,Safe
2026-04-29 09:42:47 UTC,18,19,3.63,0.64,30.2,62.9,Safe
2026-04-29 09:42:57 UTC,16,17,3.68,0.65,30.2,62.9,Safe
2026-04-29 09:43:07 UTC,16,18,3.69,0.65,30.2,62.9,Safe
2026-04-29 09:43:17 UTC,17,20,3.66,0.65,30.2,62.9,Safe
2026-04-29 09:43:27 UTC,16,21,3.68,0.65,30.2,63,Safe
2026-04-29 09:43:37 UTC,16,22,3.59,0.64,30.2,63.1,Safe
2026-04-29 09:43:47 UTC,16,21,3.67,0.65,30.2,63.2,Safe
2026-04-29 09:43:57 UTC,17,22,3.63,0.65,30.2,63.3,Safe
2026-04-29 09:44:07 UTC,19,23,3.67,0.65,30.2,63.4,Safe
2026-04-29 09:44:17 UTC,20,22,3.62,0.65,30.2,63.4,Safe
2026-04-29 09:44:27 UTC,18,22,3.67,0.65,30.2,63.4,Safe
2026-04-29 09:44:37 UTC,19,23,3.62,0.65,30.2,63.5,Safe
2026-04-29 09:44:47 UTC,20,24,3.68,0.65,30.2,63.5,Safe
2026-04-29 09:44:57 UTC,21,24,3.59,0.64,30.2,63.5,Safe
2026-04-29 09:45:07 UTC,20,23,3.68,0.65,30.3,63.4,Safe
2026-04-29 09:45:17 UTC,20,23,3.66,0.65,30.2,63.4,Safe
2026-04-29 09:45:27 UTC,20,26,3.6,0.64,30.3,63.3,Safe
2026-04-29 09:45:37 UTC,22,25,3.66,0.65,30.3,63.4,Safe
2026-04-29 09:45:47 UTC,23,25,3.63,0.65,30.3,63.4,Safe
2026-04-29 09:45:57 UTC,21,22,3.68,0.65,30.3,63.4,Safe
2026-04-29 09:46:07 UTC,21,22,3.6,0.64,30.3,63.4,Safe
2026-04-29 09:46:17 UTC,21,24,3.66,0.65,30.3,63.4,Safe
2026-04-29 09:46:27 UTC,21,25,3.61,0.64,30.3,63.4,Safe
2026-04-29 09:46:37 UTC,22,26,3.68,0.65,30.3,63.3,Safe
2026-04-29 09:46:47 UTC,24,28,3.66,0.65,30.3,63.2,Safe
2026-04-29 09:46:57 UTC,24,28,3.68,0.65,30.3,63,Safe
2026-04-29 09:47:07 UTC,25,29,3.68,0.65,30.4,62.8,Safe
2026-04-29 09:47:17 UTC,22,25,3.62,0.64,30.3,62.7,Safe
2026-04-29 09:47:27 UTC,20,24,3.66,0.65,30.3,62.7,Safe
2026-04-29 09:47:37 UTC,21,27,3.61,0.64,30.4,62.7,Safe
2026-04-29 09:47:47 UTC,23,29,3.68,0.65,30.3,62.5,Safe
2026-04-29 09:47:57 UTC,22,25,3.62,0.64,30.3,62.5,Safe
2026-04-29 09:48:07 UTC,22,25,3.66,0.65,30.3,62.4,Safe
2026-04-29 09:48:17 UTC,23,26,3.59,0.64,30.3,62.3,Safe
2026-04-29 09:48:27 UTC,22,25,3.67,0.65,30.3,62.1,Safe
2026-04-29 09:48:37 UTC,20,21,3.58,0.64,30.3,62.1,Safe
2026-04-29 09:48:47 UTC,20,22,3.61,0.65,30.3,62.2,Safe
2026-04-29 09:48:57 UTC,19,22,3.66,0.65,30.3,62,Safe
2026-04-29 09:49:07 UTC,18,20,3.61,0.64,30.3,61.8,Safe
2026-04-29 09:49:17 UTC,18,19,3.67,0.65,30.3,62.1,Safe
2026-04-29 09:49:27 UTC,18,20,3.58,0.64,30.3,62.3,Safe
2026-04-29 09:49:37 UTC,18,21,3.66,0.65,30.3,62.3,Safe
2026-04-29 09:49:47 UTC,18,20,3.61,0.64,30.3,62.1,Safe
2026-04-29 09:49:57 UTC,17,19,3.67,0.65,30.3,61.9,Safe
2026-04-29 09:50:07 UTC,16,18,3.61,0.64,30.3,61.7,Safe
2026-04-29 09:50:17 UTC,14,17,3.64,0.65,30.3,61.5,Safe
2026-04-29 09:50:27 UTC,13,16,3.67,0.65,30.3,61.3,Safe
2026-04-29 09:50:37 UTC,13,19,3.61,0.64,30.3,61.4,Safe
2026-04-29 09:50:47 UTC,13,20,3.66,0.65,30.3,61.5,Safe
2026-04-29 09:50:57 UTC,11,18,3.62,0.64,30.3,61.6,Safe
2026-04-29 09:51:07 UTC,9,14,3.66,0.65,30.3,61.6,Safe
2026-04-29 09:51:17 UTC,10,15,3.62,0.64,30.3,61.6,Safe
2026-04-29 09:51:27 UTC,12,17,3.68,0.65,30.3,61.6,Safe
2026-04-29 09:51:37 UTC,13,18,3.63,0.64,30.3,61.6,Safe
2026-04-29 09:51:47 UTC,14,18,3.66,0.65,30.3,61.6,Safe
2026-04-29 09:51:57 UTC,14,18,3.61,0.64,30.4,61.6,Safe
2026-04-29 09:52:07 UTC,15,19,3.67,0.65,30.3,61.6,Safe
2026-04-29 09:52:17 UTC,14,19,3.61,0.64,30.3,61.7,Safe
2026-04-29 09:52:27 UTC,11,17,3.62,0.64,30.3,61.6,Safe
2026-04-29 09:52:37 UTC,10,15,3.67,0.65,30.3,61.6,Safe
2026-04-29 09:52:47 UTC,12,17,3.6,0.64,30.4,61.7,Safe
2026-04-29 09:52:57 UTC,12,17,3.67,0.65,30.4,61.8,Safe
2026-04-29 09:53:07 UTC,12,17,3.6,0.64,30.4,61.9,Safe
2026-04-29 09:53:17 UTC,13,18,3.67,0.65,30.4,62,Safe
2026-04-29 09:53:27 UTC,12,17,3.61,0.64,30.4,61.9,Safe
2026-04-29 09:53:37 UTC,12,16,3.67,0.65,30.4,61.9,Safe
2026-04-29 09:53:47 UTC,11,16,3.6,0.64,30.4,62,Safe
2026-04-29 09:53:57 UTC,9,13,3.67,0.65,30.4,62,Safe
2026-04-29 09:54:07 UTC,9,13,3.66,0.65,30.4,62.1,Safe
2026-04-29 09:54:17 UTC,10,12,3.62,0.65,30.4,62,Safe
2026-04-29 09:54:27 UTC,11,12,3.66,0.65,30.4,62.1,Safe
2026-04-29 09:54:37 UTC,12,14,3.62,0.65,30.4,62.2,Safe
2026-04-29 09:54:47 UTC,10,13,3.68,0.65,30.4,62.2,Safe
2026-04-29 09:54:57 UTC,9,15,3.62,0.64,30.5,62.1,Safe
2026-04-29 09:55:07 UTC,10,14,3.67,0.65,30.5,62.1,Safe
2026-04-29 09:55:17 UTC,9,12,3.59,0.64,30.5,62,Safe
2026-04-29 09:55:27 UTC,9,11,3.66,0.65,30.5,62,Safe
2026-04-29 09:55:37 UTC,8,9,3.61,0.64,30.5,62,Safe
2026-04-29 09:55:47 UTC,9,11,3.67,0.65,30.5,62,Safe
2026-04-29 09:55:57 UTC,8,11,3.63,0.64,30.5,62.1,Safe
2026-04-29 09:56:07 UTC,6,8,3.67,0.65,30.5,62.2,Safe
2026-04-29 09:56:17 UTC,7,9,3.67,0.65,30.5,62.2,Safe
2026-04-29 09:56:27 UTC,8,9,3.62,0.64,30.5,62.2,Safe
2026-04-29 09:56:37 UTC,8,10,3.67,0.65,30.5,62.3,Safe
2026-04-29 09:56:47 UTC,9,11,3.62,0.64,30.5,62.4,Safe
2026-04-29 09:56:57 UTC,9,9,3.67,0.65,30.6,62.4,Safe
2026-04-29 09:57:07 UTC,9,10,3.59,0.64,30.6,62.5,Safe
2026-04-29 09:57:17 UTC,9,13,3.68,0.65,30.6,62.5,Safe
2026-04-29 09:57:27 UTC,9,13,3.62,0.64,30.6,62.5,Safe
2026-04-29 09:57:37 UTC,9,13,3.67,0.65,30.6,62.6,Safe
2026-04-29 09:57:47 UTC,9,13,3.67,0.65,30.6,62.6,Safe
2026-04-29 09:57:57 UTC,11,14,3.68,0.65,30.6,62.7,Safe
2026-04-29 09:58:07 UTC,12,15,3.66,0.65,30.6,62.7,Safe
2026-04-29 09:58:17 UTC,9,15,3.62,0.64,30.7,62.7,Safe
2026-04-29 09:58:27 UTC,9,13,3.68,0.65,30.7,62.7,Safe
2026-04-29 09:58:37 UTC,9,12,3.59,0.64,30.6,62.7,Safe
2026-04-29 09:58:47 UTC,8,12,3.68,0.65,30.7,62.7,Safe
2026-04-29 09:58:57 UTC,8,14,3.61,0.64,30.7,62.7,Safe
2026-04-29 09:59:07 UTC,8,11,3.69,0.65,30.7,62.6,Safe
2026-04-29 09:59:17 UTC,9,12,3.62,0.64,30.7,62.6,Safe
2026-04-29 09:59:27 UTC,9,12,3.69,0.65,30.7,62.6,Safe
2026-04-29 09:59:37 UTC,8,10,3.62,0.64,30.7,62.5,Safe
2026-04-29 09:59:47 UTC,6,7,3.68,0.65,30.7,62.6,Safe
2026-04-29 09:59:57 UTC,7,9,3.68,0.65,30.7,62.6,Safe
2026-04-29 10:00:07 UTC,8,10,3.6,0.64,30.7,62.6,Safe
2026-04-29 10:00:17 UTC,7,10,3.68,0.65,30.7,62.6,Safe
2026-04-29 10:00:27 UTC,6,9,3.62,0.64,30.7,62.6,Safe
2026-04-29 10:00:37 UTC,5,7,3.68,0.65,30.7,62.6,Safe
2026-04-29 10:00:47 UTC,6,9,3.62,0.65,30.7,62.5,Safe
2026-04-29 10:00:57 UTC,7,10,3.66,0.65,30.7,62.3,Safe
2026-04-29 10:01:07 UTC,7,9,3.62,0.64,30.7,62.2,Safe
2026-04-29 10:01:17 UTC,6,8,3.67,0.65,30.7,62,Safe
2026-04-29 10:01:27 UTC,7,9,3.67,0.65,30.7,61.8,Safe
2026-04-29 10:01:37 UTC,7,10,3.67,0.65,30.7,61.7,Safe
2026-04-29 10:01:47 UTC,7,10,3.66,0.65,30.7,61.6,Safe
2026-04-29 10:01:57 UTC,6,7,3.63,0.64,30.7,61.5,Safe
2026-04-29 10:02:07 UTC,6,7,3.65,0.65,30.7,61.4,Safe
2026-04-29 10:02:17 UTC,8,10,3.62,0.65,30.7,61.5,Safe
2026-04-29 10:02:27 UTC,8,9,3.67,0.65,30.7,61.6,Safe
2026-04-29 10:02:37 UTC,6,10,3.62,0.65,30.7,61.6,Safe
2026-04-29 10:02:47 UTC,6,10,3.66,0.65,30.7,61.6,Safe
2026-04-29 10:02:57 UTC,7,11,3.62,0.65,30.7,61.7,Safe
2026-04-29 10:03:07 UTC,8,11,3.66,0.65,30.7,61.6,Safe
2026-04-29 10:03:17 UTC,8,8,3.61,0.64,30.7,61.6,Safe
2026-04-29 10:03:27 UTC,8,8,3.66,0.65,30.7,61.6,Safe
2026-04-29 10:03:37 UTC,8,9,3.66,0.65,30.7,61.6,Safe
2026-04-29 10:03:47 UTC,9,10,3.62,0.65,30.7,61.5,Safe
2026-04-29 10:03:57 UTC,8,8,3.68,0.65,30.7,61.6,Safe
2026-04-29 10:04:07 UTC,7,7,3.62,0.65,30.7,61.6,Safe
2026-04-29 10:04:17 UTC,9,11,3.66,0.65,30.7,61.7,Safe
2026-04-29 10:04:27 UTC,9,11,3.61,0.64,30.7,61.7,Safe
2026-04-29 10:04:37 UTC,9,12,3.69,0.66,30.7,61.7,Safe
2026-04-29 10:04:47 UTC,9,12,3.63,0.65,30.7,61.7,Safe
2026-04-29 10:04:57 UTC,8,9,3.7,0.66,30.7,61.7,Safe
2026-04-29 10:05:07 UTC,7,9,3.7,0.66,30.7,61.6,Safe
2026-04-29 10:05:17 UTC,8,8,3.69,0.66,30.7,61.6,Safe
2026-04-29 10:05:27 UTC,8,8,3.69,0.66,30.7,61.6,Safe
2026-04-29 10:05:37 UTC,9,9,3.64,0.65,30.7,61.7,Safe
2026-04-29 10:05:47 UTC,9,10,3.68,0.66,30.7,61.7,Safe
2026-04-29 10:05:57 UTC,9,12,3.63,0.65,30.7,61.7,Safe
2026-04-29 10:06:07 UTC,10,13,3.7,0.66,30.7,61.8,Safe
2026-04-29 10:06:17 UTC,10,12,3.62,0.65,30.7,61.7,Safe
2026-04-29 10:06:27 UTC,8,12,3.67,0.65,30.7,61.7,Safe
2026-04-29 10:06:37 UTC,7,12,3.64,0.65,30.7,61.8,Safe
2026-04-29 10:06:47 UTC,7,9,3.7,0.66,30.7,61.7,Safe
2026-04-29 10:06:57 UTC,8,10,3.64,0.65,30.7,61.7,Safe
2026-04-29 10:07:07 UTC,8,9,3.63,0.65,30.7,61.7,Safe
2026-04-29 10:07:17 UTC,9,11,3.69,0.66,30.7,61.7,Safe
2026-04-29 10:07:27 UTC,8,8,3.63,0.65,30.7,61.6,Safe
2026-04-29 10:07:37 UTC,8,9,3.7,0.66,30.7,61.6,Safe
2026-04-29 10:07:47 UTC,9,10,3.61,0.64,30.7,61.6,Safe
2026-04-29 10:07:57 UTC,9,10,3.7,0.66,30.7,61.5,Safe
2026-04-29 10:08:07 UTC,10,11,3.64,0.65,30.7,61.5,Safe
2026-04-29 10:08:17 UTC,9,10,3.71,0.66,30.7,61.5,Safe
2026-04-29 10:08:27 UTC,9,10,3.63,0.65,30.7,61.6,Safe
2026-04-29 10:08:37 UTC,10,13,3.67,0.65,30.7,61.5,Safe
2026-04-29 10:08:47 UTC,9,12,3.7,0.66,30.7,61.5,Safe
2026-04-29 10:08:57 UTC,10,10,3.64,0.65,30.7,61.4,Safe
2026-04-29 10:09:07 UTC,11,13,3.7,0.65,30.7,61.4,Safe
2026-04-29 10:09:17 UTC,12,15,3.66,0.65,30.7,61.4,Safe
2026-04-29 10:09:27 UTC,12,17,3.69,0.66,30.8,61.3,Safe
2026-04-29 10:09:37 UTC,13,17,3.63,0.65,30.8,61.3,Safe
2026-04-29 10:09:47 UTC,13,18,3.69,0.65,30.8,61.3,Safe
2026-04-29 10:09:57 UTC,12,17,3.63,0.65,30.8,61.3,Safe
2026-04-29 10:10:07 UTC,10,16,3.68,0.66,30.8,61.4,Safe
2026-04-29 10:10:17 UTC,8,14,3.6,0.64,30.8,61.4,Safe
2026-04-29 10:10:27 UTC,8,11,3.69,0.66,30.8,61.3,Safe
2026-04-29 10:10:37 UTC,9,14,3.64,0.65,30.8,61.3,Safe
2026-04-29 10:10:47 UTC,12,15,3.62,0.65,30.8,61.3,Safe
2026-04-29 10:10:57 UTC,11,15,3.7,0.66,30.8,61.3,Safe
2026-04-29 10:11:07 UTC,9,11,3.65,0.65,30.8,61.3,Safe
2026-04-29 10:11:17 UTC,9,9,3.7,0.66,30.8,61.4,Safe
2026-04-29 10:11:27 UTC,9,10,3.64,0.65,30.8,61.3,Safe
2026-04-29 10:11:37 UTC,10,10,3.69,0.66,30.8,61.4,Safe
2026-04-29 10:11:47 UTC,8,8,3.63,0.65,30.8,61.4,Safe
2026-04-29 10:11:57 UTC,7,8,3.71,0.66,30.8,61.4,Safe
2026-04-29 10:12:07 UTC,8,8,3.64,0.65,30.8,61.4,Safe
2026-04-29 10:12:17 UTC,7,8,3.67,0.65,30.8,61.4,Safe
2026-04-29 10:12:27 UTC,6,7,3.69,0.66,30.9,61.3,Safe
2026-04-29 10:12:37 UTC,7,8,3.63,0.65,30.8,61.3,Safe
2026-04-29 10:12:47 UTC,8,9,3.69,0.65,30.9,61.3,Safe
2026-04-29 10:12:57 UTC,9,9,3.65,0.65,30.9,61.3,Safe
2026-04-29 10:13:07 UTC,8,8,3.69,0.66,30.9,61.2,Safe
2026-04-29 10:13:17 UTC,8,10,3.62,0.65,30.9,61.2,Safe
2026-04-29 10:13:27 UTC,8,12,3.7,0.65,30.9,61.1,Safe
2026-04-29 10:13:37 UTC,9,13,3.61,0.65,30.9,61,Safe
2026-04-29 10:13:47 UTC,10,15,3.67,0.65,30.9,60.7,Safe
2026-04-29 10:13:57 UTC,11,16,3.69,0.65,30.8,60.6,Safe
2026-04-29 10:14:07 UTC,11,17,3.68,0.65,30.9,60.5,Safe
2026-04-29 10:14:17 UTC,12,17,3.66,0.65,30.9,60.5,Safe
2026-04-29 10:14:27 UTC,12,17,3.63,0.65,30.9,60.5,Safe
2026-04-29 10:14:37 UTC,12,18,3.69,0.65,30.9,60.6,Safe
2026-04-29 10:14:47 UTC,12,18,3.63,0.65,30.9,60.6,Safe
2026-04-29 10:14:57 UTC,10,18,3.69,0.65,30.9,60.6,Safe
2026-04-29 10:15:07 UTC,12,17,3.63,0.65,30.9,60.6,Safe
2026-04-29 10:15:17 UTC,10,15,3.66,0.65,30.9,60.6,Safe
2026-04-29 10:15:27 UTC,11,15,3.63,0.64,30.9,60.5,Safe
2026-04-29 10:15:37 UTC,11,14,3.68,0.65,30.9,60.5,Safe
2026-04-29 10:15:47 UTC,13,15,3.63,0.65,30.9,60.5,Safe
2026-04-29 10:15:57 UTC,15,16,3.68,0.65,30.9,60.5,Safe
2026-04-29 10:16:07 UTC,13,15,3.68,0.65,30.9,60.4,Safe
2026-04-29 10:16:17 UTC,11,13,3.63,0.65,30.9,60.4,Safe
2026-04-29 10:16:27 UTC,9,13,3.69,0.65,30.9,60.4,Safe
2026-04-29 10:16:37 UTC,9,13,3.63,0.65,30.9,60.4,Safe
2026-04-29 10:16:47 UTC,11,16,3.68,0.65,30.9,60.2,Safe
2026-04-29 10:16:57 UTC,12,19,3.61,0.64,30.9,60.3,Safe
2026-04-29 10:17:07 UTC,15,20,3.67,0.65,30.9,60.3,Safe
2026-04-29 10:17:17 UTC,16,20,3.63,0.65,30.9,60.2,Safe
2026-04-29 10:17:27 UTC,16,20,3.67,0.65,30.9,60.1,Safe
2026-04-29 10:17:37 UTC,17,22,3.67,0.65,30.9,60.2,Safe
2026-04-29 10:17:47 UTC,18,23,3.68,0.65,30.9,60.3,Safe
2026-04-29 10:17:57 UTC,19,23,3.69,0.65,30.9,60.2,Safe
2026-04-29 10:18:07 UTC,19,22,3.61,0.64,31,60.2,Safe
2026-04-29 10:18:17 UTC,17,22,3.69,0.65,31,60.2,Safe
2026-04-29 10:18:27 UTC,17,21,3.63,0.65,30.9,60.2,Safe
2026-04-29 10:18:37 UTC,17,20,3.66,0.65,31,60.2,Safe
2026-04-29 10:18:47 UTC,17,18,3.62,0.64,30.9,60.2,Safe
2026-04-29 10:18:57 UTC,17,18,3.68,0.65,30.9,60.2,Safe
2026-04-29 10:19:07 UTC,17,18,3.63,0.65,30.9,60.2,Safe
2026-04-29 10:19:17 UTC,17,19,3.69,0.65,30.9,60.2,Safe
2026-04-29 10:19:27 UTC,18,20,3.62,0.64,30.9,60.2,Safe
2026-04-29 10:19:37 UTC,18,21,3.67,0.65,30.9,59.9,Safe
2026-04-29 10:19:47 UTC,19,21,3.69,0.65,30.9,59.6,Safe
2026-04-29 10:19:57 UTC,18,20,3.63,0.64,30.9,59.6,Safe
2026-04-29 10:20:07 UTC,18,19,3.68,0.65,30.9,59.5,Safe
2026-04-29 10:20:17 UTC,17,17,3.62,0.64,30.9,59.5,Safe
2026-04-29 10:20:27 UTC,17,17,3.68,0.65,30.9,59.6,Safe
2026-04-29 10:20:37 UTC,17,17,3.62,0.64,30.9,59.6,Safe
2026-04-29 10:20:47 UTC,18,18,3.67,0.65,30.9,59.4,Safe
2026-04-29 10:20:57 UTC,17,17,3.61,0.64,30.9,59.1,Safe
2026-04-29 10:21:07 UTC,13,14,3.67,0.65,30.9,59.1,Safe
2026-04-29 10:21:17 UTC,11,15,3.68,0.65,30.9,59.2,Safe
2026-04-29 10:21:27 UTC,10,15,3.66,0.65,30.9,59.2,Safe
2026-04-29 10:21:37 UTC,9,14,3.66,0.65,30.9,59.1,Safe
2026-04-29 10:21:47 UTC,7,10,3.62,0.64,30.9,59.2,Safe
2026-04-29 10:21:57 UTC,9,9,3.67,0.65,30.9,59.1,Safe
2026-04-29 10:22:07 UTC,10,10,3.62,0.64,30.9,58.9,Safe
2026-04-29 10:22:17 UTC,9,9,3.67,0.65,30.9,58.9,Safe
2026-04-29 10:22:27 UTC,9,9,3.62,0.64,30.9,59.1,Safe
2026-04-29 10:22:37 UTC,8,11,3.66,0.65,30.8,59.3,Safe
2026-04-29 10:22:47 UTC,9,12,3.62,0.64,30.9,59.5,Safe
2026-04-29 10:22:57 UTC,9,13,3.66,0.65,30.8,59.6,Safe
2026-04-29 10:23:07 UTC,8,11,3.62,0.64,30.8,59.7,Safe
2026-04-29 10:23:17 UTC,6,8,3.66,0.65,30.8,59.8,Safe
2026-04-29 10:23:27 UTC,8,9,3.66,0.65,30.8,59.8,Safe
2026-04-29 10:23:37 UTC,10,12,3.62,0.64,30.8,60,Safe
2026-04-29 10:23:47 UTC,11,13,3.68,0.65,30.8,60.3,Safe
2026-04-29 10:23:57 UTC,10,11,3.61,0.64,30.8,60.7,Safe
2026-04-29 10:24:07 UTC,9,11,3.68,0.65,30.8,60.6,Safe
2026-04-29 10:24:17 UTC,9,10,3.62,0.64,30.8,60.5,Safe
2026-04-29 10:24:27 UTC,9,10,3.67,0.65,30.8,60.4,Safe
2026-04-29 10:24:37 UTC,10,11,3.63,0.65,30.8,60.4,Safe
2026-04-29 10:24:47 UTC,10,11,3.66,0.65,30.8,60.5,Safe
2026-04-29 10:24:57 UTC,11,13,3.68,0.66,30.8,60.4,Safe
2026-04-29 10:25:07 UTC,13,15,3.63,0.64,30.8,60.5,Safe
2026-04-29 10:25:17 UTC,9,12,3.66,0.65,30.8,60.5,Safe
2026-04-29 10:25:27 UTC,7,10,3.62,0.65,30.8,60.4,Safe
2026-04-29 10:25:37 UTC,9,10,3.68,0.65,30.8,60.3,Safe
2026-04-29 10:25:47 UTC,8,8,3.62,0.65,30.8,60.3,Safe
2026-04-29 10:25:57 UTC,7,10,3.69,0.65,30.8,60.5,Safe
2026-04-29 10:26:07 UTC,8,10,3.63,0.64,30.8,60.6,Safe
2026-04-29 10:26:17 UTC,10,10,3.67,0.65,30.8,60.9,Safe
2026-04-29 10:26:27 UTC,10,10,3.63,0.65,30.8,60.9,Safe
2026-04-29 10:26:37 UTC,10,10,3.66,0.65,30.8,61.1,Safe
2026-04-29 10:26:47 UTC,8,9,3.62,0.64,30.8,60.8,Safe
2026-04-29 10:26:57 UTC,10,10,3.63,0.64,30.8,60.7,Safe
2026-04-29 10:27:07 UTC,10,10,3.68,0.66,30.8,60.6,Safe
2026-04-29 10:27:17 UTC,10,10,3.62,0.65,30.8,60.7,Safe
2026-04-29 10:27:27 UTC,10,11,3.68,0.65,30.8,60.6,Safe
2026-04-29 10:27:37 UTC,9,9,3.61,0.65,30.8,60.5,Safe
2026-04-29 10:27:47 UTC,9,10,3.69,0.65,30.8,60.5,Safe
2026-04-29 10:27:57 UTC,10,12,3.61,0.64,30.8,60.5,Safe
2026-04-29 10:28:07 UTC,10,12,3.69,0.65,30.8,60.7,Safe
2026-04-29 10:28:17 UTC,9,10,3.63,0.64,30.9,60.7,Safe
2026-04-29 10:28:27 UTC,8,9,3.68,0.65,30.8,60.7,Safe
2026-04-29 10:28:37 UTC,9,10,3.66,0.65,30.9,60.7,Safe
2026-04-29 10:28:47 UTC,9,11,3.63,0.65,30.9,60.6,Safe
2026-04-29 10:28:57 UTC,8,9,3.68,0.65,30.9,60.5,Safe
2026-04-29 10:29:07 UTC,7,9,3.63,0.65,30.9,60.4,Safe
2026-04-29 10:29:17 UTC,8,8,3.68,0.65,30.9,60.3,Safe
2026-04-29 10:29:27 UTC,8,8,3.62,0.65,30.9,60.3,Safe
2026-04-29 10:29:37 UTC,7,8,3.68,0.65,30.9,60.2,Safe
2026-04-29 10:29:47 UTC,8,8,3.61,0.65,30.9,60.1,Safe
2026-04-29 10:29:57 UTC,7,7,3.67,0.65,30.9,60,Safe
2026-04-29 10:30:07 UTC,7,8,3.6,0.64,30.9,60,Safe
2026-04-29 10:30:17 UTC,7,10,3.68,0.65,30.9,60.3,Safe
2026-04-29 10:30:27 UTC,7,11,3.61,0.64,30.9,60.6,Safe
2026-04-29 10:30:37 UTC,7,12,3.63,0.65,30.9,60.7,Safe
2026-04-29 10:30:47 UTC,9,12,3.69,0.65,30.9,60.7,Safe
2026-04-29 10:30:57 UTC,7,11,3.63,0.65,30.9,60.6,Safe
2026-04-29 10:31:07 UTC,7,10,3.66,0.65,30.9,60.5,Safe
2026-04-29 10:31:17 UTC,7,9,3.63,0.65,31,60.7,Safe
2026-04-29 10:31:27 UTC,8,9,3.68,0.66,30.9,60.8,Safe
2026-04-29 10:31:37 UTC,9,10,3.63,0.65,30.9,60.9,Safe
2026-04-29 10:31:47 UTC,8,10,3.68,0.65,30.9,60.8,Safe
2026-04-29 10:31:57 UTC,7,7,3.63,0.65,31,60.7,Safe
2026-04-29 10:32:07 UTC,7,7,3.69,0.65,31,60.6,Safe
2026-04-29 10:32:17 UTC,7,7,3.68,0.65,31,60.5,Safe
2026-04-29 10:32:27 UTC,7,8,3.59,0.64,31,60.5,Safe
2026-04-29 10:32:37 UTC,8,8,3.66,0.65,31,60.5,Safe
2026-04-29 10:32:47 UTC,8,9,3.62,0.65,31,60.5,Safe
2026-04-29 10:32:57 UTC,7,8,3.67,0.66,31,60.6,Safe
2026-04-29 10:33:07 UTC,6,8,3.6,0.64,31,60.8,Safe
2026-04-29 10:33:17 UTC,6,7,3.68,0.65,31,60.9,Safe
2026-04-29 10:33:27 UTC,8,8,3.63,0.65,31,60.9,Safe
2026-04-29 10:33:37 UTC,8,8,3.69,0.65,31,61,Safe
2026-04-29 10:33:47 UTC,8,9,3.67,0.65,31.1,61,Safe
2026-04-29 10:33:57 UTC,8,8,3.69,0.65,31.1,61.1,Safe
2026-04-29 10:34:07 UTC,7,7,3.63,0.65,31.1,61,Safe
2026-04-29 10:34:17 UTC,6,7,3.63,0.65,31.1,61,Safe
2026-04-29 10:34:27 UTC,7,10,3.67,0.65,31.1,61,Safe
2026-04-29 10:34:37 UTC,6,9,3.62,0.64,31.1,61.1,Safe
2026-04-29 10:34:47 UTC,7,8,3.69,0.65,31.1,61.1,Safe
2026-04-29 10:34:57 UTC,7,7,3.61,0.64,31.1,61.1,Safe
2026-04-29 10:35:07 UTC,7,8,3.67,0.65,31.1,61,Safe
2026-04-29 10:35:17 UTC,5,7,3.63,0.65,31.1,61.1,Safe
2026-04-29 10:35:27 UTC,8,9,3.68,0.66,31.1,61.1,Safe
2026-04-29 10:35:37 UTC,8,12,3.63,0.65,31.1,61.2,Safe
2026-04-29 10:35:47 UTC,7,9,3.69,0.66,31.1,61.1,Safe
2026-04-29 10:35:57 UTC,8,10,3.69,0.65,31.2,61.2,Safe
2026-04-29 10:36:07 UTC,9,9,3.6,0.64,31.2,61.1,Safe
2026-04-29 10:36:17 UTC,8,8,3.68,0.66,31.2,61.2,Safe
2026-04-29 10:36:27 UTC,6,8,3.6,0.64,31.2,61.2,Safe
2026-04-29 10:36:37 UTC,7,8,3.67,0.66,31.2,61.2,Safe
2026-04-29 10:36:47 UTC,7,9,3.64,0.65,31.2,61.2,Safe
2026-04-29 10:36:57 UTC,9,10,3.69,0.66,31.2,61.2,Safe
2026-04-29 10:37:07 UTC,7,9,3.63,0.65,31.2,61.2,Safe
2026-04-29 10:37:17 UTC,7,9,3.67,0.65,31.2,61.2,Safe
2026-04-29 10:37:27 UTC,7,8,3.69,0.66,31.2,61.2,Safe
2026-04-29 10:37:37 UTC,8,10,3.67,0.65,31.2,61.2,Safe
2026-04-29 10:37:47 UTC,7,11,3.68,0.65,31.2,61.1,Safe
2026-04-29 10:37:57 UTC,9,13,3.62,0.65,31.2,61.1,Safe
2026-04-29 10:38:07 UTC,9,13,3.69,0.65,31.2,61,Safe
2026-04-29 10:38:17 UTC,7,13,3.6,0.64,31.2,61.1,Safe
2026-04-29 10:38:27 UTC,7,10,3.69,0.65,31.2,61,Safe
2026-04-29 10:38:37 UTC,8,8,3.64,0.65,31.2,61.2,Safe
2026-04-29 10:38:47 UTC,8,9,3.69,0.65,31.2,61,Safe
2026-04-29 10:38:57 UTC,7,9,3.62,0.64,31.2,61,Safe
2026-04-29 10:39:07 UTC,6,9,3.7,0.65,31.2,61,Safe
2026-04-29 10:39:17 UTC,7,7,3.63,0.65,31.2,61,Safe
2026-04-29 10:39:27 UTC,7,9,3.68,0.65,31.2,61,Safe
2026-04-29 10:39:37 UTC,8,12,3.7,0.65,31.2,61,Safe
2026-04-29 10:39:47 UTC,10,15,3.63,0.65,31.2,60.9,Safe
2026-04-29 10:39:57 UTC,8,13,3.67,0.65,31.2,60.8,Safe
2026-04-29 10:40:07 UTC,8,10,3.63,0.65,31.2,60.8,Safe
2026-04-29 10:40:17 UTC,8,8,3.68,0.65,31.2,60.9,Safe
2026-04-29 10:40:27 UTC,6,6,3.63,0.65,31.2,60.8,Safe
2026-04-29 10:40:37 UTC,7,7,3.67,0.65,31.2,60.7,Safe
2026-04-29 10:40:47 UTC,7,8,3.63,0.65,31.2,60.7,Safe
2026-04-29 10:40:57 UTC,8,8,3.67,0.65,31.1,60.7,Safe
2026-04-29 10:41:07 UTC,7,10,3.66,0.65,31.1,60.7,Safe
2026-04-29 10:41:17 UTC,8,12,3.68,0.65,31.1,60.7,Safe
2026-04-29 10:41:27 UTC,10,12,3.66,0.65,31.2,60.7,Safe
2026-04-29 10:41:37 UTC,10,12,3.62,0.65,31.2,60.6,Safe
2026-04-29 10:41:47 UTC,10,13,3.68,0.66,31.1,60.5,Safe
2026-04-29 10:41:57 UTC,9,11,3.6,0.64,31.1,60.4,Safe
2026-04-29 10:42:07 UTC,9,12,3.66,0.65,31.2,60.4,Safe
2026-04-29 10:42:17 UTC,9,12,3.62,0.64,31.1,60.3,Safe
2026-04-29 10:42:27 UTC,10,10,3.67,0.65,31.1,60.2,Safe
2026-04-29 10:42:37 UTC,11,12,3.6,0.64,31.1,60.1,Safe
2026-04-29 10:42:47 UTC,12,13,3.66,0.65,31.1,60.2,Safe
2026-04-29 10:42:57 UTC,12,14,3.63,0.65,31.1,60.2,Safe
2026-04-29 10:43:07 UTC,11,16,3.69,0.65,31.1,60.2,Safe
2026-04-29 10:43:17 UTC,12,17,3.68,0.65,31.1,60.2,Safe
2026-04-29 10:43:27 UTC,10,15,3.59,0.64,31.1,60.3,Safe
2026-04-29 10:43:37 UTC,11,18,3.67,0.65,31.1,60.3,Safe
2026-04-29 10:43:47 UTC,12,19,3.63,0.65,31.1,60.3,Safe
2026-04-29 10:43:57 UTC,14,18,3.68,0.65,31.1,60.4,Safe
2026-04-29 10:44:07 UTC,15,18,3.6,0.64,31.1,60.4,Safe
2026-04-29 10:44:17 UTC,15,20,3.66,0.65,31.1,60.4,Safe
2026-04-29 10:44:27 UTC,15,20,3.63,0.64,31.1,60.4,Safe
2026-04-29 10:44:37 UTC,15,21,3.69,0.65,31.1,60.4,Safe
2026-04-29 10:44:47 UTC,15,19,3.69,0.65,31.1,60.4,Safe
2026-04-29 10:44:57 UTC,14,17,3.69,0.65,31.1,60.4,Safe
2026-04-29 10:45:07 UTC,14,20,3.67,0.65,31.1,60.4,Safe
2026-04-29 10:45:17 UTC,14,18,3.61,0.64,31.1,60.4,Safe
2026-04-29 10:45:27 UTC,17,21,3.68,0.65,31.1,60.4,Safe
2026-04-29 10:45:37 UTC,19,21,3.63,0.65,31.1,60.4,Safe
2026-04-29 10:45:47 UTC,19,21,3.68,0.65,31.1,60.5,Safe
2026-04-29 10:45:57 UTC,18,21,3.64,0.65,31.1,60.3,Safe
2026-04-29 10:46:07 UTC,18,20,3.68,0.65,31.1,60.3,Safe
2026-04-29 10:46:17 UTC,20,22,3.63,0.64,31.1,60.3,Safe
2026-04-29 10:46:27 UTC,20,24,3.67,0.65,31.1,60.2,Safe
2026-04-29 10:46:37 UTC,20,23,3.61,0.65,31.1,60.2,Safe
2026-04-29 10:46:47 UTC,21,24,3.67,0.65,31.1,60,Safe
2026-04-29 10:46:57 UTC,21,24,3.58,0.65,31.1,59.9,Safe
2026-04-29 10:47:07 UTC,21,25,3.61,0.65,31.1,60,Safe
2026-04-29 10:47:17 UTC,21,26,3.68,0.65,31.1,60,Safe
2026-04-29 10:47:27 UTC,22,27,3.61,0.64,31.1,59.9,Safe
2026-04-29 10:47:37 UTC,23,26,3.67,0.65,31.1,59.8,Safe
2026-04-29 10:47:47 UTC,23,29,3.61,0.64,31.1,59.8,Safe
2026-04-29 10:47:57 UTC,24,27,3.67,0.65,31.1,59.8,Safe
2026-04-29 10:48:07 UTC,23,26,3.62,0.65,31.1,59.9,Safe
2026-04-29 10:48:17 UTC,25,27,3.66,0.65,31.1,59.6,Safe
2026-04-29 10:48:27 UTC,27,30,3.67,0.65,31.1,59.7,Safe
2026-04-29 10:48:37 UTC,27,32,3.68,0.65,31.1,59.7,Safe
2026-04-29 10:48:47 UTC,26,30,3.68,0.65,31.1,59.8,Safe
2026-04-29 10:48:57 UTC,26,29,3.6,0.65,31.1,59.7,Safe
2026-04-29 10:49:07 UTC,28,30,3.67,0.65,31.1,59.7,Safe
2026-04-29 10:49:17 UTC,29,32,3.62,0.64,31.1,59.7,Safe
2026-04-29 10:49:27 UTC,31,35,3.65,0.65,31.1,59.7,Safe
2026-04-29 10:49:37 UTC,31,35,3.63,0.64,31.1,59.6,Safe
2026-04-29 10:49:47 UTC,30,32,3.68,0.65,31.1,59.7,Safe
2026-04-29 10:49:57 UTC,30,33,3.61,0.64,31.1,59.7,Safe
2026-04-29 10:50:07 UTC,29,31,3.65,0.65,31.1,59.7,Safe
2026-04-29 10:50:17 UTC,30,34,3.62,0.64,31.1,59.7,Safe
2026-04-29 10:50:27 UTC,30,34,3.67,0.65,31.1,59.7,Safe
2026-04-29 10:50:37 UTC,29,33,3.67,0.65,31.1,59.6,Safe
2026-04-29 10:50:47 UTC,29,32,3.62,0.64,31.1,59.7,Safe
2026-04-29 10:50:57 UTC,27,32,3.67,0.65,31.1,59.7,Safe
2026-04-29 10:51:07 UTC,26,30,3.61,0.64,31.1,59.7,Safe
2026-04-29 10:51:17 UTC,28,30,3.67,0.65,31.1,59.8,Safe
2026-04-29 10:51:27 UTC,29,32,3.58,0.64,31.1,59.9,Safe
2026-04-29 10:51:37 UTC,30,31,3.67,0.65,31.1,59.9,Safe
2026-04-29 10:51:47 UTC,30,32,3.62,0.64,31.1,59.9,Safe
2026-04-29 10:51:57 UTC,29,32,3.67,0.65,31.1,60.1,Safe
2026-04-29 10:52:07 UTC,29,34,3.67,0.65,31.1,60,Safe
2026-04-29 10:52:17 UTC,29,36,3.67,0.65,31.1,60.1,Safe
2026-04-29 10:52:27 UTC,30,34,3.66,0.65,31.1,60,Safe
2026-04-29 10:52:37 UTC,29,31,3.6,0.64,31.1,59.9,Safe
2026-04-29 10:52:47 UTC,30,30,3.67,0.65,31,60,Safe
2026-04-29 10:52:57 UTC,30,30,3.62,0.64,31,60,Safe
2026-04-29 10:53:07 UTC,29,31,3.67,0.65,31,59.9,Safe
2026-04-29 10:53:17 UTC,29,32,3.62,0.64,31,60,Safe
2026-04-29 10:53:27 UTC,29,32,3.66,0.65,31,60.1,Safe
2026-04-29 10:53:37 UTC,28,33,3.6,0.64,31,60.1,Safe
2026-04-29 10:53:47 UTC,30,35,3.66,0.65,31,60.1,Safe
2026-04-29 10:53:57 UTC,30,34,3.62,0.64,31.1,60.1,Safe
2026-04-29 10:54:07 UTC,30,33,3.66,0.65,31,60,Safe
2026-04-29 10:54:17 UTC,30,34,3.68,0.65,31,60,Safe
2026-04-29 10:54:27 UTC,31,33,3.62,0.64,31,60,Safe
2026-04-29 10:54:37 UTC,30,32,3.66,0.65,31,60,Safe
2026-04-29 10:54:47 UTC,30,35,3.6,0.64,31,60.1,Safe
2026-04-29 10:54:57 UTC,31,37,3.66,0.65,31,60,Safe
2026-04-29 10:55:07 UTC,32,36,3.62,0.64,31,60.1,Safe
2026-04-29 10:55:17 UTC,32,38,3.68,0.65,31,60.1,Safe
2026-04-29 10:55:27 UTC,31,35,3.61,0.65,31,60.2,Safe
2026-04-29 10:55:37 UTC,32,34,3.65,0.65,31,60.2,Safe
2026-04-29 10:55:47 UTC,31,34,3.67,0.65,31,60.2,Safe
2026-04-29 10:55:57 UTC,31,36,3.67,0.65,31,60.2,Safe
2026-04-29 10:56:07 UTC,32,37,3.65,0.65,31,60.2,Safe
2026-04-29 10:56:17 UTC,30,35,3.6,0.64,31,60.2,Safe
2026-04-29 10:56:27 UTC,31,35,3.66,0.65,31,60.2,Safe
2026-04-29 10:56:37 UTC,30,34,3.62,0.64,31,60.2,Safe
2026-04-29 10:56:47 UTC,31,33,3.67,0.65,31,60.2,Safe
2026-04-29 10:56:57 UTC,31,36,3.61,0.64,31,60.2,Safe
2026-04-29 10:57:07 UTC,31,36,3.67,0.65,31,60.2,Safe
2026-04-29 10:57:17 UTC,32,37,3.6,0.65,31,60.2,Safe
2026-04-29 10:57:27 UTC,32,36,3.67,0.65,31,60.2,Safe
2026-04-29 10:57:37 UTC,32,35,3.6,0.64,31,60.2,Safe
2026-04-29 10:57:47 UTC,32,35,3.67,0.65,31,60.2,Safe
2026-04-29 10:57:57 UTC,33,36,3.68,0.65,31,60.1,Safe
2026-04-29 10:58:07 UTC,32,36,3.61,0.64,31,60.1,Safe
2026-04-29 10:58:17 UTC,32,36,3.65,0.65,31,60.1,Safe
2026-04-29 10:58:27 UTC,32,39,3.61,0.64,31,60.2,Safe
2026-04-29 10:58:37 UTC,32,38,3.67,0.65,31,60.2,Safe
2026-04-29 10:58:47 UTC,31,36,3.63,0.64,31,60.2,Safe
2026-04-29 10:58:57 UTC,31,34,3.68,0.65,31,60.2,Safe
2026-04-29 10:59:07 UTC,31,35,3.62,0.64,31,60.2,Safe
2026-04-29 10:59:17 UTC,32,37,3.67,0.65,31,60.1,Safe
2026-04-29 10:59:27 UTC,32,37,3.67,0.65,31,60.2,Safe
2026-04-29 10:59:37 UTC,32,39,3.66,0.65,31,60.2,Safe
2026-04-29 10:59:47 UTC,32,37,3.68,0.65,31,60.3,Safe
2026-04-29 10:59:57 UTC,32,36,3.59,0.64,31,60.3,Safe
2026-04-29 11:00:07 UTC,31,35,3.68,0.65,31,60.3,Safe
2026-04-29 11:00:17 UTC,31,36,3.61,0.64,31,60.3,Safe
2026-04-29 11:00:27 UTC,33,36,3.66,0.65,31,60.3,Safe
2026-04-29 11:00:37 UTC,32,36,3.61,0.64,31,60.3,Safe
2026-04-29 11:00:47 UTC,31,34,3.68,0.65,31,60.4,Safe
2026-04-29 11:00:57 UTC,30,34,3.63,0.64,31,60.4,Safe
2026-04-29 11:01:07 UTC,32,36,3.66,0.65,31,60.4,Safe
2026-04-29 11:01:17 UTC,32,35,3.61,0.64,31,60.3,Safe
2026-04-29 11:01:27 UTC,31,34,3.68,0.65,31,60.5,Safe
2026-04-29 11:01:37 UTC,31,35,3.68,0.65,31,60.4,Safe
2026-04-29 11:01:47 UTC,32,35,3.59,0.64,31,60.4,Safe
2026-04-29 11:01:57 UTC,32,38,3.67,0.65,31,60.4,Safe
2026-04-29 11:02:07 UTC,32,37,3.58,0.64,31,60.5,Safe
2026-04-29 11:02:17 UTC,32,36,3.69,0.65,31,60.5,Safe
2026-04-29 11:02:27 UTC,31,35,3.6,0.65,31,60.5,Safe
2026-04-29 11:02:37 UTC,31,35,3.68,0.65,31,60.5,Safe
2026-04-29 11:02:47 UTC,32,34,3.58,0.64,31,60.5,Safe
2026-04-29 11:02:57 UTC,31,34,3.66,0.65,31,60.4,Safe
2026-04-29 11:03:07 UTC,32,37,3.65,0.65,31,60.5,Safe
2026-04-29 11:03:17 UTC,32,38,3.61,0.64,31,60.4,Safe
2026-04-29 11:03:27 UTC,31,36,3.68,0.65,31,60.5,Safe
2026-04-29 11:03:37 UTC,31,36,3.63,0.65,31,60.5,Safe
2026-04-29 11:03:47 UTC,32,37,3.68,0.65,31.1,60.5,Safe
2026-04-29 11:03:57 UTC,32,37,3.61,0.64,31,60.5,Safe
2026-04-29 11:04:07 UTC,32,37,3.67,0.65,31.1,60.6,Safe
2026-04-29 11:04:17 UTC,32,38,3.63,0.65,31.1,60.7,Safe
2026-04-29 11:04:27 UTC,32,37,3.67,0.65,31.1,60.7,Safe
2026-04-29 11:04:37 UTC,32,37,3.67,0.65,31.1,60.6,Safe
2026-04-29 11:04:47 UTC,32,36,3.68,0.65,31,60.6,Safe
2026-04-29 11:04:57 UTC,32,37,3.62,0.65,31.1,60.6,Safe
2026-04-29 11:05:07 UTC,32,38,3.62,0.65,31,60.6,Safe
2026-04-29 11:05:17 UTC,32,37,3.68,0.65,31.1,60.6,Safe
2026-04-29 11:05:27 UTC,32,38,3.63,0.65,31.1,60.6,Safe
2026-04-29 11:05:37 UTC,33,39,3.67,0.65,31,60.5,Safe
2026-04-29 11:05:47 UTC,32,37,3.61,0.64,31,60.7,Safe
2026-04-29 11:05:57 UTC,31,37,3.67,0.65,31,60.6,Safe
2026-04-29 11:06:07 UTC,32,36,3.62,0.64,31,60.6,Safe
2026-04-29 11:06:17 UTC,32,36,3.67,0.65,31,60.6,Safe
2026-04-29 11:06:27 UTC,32,38,3.62,0.64,31,60.6,Safe
2026-04-29 11:06:37 UTC,33,39,3.68,0.65,31,60.6,Safe
2026-04-29 11:06:47 UTC,32,39,3.67,0.65,31,60.5,Safe
2026-04-29 11:06:57 UTC,32,38,3.59,0.64,31,60.5,Safe
2026-04-29 11:07:07 UTC,32,39,3.66,0.65,31,60.6,Safe
2026-04-29 11:07:17 UTC,32,41,3.63,0.65,31,60.6,Safe
2026-04-29 11:07:27 UTC,32,41,3.68,0.65,31,60.7,Safe
2026-04-29 11:07:37 UTC,33,42,3.61,0.64,31,60.5,Safe
2026-04-29 11:07:47 UTC,33,41,3.68,0.65,31,60.7,Safe
2026-04-29 11:07:57 UTC,33,39,3.61,0.64,31,60.6,Safe
2026-04-29 11:08:07 UTC,33,39,3.67,0.65,31,60.6,Safe
2026-04-29 11:08:17 UTC,32,38,3.66,0.65,31,60.6,Safe
2026-04-29 11:08:27 UTC,32,37,3.66,0.65,31,60.6,Safe
2026-04-29 11:08:37 UTC,32,37,3.61,0.64,31,60.5,Safe
2026-04-29 11:08:47 UTC,32,35,3.62,0.64,31,60.5,Safe
2026-04-29 11:08:57 UTC,32,36,3.68,0.65,31,60.5,Safe
2026-04-29 11:09:07 UTC,32,39,3.62,0.64,31,60.5,Safe
2026-04-29 11:09:17 UTC,32,39,3.67,0.65,31,60.5,Safe
2026-04-29 11:09:27 UTC,32,38,3.61,0.64,31,60.5,Safe
2026-04-29 11:09:37 UTC,32,37,3.66,0.65,31,60.6,Safe
2026-04-29 11:09:47 UTC,32,34,3.61,0.64,31.1,60.6,Safe
2026-04-29 11:09:57 UTC,32,34,3.68,0.65,31,60.6,Safe
2026-04-29 11:10:07 UTC,32,34,3.62,0.65,31.1,60.7,Safe
2026-04-29 11:10:17 UTC,32,35,3.65,0.65,31.1,60.7,Safe
2026-04-29 11:10:27 UTC,31,35,3.68,0.65,31.1,60.6,Safe
2026-04-29 11:10:37 UTC,32,37,3.58,0.64,31.1,60.6,Safe
2026-04-29 11:10:47 UTC,32,38,3.67,0.65,31.1,60.7,Safe
2026-04-29 11:10:57 UTC,33,38,3.62,0.64,31.1,60.7,Safe
2026-04-29 11:11:07 UTC,32,38,3.68,0.65,31.1,60.7,Safe
2026-04-29 11:11:17 UTC,32,37,3.61,0.64,31.1,60.7,Safe
2026-04-29 11:11:27 UTC,32,37,3.67,0.65,31.1,60.7,Safe
2026-04-29 11:11:37 UTC,32,35,3.61,0.64,31.1,60.8,Safe
2026-04-29 11:11:47 UTC,31,36,3.67,0.65,31.1,60.7,Safe
2026-04-29 11:11:57 UTC,32,37,3.68,0.65,31.1,60.7,Safe
2026-04-29 11:12:07 UTC,32,36,3.66,0.65,31.1,60.9,Safe
2026-04-29 11:12:17 UTC,32,37,3.65,0.65,31.1,60.7,Safe
2026-04-29 11:12:27 UTC,32,38,3.62,0.64,31.1,60.8,Safe
2026-04-29 11:12:37 UTC,32,37,3.66,0.65,31.1,60.7,Safe
2026-04-29 11:12:47 UTC,32,35,3.62,0.65,31.1,60.6,Safe
2026-04-29 11:12:57 UTC,32,37,3.68,0.65,31.1,60.6,Safe
2026-04-29 11:13:07 UTC,32,38,3.62,0.65,31.1,60.6,Safe
2026-04-29 11:13:17 UTC,32,37,3.67,0.65,31.1,60.5,Safe
2026-04-29 11:13:27 UTC,32,37,3.61,0.65,31.1,60.6,Safe
2026-04-29 11:13:37 UTC,30,36,3.66,0.65,31.1,60.7,Safe
2026-04-29 11:13:47 UTC,30,35,3.62,0.65,31.1,60.6,Safe
2026-04-29 11:13:57 UTC,30,36,3.67,0.65,31.1,60.7,Safe
2026-04-29 11:14:07 UTC,31,34,3.67,0.65,31.1,60.8,Safe
2026-04-29 11:14:17 UTC,32,36,3.62,0.65,31.1,60.7,Safe
2026-04-29 11:14:27 UTC,31,37,3.67,0.65,31.1,60.8,Safe
2026-04-29 11:14:37 UTC,30,38,3.61,0.64,31.1,60.8,Safe
2026-04-29 11:14:47 UTC,30,37,3.67,0.65,31.2,60.8,Safe
2026-04-29 11:14:57 UTC,30,35,3.61,0.64,31.1,60.8,Safe
2026-04-29 11:15:07 UTC,30,34,3.67,0.65,31.2,60.8,Safe
2026-04-29 11:15:17 UTC,30,34,3.62,0.64,31.2,60.8,Safe
2026-04-29 11:15:27 UTC,32,35,3.65,0.65,31.1,60.8,Safe
2026-04-29 11:15:37 UTC,32,34,3.66,0.65,31.2,60.8,Safe
2026-04-29 11:15:47 UTC,31,34,3.66,0.65,31.1,60.8,Safe
2026-04-29 11:15:57 UTC,30,36,3.66,0.65,31.1,60.8,Safe
2026-04-29 11:16:07 UTC,31,35,3.61,0.64,31.2,60.9,Safe
2026-04-29 11:16:17 UTC,31,36,3.66,0.65,31.1,61,Safe
2026-04-29 11:16:27 UTC,32,37,3.61,0.65,31.2,60.9,Safe
2026-04-29 11:16:37 UTC,30,37,3.67,0.65,31.2,61,Safe
2026-04-29 11:16:47 UTC,30,37,3.62,0.64,31.2,61,Safe
2026-04-29 11:16:57 UTC,30,37,3.67,0.65,31.2,61,Safe
2026-04-29 11:17:07 UTC,30,34,3.62,0.64,31.2,61,Safe
2026-04-29 11:17:17 UTC,30,35,3.67,0.65,31.2,60.9,Safe
2026-04-29 11:17:27 UTC,32,36,3.61,0.64,31.2,61,Safe
2026-04-29 11:17:37 UTC,32,37,3.62,0.65,31.2,61,Safe
2026-04-29 11:17:47 UTC,32,38,3.67,0.65,31.2,61,Safe
2026-04-29 11:17:57 UTC,32,36,3.63,0.64,31.2,61,Safe
2026-04-29 11:18:07 UTC,32,35,3.67,0.65,31.2,61,Safe
2026-04-29 11:18:17 UTC,30,35,3.63,0.65,31.2,61,Safe
2026-04-29 11:18:27 UTC,31,35,3.67,0.65,31.2,61.1,Safe
2026-04-29 11:18:37 UTC,31,34,3.61,0.64,31.2,61,Safe
2026-04-29 11:18:47 UTC,30,33,3.68,0.65,31.2,61,Safe
2026-04-29 11:18:57 UTC,31,34,3.63,0.65,31.2,61.1,Safe
2026-04-29 11:19:07 UTC,30,33,3.68,0.65,31.2,61.1,Safe
2026-04-29 11:19:17 UTC,30,33,3.66,0.65,31.2,61.1,Safe
2026-04-29 11:19:27 UTC,31,35,3.6,0.64,31.2,61.1,Safe
2026-04-29 11:19:37 UTC,32,37,3.68,0.65,31.2,61,Safe
2026-04-29 11:19:47 UTC,32,37,3.62,0.64,31.2,61,Safe
2026-04-29 11:19:57 UTC,31,36,3.67,0.65,31.2,61,Safe
2026-04-29 11:20:07 UTC,31,36,3.61,0.64,31.3,61,Safe
2026-04-29 11:20:17 UTC,31,35,3.66,0.65,31.3,61,Safe
2026-04-29 11:20:27 UTC,31,38,3.62,0.64,31.2,61,Safe
2026-04-29 11:20:37 UTC,31,38,3.68,0.65,31.2,61,Safe
2026-04-29 11:20:47 UTC,30,36,3.63,0.65,31.2,61,Safe
2026-04-29 11:20:57 UTC,31,34,3.67,0.65,31.2,61,Safe
2026-04-29 11:21:07 UTC,32,35,3.63,0.64,31.3,61,Safe
2026-04-29 11:21:17 UTC,32,36,3.62,0.65,31.3,61,Safe
2026-04-29 11:21:27 UTC,30,35,3.68,0.65,31.3,60.9,Safe
2026-04-29 11:21:37 UTC,30,36,3.61,0.64,31.3,60.9,Safe
2026-04-29 11:21:47 UTC,31,36,3.67,0.65,31.2,60.8,Safe
2026-04-29 11:21:57 UTC,32,37,3.6,0.64,31.3,60.8,Safe
2026-04-29 11:22:07 UTC,31,38,3.67,0.65,31.2,60.7,Safe
2026-04-29 11:22:17 UTC,31,37,3.61,0.64,31.3,60.8,Safe
2026-04-29 11:22:27 UTC,32,35,3.67,0.65,31.3,60.8,Safe
2026-04-29 11:22:37 UTC,32,37,3.62,0.64,31.2,60.9,Safe
2026-04-29 11:22:47 UTC,32,38,3.67,0.65,31.3,60.9,Safe
2026-04-29 11:22:57 UTC,32,37,3.68,0.65,31.3,60.9,Safe
2026-04-29 11:23:07 UTC,33,37,3.61,0.64,31.3,60.9,Safe
2026-04-29 11:23:17 UTC,32,38,3.68,0.65,31.3,60.9,Safe
2026-04-29 11:23:27 UTC,32,39,3.59,0.64,31.3,60.9,Safe
2026-04-29 11:23:37 UTC,32,39,3.67,0.65,31.3,60.9,Safe
2026-04-29 11:23:47 UTC,30,37,3.62,0.64,31.3,60.9,Safe
2026-04-29 11:23:57 UTC,30,35,3.67,0.65,31.3,60.9,Safe
2026-04-29 11:24:07 UTC,30,31,3.6,0.64,31.3,61,Safe
2026-04-29 11:24:17 UTC,29,31,3.66,0.65,31.3,61,Safe
2026-04-29 11:24:27 UTC,29,30,3.66,0.65,31.3,61,Safe
2026-04-29 11:24:37 UTC,29,33,3.67,0.65,31.3,61,Safe
2026-04-29 11:24:47 UTC,31,36,3.62,0.64,31.3,60.8,Safe
2026-04-29 11:24:57 UTC,30,35,3.6,0.64,31.3,60.8,Safe
2026-04-29 11:25:07 UTC,31,34,3.68,0.65,31.3,60.7,Safe
2026-04-29 11:25:17 UTC,31,33,3.61,0.65,31.3,60.7,Safe
2026-04-29 11:25:27 UTC,32,34,3.66,0.65,31.3,60.8,Safe
2026-04-29 11:25:37 UTC,32,35,3.61,0.64,31.3,60.7,Safe
2026-04-29 11:25:47 UTC,32,35,3.66,0.65,31.3,60.8,Safe
2026-04-29 11:25:57 UTC,32,35,3.62,0.64,31.3,60.7,Safe
2026-04-29 11:26:07 UTC,32,37,3.68,0.65,31.3,60.6,Safe
2026-04-29 11:26:17 UTC,33,39,3.61,0.64,31.3,60.6,Safe
2026-04-29 11:26:27 UTC,33,38,3.66,0.65,31.3,60.5,Safe
2026-04-29 11:26:37 UTC,34,41,3.67,0.65,31.3,60.6,Safe
2026-04-29 11:26:47 UTC,33,39,3.58,0.64,31.3,60.5,Safe
2026-04-29 11:26:57 UTC,32,38,3.67,0.65,31.3,60.5,Safe
2026-04-29 11:27:07 UTC,32,40,3.62,0.64,31.3,60.5,Safe
2026-04-29 11:27:17 UTC,31,37,3.67,0.65,31.3,60.5,Safe
2026-04-29 11:27:27 UTC,31,36,3.62,0.65,31.3,60.5,Safe
2026-04-29 11:27:37 UTC,31,34,3.67,0.65,31.3,60.4,Safe
2026-04-29 11:27:47 UTC,31,34,3.59,0.64,31.3,60.4,Safe
2026-04-29 11:27:57 UTC,31,35,3.68,0.65,31.3,60.4,Safe
2026-04-29 11:28:07 UTC,31,36,3.67,0.65,31.3,60.3,Safe
2026-04-29 11:28:17 UTC,32,38,3.62,0.64,31.4,60.3,Safe
2026-04-29 11:28:27 UTC,31,35,3.67,0.65,31.4,60.4,Safe
2026-04-29 11:28:37 UTC,31,36,3.61,0.65,31.3,60.2,Safe
2026-04-29 11:28:47 UTC,31,37,3.66,0.65,31.4,60.4,Safe
2026-04-29 11:28:57 UTC,31,36,3.63,0.65,31.3,60.5,Safe
2026-04-29 11:29:07 UTC,31,35,3.66,0.65,31.4,60.5,Safe
2026-04-29 11:29:17 UTC,30,35,3.62,0.65,31.4,60.5,Safe
2026-04-29 11:29:27 UTC,30,35,3.65,0.65,31.4,60.5,Safe
2026-04-29 11:29:37 UTC,31,34,3.66,0.65,31.4,60.6,Safe
2026-04-29 11:29:47 UTC,32,35,3.67,0.65,31.4,60.5,Safe
2026-04-29 11:29:57 UTC,32,36,3.6,0.64,31.4,60.4,Safe
2026-04-29 11:30:07 UTC,32,36,3.58,0.64,31.4,60.5,Safe
2026-04-29 11:30:17 UTC,31,35,3.67,0.65,31.4,60.5,Safe
2026-04-29 11:30:27 UTC,31,35,3.62,0.64,31.4,60.6,Safe
2026-04-29 11:30:37 UTC,32,38,3.67,0.65,31.4,60.6,Safe
2026-04-29 11:30:47 UTC,32,38,3.62,0.64,31.4,60.6,Safe
2026-04-29 11:30:57 UTC,32,40,3.67,0.65,31.4,60.7,Safe
2026-04-29 11:31:07 UTC,33,41,3.62,0.64,31.4,60.8,Safe
2026-04-29 11:31:17 UTC,32,41,3.65,0.65,31.4,60.9,Safe
2026-04-29 11:31:27 UTC,32,40,3.61,0.64,31.4,60.8,Safe
2026-04-29 11:31:37 UTC,32,39,3.67,0.65,31.4,60.9,Safe
2026-04-29 11:31:47 UTC,33,39,3.67,0.65,31.4,60.9,Safe
2026-04-29 11:31:57 UTC,33,39,3.61,0.64,31.4,61,Safe
2026-04-29 11:32:07 UTC,33,40,3.67,0.65,31.4,60.9,Safe
2026-04-29 11:32:17 UTC,32,38,3.59,0.64,31.4,60.9,Safe
2026-04-29 11:32:27 UTC,31,39,3.65,0.65,31.4,61,Safe
2026-04-29 11:32:37 UTC,30,39,3.59,0.64,31.4,61,Safe
2026-04-29 11:32:47 UTC,30,40,3.65,0.65,31.4,61,Safe
2026-04-29 11:32:57 UTC,32,40,3.62,0.64,31.4,61,Safe
2026-04-29 11:33:07 UTC,32,42,3.67,0.65,31.4,61,Safe
2026-04-29 11:33:17 UTC,32,41,3.67,0.65,31.4,61,Safe
2026-04-29 11:33:27 UTC,32,39,3.68,0.65,31.4,61,Safe
2026-04-29 11:33:37 UTC,32,38,3.67,0.65,31.4,61,Safe
2026-04-29 11:33:47 UTC,30,38,3.61,0.64,31.4,61,Safe
2026-04-29 11:33:57 UTC,30,38,3.68,0.65,31.4,61,Safe
2026-04-29 11:34:07 UTC,31,38,3.61,0.64,31.4,61,Safe
2026-04-29 11:34:17 UTC,32,38,3.68,0.65,31.4,61,Safe
2026-04-29 11:34:27 UTC,32,40,3.62,0.64,31.4,61,Safe
2026-04-29 11:34:37 UTC,31,38,3.66,0.65,31.4,61,Safe
2026-04-29 11:34:47 UTC,32,38,3.59,0.64,31.4,61,Safe
2026-04-29 11:34:57 UTC,32,39,3.67,0.65,31.4,61,Safe
2026-04-29 11:35:07 UTC,31,38,3.63,0.64,31.4,61,Safe
2026-04-29 11:35:17 UTC,30,37,3.62,0.64,31.4,61,Safe
2026-04-29 11:35:27 UTC,30,38,3.67,0.65,31.5,61,Safe
2026-04-29 11:35:37 UTC,32,39,3.61,0.64,31.5,61,Safe
2026-04-29 11:35:47 UTC,32,39,3.67,0.65,31.4,61,Safe
2026-04-29 11:35:57 UTC,30,39,3.58,0.64,31.4,60.9,Safe
2026-04-29 11:36:07 UTC,30,37,3.67,0.65,31.5,60.9,Safe
2026-04-29 11:36:17 UTC,29,37,3.62,0.64,31.5,60.9,Safe
2026-04-29 11:36:27 UTC,30,36,3.67,0.65,31.5,60.9,Safe
2026-04-29 11:36:37 UTC,28,32,3.62,0.65,31.5,60.9,Safe
2026-04-29 11:36:47 UTC,30,33,3.67,0.65,31.5,60.8,Safe
2026-04-29 11:36:57 UTC,30,34,3.67,0.65,31.5,60.8,Safe
2026-04-29 11:37:07 UTC,30,37,3.61,0.64,31.5,60.7,Safe
2026-04-29 11:37:17 UTC,30,37,3.67,0.65,31.5,60.7,Safe
2026-04-29 11:37:27 UTC,30,35,3.6,0.64,31.5,60.6,Safe
2026-04-29 11:37:37 UTC,29,34,3.66,0.65,31.5,60.7,Safe
2026-04-29 11:37:47 UTC,29,36,3.61,0.64,31.5,60.4,Safe
2026-04-29 11:37:57 UTC,30,36,3.66,0.65,31.5,60.3,Safe
2026-04-29 11:38:07 UTC,31,35,3.61,0.64,31.5,60.2,Safe
2026-04-29 11:38:17 UTC,29,31,3.66,0.65,31.5,60.1,Safe
2026-04-29 11:38:27 UTC,30,31,3.66,0.65,31.5,60.2,Safe
2026-04-29 11:38:37 UTC,30,32,3.66,0.65,31.5,59.7,Safe
2026-04-29 11:38:47 UTC,32,33,3.6,0.64,31.5,59.6,Safe
2026-04-29 11:38:57 UTC,31,34,3.6,0.64,31.4,59.6,Safe
2026-04-29 11:39:07 UTC,31,34,3.64,0.65,31.5,59.7,Safe
2026-04-29 11:39:17 UTC,31,34,3.61,0.64,31.5,59.7,Safe
2026-04-29 11:39:27 UTC,30,34,3.67,0.65,31.4,59.8,Safe
2026-04-29 11:39:37 UTC,29,34,3.6,0.64,31.5,59.7,Safe
2026-04-29 11:39:47 UTC,28,36,3.66,0.65,31.5,59.7,Safe
2026-04-29 11:39:57 UTC,29,35,3.6,0.64,31.5,59.8,Safe
2026-04-29 11:40:07 UTC,30,33,3.66,0.65,31.4,59.7,Safe
2026-04-29 11:40:17 UTC,29,33,3.61,0.64,31.4,59.6,Safe
2026-04-29 11:40:27 UTC,29,33,3.67,0.65,31.4,59.6,Safe
2026-04-29 11:40:37 UTC,29,32,3.66,0.65,31.4,59.6,Safe
2026-04-29 11:40:47 UTC,30,32,3.61,0.64,31.5,59.6,Safe
2026-04-29 11:40:57 UTC,28,32,3.67,0.65,31.5,59.3,Safe
2026-04-29 11:41:07 UTC,27,34,3.61,0.64,31.4,59.3,Safe
2026-04-29 11:41:17 UTC,27,34,3.67,0.65,31.4,59.3,Safe
2026-04-29 11:41:27 UTC,28,33,3.61,0.64,31.4,59.3,Safe
2026-04-29 11:41:37 UTC,30,35,3.66,0.65,31.4,59.3,Safe
2026-04-29 11:41:47 UTC,30,36,3.61,0.64,31.4,59.3,Safe
2026-04-29 11:41:57 UTC,29,33,3.66,0.65,31.4,59.2,Safe
2026-04-29 11:42:07 UTC,28,31,3.65,0.65,31.4,59.2,Safe
2026-04-29 11:42:17 UTC,28,30,3.66,0.65,31.4,59.2,Safe
2026-04-29 11:42:27 UTC,30,32,3.66,0.65,31.4,59.3,Safe
2026-04-29 11:42:37 UTC,30,34,3.6,0.64,31.4,59.3,Safe
2026-04-29 11:42:47 UTC,29,33,3.66,0.65,31.4,59.3,Safe
2026-04-29 11:42:57 UTC,28,32,3.6,0.64,31.4,59.4,Safe
2026-04-29 11:43:07 UTC,27,30,3.66,0.65,31.4,59.4,Safe
2026-04-29 11:43:17 UTC,27,28,3.59,0.64,31.4,59.4,Safe
2026-04-29 11:43:27 UTC,27,30,3.66,0.65,31.5,59.5,Safe
2026-04-29 11:43:37 UTC,27,31,3.6,0.64,31.4,59.5,Safe
2026-04-29 11:43:47 UTC,26,31,3.66,0.65,31.4,59.5,Safe
2026-04-29 11:43:57 UTC,26,29,3.61,0.64,31.4,59.4,Safe
2026-04-29 11:44:07 UTC,28,30,3.6,0.64,31.4,59.5,Safe
2026-04-29 11:44:17 UTC,28,31,3.66,0.65,31.4,59.5,Safe
2026-04-29 11:44:27 UTC,29,31,3.6,0.64,31.5,59.5,Safe
2026-04-29 11:44:37 UTC,28,30,3.65,0.65,31.5,59.5,Safe
2026-04-29 11:44:47 UTC,28,30,3.59,0.64,31.5,59.5,Safe
2026-04-29 11:44:57 UTC,27,32,3.66,0.65,31.5,59.5,Safe
2026-04-29 11:45:07 UTC,27,32,3.6,0.64,31.5,59.6,Safe
2026-04-29 11:45:17 UTC,28,34,3.66,0.65,31.5,59.6,Safe
2026-04-29 11:45:27 UTC,27,33,3.61,0.64,31.5,59.7,Safe
2026-04-29 11:45:37 UTC,26,30,3.66,0.65,31.5,59.6,Safe
2026-04-29 11:45:47 UTC,26,27,3.66,0.65,31.5,59.6,Safe
2026-04-29 11:45:57 UTC,25,29,3.59,0.64,31.5,59.7,Safe
2026-04-29 11:46:07 UTC,24,27,3.67,0.65,31.5,59.8,Safe
2026-04-29 11:46:17 UTC,26,30,3.61,0.64,31.5,59.9,Safe
2026-04-29 11:46:27 UTC,26,30,3.66,0.65,31.6,59.8,Safe
2026-04-29 11:46:37 UTC,26,28,3.61,0.64,31.6,59.9,Safe
2026-04-29 11:46:47 UTC,26,30,3.63,0.65,31.6,60.1,Safe
2026-04-29 11:46:57 UTC,25,31,3.58,0.64,31.6,60.1,Safe
2026-04-29 11:47:07 UTC,25,30,3.66,0.65,31.6,60.2,Safe
2026-04-29 11:47:17 UTC,26,32,3.64,0.65,31.6,60.1,Safe
2026-04-29 11:47:27 UTC,25,29,3.66,0.65,31.6,60,Safe
2026-04-29 11:47:37 UTC,26,30,3.59,0.64,31.6,59.9,Safe
2026-04-29 11:47:47 UTC,28,32,3.61,0.64,31.6,59.8,Safe
2026-04-29 11:47:57 UTC,27,30,3.64,0.65,31.6,59.9,Safe
2026-04-29 11:48:07 UTC,26,31,3.6,0.64,31.6,59.9,Safe
2026-04-29 11:48:17 UTC,24,29,3.64,0.65,31.6,60,Safe
2026-04-29 11:48:27 UTC,25,26,3.6,0.64,31.6,60,Safe
2026-04-29 11:48:37 UTC,25,27,3.67,0.65,31.6,59.9,Safe
2026-04-29 11:48:47 UTC,25,28,3.6,0.64,31.6,59.9,Safe
2026-04-29 11:48:57 UTC,24,28,3.6,0.64,31.6,59.7,Safe
2026-04-29 11:49:07 UTC,25,30,3.61,0.64,31.6,59.6,Safe
2026-04-29 11:49:17 UTC,26,29,3.66,0.65,31.6,59.6,Safe
2026-04-29 11:49:27 UTC,24,28,3.66,0.65,31.6,59.5,Safe
2026-04-29 11:49:37 UTC,24,29,3.62,0.64,31.6,59.5,Safe
2026-04-29 11:49:47 UTC,26,29,3.66,0.65,31.6,59.4,Safe
2026-04-29 11:49:57 UTC,26,30,3.61,0.64,31.6,59.4,Safe
2026-04-29 11:50:07 UTC,27,28,3.66,0.65,31.6,59.3,Safe
2026-04-29 11:50:17 UTC,26,26,3.61,0.64,31.6,59.4,Safe
2026-04-29 11:50:27 UTC,27,27,3.67,0.65,31.6,59.3,Safe
2026-04-29 11:50:37 UTC,25,27,3.58,0.64,31.6,59.2,Safe
2026-04-29 11:50:47 UTC,26,29,3.66,0.65,31.6,59.2,Safe
2026-04-29 11:50:57 UTC,26,28,3.66,0.65,31.6,59.1,Safe
2026-04-29 11:51:07 UTC,26,28,3.61,0.64,31.6,59.1,Safe
2026-04-29 11:51:17 UTC,24,27,3.66,0.65,31.6,59.2,Safe
2026-04-29 11:51:27 UTC,24,26,3.61,0.64,31.6,59.2,Safe
2026-04-29 11:51:37 UTC,22,25,3.63,0.65,31.6,59.2,Safe
2026-04-29 11:51:47 UTC,23,26,3.6,0.64,31.6,59.4,Safe
2026-04-29 11:51:57 UTC,24,26,3.66,0.65,31.6,59.5,Safe
2026-04-29 11:52:07 UTC,24,25,3.61,0.64,31.6,59.6,Safe
2026-04-29 11:52:17 UTC,26,27,3.65,0.65,31.6,59.7,Safe
2026-04-29 11:52:27 UTC,26,29,3.61,0.64,31.6,59.7,Safe
2026-04-29 11:52:37 UTC,26,28,3.66,0.65,31.6,59.7,Safe
2026-04-29 11:52:47 UTC,25,26,3.6,0.64,31.6,59.7,Safe
2026-04-29 11:52:57 UTC,23,23,3.6,0.64,31.6,59.7,Safe
2026-04-29 11:53:07 UTC,24,25,3.67,0.65,31.6,59.8,Safe
2026-04-29 11:53:17 UTC,25,28,3.59,0.64,31.6,60.1,Safe
2026-04-29 11:53:27 UTC,25,27,3.66,0.65,31.6,60.3,Safe
2026-04-29 11:53:37 UTC,24,28,3.6,0.64,31.6,60.3,Safe
2026-04-29 11:53:47 UTC,24,29,3.66,0.65,31.6,60.4,Safe
2026-04-29 11:53:57 UTC,23,29,3.6,0.64,31.6,60.5,Safe
2026-04-29 11:54:07 UTC,23,28,3.64,0.65,31.7,60.5,Safe
2026-04-29 11:54:17 UTC,24,28,3.6,0.64,31.7,60.5,Safe
2026-04-29 11:54:27 UTC,26,27,3.67,0.65,31.7,60.5,Safe
2026-04-29 11:54:37 UTC,25,26,3.67,0.65,31.7,60.5,Safe
2026-04-29 11:54:47 UTC,23,24,3.61,0.64,31.7,60.6,Safe
2026-04-29 11:54:57 UTC,24,25,3.67,0.65,31.7,60.7,Safe
2026-04-29 11:55:07 UTC,24,25,3.61,0.64,31.7,60.6,Safe
2026-04-29 11:55:17 UTC,24,25,3.66,0.65,31.7,60.6,Safe
2026-04-29 11:55:27 UTC,24,26,3.61,0.64,31.7,60.6,Safe
2026-04-29 11:55:37 UTC,24,26,3.66,0.65,31.7,60.5,Safe
2026-04-29 11:55:47 UTC,22,23,3.6,0.64,31.7,60.5,Safe
2026-04-29 11:55:57 UTC,23,24,3.66,0.65,31.8,60.6,Safe
2026-04-29 11:56:07 UTC,24,25,3.66,0.65,31.8,60.5,Safe
2026-04-29 11:56:17 UTC,24,25,3.66,0.65,31.8,60.5,Safe
2026-04-29 11:56:27 UTC,24,25,3.61,0.64,31.8,60.4,Safe
2026-04-29 11:56:37 UTC,25,27,3.59,0.64,31.8,60.3,Safe
2026-04-29 11:56:47 UTC,25,27,3.66,0.65,31.8,60.4,Safe
2026-04-29 11:56:57 UTC,24,26,3.62,0.64,31.8,60.3,Safe
2026-04-29 11:57:07 UTC,23,25,3.67,0.65,31.8,60.2,Safe
2026-04-29 11:57:17 UTC,24,28,3.61,0.64,31.8,60.1,Safe
2026-04-29 11:57:27 UTC,24,27,3.64,0.65,31.8,60,Safe
2026-04-29 11:57:37 UTC,26,27,3.58,0.64,31.8,60,Safe
2026-04-29 11:57:47 UTC,26,26,3.67,0.65,31.8,60.1,Safe
2026-04-29 11:57:57 UTC,25,26,3.62,0.64,31.8,60,Safe
2026-04-29 11:58:07 UTC,24,26,3.67,0.65,31.9,59.9,Safe
2026-04-29 11:58:17 UTC,23,23,3.67,0.65,31.9,59.8,Safe
2026-04-29 11:58:27 UTC,24,25,3.58,0.64,31.9,59.8,Safe
2026-04-29 11:58:37 UTC,24,27,3.67,0.65,31.9,59.7,Safe
2026-04-29 11:58:47 UTC,24,27,3.6,0.64,31.9,59.7,Safe
2026-04-29 11:58:57 UTC,24,25,3.67,0.65,31.9,59.6,Safe
2026-04-29 11:59:07 UTC,24,27,3.62,0.64,31.9,59.6,Safe
2026-04-29 11:59:17 UTC,24,29,3.66,0.65,31.9,59.4,Safe
2026-04-29 11:59:27 UTC,24,29,3.61,0.64,31.9,59.4,Safe
2026-04-29 11:59:37 UTC,24,27,3.66,0.65,31.9,59.3,Safe
2026-04-29 11:59:47 UTC,23,26,3.67,0.65,31.9,59.2,Safe
2026-04-29 11:59:57 UTC,23,26,3.67,0.65,31.9,59.1,Safe
2026-04-29 12:00:07 UTC,23,26,3.67,0.65,31.9,59.2,Safe
2026-04-29 12:00:17 UTC,22,27,3.61,0.64,31.9,59.2,Safe
2026-04-29 12:00:27 UTC,21,27,3.67,0.65,31.9,59.2,Safe
2026-04-29 12:00:37 UTC,23,28,3.58,0.64,31.9,59.2,Safe
2026-04-29 12:00:47 UTC,22,27,3.66,0.65,31.9,59.2,Safe
2026-04-29 12:00:57 UTC,21,24,3.62,0.64,31.9,59.1,Safe
2026-04-29 12:01:07 UTC,23,25,3.66,0.65,31.9,59.1,Safe
2026-04-29 12:01:17 UTC,23,26,3.61,0.64,31.9,59.2,Safe
2026-04-29 12:01:27 UTC,24,25,3.66,0.65,31.9,59.1,Safe
2026-04-29 12:01:37 UTC,23,26,3.62,0.64,31.9,59,Safe
2026-04-29 12:01:47 UTC,22,25,3.61,0.64,31.9,59,Safe
2026-04-29 12:01:57 UTC,22,25,3.66,0.65,31.9,58.9,Safe
2026-04-29 12:02:07 UTC,22,24,3.61,0.64,31.9,58.9,Safe
2026-04-29 12:02:17 UTC,23,25,3.66,0.65,31.8,59,Safe
2026-04-29 12:02:27 UTC,21,24,3.59,0.64,31.9,59,Safe
2026-04-29 12:02:37 UTC,21,25,3.67,0.65,31.9,59,Safe
2026-04-29 12:02:47 UTC,22,24,3.61,0.64,31.9,59.1,Safe
2026-04-29 12:02:57 UTC,21,22,3.63,0.65,31.9,59,Safe
2026-04-29 12:03:07 UTC,22,23,3.6,0.64,31.9,58.9,Safe
2026-04-29 12:03:17 UTC,21,23,3.67,0.65,31.8,58.9,Safe
2026-04-29 12:03:27 UTC,21,24,3.67,0.65,31.9,58.8,Safe
2026-04-29 12:03:37 UTC,21,23,3.58,0.64,31.8,58.8,Safe
2026-04-29 12:03:47 UTC,21,23,3.65,0.65,31.8,58.9,Safe
2026-04-29 12:03:57 UTC,20,23,3.6,0.64,31.9,58.9,Safe
2026-04-29 12:04:07 UTC,19,21,3.66,0.65,31.8,58.9,Safe
2026-04-29 12:04:17 UTC,19,22,3.58,0.64,31.8,58.9,Safe
2026-04-29 12:04:27 UTC,18,22,3.66,0.65,31.8,58.9,Safe
2026-04-29 12:04:37 UTC,19,23,3.59,0.64,31.8,58.9,Safe
2026-04-29 12:04:47 UTC,20,23,3.67,0.65,31.8,58.9,Safe
2026-04-29 12:04:57 UTC,21,24,3.66,0.65,31.8,59,Safe
2026-04-29 12:05:07 UTC,22,23,3.65,0.65,31.8,59,Safe
2026-04-29 12:05:17 UTC,21,22,3.66,0.65,31.8,59.1,Safe
2026-04-29 12:05:27 UTC,22,23,3.62,0.64,31.8,59.1,Safe
2026-04-29 12:05:37 UTC,23,26,3.67,0.65,31.8,59.2,Safe
2026-04-29 12:05:47 UTC,22,25,3.61,0.64,31.8,59.2,Safe
2026-04-29 12:05:57 UTC,21,22,3.66,0.65,31.8,59.3,Safe
2026-04-29 12:06:07 UTC,19,21,3.59,0.64,31.8,59.3,Safe
2026-04-29 12:06:17 UTC,21,24,3.67,0.65,31.8,59.2,Safe
2026-04-29 12:06:27 UTC,20,23,3.58,0.64,31.8,59.1,Safe
2026-04-29 12:06:37 UTC,22,24,3.66,0.65,31.8,59,Safe
2026-04-29 12:06:47 UTC,19,20,3.61,0.64,31.8,59,Safe
2026-04-29 12:06:57 UTC,21,22,3.66,0.65,31.8,59.1,Safe
2026-04-29 12:07:07 UTC,23,24,3.65,0.65,31.8,59.2,Safe
2026-04-29 12:07:17 UTC,21,22,3.61,0.64,31.8,59.1,Safe
2026-04-29 12:07:27 UTC,21,26,3.65,0.65,31.8,59.1,Safe
2026-04-29 12:07:37 UTC,23,25,3.6,0.64,31.8,59,Safe
2026-04-29 12:07:47 UTC,22,22,3.66,0.65,31.8,59,Safe
2026-04-29 12:07:57 UTC,21,21,3.59,0.64,31.8,59,Safe
2026-04-29 12:08:07 UTC,21,22,3.66,0.65,31.8,59,Safe
2026-04-29 12:08:17 UTC,20,21,3.58,0.64,31.8,59,Safe
2026-04-29 12:08:27 UTC,20,21,3.65,0.65,31.8,59,Safe
2026-04-29 12:08:37 UTC,20,22,3.66,0.65,31.7,59,Safe
2026-04-29 12:08:47 UTC,20,23,3.61,0.64,31.8,59,Safe
2026-04-29 12:08:57 UTC,19,22,3.67,0.65,31.7,59.1,Safe
2026-04-29 12:09:07 UTC,19,21,3.58,0.64,31.8,59.1,Safe
2026-04-29 12:09:17 UTC,19,21,3.65,0.65,31.8,59.3,Safe
2026-04-29 12:09:27 UTC,21,22,3.61,0.64,31.7,59.2,Safe
2026-04-29 12:09:37 UTC,21,23,3.66,0.65,31.7,59.2,Safe
2026-04-29 12:09:47 UTC,20,22,3.61,0.64,31.7,59.3,Safe
2026-04-29 12:09:57 UTC,19,21,3.67,0.65,31.7,59.3,Safe
2026-04-29 12:10:07 UTC,20,23,3.62,0.64,31.8,59.3,Safe
2026-04-29 12:10:17 UTC,19,22,3.66,0.65,31.7,59.3,Safe
2026-04-29 12:10:27 UTC,18,21,3.59,0.64,31.7,59.4,Safe
2026-04-29 12:10:37 UTC,17,20,3.6,0.64,31.7,59.5,Safe
2026-04-29 12:10:47 UTC,18,20,3.66,0.65,31.7,59.6,Safe
2026-04-29 12:10:57 UTC,16,18,3.6,0.64,31.7,59.5,Safe
2026-04-29 12:11:07 UTC,17,19,3.66,0.65,31.7,59.6,Safe
2026-04-29 12:11:17 UTC,17,20,3.57,0.64,31.7,59.5,Safe
2026-04-29 12:11:27 UTC,17,20,3.65,0.65,31.7,59.7,Safe
2026-04-29 12:11:37 UTC,19,21,3.6,0.64,31.7,59.7,Safe
2026-04-29 12:11:47 UTC,19,20,3.67,0.65,31.7,59.7,Safe
2026-04-29 12:11:57 UTC,19,20,3.61,0.64,31.7,59.7,Safe
2026-04-29 12:12:07 UTC,19,20,3.66,0.65,31.7,59.7,Safe
2026-04-29 12:12:17 UTC,19,20,3.66,0.65,31.7,59.8,Safe
2026-04-29 12:12:27 UTC,19,21,3.6,0.64,31.7,59.7,Safe
2026-04-29 12:12:37 UTC,20,21,3.66,0.65,31.7,59.7,Safe
2026-04-29 12:12:47 UTC,18,19,3.61,0.64,31.7,59.7,Safe
2026-04-29 12:12:57 UTC,19,20,3.66,0.65,31.7,59.8,Safe
2026-04-29 12:13:07 UTC,18,18,3.61,0.64,31.7,59.7,Safe
2026-04-29 12:13:17 UTC,19,20,3.67,0.65,31.7,59.7,Safe
2026-04-29 12:13:27 UTC,19,21,3.6,0.64,31.7,59.7,Safe
2026-04-29 12:13:37 UTC,18,19,3.66,0.65,31.7,59.7,Safe
2026-04-29 12:13:47 UTC,18,19,3.68,0.65,31.7,59.8,Safe
2026-04-29 12:13:57 UTC,19,21,3.66,0.65,31.7,59.8,Safe
2026-04-29 12:14:07 UTC,19,21,3.66,0.65,31.7,59.8,Safe
2026-04-29 12:14:17 UTC,18,21,3.6,0.64,31.7,59.9,Safe
2026-04-29 12:14:27 UTC,18,20,3.66,0.65,31.7,59.9,Safe
2026-04-29 12:14:37 UTC,17,20,3.61,0.64,31.8,59.9,Safe
2026-04-29 12:14:47 UTC,19,20,3.67,0.65,31.8,59.9,Safe
2026-04-29 12:14:57 UTC,20,21,3.62,0.64,31.7,59.9,Safe
2026-04-29 12:15:07 UTC,18,20,3.68,0.65,31.7,59.9,Safe
2026-04-29 12:15:17 UTC,19,21,3.6,0.64,31.7,59.9,Safe
2026-04-29 12:15:27 UTC,19,21,3.66,0.65,31.8,59.9,Safe
2026-04-29 12:15:37 UTC,20,23,3.62,0.64,31.7,59.9,Safe
2026-04-29 12:15:47 UTC,19,22,3.64,0.65,31.8,59.9,Safe
2026-04-29 12:15:57 UTC,21,24,3.66,0.65,31.7,60,Safe
2026-04-29 12:16:07 UTC,21,26,3.58,0.64,31.7,59.9,Safe
2026-04-29 12:16:17 UTC,22,25,3.66,0.65,31.7,59.9,Safe
2026-04-29 12:16:27 UTC,21,24,3.62,0.64,31.8,59.9,Safe
2026-04-29 12:16:37 UTC,20,23,3.66,0.65,31.7,60,Safe
2026-04-29 12:16:47 UTC,17,22,3.6,0.64,31.7,59.9,Safe
2026-04-29 12:16:57 UTC,19,23,3.66,0.65,31.7,60,Safe
2026-04-29 12:17:07 UTC,19,21,3.61,0.64,31.8,60,Safe
2026-04-29 12:17:17 UTC,17,18,3.66,0.65,31.7,60,Safe
2026-04-29 12:17:27 UTC,18,20,3.64,0.65,31.7,60,Safe
2026-04-29 12:17:37 UTC,19,21,3.67,0.65,31.7,60.1,Safe
2026-04-29 12:17:47 UTC,19,23,3.66,0.65,31.7,60.1,Safe
2026-04-29 12:17:57 UTC,19,21,3.58,0.64,31.7,60.2,Safe
2026-04-29 12:18:07 UTC,19,20,3.67,0.65,31.7,60.2,Safe
2026-04-29 12:18:17 UTC,19,20,3.61,0.64,31.8,60.2,Safe
2026-04-29 12:18:27 UTC,20,21,3.65,0.65,31.7,60.2,Safe
2026-04-29 12:18:37 UTC,20,20,3.61,0.64,31.7,60.3,Safe
2026-04-29 12:18:47 UTC,19,20,3.66,0.65,31.8,60.3,Safe
2026-04-29 12:18:57 UTC,19,20,3.59,0.64,31.7,60.3,Safe
2026-04-29 12:19:07 UTC,21,22,3.66,0.65,31.7,60.3,Safe
2026-04-29 12:19:17 UTC,20,22,3.61,0.64,31.7,60.4,Safe
2026-04-29 12:19:27 UTC,19,21,3.66,0.65,31.8,60.3,Safe
2026-04-29 12:19:37 UTC,19,20,3.67,0.65,31.7,60.3,Safe
2026-04-29 12:19:47 UTC,18,20,3.62,0.64,31.8,60.4,Safe
2026-04-29 12:19:57 UTC,19,21,3.67,0.65,31.7,60.4,Safe
2026-04-29 12:20:07 UTC,19,19,3.61,0.64,31.7,60.4,Safe
2026-04-29 12:20:17 UTC,18,20,3.65,0.65,31.7,60.3,Safe
2026-04-29 12:20:27 UTC,19,21,3.61,0.64,31.7,60.4,Safe
2026-04-29 12:20:37 UTC,19,21,3.66,0.65,31.7,60.4,Safe
2026-04-29 12:20:47 UTC,19,21,3.61,0.64,31.7,60.4,Safe
2026-04-29 12:20:57 UTC,19,24,3.67,0.65,31.7,60.4,Safe
2026-04-29 12:21:07 UTC,18,22,3.67,0.65,31.7,60.5,Safe
2026-04-29 12:21:17 UTC,19,22,3.61,0.64,31.7,60.5,Safe
2026-04-29 12:21:27 UTC,20,21,3.67,0.65,31.7,60.4,Safe
2026-04-29 12:21:37 UTC,19,22,3.6,0.64,31.7,60.4,Safe
2026-04-29 12:21:47 UTC,18,22,3.67,0.65,31.8,60.4,Safe
2026-04-29 12:21:57 UTC,18,23,3.61,0.64,31.8,60.4,Safe
2026-04-29 12:22:07 UTC,19,24,3.67,0.65,31.8,60.4,Safe
2026-04-29 12:22:17 UTC,20,24,3.61,0.64,31.8,60.5,Safe
2026-04-29 12:22:27 UTC,18,19,3.67,0.65,31.8,60.5,Safe
2026-04-29 12:22:37 UTC,18,20,3.66,0.65,31.8,60.6,Safe
2026-04-29 12:22:47 UTC,15,19,3.66,0.65,31.8,60.5,Safe
2026-04-29 12:22:57 UTC,17,19,3.59,0.64,31.8,60.5,Safe
2026-04-29 12:23:07 UTC,17,19,3.59,0.64,31.8,60.4,Safe
2026-04-29 12:23:17 UTC,17,19,3.67,0.65,31.8,60.5,Safe
2026-04-29 12:23:27 UTC,17,18,3.62,0.64,31.8,60.5,Safe
2026-04-29 12:23:37 UTC,17,21,3.66,0.65,31.8,60.5,Safe
2026-04-29 12:23:47 UTC,19,21,3.62,0.64,31.8,60.6,Safe
2026-04-29 12:23:57 UTC,19,21,3.67,0.65,31.8,60.6,Safe
2026-04-29 12:24:07 UTC,17,19,3.61,0.64,31.9,60.6,Safe
2026-04-29 12:24:17 UTC,16,19,3.66,0.65,31.8,60.6,Safe
2026-04-29 12:24:27 UTC,16,20,3.61,0.64,31.8,60.6,Safe
2026-04-29 12:24:37 UTC,15,20,3.66,0.65,31.9,60.6,Safe
2026-04-29 12:24:47 UTC,16,19,3.67,0.65,31.9,60.6,Safe
2026-04-29 12:24:57 UTC,16,19,3.62,0.64,31.9,60.5,Safe
2026-04-29 12:25:07 UTC,17,20,3.68,0.65,31.9,60.6,Safe
2026-04-29 12:25:17 UTC,16,18,3.62,0.64,31.9,60.5,Safe
2026-04-29 12:25:27 UTC,16,18,3.66,0.65,31.9,60.4,Safe
2026-04-29 12:25:37 UTC,16,18,3.6,0.64,31.9,60.5,Safe
2026-04-29 12:25:47 UTC,14,19,3.67,0.65,31.9,60.3,Safe
2026-04-29 12:25:57 UTC,13,18,3.61,0.64,31.9,60.3,Safe
2026-04-29 12:26:07 UTC,10,16,3.66,0.65,31.9,60.3,Safe
2026-04-29 12:26:17 UTC,12,16,3.66,0.65,31.9,60.2,Safe
2026-04-29 12:26:27 UTC,13,17,3.67,0.65,31.9,60.3,Safe
2026-04-29 12:26:37 UTC,11,16,3.66,0.65,31.9,60.3,Safe
2026-04-29 12:26:47 UTC,11,16,3.61,0.64,31.9,60.3,Safe
2026-04-29 12:26:57 UTC,10,16,3.67,0.65,31.9,60.3,Safe
2026-04-29 12:27:07 UTC,10,15,3.61,0.64,31.9,60.3,Safe
2026-04-29 12:27:17 UTC,9,14,3.66,0.65,31.9,60.1,Safe
2026-04-29 12:27:27 UTC,10,15,3.59,0.64,31.9,60.1,Safe
2026-04-29 12:27:37 UTC,9,14,3.64,0.65,31.9,60,Safe
2026-04-29 12:27:47 UTC,10,15,3.61,0.64,31.9,60.1,Safe
2026-04-29 12:27:57 UTC,10,16,3.67,0.65,31.9,60.1,Safe
2026-04-29 12:28:07 UTC,7,12,3.62,0.64,31.9,60.1,Safe
2026-04-29 12:28:17 UTC,7,11,3.67,0.65,31.9,60.2,Safe
2026-04-29 12:28:27 UTC,9,13,3.66,0.65,31.9,60.3,Safe
2026-04-29 12:28:37 UTC,9,13,3.62,0.64,31.9,60.2,Safe
2026-04-29 12:28:47 UTC,8,10,3.66,0.65,31.9,60.3,Safe
2026-04-29 12:28:57 UTC,8,9,3.61,0.64,31.9,60.3,Safe
2026-04-29 12:29:07 UTC,8,8,3.67,0.65,31.9,60.4,Safe
2026-04-29 12:29:17 UTC,9,9,3.61,0.64,31.9,60.4,Safe
2026-04-29 12:29:27 UTC,8,8,3.66,0.65,31.9,60.3,Safe
2026-04-29 12:29:37 UTC,7,8,3.58,0.64,31.9,60.4,Safe
2026-04-29 12:29:47 UTC,7,7,3.66,0.65,31.8,60.3,Safe
2026-04-29 12:29:57 UTC,7,7,3.66,0.65,31.9,60.3,Safe
2026-04-29 12:30:07 UTC,7,8,3.66,0.65,31.9,60.3,Safe
2026-04-29 12:30:17 UTC,8,8,3.64,0.65,31.9,60.3,Safe
2026-04-29 12:30:27 UTC,6,6,3.6,0.64,31.9,60.3,Safe
2026-04-29 12:30:37 UTC,6,6,3.67,0.65,31.9,60.3,Safe
2026-04-29 12:30:47 UTC,7,8,3.61,0.64,31.9,60.4,Safe
2026-04-29 12:30:57 UTC,6,7,3.64,0.65,31.9,60.4,Safe
2026-04-29 12:31:07 UTC,7,7,3.61,0.64,31.9,60.4,Safe
2026-04-29 12:31:17 UTC,8,9,3.67,0.65,31.9,60.6,Safe
2026-04-29 12:31:27 UTC,7,7,3.6,0.64,31.9,60.4,Safe
2026-04-29 12:31:37 UTC,6,6,3.67,0.65,31.9,60.6,Safe
2026-04-29 12:31:47 UTC,6,7,3.61,0.64,31.9,60.5,Safe
2026-04-29 12:31:57 UTC,7,9,3.6,0.64,31.9,60.6,Safe
2026-04-29 12:32:07 UTC,5,6,3.67,0.65,31.9,60.6,Safe
2026-04-29 12:32:17 UTC,4,5,3.6,0.64,31.9,60.6,Safe
2026-04-29 12:32:27 UTC,5,6,3.65,0.65,31.9,60.6,Safe
2026-04-29 12:32:37 UTC,5,5,3.61,0.64,31.9,60.6,Safe
2026-04-29 12:32:47 UTC,5,5,3.66,0.65,31.9,60.7,Safe
2026-04-29 12:32:57 UTC,5,6,3.62,0.64,31.9,60.7,Safe
2026-04-29 12:33:07 UTC,6,6,3.66,0.65,31.9,60.6,Safe
2026-04-29 12:33:17 UTC,6,6,3.6,0.64,31.9,60.4,Safe
2026-04-29 12:33:27 UTC,6,6,3.66,0.65,31.9,60.4,Safe
2026-04-29 12:33:37 UTC,5,5,3.65,0.65,31.9,60.3,Safe
2026-04-29 12:33:47 UTC,5,5,3.61,0.64,31.9,60.3,Safe
2026-04-29 12:33:57 UTC,5,5,3.66,0.65,31.9,60.4,Safe
2026-04-29 12:34:07 UTC,5,5,3.6,0.64,31.9,60.3,Safe
2026-04-29 12:34:17 UTC,5,5,3.67,0.65,31.8,60.4,Safe
2026-04-29 12:34:27 UTC,5,5,3.61,0.64,31.8,60.4,Safe
2026-04-29 12:34:37 UTC,5,5,3.66,0.65,31.9,60.3,Safe
2026-04-29 12:34:47 UTC,6,6,3.61,0.64,31.8,60.3,Safe
2026-04-29 12:34:57 UTC,5,7,3.67,0.65,31.9,60.3,Safe
2026-04-29 12:35:07 UTC,5,7,3.66,0.65,31.8,60.4,Safe
2026-04-29 12:35:17 UTC,5,5,3.67,0.65,31.8,60.4,Safe
2026-04-29 12:35:27 UTC,3,3,3.61,0.64,31.8,60.4,Safe
2026-04-29 12:35:37 UTC,4,4,3.6,0.64,31.8,60.4,Safe
2026-04-29 12:35:47 UTC,4,4,3.65,0.65,31.9,60.4,Safe
2026-04-29 12:35:57 UTC,5,5,3.61,0.64,31.9,60.4,Safe
2026-04-29 12:36:07 UTC,3,3,3.67,0.65,31.8,60.5,Safe
2026-04-29 12:36:17 UTC,5,6,3.6,0.64,31.8,60.5,Safe
2026-04-29 12:36:27 UTC,4,6,3.64,0.65,31.8,60.6,Safe
2026-04-29 12:36:37 UTC,4,4,3.6,0.64,31.9,60.7,Safe
2026-04-29 12:36:47 UTC,2,2,3.66,0.65,31.8,60.8,Safe
2026-04-29 12:36:57 UTC,3,5,3.61,0.64,31.8,61.1,Safe
2026-04-29 12:37:07 UTC,4,4,3.66,0.65,31.8,61.4,Safe
2026-04-29 12:37:17 UTC,4,4,3.66,0.65,31.8,61.4,Safe
2026-04-29 12:37:27 UTC,4,4,3.61,0.64,31.8,61.3,Safe
2026-04-29 12:37:37 UTC,5,6,3.66,0.65,31.8,61.4,Safe
2026-04-29 12:37:47 UTC,5,5,3.6,0.64,31.8,61.4,Safe
2026-04-29 12:37:57 UTC,5,5,3.66,0.65,31.8,61.4,Safe
2026-04-29 12:38:07 UTC,4,5,3.6,0.64,31.8,61.4,Safe
2026-04-29 12:38:17 UTC,5,6,3.66,0.65,31.8,61.5,Safe
2026-04-29 12:38:27 UTC,5,7,3.59,0.64,31.8,61.6,Safe
2026-04-29 12:38:37 UTC,5,5,3.67,0.65,31.8,61.5,Safe
2026-04-29 12:38:47 UTC,4,6,3.66,0.65,31.8,61.6,Safe
2026-04-29 12:38:57 UTC,3,5,3.66,0.65,31.8,61.6,Safe
2026-04-29 12:39:07 UTC,5,6,3.61,0.64,31.8,61.6,Safe
2026-04-29 12:39:17 UTC,5,7,3.6,0.64,31.8,61.7,Safe
2026-04-29 12:39:27 UTC,4,6,3.66,0.65,31.8,61.6,Safe
2026-04-29 12:39:37 UTC,4,6,3.6,0.64,31.8,61.7,Safe
2026-04-29 12:39:47 UTC,4,7,3.65,0.65,31.8,61.9,Safe
2026-04-29 12:39:57 UTC,3,5,3.61,0.64,31.8,62,Safe
2026-04-29 12:40:07 UTC,4,6,3.66,0.65,31.8,62,Safe
2026-04-29 12:40:17 UTC,4,5,3.59,0.64,31.7,61.8,Safe
2026-04-29 12:40:27 UTC,4,5,3.66,0.65,31.7,61.9,Safe
2026-04-29 12:40:37 UTC,3,3,3.59,0.64,31.7,62,Safe
2026-04-29 12:40:47 UTC,2,4,3.66,0.65,31.7,61.9,Safe
2026-04-29 12:40:57 UTC,2,3,3.66,0.65,31.7,61.9,Safe
2026-04-29 12:41:07 UTC,3,5,3.61,0.64,31.7,61.9,Safe
2026-04-29 12:41:17 UTC,3,5,3.66,0.65,31.7,61.9,Safe
2026-04-29 12:41:27 UTC,2,4,3.58,0.64,31.7,61.9,Safe
2026-04-29 12:41:37 UTC,2,5,3.65,0.65,31.7,61.8,Safe
2026-04-29 12:41:47 UTC,4,5,3.6,0.64,31.7,61.9,Safe
2026-04-29 12:41:57 UTC,2,2,3.65,0.65,31.7,61.9,Safe
2026-04-29 12:42:07 UTC,3,3,3.6,0.64,31.7,62,Safe
2026-04-29 12:42:17 UTC,2,3,3.67,0.65,31.7,62,Safe
2026-04-29 12:42:27 UTC,3,4,3.66,0.65,31.7,62,Safe
2026-04-29 12:42:37 UTC,3,3,3.66,0.65,31.7,62,Safe
2026-04-29 12:42:47 UTC,4,5,3.59,0.64,31.7,62.1,Safe
2026-04-29 12:42:57 UTC,4,5,3.59,0.64,31.7,62.1,Safe
2026-04-29 12:43:07 UTC,3,4,3.66,0.65,31.7,62.2,Safe
2026-04-29 12:43:17 UTC,2,3,3.58,0.64,31.7,62.2,Safe
2026-04-29 12:43:27 UTC,2,2,3.65,0.65,31.7,62.3,Safe
2026-04-29 12:43:37 UTC,3,4,3.6,0.64,31.7,62.3,Safe
2026-04-29 12:43:47 UTC,3,4,3.63,0.65,31.7,62.3,Safe
2026-04-29 12:43:57 UTC,3,4,3.6,0.64,31.7,62.3,Safe
2026-04-29 12:44:07 UTC,2,3,3.66,0.65,31.7,62.5,Safe
2026-04-29 12:44:17 UTC,4,4,3.6,0.64,31.7,63,Safe
2026-04-29 12:44:27 UTC,3,4,3.67,0.65,31.7,62.9,Safe
2026-04-29 12:44:37 UTC,5,8,3.66,0.65,31.7,62.9,Safe
2026-04-29 12:44:47 UTC,4,6,3.58,0.64,31.7,62.8,Safe
2026-04-29 12:44:57 UTC,3,5,3.66,0.65,31.7,62.8,Safe
2026-04-29 12:45:07 UTC,3,3,3.61,0.64,31.8,62.7,Safe
2026-04-29 12:45:17 UTC,3,3,3.63,0.65,31.7,62.7,Safe
2026-04-29 12:45:27 UTC,3,3,3.61,0.64,31.7,62.5,Safe
2026-04-29 12:45:37 UTC,3,3,3.66,0.65,31.7,62.5,Safe
2026-04-29 12:45:47 UTC,3,4,3.59,0.64,31.7,62.4,Safe
2026-04-29 12:45:57 UTC,3,4,3.66,0.65,31.7,62.4,Safe
2026-04-29 12:46:07 UTC,3,3,3.66,0.65,31.7,62.3,Safe
2026-04-29 12:46:17 UTC,2,3,3.66,0.65,31.7,62.4,Safe
2026-04-29 12:46:27 UTC,2,6,3.66,0.65,31.7,62.3,Safe
2026-04-29 12:46:37 UTC,3,7,3.6,0.64,31.7,62.3,Safe
2026-04-29 12:46:47 UTC,3,5,3.65,0.65,31.7,62.2,Safe
2026-04-29 12:46:57 UTC,2,4,3.6,0.64,31.8,62.2,Safe
2026-04-29 12:47:07 UTC,2,2,3.63,0.65,31.7,62.2,Safe
2026-04-29 12:47:17 UTC,1,1,3.59,0.64,31.7,62.2,Safe
2026-04-29 12:47:27 UTC,2,4,3.66,0.65,31.7,62.2,Safe
2026-04-29 12:47:37 UTC,3,6,3.6,0.64,31.7,62.3,Safe
2026-04-29 12:47:47 UTC,4,6,3.67,0.65,31.7,62.2,Safe
2026-04-29 12:47:57 UTC,3,4,3.6,0.64,31.7,62.1,Safe
2026-04-29 12:48:07 UTC,3,3,3.59,0.64,31.7,62,Safe
2026-04-29 12:48:17 UTC,3,3,3.66,0.65,31.7,62.1,Safe
2026-04-29 12:48:27 UTC,3,3,3.61,0.64,31.7,62.1,Safe
2026-04-29 12:48:37 UTC,3,4,3.66,0.65,31.7,62,Safe
2026-04-29 12:48:47 UTC,3,4,3.6,0.64,31.7,62.1,Safe
2026-04-29 12:48:57 UTC,2,3,3.65,0.65,31.7,62,Safe
2026-04-29 12:49:07 UTC,3,4,3.6,0.64,31.7,62.1,Safe
2026-04-29 12:49:17 UTC,3,5,3.66,0.65,31.7,62.1,Safe
2026-04-29 12:49:27 UTC,2,3,3.6,0.64,31.6,62,Safe
2026-04-29 12:49:37 UTC,1,2,3.65,0.65,31.6,62,Safe
2026-04-29 12:49:47 UTC,1,2,3.66,0.65,31.6,62,Safe
2026-04-29 12:49:57 UTC,2,3,3.6,0.64,31.6,62,Safe
2026-04-29 12:50:07 UTC,2,2,3.66,0.65,31.6,62.1,Safe
2026-04-29 12:50:17 UTC,3,3,3.59,0.64,31.6,62.1,Safe
2026-04-29 12:50:27 UTC,3,4,3.63,0.65,31.6,62.1,Safe
2026-04-29 12:50:37 UTC,2,3,3.61,0.64,31.6,62.1,Safe
2026-04-29 12:50:47 UTC,2,2,3.66,0.65,31.6,62.1,Safe
2026-04-29 12:50:57 UTC,3,4,3.58,0.64,31.6,62.2,Safe
2026-04-29 12:51:07 UTC,3,3,3.66,0.65,31.6,62.1,Safe
2026-04-29 12:51:17 UTC,2,2,3.64,0.65,31.6,62.1,Safe
2026-04-29 12:51:27 UTC,1,2,3.66,0.65,31.6,62.1,Safe
2026-04-29 12:51:37 UTC,1,1,3.59,0.64,31.5,62,Safe
2026-04-29 12:51:47 UTC,2,2,3.59,0.64,31.5,62,Safe
2026-04-29 12:51:57 UTC,0,2,3.66,0.65,31.5,62,Safe
2026-04-29 12:52:07 UTC,1,3,3.57,0.64,31.5,62,Safe
2026-04-29 12:52:17 UTC,1,2,3.66,0.65,31.5,61.9,Safe
2026-04-29 12:52:27 UTC,1,2,3.6,0.64,31.5,62,Safe
2026-04-29 12:52:37 UTC,1,2,3.65,0.65,31.4,62,Safe
2026-04-29 12:52:47 UTC,1,2,3.59,0.64,31.4,62,Safe
2026-04-29 12:52:57 UTC,1,3,3.66,0.65,31.4,62,Safe
2026-04-29 12:53:07 UTC,2,3,3.6,0.64,31.4,62.1,Safe
2026-04-29 12:53:17 UTC,2,2,3.63,0.65,31.5,62.1,Safe
2026-04-29 12:53:27 UTC,2,2,3.66,0.65,31.4,62.1,Safe
2026-04-29 12:53:37 UTC,2,2,3.6,0.64,31.4,62.1,Safe
2026-04-29 12:53:47 UTC,2,3,3.65,0.65,31.4,62.1,Safe
2026-04-29 12:53:57 UTC,1,2,3.6,0.64,31.4,62.1,Safe
2026-04-29 12:54:07 UTC,1,1,3.66,0.65,31.4,62.1,Safe
2026-04-29 12:54:17 UTC,1,1,3.58,0.64,31.4,62.1,Safe
2026-04-29 12:54:27 UTC,2,2,3.66,0.65,31.3,62.1,Safe
2026-04-29 12:54:37 UTC,3,3,3.59,0.64,31.3,62.2,Safe
2026-04-29 12:54:47 UTC,2,2,3.66,0.65,31.3,62.1,Safe
2026-04-29 12:54:57 UTC,2,3,3.66,0.65,31.3,62.1,Safe
2026-04-29 12:55:07 UTC,2,3,3.66,0.65,31.3,62.3,Safe
2026-04-29 12:55:17 UTC,2,2,3.66,0.65,31.3,62.3,Safe
2026-04-29 12:55:27 UTC,2,2,3.6,0.64,31.3,62.2,Safe
2026-04-29 12:55:37 UTC,3,3,3.66,0.65,31.3,62.4,Safe
2026-04-29 12:55:47 UTC,3,4,3.58,0.64,31.3,62.3,Safe
2026-04-29 12:55:57 UTC,2,4,3.66,0.65,31.3,62.4,Safe
2026-04-29 12:56:07 UTC,2,3,3.6,0.64,31.3,62.4,Safe
2026-04-29 12:56:17 UTC,2,3,3.66,0.65,31.3,62.4,Safe
2026-04-29 12:56:27 UTC,2,3,3.6,0.64,31.3,62.5,Safe
2026-04-29 12:56:37 UTC,1,2,3.66,0.65,31.3,62.5,Safe
2026-04-29 12:56:47 UTC,2,2,3.59,0.64,31.3,62.4,Safe
2026-04-29 12:56:57 UTC,1,1,3.6,0.64,31.3,62.4,Safe
2026-04-29 12:57:07 UTC,2,2,3.66,0.65,31.3,62.4,Safe
2026-04-29 12:57:17 UTC,3,4,3.58,0.64,31.3,62.4,Safe
2026-04-29 12:57:27 UTC,3,4,3.66,0.65,31.3,62.4,Safe
2026-04-29 12:57:37 UTC,2,3,3.6,0.64,31.3,62.4,Safe
2026-04-29 12:57:47 UTC,1,1,3.66,0.65,31.3,62.4,Safe
2026-04-29 12:57:57 UTC,1,2,3.58,0.64,31.2,62.4,Safe
2026-04-29 12:58:07 UTC,3,5,3.63,0.65,31.3,62.4,Safe
2026-04-29 12:58:17 UTC,4,6,3.58,0.64,31.2,62.4,Safe
2026-04-29 12:58:27 UTC,2,3,3.66,0.65,31.3,62.4,Safe
2026-04-29 12:58:37 UTC,2,2,3.66,0.65,31.3,62.4,Safe
2026-04-29 12:58:47 UTC,2,3,3.6,0.64,31.3,62.4,Safe
2026-04-29 12:58:57 UTC,2,3,3.63,0.65,31.2,62.4,Safe
2026-04-29 12:59:07 UTC,2,3,3.59,0.64,31.2,62.4,Safe
2026-04-29 12:59:17 UTC,2,4,3.66,0.65,31.2,62.4,Safe
2026-04-29 12:59:27 UTC,3,4,3.61,0.64,31.3,62.4,Safe
2026-04-29 12:59:37 UTC,2,3,3.66,0.65,31.3,62.4,Safe
2026-04-29 12:59:47 UTC,3,3,3.59,0.64,31.3,62.4,Safe
2026-04-29 12:59:57 UTC,2,3,3.62,0.65,31.3,62.4,Safe
2026-04-29 13:00:07 UTC,3,3,3.66,0.65,31.3,62.4,Safe
2026-04-29 13:00:17 UTC,3,4,3.65,0.65,31.3,62.4,Safe
2026-04-29 13:00:27 UTC,3,4,3.65,0.65,31.3,62.4,Safe
2026-04-29 13:00:37 UTC,3,3,3.58,0.64,31.3,62.4,Safe
2026-04-29 13:00:47 UTC,2,2,3.65,0.65,31.3,62.4,Safe
2026-04-29 13:00:57 UTC,3,3,3.58,0.64,31.3,62.3,Safe
2026-04-29 13:01:07 UTC,3,5,3.65,0.65,31.3,62.4,Safe
2026-04-29 13:01:17 UTC,3,3,3.6,0.64,31.3,62.4,Safe
2026-04-29 13:01:27 UTC,4,4,3.66,0.65,31.3,62.3,Safe
2026-04-29 13:01:37 UTC,3,3,3.58,0.64,31.3,62.4,Safe
2026-04-29 13:01:47 UTC,3,4,3.64,0.65,31.3,62.4,Safe
2026-04-29 13:01:57 UTC,3,4,3.59,0.64,31.3,62.5,Safe
2026-04-29 13:02:07 UTC,4,4,3.66,0.65,31.3,62.6,Safe
2026-04-29 13:02:17 UTC,3,3,3.66,0.65,31.3,62.6,Safe
2026-04-29 13:02:27 UTC,3,4,3.6,0.64,31.3,62.6,Safe
2026-04-29 13:02:37 UTC,3,4,3.66,0.65,31.3,62.6,Safe
2026-04-29 13:02:47 UTC,4,5,3.6,0.64,31.3,62.7,Safe
2026-04-29 13:02:57 UTC,3,4,3.64,0.65,31.2,62.7,Safe
2026-04-29 13:03:07 UTC,3,3,3.61,0.64,31.2,62.8,Safe
2026-04-29 13:03:17 UTC,3,4,3.66,0.65,31.2,62.8,Safe
2026-04-29 13:03:27 UTC,2,4,3.58,0.64,31.2,62.8,Safe
2026-04-29 13:03:37 UTC,2,3,3.66,0.65,31.2,62.8,Safe
2026-04-29 13:03:47 UTC,1,2,3.66,0.65,31.2,62.8,Safe
2026-04-29 13:03:57 UTC,2,3,3.6,0.64,31.2,62.9,Safe
2026-04-29 13:04:07 UTC,2,4,3.66,0.65,31.2,63,Safe
2026-04-29 13:04:17 UTC,3,4,3.6,0.64,31.2,63,Safe
2026-04-29 13:04:27 UTC,3,3,3.66,0.65,31.2,63,Safe
2026-04-29 13:04:37 UTC,3,3,3.58,0.64,31.2,62.9,Safe
2026-04-29 13:04:47 UTC,3,3,3.66,0.65,31.2,63,Safe
2026-04-29 13:04:57 UTC,2,2,3.6,0.64,31.2,63,Safe
2026-04-29 13:05:07 UTC,1,3,3.63,0.65,31.2,63,Safe
2026-04-29 13:05:17 UTC,2,3,3.59,0.64,31.2,63.1,Safe
2026-04-29 13:05:27 UTC,3,4,3.65,0.65,31.2,63,Safe
2026-04-29 13:05:37 UTC,3,4,3.6,0.64,31.2,63,Safe
2026-04-29 13:05:47 UTC,1,1,3.61,0.64,31.2,63,Safe
2026-04-29 13:05:57 UTC,2,4,3.66,0.65,31.2,63,Safe
2026-04-29 13:06:07 UTC,2,4,3.6,0.64,31.2,63,Safe
2026-04-29 13:06:17 UTC,3,3,3.65,0.65,31.2,63,Safe
2026-04-29 13:06:27 UTC,3,4,3.59,0.64,31.2,63,Safe
2026-04-29 13:06:37 UTC,2,6,3.66,0.65,31.2,63,Safe
2026-04-29 13:06:47 UTC,2,6,3.6,0.64,31.2,62.9,Safe
2026-04-29 13:06:57 UTC,1,6,3.66,0.65,31.2,62.9,Safe
2026-04-29 13:07:07 UTC,0,3,3.6,0.64,31.2,62.9,Safe
2026-04-29 13:07:17 UTC,1,3,3.66,0.65,31.2,62.9,Safe
2026-04-29 13:07:27 UTC,3,4,3.66,0.65,31.2,62.9,Safe
2026-04-29 13:07:37 UTC,4,5,3.61,0.64,31.2,62.9,Safe
2026-04-29 13:07:47 UTC,3,3,3.65,0.65,31.2,62.9,Safe
2026-04-29 13:07:57 UTC,3,3,3.59,0.64,31.2,62.9,Safe
2026-04-29 13:08:07 UTC,2,3,3.64,0.65,31.2,62.8,Safe
2026-04-29 13:08:17 UTC,2,3,3.6,0.64,31.2,62.8,Safe
2026-04-29 13:08:27 UTC,2,2,3.66,0.65,31.2,62.8,Safe
2026-04-29 13:08:37 UTC,1,3,3.61,0.64,31.2,62.8,Safe
2026-04-29 13:08:47 UTC,1,1,3.66,0.65,31.1,62.8,Safe
2026-04-29 13:08:57 UTC,1,2,3.64,0.65,31.2,62.8,Safe
2026-04-29 13:09:07 UTC,1,1,3.65,0.65,31.2,62.8,Safe
2026-04-29 13:09:17 UTC,1,1,3.61,0.64,31.2,62.8,Safe
2026-04-29 13:09:27 UTC,1,1,3.6,0.64,31.2,62.8,Safe
2026-04-29 13:09:37 UTC,2,2,3.66,0.65,31.2,62.8,Safe
2026-04-29 13:09:47 UTC,1,3,3.6,0.64,31.2,62.8,Safe
2026-04-29 13:09:57 UTC,1,3,3.65,0.65,31.2,62.7,Safe
2026-04-29 13:10:07 UTC,1,3,3.59,0.64,31.2,62.8,Safe
2026-04-29 13:10:17 UTC,1,2,3.66,0.65,31.2,62.7,Safe
2026-04-29 13:10:27 UTC,2,2,3.61,0.64,31.2,62.7,Safe
2026-04-29 13:10:37 UTC,2,3,3.64,0.65,31.2,62.7,Safe
2026-04-29 13:10:47 UTC,2,3,3.6,0.64,31.2,62.7,Safe
2026-04-29 13:10:57 UTC,2,2,3.66,0.65,31.2,62.7,Safe
2026-04-29 13:11:07 UTC,3,3,3.65,0.65,31.2,62.7,Safe
2026-04-29 13:11:17 UTC,3,4,3.58,0.64,31.2,62.7,Safe
2026-04-29 13:11:27 UTC,2,3,3.63,0.65,31.2,62.8,Safe
2026-04-29 13:11:37 UTC,2,3,3.58,0.64,31.2,62.7,Safe
2026-04-29 13:11:47 UTC,7,7,3.81,0.67,30.4,65.8,Safe
2026-04-29 13:11:57 UTC,5,10,3.74,0.66,30.4,65.9,Safe
2026-04-29 13:12:07 UTC,5,6,3.78,0.67,30.4,66.1,Safe
2026-04-29 13:12:17 UTC,5,7,3.75,0.66,30.4,66.2,Safe
2026-04-29 13:12:27 UTC,5,6,3.79,0.67,30.4,66.4,Safe
2026-04-29 13:12:37 UTC,5,5,3.75,0.66,30.4,66.3,Safe
2026-04-29 13:12:47 UTC,5,7,3.8,0.67,30.3,66.4,Safe
2026-04-29 13:12:57 UTC,5,8,3.74,0.66,30.3,66.6,Safe
2026-04-29 13:13:07 UTC,6,6,3.81,0.67,30.3,66.6,Safe
2026-04-29 13:13:17 UTC,6,6,3.78,0.67,30.3,66.6,Safe
2026-04-29 13:13:27 UTC,5,5,3.8,0.67,30.3,66.7,Safe
2026-04-29 13:13:37 UTC,4,4,3.8,0.67,30.3,66.7,Safe
2026-04-29 13:13:47 UTC,3,3,3.73,0.66,30.3,66.8,Safe
2026-04-29 13:13:57 UTC,3,5,3.8,0.67,30.3,66.8,Safe
2026-04-29 13:14:07 UTC,3,6,3.71,0.66,30.3,66.8,Safe
2026-04-29 13:14:17 UTC,4,6,3.8,0.67,30.3,66.8,Safe
2026-04-29 13:14:27 UTC,4,5,3.74,0.66,30.3,66.8,Safe
2026-04-29 13:14:37 UTC,4,5,3.79,0.67,30.3,66.8,Safe
2026-04-29 13:14:47 UTC,4,5,3.74,0.66,30.2,66.8,Safe
2026-04-29 13:14:57 UTC,4,5,3.81,0.67,30.2,66.8,Safe
2026-04-29 13:15:07 UTC,2,4,3.74,0.66,30.3,66.8,Safe
2026-04-29 13:15:17 UTC,2,5,3.8,0.67,30.3,67,Safe
2026-04-29 13:15:27 UTC,4,6,3.82,0.67,30.2,67,Safe
2026-04-29 13:15:37 UTC,4,5,3.75,0.66,30.3,67,Safe
2026-04-29 13:15:47 UTC,3,7,3.82,0.67,30.3,67,Safe
2026-04-29 13:15:57 UTC,6,10,3.74,0.66,30.3,66.9,Safe
2026-04-29 13:16:07 UTC,7,14,3.83,0.67,30.3,66.9,Safe
2026-04-29 13:16:17 UTC,8,13,3.75,0.66,30.3,66.8,Safe
2026-04-29 13:16:27 UTC,8,16,3.81,0.67,30.3,66.7,Safe
2026-04-29 13:16:37 UTC,10,24,3.75,0.66,30.3,66.7,Safe
2026-04-29 13:16:47 UTC,13,31,3.82,0.67,30.4,66.6,Safe
2026-04-29 13:16:57 UTC,14,38,3.82,0.67,30.4,66.6,Safe
2026-04-29 13:17:07 UTC,17,42,3.75,0.66,30.4,66.6,Safe
2026-04-29 13:17:17 UTC,16,40,3.79,0.67,30.4,66.7,Safe
2026-04-29 13:17:27 UTC,20,42,3.75,0.66,30.4,66.9,Safe
2026-04-29 13:17:37 UTC,19,41,3.8,0.67,30.4,67.1,Safe
2026-04-29 13:17:47 UTC,20,41,3.73,0.66,30.4,67.1,Safe
2026-04-29 13:17:57 UTC,21,45,3.82,0.67,30.4,67.1,Safe
2026-04-29 13:18:07 UTC,22,44,3.71,0.66,30.4,67.2,Safe
2026-04-29 13:18:17 UTC,21,44,3.81,0.67,30.4,66.9,Safe
2026-04-29 13:18:27 UTC,21,41,3.75,0.66,30.4,67,Safe
2026-04-29 13:18:37 UTC,20,38,3.8,0.67,30.4,67,Safe
2026-04-29 13:18:47 UTC,20,36,3.73,0.66,30.4,67,Safe
2026-04-29 13:18:57 UTC,18,33,3.74,0.66,30.4,67.1,Safe
2026-04-29 13:19:07 UTC,14,27,3.81,0.67,30.3,67,Safe
2026-04-29 13:19:17 UTC,11,28,3.71,0.66,30.3,67,Safe
2026-04-29 13:19:27 UTC,9,25,3.78,0.67,30.3,66.9,Safe
2026-04-29 13:19:37 UTC,9,21,3.73,0.66,30.3,67,Safe
2026-04-29 13:19:47 UTC,7,19,3.8,0.67,30.2,67,Safe
2026-04-29 13:19:57 UTC,7,21,3.74,0.66,30.2,66.9,Safe
2026-04-29 13:20:07 UTC,7,20,3.81,0.67,30.2,67,Safe
2026-04-29 13:20:17 UTC,6,16,3.75,0.66,30.2,67,Safe
2026-04-29 13:20:27 UTC,5,14,3.82,0.67,30.2,67,Safe
2026-04-29 13:20:37 UTC,6,16,3.8,0.67,30.2,67,Safe
2026-04-29 13:20:47 UTC,7,16,3.75,0.66,30.2,66.8,Safe
2026-04-29 13:20:57 UTC,5,15,3.8,0.67,30.3,66.8,Safe
2026-04-29 13:21:07 UTC,4,14,3.74,0.66,30.3,66.7,Safe
2026-04-29 13:21:17 UTC,5,14,3.82,0.67,30.2,66.7,Safe
2026-04-29 13:21:27 UTC,5,13,3.74,0.66,30.3,66.7,Safe
2026-04-29 13:21:37 UTC,4,10,3.78,0.67,30.3,66.7,Safe
2026-04-29 13:21:47 UTC,4,8,3.71,0.66,30.3,66.6,Safe
2026-04-29 13:21:57 UTC,4,10,3.8,0.67,30.3,66.6,Safe
2026-04-29 13:22:07 UTC,4,6,3.72,0.66,30.2,66.6,Safe
2026-04-29 13:22:17 UTC,5,7,3.81,0.67,30.3,66.6,Safe
2026-04-29 13:22:27 UTC,4,6,3.75,0.66,30.3,66.6,Safe
2026-04-29 13:22:37 UTC,4,6,3.74,0.66,30.2,66.5,Safe
2026-04-29 13:22:47 UTC,4,5,3.81,0.67,30.3,66.5,Safe
2026-04-29 13:22:57 UTC,4,6,3.71,0.66,30.3,66.6,Safe
2026-04-29 13:23:07 UTC,5,5,3.81,0.67,30.3,66.6,Safe
2026-04-29 13:23:17 UTC,5,6,3.75,0.66,30.3,66.6,Safe
2026-04-29 13:23:27 UTC,4,7,3.78,0.67,30.3,66.6,Safe
2026-04-29 13:23:37 UTC,2,5,3.73,0.66,30.3,66.6,Safe
2026-04-29 13:23:47 UTC,4,6,3.81,0.67,30.3,66.6,Safe
2026-04-29 13:23:57 UTC,4,6,3.74,0.66,30.2,66.6,Safe
2026-04-29 13:24:07 UTC,5,6,3.81,0.67,30.3,66.6,Safe
2026-04-29 13:24:17 UTC,5,6,3.81,0.67,30.3,66.7,Safe
2026-04-29 13:24:27 UTC,3,5,3.71,0.66,30.3,66.6,Safe
2026-04-29 13:24:37 UTC,3,4,3.81,0.67,30.3,66.6,Safe
2026-04-29 13:24:47 UTC,2,4,3.75,0.66,30.3,66.6,Safe
2026-04-29 13:24:57 UTC,3,4,3.77,0.67,30.3,66.6,Safe
2026-04-29 13:25:07 UTC,4,4,3.73,0.66,30.3,66.6,Safe
2026-04-29 13:25:17 UTC,5,6,3.81,0.67,30.3,66.6,Safe
2026-04-29 13:25:27 UTC,4,5,3.73,0.66,30.3,66.7,Safe
2026-04-29 13:25:37 UTC,4,6,3.77,0.67,30.3,66.7,Safe
2026-04-29 13:25:47 UTC,4,11,3.81,0.67,30.3,66.7,Safe
2026-04-29 13:25:57 UTC,4,7,3.8,0.67,30.3,66.7,Safe
2026-04-29 13:26:07 UTC,3,5,3.71,0.66,30.3,66.8,Safe
2026-04-29 13:26:17 UTC,4,5,3.73,0.66,30.3,66.8,Safe
2026-04-29 13:26:27 UTC,4,4,3.81,0.67,30.3,66.8,Safe
2026-04-29 13:26:37 UTC,4,5,3.75,0.66,30.3,66.8,Safe
2026-04-29 13:26:47 UTC,5,6,3.81,0.67,30.3,66.8,Safe
2026-04-29 13:26:57 UTC,4,6,3.75,0.66,30.3,66.8,Safe
2026-04-29 13:27:07 UTC,3,4,3.78,0.67,30.3,66.7,Safe
2026-04-29 13:27:17 UTC,3,5,3.75,0.66,30.3,66.7,Safe
2026-04-29 13:27:27 UTC,4,4,3.78,0.67,30.3,66.8,Safe
2026-04-29 13:27:37 UTC,4,4,3.74,0.66,30.3,66.8,Safe
2026-04-29 13:27:47 UTC,3,3,3.8,0.67,30.3,66.8,Safe
2026-04-29 13:27:57 UTC,3,6,3.8,0.67,30.3,66.7,Safe
2026-04-29 13:28:07 UTC,4,6,3.74,0.66,30.3,66.8,Safe
2026-04-29 13:28:17 UTC,4,5,3.8,0.67,30.3,66.7,Safe
2026-04-29 13:28:27 UTC,4,5,3.74,0.66,30.3,66.7,Safe
2026-04-29 13:28:37 UTC,4,5,3.81,0.67,30.3,66.6,Safe
2026-04-29 13:28:47 UTC,5,6,3.75,0.66,30.3,66.6,Safe
2026-04-29 13:28:57 UTC,3,6,3.79,0.67,30.3,66.6,Safe
2026-04-29 13:29:07 UTC,3,5,3.74,0.66,30.3,66.6,Safe
2026-04-29 13:29:17 UTC,4,5,3.81,0.67,30.3,66.6,Safe
2026-04-29 13:29:27 UTC,4,4,3.82,0.67,30.3,66.5,Safe
2026-04-29 13:29:37 UTC,3,4,3.8,0.67,30.3,66.5,Safe
2026-04-29 13:29:47 UTC,4,5,3.81,0.68,30.3,66.5,Safe
2026-04-29 13:29:57 UTC,3,4,3.75,0.66,30.3,66.5,Safe
2026-04-29 13:30:07 UTC,4,6,3.79,0.67,30.3,66.4,Safe
2026-04-29 13:30:17 UTC,4,6,3.74,0.66,30.3,66.5,Safe
2026-04-29 13:30:27 UTC,3,5,3.81,0.67,30.4,66.4,Safe
2026-04-29 13:30:37 UTC,3,4,3.74,0.66,30.4,66.4,Safe
2026-04-29 13:30:47 UTC,3,3,3.81,0.67,30.4,66.4,Safe
2026-04-29 13:30:57 UTC,3,3,3.72,0.66,30.4,66.4,Safe
2026-04-29 13:31:07 UTC,4,5,3.82,0.67,30.4,66.4,Safe
2026-04-29 13:31:17 UTC,3,4,3.74,0.66,30.4,66.5,Safe
2026-04-29 13:31:27 UTC,2,4,3.81,0.67,30.4,66.4,Safe
2026-04-29 13:31:37 UTC,2,3,3.8,0.67,30.4,66.3,Safe
2026-04-29 13:31:47 UTC,2,3,3.71,0.66,30.4,66.4,Safe
2026-04-29 13:31:57 UTC,4,5,3.79,0.67,30.4,66.4,Safe
2026-04-29 13:32:07 UTC,4,4,3.75,0.66,30.4,66.4,Safe
2026-04-29 13:32:17 UTC,4,4,3.8,0.67,30.4,66.3,Safe
2026-04-29 13:32:27 UTC,3,3,3.75,0.66,30.4,66.3,Safe
2026-04-29 13:32:37 UTC,1,1,3.82,0.67,30.4,66.2,Safe
2026-04-29 13:32:47 UTC,2,2,3.72,0.66,30.4,66.3,Safe
2026-04-29 13:32:57 UTC,4,4,3.82,0.67,30.4,66.3,Safe
2026-04-29 13:33:07 UTC,4,4,3.81,0.67,30.4,66.2,Safe
2026-04-29 13:33:17 UTC,4,4,3.82,0.67,30.5,66.3,Safe
2026-04-29 13:33:27 UTC,4,4,3.81,0.67,30.5,66.3,Safe
2026-04-29 13:33:37 UTC,4,5,3.75,0.66,30.5,66.3,Safe
2026-04-29 13:33:47 UTC,4,5,3.81,0.67,30.4,66.2,Safe
2026-04-29 13:33:57 UTC,4,5,3.73,0.66,30.5,66.2,Safe
2026-04-29 13:34:07 UTC,3,4,3.79,0.67,30.5,66.2,Safe
2026-04-29 13:34:17 UTC,4,4,3.75,0.66,30.5,66.2,Safe
2026-04-29 13:34:27 UTC,3,4,3.81,0.67,30.5,66.1,Safe
2026-04-29 13:34:37 UTC,3,4,3.75,0.66,30.4,66.1,Safe
2026-04-29 13:34:47 UTC,3,4,3.81,0.67,30.5,66.1,Safe
2026-04-29 13:34:57 UTC,2,2,3.75,0.66,30.5,66.1,Safe
2026-04-29 13:35:07 UTC,3,3,3.75,0.66,30.5,66.1,Safe
2026-04-29 13:35:17 UTC,4,4,3.83,0.67,30.5,66.1,Safe
2026-04-29 13:35:27 UTC,3,3,3.75,0.66,30.5,66.1,Safe
2026-04-29 13:35:37 UTC,4,4,3.82,0.67,30.5,66,Safe
2026-04-29 13:35:47 UTC,3,4,3.75,0.66,30.5,66,Safe
2026-04-29 13:35:57 UTC,3,4,3.82,0.67,30.5,66,Safe
2026-04-29 13:36:07 UTC,3,3,3.75,0.66,30.5,66,Safe
2026-04-29 13:36:17 UTC,4,5,3.82,0.67,30.5,65.9,Safe
2026-04-29 13:36:27 UTC,3,5,3.75,0.66,30.5,65.9,Safe
2026-04-29 13:36:37 UTC,4,5,3.83,0.67,30.5,66,Safe
2026-04-29 13:36:47 UTC,3,5,3.8,0.67,30.5,65.9,Safe
2026-04-29 13:36:57 UTC,3,4,3.75,0.66,30.5,66,Safe
2026-04-29 13:37:07 UTC,3,4,3.81,0.67,30.6,66,Safe
2026-04-29 13:37:17 UTC,3,4,3.75,0.66,30.6,66,Safe
2026-04-29 13:37:27 UTC,3,5,3.82,0.67,30.6,66,Safe
2026-04-29 13:37:37 UTC,3,5,3.75,0.66,30.6,65.9,Safe
2026-04-29 13:37:47 UTC,2,4,3.82,0.67,30.6,65.8,Safe
2026-04-29 13:37:57 UTC,2,4,3.74,0.66,30.6,65.9,Safe
2026-04-29 13:38:07 UTC,2,3,3.82,0.67,30.6,65.8,Safe
2026-04-29 13:38:17 UTC,3,3,3.81,0.67,30.6,65.9,Safe
2026-04-29 13:38:27 UTC,5,5,3.75,0.66,30.6,65.9,Safe
2026-04-29 13:38:37 UTC,5,5,3.8,0.67,30.6,65.7,Safe
2026-04-29 13:38:47 UTC,3,3,3.74,0.66,30.6,65.9,Safe
2026-04-29 13:38:57 UTC,3,3,3.81,0.67,30.5,65.8,Safe
2026-04-29 13:39:07 UTC,4,4,3.74,0.66,30.5,65.9,Safe
2026-04-29 13:39:17 UTC,4,4,3.79,0.67,30.5,65.8,Safe
2026-04-29 13:39:27 UTC,4,4,3.75,0.66,30.5,65.9,Safe
2026-04-29 13:39:37 UTC,4,4,3.82,0.67,30.5,65.9,Safe
2026-04-29 13:39:47 UTC,4,4,3.75,0.66,30.5,65.9,Safe
2026-04-29 13:39:57 UTC,4,4,3.81,0.67,30.5,65.9,Safe
2026-04-29 13:40:07 UTC,3,4,3.73,0.66,30.5,65.9,Safe
2026-04-29 13:40:17 UTC,4,6,3.74,0.66,30.5,65.9,Safe
2026-04-29 13:40:27 UTC,4,6,3.81,0.67,30.5,65.9,Safe
2026-04-29 13:40:37 UTC,4,5,3.75,0.66,30.5,65.9,Safe
2026-04-29 13:40:47 UTC,4,5,3.8,0.67,30.5,66,Safe
2026-04-29 13:40:57 UTC,3,3,3.74,0.66,30.5,65.9,Safe
2026-04-29 13:41:07 UTC,4,5,3.82,0.67,30.5,65.9,Safe
2026-04-29 13:41:17 UTC,5,5,3.75,0.66,30.5,65.9,Safe
2026-04-29 13:41:27 UTC,4,5,3.8,0.67,30.5,65.9,Safe
2026-04-29 13:41:37 UTC,4,5,3.74,0.66,30.5,66,Safe
2026-04-29 13:41:47 UTC,5,5,3.8,0.67,30.5,65.9,Safe
2026-04-29 13:41:57 UTC,4,5,3.8,0.67,30.5,65.9,Safe
2026-04-29 13:42:07 UTC,5,5,3.75,0.66,30.5,66,Safe
2026-04-29 13:42:17 UTC,5,5,3.81,0.67,30.5,66.1,Safe
2026-04-29 13:42:27 UTC,5,6,3.75,0.66,30.5,66.2,Safe
2026-04-29 13:42:37 UTC,5,6,3.82,0.67,30.6,66.3,Safe
2026-04-29 13:42:47 UTC,5,7,3.74,0.66,30.5,66.3,Safe
2026-04-29 13:42:57 UTC,4,6,3.82,0.67,30.5,66.3,Safe
2026-04-29 13:43:07 UTC,4,9,3.75,0.66,30.5,66.3,Safe
2026-04-29 13:43:17 UTC,4,10,3.81,0.67,30.5,66.4,Safe
2026-04-29 13:43:27 UTC,4,7,3.82,0.67,30.5,66.4,Safe
2026-04-29 13:43:37 UTC,5,7,3.82,0.67,30.5,66.4,Safe
2026-04-29 13:43:47 UTC,6,9,3.82,0.67,30.6,66.4,Safe
2026-04-29 13:43:57 UTC,7,7,3.71,0.66,30.5,66.4,Safe
2026-04-29 13:44:07 UTC,6,6,3.82,0.67,30.5,66.5,Safe
2026-04-29 13:44:17 UTC,7,7,3.75,0.66,30.6,66.6,Safe
2026-04-29 13:44:27 UTC,6,7,3.8,0.67,30.6,66.8,Safe
2026-04-29 13:44:37 UTC,6,9,3.75,0.66,30.6,66.7,Safe
2026-04-29 13:44:47 UTC,6,9,3.81,0.67,30.6,66.8,Safe
2026-04-29 13:44:57 UTC,6,6,3.75,0.66,30.6,66.8,Safe
2026-04-29 13:45:07 UTC,4,6,3.81,0.67,30.6,66.8,Safe
2026-04-29 13:45:17 UTC,6,9,3.73,0.66,30.6,66.9,Safe
2026-04-29 13:45:27 UTC,6,7,3.82,0.67,30.6,66.9,Safe
2026-04-29 13:45:37 UTC,4,6,3.81,0.67,30.6,66.9,Safe
2026-04-29 13:45:47 UTC,6,7,3.75,0.66,30.6,67,Safe
2026-04-29 13:45:57 UTC,5,9,3.83,0.67,30.6,67,Safe
2026-04-29 13:46:07 UTC,5,6,3.75,0.66,30.6,67,Safe
2026-04-29 13:46:17 UTC,5,5,3.81,0.67,30.6,67,Safe
2026-04-29 13:46:27 UTC,5,6,3.75,0.66,30.6,67,Safe
2026-04-29 13:46:37 UTC,5,6,3.83,0.67,30.6,67,Safe
2026-04-29 13:46:47 UTC,6,7,3.75,0.66,30.6,67,Safe
2026-04-29 13:46:57 UTC,7,7,3.83,0.67,30.6,67,Safe
2026-04-29 13:47:07 UTC,6,6,3.82,0.67,30.6,67,Safe
2026-04-29 13:47:17 UTC,6,7,3.75,0.66,30.6,66.9,Safe
2026-04-29 13:47:27 UTC,4,7,3.82,0.67,30.6,66.9,Safe
2026-04-29 13:47:37 UTC,5,7,3.75,0.66,30.6,66.9,Safe
2026-04-29 13:47:47 UTC,6,6,3.81,0.67,30.6,66.9,Safe
2026-04-29 13:47:57 UTC,5,6,3.72,0.66,30.6,66.8,Safe
2026-04-29 13:48:07 UTC,6,8,3.82,0.67,30.6,66.8,Safe
2026-04-29 13:48:17 UTC,7,11,3.75,0.66,30.6,66.8,Safe
2026-04-29 13:48:27 UTC,6,12,3.82,0.67,30.6,66.8,Safe
2026-04-29 13:48:37 UTC,7,13,3.73,0.66,30.6,66.8,Safe
2026-04-29 13:48:47 UTC,8,11,3.83,0.67,30.6,66.8,Safe
2026-04-29 13:48:57 UTC,7,10,3.75,0.66,30.6,66.7,Safe
2026-04-29 13:49:07 UTC,7,12,3.76,0.67,30.6,66.7,Safe
2026-04-29 13:49:17 UTC,10,13,3.83,0.67,30.6,66.8,Safe
2026-04-29 13:49:27 UTC,7,9,3.75,0.66,30.6,66.7,Safe
2026-04-29 13:49:37 UTC,8,10,3.82,0.68,30.6,66.7,Safe
2026-04-29 13:49:47 UTC,6,8,3.75,0.66,30.6,66.7,Safe
2026-04-29 13:49:57 UTC,6,10,3.8,0.67,30.6,66.7,Safe
2026-04-29 13:50:07 UTC,7,8,3.76,0.66,30.6,66.7,Safe
2026-04-29 13:50:17 UTC,7,7,3.84,0.67,30.6,66.7,Safe
2026-04-29 13:50:27 UTC,6,9,3.75,0.67,30.6,66.7,Safe
2026-04-29 13:50:37 UTC,5,7,3.84,0.67,30.6,66.8,Safe
2026-04-29 13:50:47 UTC,8,10,3.83,0.68,30.6,66.9,Safe
2026-04-29 13:50:57 UTC,6,7,3.77,0.67,30.6,66.9,Safe
2026-04-29 13:51:07 UTC,5,6,3.84,0.68,30.6,66.9,Safe
2026-04-29 13:51:17 UTC,6,9,3.76,0.67,30.6,66.9,Safe
2026-04-29 13:51:27 UTC,7,10,3.82,0.67,30.6,67,Safe
2026-04-29 13:51:37 UTC,7,8,3.75,0.66,30.6,67,Safe
2026-04-29 13:51:47 UTC,6,6,3.83,0.67,30.6,67,Safe
2026-04-29 13:51:57 UTC,7,8,3.76,0.67,30.6,67,Safe
2026-04-29 13:52:07 UTC,5,6,3.84,0.68,30.6,66.9,Safe
2026-04-29 13:52:17 UTC,4,6,3.85,0.68,30.6,66.9,Safe
2026-04-29 13:52:27 UTC,5,6,3.83,0.68,30.6,66.9,Safe
2026-04-29 13:52:37 UTC,5,6,3.76,0.67,30.6,66.8,Safe
2026-04-29 13:52:47 UTC,7,7,3.77,0.67,30.6,66.8,Safe
2026-04-29 13:52:57 UTC,7,9,3.84,0.68,30.6,66.8,Safe
2026-04-29 13:53:07 UTC,7,8,3.77,0.67,30.6,66.7,Safe
2026-04-29 13:53:17 UTC,4,6,3.84,0.68,30.7,66.7,Safe
2026-04-29 13:53:27 UTC,7,9,3.77,0.67,30.6,66.8,Safe
2026-04-29 13:53:37 UTC,6,7,3.81,0.67,30.7,66.8,Safe
2026-04-29 13:53:47 UTC,6,8,3.76,0.67,30.7,66.8,Safe
2026-04-29 13:53:57 UTC,5,6,3.83,0.68,30.6,66.8,Safe
2026-04-29 13:54:07 UTC,5,6,3.75,0.67,30.6,66.7,Safe
2026-04-29 13:54:17 UTC,5,6,3.84,0.68,30.7,66.7,Safe
2026-04-29 13:54:27 UTC,4,6,3.8,0.67,30.6,66.7,Safe
2026-04-29 13:54:37 UTC,6,7,3.76,0.67,30.6,66.7,Safe
2026-04-29 13:54:47 UTC,6,11,3.82,0.68,30.6,66.7,Safe
2026-04-29 13:54:57 UTC,5,10,3.77,0.67,30.6,66.6,Safe
2026-04-29 13:55:07 UTC,5,10,3.84,0.68,30.6,66.5,Safe
2026-04-29 13:55:17 UTC,6,9,3.76,0.67,30.7,66.4,Safe
2026-04-29 13:55:27 UTC,6,11,3.84,0.68,30.6,66.3,Safe
2026-04-29 13:55:37 UTC,8,11,3.75,0.67,30.6,66.3,Safe
2026-04-29 13:55:47 UTC,7,12,3.83,0.68,30.7,66.3,Safe
2026-04-29 13:55:57 UTC,7,11,3.84,0.68,30.7,66.3,Safe
2026-04-29 13:56:07 UTC,7,10,3.84,0.68,30.7,66.2,Safe
2026-04-29 13:56:17 UTC,6,6,3.84,0.68,30.6,66.2,Safe
2026-04-29 13:56:27 UTC,7,7,3.75,0.67,30.6,66.1,Safe
2026-04-29 13:56:37 UTC,6,7,3.84,0.68,30.7,66.1,Safe
2026-04-29 13:56:47 UTC,6,7,3.73,0.66,30.6,66.1,Safe
2026-04-29 13:56:57 UTC,6,6,3.84,0.68,30.7,66,Safe
2026-04-29 13:57:07 UTC,6,7,3.75,0.67,30.6,66.1,Safe
2026-04-29 13:57:17 UTC,6,6,3.83,0.67,30.7,66,Safe
2026-04-29 13:57:27 UTC,6,6,3.75,0.67,30.6,66,Safe
2026-04-29 13:57:37 UTC,5,7,3.82,0.68,30.6,66,Safe
2026-04-29 13:57:47 UTC,7,8,3.75,0.67,30.6,65.9,Safe
2026-04-29 13:57:57 UTC,8,11,3.81,0.68,30.6,66,Safe
2026-04-29 13:58:07 UTC,7,9,3.84,0.68,30.7,65.9,Safe
2026-04-29 13:58:17 UTC,9,9,3.75,0.66,30.6,65.9,Safe
2026-04-29 13:58:27 UTC,6,6,3.84,0.67,30.6,65.9,Safe
2026-04-29 13:58:37 UTC,7,8,3.76,0.67,30.7,65.8,Safe
2026-04-29 13:58:47 UTC,6,7,3.84,0.68,30.7,65.8,Safe
2026-04-29 13:58:57 UTC,5,7,3.75,0.66,30.7,65.8,Safe
2026-04-29 13:59:07 UTC,7,11,3.82,0.68,30.7,65.8,Safe
2026-04-29 13:59:17 UTC,8,11,3.75,0.66,30.7,65.8,Safe
2026-04-29 13:59:27 UTC,7,8,3.84,0.68,30.7,65.7,Safe
2026-04-29 13:59:37 UTC,7,8,3.8,0.67,30.7,65.7,Safe
2026-04-29 13:59:47 UTC,7,10,3.83,0.68,30.7,65.7,Safe
2026-04-29 13:59:57 UTC,11,11,3.83,0.67,30.7,65.6,Safe
2026-04-29 14:00:07 UTC,10,10,3.76,0.67,30.6,65.7,Safe
2026-04-29 14:00:17 UTC,8,8,3.84,0.68,30.7,65.7,Safe
2026-04-29 14:00:27 UTC,7,11,3.76,0.67,30.7,65.7,Safe
2026-04-29 14:00:37 UTC,7,10,3.84,0.67,30.7,65.6,Safe
2026-04-29 14:00:47 UTC,7,11,3.78,0.67,30.7,65.6,Safe
2026-04-29 14:00:57 UTC,8,10,3.81,0.67,30.7,65.6,Safe
2026-04-29 14:01:07 UTC,8,8,3.75,0.66,30.7,65.5,Safe
2026-04-29 14:01:17 UTC,8,10,3.84,0.68,30.7,65.5,Safe
2026-04-29 14:01:27 UTC,10,11,3.75,0.67,30.7,65.5,Safe
2026-04-29 14:01:37 UTC,10,11,3.84,0.68,30.7,65.5,Safe
2026-04-29 14:01:47 UTC,8,12,3.81,0.67,30.7,65.4,Safe
2026-04-29 14:01:57 UTC,9,11,3.76,0.67,30.7,65.4,Safe
2026-04-29 14:02:07 UTC,7,8,3.83,0.67,30.7,65.4,Safe
2026-04-29 14:02:17 UTC,8,8,3.78,0.67,30.7,65.5,Safe
2026-04-29 14:02:27 UTC,6,6,3.84,0.68,30.7,65.4,Safe
2026-04-29 14:02:37 UTC,9,10,3.76,0.67,30.7,65.4,Safe
2026-04-29 14:02:47 UTC,8,9,3.83,0.68,30.7,65.3,Safe
2026-04-29 14:02:57 UTC,8,8,3.75,0.67,30.7,65.3,Safe
2026-04-29 14:03:07 UTC,7,8,3.84,0.67,30.7,65.2,Safe
2026-04-29 14:03:17 UTC,6,7,3.83,0.67,30.7,65.2,Safe
2026-04-29 14:03:27 UTC,5,10,3.83,0.67,30.7,65.2,Safe
2026-04-29 14:03:37 UTC,6,9,3.84,0.67,30.7,65.4,Safe
2026-04-29 14:03:47 UTC,6,8,3.8,0.67,30.7,65.4,Safe
2026-04-29 14:03:57 UTC,7,8,3.82,0.67,30.7,65.3,Safe
2026-04-29 14:04:07 UTC,6,7,3.76,0.67,30.7,65.3,Safe
2026-04-29 14:04:17 UTC,6,7,3.81,0.67,30.7,65.4,Safe
2026-04-29 14:04:27 UTC,7,8,3.76,0.67,30.7,65.4,Safe
2026-04-29 14:04:37 UTC,7,8,3.83,0.67,30.7,65.4,Safe
2026-04-29 14:04:47 UTC,7,7,3.75,0.66,30.7,65.4,Safe
2026-04-29 14:04:57 UTC,7,7,3.83,0.67,30.7,65.4,Safe
2026-04-29 14:05:07 UTC,7,8,3.76,0.67,30.7,65.4,Safe
2026-04-29 14:05:17 UTC,8,11,3.81,0.67,30.7,65.3,Safe
2026-04-29 14:05:27 UTC,6,11,3.84,0.68,30.7,65.3,Safe
2026-04-29 14:05:37 UTC,6,11,3.75,0.66,30.7,65.3,Safe
2026-04-29 14:05:47 UTC,7,10,3.83,0.67,30.7,65.4,Safe
2026-04-29 14:05:57 UTC,9,9,3.76,0.66,30.8,65.5,Safe
2026-04-29 14:06:07 UTC,7,10,3.83,0.68,30.7,65.4,Safe
2026-04-29 14:06:17 UTC,8,10,3.75,0.66,30.7,65.4,Safe
2026-04-29 14:06:27 UTC,10,12,3.84,0.67,30.7,65.4,Safe
2026-04-29 14:06:37 UTC,7,10,3.76,0.66,30.8,65.4,Safe
2026-04-29 14:06:47 UTC,7,10,3.82,0.67,30.8,65.4,Safe
2026-04-29 14:06:57 UTC,6,7,3.84,0.67,30.8,65.4,Safe
2026-04-29 14:07:07 UTC,6,6,3.76,0.66,30.8,65.4,Safe
2026-04-29 14:07:17 UTC,6,6,3.82,0.67,30.8,65.4,Safe
2026-04-29 14:07:27 UTC,6,6,3.76,0.67,30.8,65.4,Safe
2026-04-29 14:07:37 UTC,6,7,3.84,0.67,30.8,65.4,Safe
2026-04-29 14:07:47 UTC,6,6,3.73,0.66,30.8,65.3,Safe
2026-04-29 14:07:57 UTC,5,6,3.84,0.67,30.8,65.3,Safe
2026-04-29 14:08:07 UTC,5,7,3.76,0.67,30.8,65.3,Safe
2026-04-29 14:08:17 UTC,6,7,3.8,0.67,30.8,65.4,Safe
2026-04-29 14:08:27 UTC,6,7,3.76,0.66,30.8,65.4,Safe
2026-04-29 14:08:37 UTC,6,8,3.82,0.67,30.9,65.4,Safe
2026-04-29 14:08:47 UTC,7,11,3.73,0.66,30.8,65.4,Safe
2026-04-29 14:08:57 UTC,8,11,3.84,0.67,30.8,65.4,Safe
2026-04-29 14:09:07 UTC,10,11,3.84,0.67,30.8,65.3,Safe
2026-04-29 14:09:17 UTC,10,11,3.73,0.66,30.8,65.3,Safe
2026-04-29 14:09:27 UTC,7,7,3.82,0.67,30.8,65.3,Safe
2026-04-29 14:09:37 UTC,6,7,3.76,0.67,30.9,65.3,Safe
2026-04-29 14:09:47 UTC,7,8,3.84,0.67,30.9,65.4,Safe
2026-04-29 14:09:57 UTC,6,6,3.76,0.66,30.8,65.3,Safe
2026-04-29 14:10:07 UTC,7,7,3.83,0.68,30.9,65.3,Safe
2026-04-29 14:10:17 UTC,7,7,3.76,0.67,30.9,65.3,Safe
2026-04-29 14:10:27 UTC,7,7,3.84,0.68,30.8,65.3,Safe
2026-04-29 14:10:37 UTC,6,7,3.83,0.67,30.9,65.4,Safe
2026-04-29 14:10:47 UTC,7,7,3.82,0.67,30.8,65.4,Safe
2026-04-29 14:10:57 UTC,7,10,3.82,0.68,30.8,65.5,Safe
2026-04-29 14:11:07 UTC,6,7,3.75,0.67,30.8,65.5,Safe
2026-04-29 14:11:17 UTC,6,9,3.84,0.68,30.8,65.5,Safe
2026-04-29 14:11:27 UTC,6,9,3.75,0.67,30.8,65.4,Safe
2026-04-29 14:11:37 UTC,6,7,3.83,0.67,30.8,65.6,Safe
2026-04-29 14:11:47 UTC,6,7,3.74,0.66,30.8,65.6,Safe
2026-04-29 14:11:57 UTC,7,8,3.83,0.67,30.8,65.6,Safe
2026-04-29 14:12:07 UTC,8,10,3.75,0.66,30.8,65.7,Safe
2026-04-29 14:12:17 UTC,9,9,3.78,0.67,30.8,65.7,Safe
2026-04-29 14:12:27 UTC,7,8,3.75,0.66,30.8,65.7,Safe
2026-04-29 14:12:37 UTC,7,8,3.77,0.67,30.8,65.7,Safe
2026-04-29 14:12:47 UTC,7,9,3.84,0.68,30.8,65.8,Safe
2026-04-29 14:12:57 UTC,7,11,3.77,0.67,30.9,65.8,Safe
2026-04-29 14:13:07 UTC,8,11,3.82,0.67,30.8,65.7,Safe
2026-04-29 14:13:17 UTC,6,11,3.76,0.67,30.9,65.6,Safe
2026-04-29 14:13:27 UTC,8,10,3.82,0.67,30.9,65.6,Safe
2026-04-29 14:13:37 UTC,7,7,3.75,0.66,30.9,65.5,Safe
2026-04-29 14:13:47 UTC,7,7,3.84,0.68,30.9,65.5,Safe
2026-04-29 14:13:57 UTC,7,10,3.76,0.67,30.9,65.5,Safe
2026-04-29 14:14:07 UTC,7,7,3.84,0.68,30.9,65.5,Safe
2026-04-29 14:14:17 UTC,8,8,3.83,0.68,30.9,65.4,Safe
2026-04-29 14:14:27 UTC,10,10,3.75,0.66,30.9,65.4,Safe
2026-04-29 14:14:37 UTC,8,8,3.81,0.67,30.9,65.5,Safe
2026-04-29 14:14:47 UTC,8,11,3.75,0.67,30.9,65.5,Safe
2026-04-29 14:14:57 UTC,8,12,3.87,0.68,30.9,65.5,Safe
2026-04-29 14:15:07 UTC,8,10,3.76,0.67,30.9,65.5,Safe
2026-04-29 14:15:17 UTC,9,11,3.84,0.67,30.9,65.4,Safe
2026-04-29 14:15:27 UTC,9,11,3.76,0.67,30.9,65.4,Safe
2026-04-29 14:15:37 UTC,8,8,3.84,0.68,30.9,65.4,Safe
2026-04-29 14:15:47 UTC,8,8,3.76,0.67,30.9,65.3,Safe
2026-04-29 14:15:57 UTC,8,10,3.83,0.67,30.9,65.3,Safe
2026-04-29 14:16:07 UTC,7,7,3.75,0.67,30.9,65.3,Safe
2026-04-29 14:16:17 UTC,7,8,3.75,0.67,30.9,65.3,Safe
2026-04-29 14:16:27 UTC,6,8,3.84,0.68,30.9,65.4,Safe
2026-04-29 14:16:37 UTC,7,12,3.77,0.67,30.9,65.4,Safe
2026-04-29 14:16:47 UTC,6,11,3.83,0.68,30.9,65.4,Safe
2026-04-29 14:16:57 UTC,5,8,3.77,0.66,30.9,65.4,Safe
2026-04-29 14:17:07 UTC,7,8,3.8,0.67,30.9,65.3,Safe
2026-04-29 14:17:17 UTC,7,8,3.75,0.67,30.9,65.4,Safe
2026-04-29 14:17:27 UTC,7,10,3.82,0.67,30.9,65.4,Safe
2026-04-29 14:17:37 UTC,7,12,3.76,0.67,30.9,65.4,Safe
2026-04-29 14:17:47 UTC,7,11,3.84,0.67,30.9,65.4,Safe
2026-04-29 14:17:57 UTC,8,10,3.83,0.68,30.9,65.4,Safe
2026-04-29 14:18:07 UTC,8,8,3.76,0.67,30.9,65.3,Safe
2026-04-29 14:18:17 UTC,11,11,3.83,0.68,30.9,65.3,Safe
2026-04-29 14:18:27 UTC,9,9,3.73,0.66,30.9,65.3,Safe
2026-04-29 14:18:37 UTC,8,8,3.83,0.67,30.9,65.4,Safe
2026-04-29 14:18:47 UTC,8,10,3.76,0.67,30.8,65.3,Safe
2026-04-29 14:18:57 UTC,8,8,3.82,0.67,30.8,65.3,Safe
2026-04-29 14:19:07 UTC,8,8,3.76,0.67,30.8,65.3,Safe
2026-04-29 14:19:17 UTC,8,10,3.82,0.67,30.8,65.4,Safe
2026-04-29 14:19:27 UTC,9,10,3.75,0.67,30.8,65.3,Safe
2026-04-29 14:19:37 UTC,7,11,3.82,0.68,30.8,65.4,Safe
2026-04-29 14:19:47 UTC,6,8,3.75,0.66,30.8,65.5,Safe
2026-04-29 14:19:57 UTC,7,8,3.75,0.67,30.8,65.5,Safe
2026-04-29 14:20:07 UTC,7,7,3.84,0.68,30.8,65.4,Safe
2026-04-29 14:20:17 UTC,7,8,3.75,0.67,30.8,65.5,Safe
2026-04-29 14:20:27 UTC,8,10,3.84,0.67,30.8,65.6,Safe
2026-04-29 14:20:37 UTC,8,8,3.75,0.66,30.8,65.5,Safe
2026-04-29 14:20:47 UTC,7,9,3.82,0.68,30.8,65.5,Safe
2026-04-29 14:20:57 UTC,8,11,3.76,0.67,30.8,65.5,Safe
2026-04-29 14:21:07 UTC,10,12,3.81,0.67,30.8,65.6,Safe
2026-04-29 14:21:17 UTC,8,11,3.74,0.66,30.8,65.5,Safe
2026-04-29 14:21:27 UTC,11,11,3.84,0.67,30.8,65.6,Safe
2026-04-29 14:21:37 UTC,10,11,3.81,0.67,30.8,65.6,Safe
2026-04-29 14:21:47 UTC,7,10,3.73,0.66,30.8,65.5,Safe
2026-04-29 14:21:57 UTC,8,11,3.83,0.68,30.8,65.5,Safe
2026-04-29 14:22:07 UTC,10,12,3.76,0.67,30.8,65.5,Safe
2026-04-29 14:22:17 UTC,11,13,3.82,0.67,30.8,65.5,Safe
2026-04-29 14:22:27 UTC,10,12,3.75,0.66,30.8,65.5,Safe
2026-04-29 14:22:37 UTC,8,10,3.81,0.67,30.8,65.5,Safe
2026-04-29 14:22:47 UTC,10,10,3.73,0.66,30.8,65.5,Safe
2026-04-29 14:22:57 UTC,10,10,3.81,0.67,30.7,65.4,Safe
2026-04-29 14:23:07 UTC,10,11,3.83,0.67,30.7,65.5,Safe
2026-04-29 14:23:17 UTC,10,12,3.84,0.67,30.8,65.5,Safe
2026-04-29 14:23:27 UTC,10,13,3.76,0.66,30.7,65.5,Safe
2026-04-29 14:23:37 UTC,11,14,3.72,0.66,30.8,65.5,Safe
2026-04-29 14:23:47 UTC,12,15,3.83,0.67,30.8,65.6,Safe
2026-04-29 14:23:57 UTC,12,15,3.76,0.66,30.8,65.6,Safe
2026-04-29 14:24:07 UTC,10,14,3.82,0.67,30.8,65.6,Safe
2026-04-29 14:24:17 UTC,8,12,3.75,0.67,30.8,65.6,Safe
2026-04-29 14:24:27 UTC,8,11,3.84,0.67,30.8,65.6,Safe
2026-04-29 14:24:37 UTC,10,11,3.74,0.66,30.8,65.6,Safe
2026-04-29 14:24:47 UTC,11,11,3.82,0.67,30.8,65.6,Safe
2026-04-29 14:24:57 UTC,11,13,3.76,0.67,30.8,65.6,Safe
2026-04-29 14:25:07 UTC,12,13,3.83,0.67,30.8,65.6,Safe
2026-04-29 14:25:17 UTC,12,13,3.83,0.67,30.8,65.6,Safe
2026-04-29 14:25:27 UTC,12,12,3.76,0.67,30.8,65.6,Safe
2026-04-29 14:25:37 UTC,14,14,3.82,0.67,30.8,65.7,Safe
2026-04-29 14:25:47 UTC,15,17,3.75,0.67,30.8,65.7,Safe
2026-04-29 14:25:57 UTC,19,22,3.82,0.67,30.8,65.6,Safe
2026-04-29 14:26:07 UTC,20,21,3.75,0.66,30.8,65.7,Safe
2026-04-29 14:26:17 UTC,25,26,3.8,0.67,30.8,65.7,Safe
2026-04-29 14:26:27 UTC,28,28,3.73,0.66,30.8,65.7,Safe
2026-04-29 14:26:37 UTC,32,34,3.82,0.67,30.8,65.7,Safe
2026-04-29 14:26:47 UTC,33,37,3.83,0.68,30.8,65.7,Safe
2026-04-29 14:26:57 UTC,35,40,3.84,0.68,30.8,65.8,Safe
2026-04-29 14:27:07 UTC,36,43,3.81,0.67,30.8,65.6,Safe
2026-04-29 14:27:17 UTC,36,46,3.74,0.66,30.8,65.6,Safe
2026-04-29 14:27:27 UTC,36,46,3.84,0.67,30.8,65.7,Safe
2026-04-29 14:27:37 UTC,40,50,3.75,0.67,30.8,65.6,Safe
2026-04-29 14:27:47 UTC,42,54,3.82,0.67,30.8,65.6,Safe
2026-04-29 14:27:57 UTC,45,57,3.76,0.67,30.8,65.5,Safe
2026-04-29 14:28:07 UTC,46,60,3.83,0.67,30.8,65.5,Safe
2026-04-29 14:28:17 UTC,49,63,3.75,0.67,30.8,65.5,Safe
2026-04-29 14:28:27 UTC,49,64,3.8,0.67,30.8,65.5,Safe
2026-04-29 14:28:37 UTC,49,64,3.73,0.66,30.8,65.6,Safe
2026-04-29 14:28:47 UTC,50,63,3.84,0.67,30.8,65.4,Safe
2026-04-29 14:28:57 UTC,52,64,3.83,0.67,30.8,65.4,Caution
2026-04-29 14:29:07 UTC,53,67,3.76,0.66,30.8,65.4,Caution
2026-04-29 14:29:17 UTC,53,67,3.83,0.68,30.8,65.4,Caution
2026-04-29 14:29:27 UTC,52,68,3.75,0.66,30.8,65.3,Caution
2026-04-29 14:29:37 UTC,52,67,3.8,0.67,30.8,65.3,Caution
2026-04-29 14:29:47 UTC,51,68,3.73,0.66,30.8,65.3,Caution
2026-04-29 14:29:57 UTC,50,67,3.83,0.68,30.8,65.3,Safe
2026-04-29 14:30:07 UTC,51,67,3.74,0.66,30.8,65.3,Caution
2026-04-29 14:30:17 UTC,51,66,3.83,0.68,30.8,65.3,Caution
2026-04-29 14:30:27 UTC,51,64,3.82,0.67,30.8,65.2,Caution
2026-04-29 14:30:37 UTC,49,63,3.83,0.67,30.8,65.3,Safe
2026-04-29 14:30:47 UTC,50,63,3.83,0.68,30.8,65.3,Safe
2026-04-29 14:30:57 UTC,50,63,3.75,0.67,30.8,65.4,Safe
2026-04-29 14:31:07 UTC,51,64,3.8,0.67,30.8,65.3,Caution
2026-04-29 14:31:17 UTC,50,63,3.73,0.66,30.8,65.4,Safe
2026-04-29 14:31:27 UTC,49,63,3.83,0.68,30.8,65.3,Safe
2026-04-29 14:31:37 UTC,51,66,3.75,0.67,30.8,65.4,Caution
2026-04-29 14:31:47 UTC,50,66,3.82,0.68,30.8,65.4,Safe
2026-04-29 14:31:57 UTC,50,64,3.75,0.66,30.8,65.4,Safe
2026-04-29 14:32:07 UTC,49,63,3.83,0.68,30.8,65.5,Safe
2026-04-29 14:32:17 UTC,47,60,3.75,0.67,30.8,65.4,Safe
2026-04-29 14:32:27 UTC,46,60,3.83,0.68,30.8,65.4,Safe
2026-04-29 14:32:37 UTC,46,59,3.81,0.67,30.8,65.5,Safe
2026-04-29 14:32:47 UTC,46,56,3.75,0.67,30.8,65.5,Safe
2026-04-29 14:32:57 UTC,46,57,3.84,0.67,30.8,65.4,Safe
2026-04-29 14:33:07 UTC,45,55,3.76,0.67,30.8,65.5,Safe
2026-04-29 14:33:17 UTC,44,57,3.83,0.67,30.8,65.4,Safe
2026-04-29 14:33:27 UTC,44,56,3.77,0.67,30.8,65.4,Safe
2026-04-29 14:33:37 UTC,43,56,3.81,0.67,30.8,65.4,Safe
2026-04-29 14:33:47 UTC,43,54,3.76,0.67,30.9,65.3,Safe
2026-04-29 14:33:57 UTC,44,55,3.84,0.68,30.9,65.3,Safe
2026-04-29 14:34:07 UTC,43,54,3.82,0.67,30.9,65.4,Safe
2026-04-29 14:34:17 UTC,42,55,3.8,0.67,30.9,65.2,Safe
2026-04-29 14:34:27 UTC,42,55,3.83,0.67,30.9,65.2,Safe
2026-04-29 14:34:37 UTC,43,54,3.76,0.67,30.9,65.1,Safe
2026-04-29 14:34:47 UTC,43,52,3.84,0.67,30.9,65.2,Safe
2026-04-29 14:34:57 UTC,43,51,3.75,0.67,30.9,65.1,Safe
2026-04-29 14:35:07 UTC,44,53,3.83,0.67,30.9,65.2,Safe
2026-04-29 14:35:17 UTC,44,54,3.76,0.66,30.9,65.2,Safe
2026-04-29 14:35:27 UTC,44,53,3.81,0.67,30.9,65.3,Safe
2026-04-29 14:35:37 UTC,44,56,3.75,0.67,30.9,65.3,Safe
2026-04-29 14:35:47 UTC,46,57,3.84,0.67,30.9,65.2,Safe
2026-04-29 14:35:57 UTC,47,59,3.76,0.67,30.9,65.3,Safe
2026-04-29 14:36:07 UTC,47,61,3.76,0.67,30.9,65.3,Safe
2026-04-29 14:36:17 UTC,47,62,3.84,0.67,31,65.2,Safe
2026-04-29 14:36:27 UTC,46,59,3.76,0.66,31,65.2,Safe
2026-04-29 14:36:37 UTC,47,61,3.84,0.67,31,65.1,Safe
2026-04-29 14:36:47 UTC,48,60,3.76,0.66,31,65,Safe
2026-04-29 14:36:57 UTC,48,61,3.84,0.67,31,65,Safe
2026-04-29 14:37:07 UTC,48,62,3.78,0.67,31,65,Safe
2026-04-29 14:37:17 UTC,47,59,3.84,0.67,31,65,Safe
2026-04-29 14:37:27 UTC,48,60,3.75,0.66,31,65,Safe
2026-04-29 14:37:37 UTC,49,61,3.84,0.67,31,65,Safe
2026-04-29 14:37:47 UTC,50,63,3.83,0.67,31,65,Safe
2026-04-29 14:37:57 UTC,50,62,3.76,0.67,31,65,Safe
2026-04-29 14:38:07 UTC,51,65,3.83,0.67,31,65.1,Caution
2026-04-29 14:38:17 UTC,53,68,3.76,0.66,31,65,Caution
2026-04-29 14:38:27 UTC,55,72,3.83,0.68,31,65,Caution
2026-04-29 14:38:37 UTC,56,74,3.76,0.67,31,65,Caution
2026-04-29 14:38:47 UTC,58,76,3.84,0.67,31,65.1,Caution
2026-04-29 14:38:57 UTC,60,77,3.76,0.67,31,65,Caution
2026-04-29 14:39:07 UTC,64,79,3.84,0.67,31,65.1,Caution
2026-04-29 14:39:17 UTC,68,83,3.84,0.67,31.1,65,Caution
2026-04-29 14:39:27 UTC,70,84,3.84,0.67,31.1,65,Caution
2026-04-29 14:39:37 UTC,68,82,3.76,0.66,31.1,65.1,Caution
2026-04-29 14:39:47 UTC,67,83,3.8,0.66,31.1,65,Caution
2026-04-29 14:39:57 UTC,70,84,3.81,0.67,31.1,65,Caution
2026-04-29 14:40:07 UTC,71,87,3.76,0.67,31.1,65,Caution
2026-04-29 14:40:17 UTC,71,85,3.81,0.67,31.1,65,Caution
2026-04-29 14:40:27 UTC,69,84,3.74,0.66,31.1,64.9,Caution
2026-04-29 14:40:37 UTC,66,82,3.81,0.67,31.1,65,Caution
2026-04-29 14:40:47 UTC,67,82,3.76,0.67,31.1,64.9,Caution
2026-04-29 14:40:57 UTC,66,83,3.82,0.67,31.1,65,Caution
2026-04-29 14:41:07 UTC,66,81,3.75,0.66,31.1,64.9,Caution
2026-04-29 14:41:17 UTC,68,84,3.84,0.68,31.1,64.8,Caution
2026-04-29 14:41:27 UTC,70,84,3.83,0.67,31.1,64.8,Caution
2026-04-29 14:41:37 UTC,69,85,3.75,0.66,31.1,64.7,Caution
2026-04-29 14:41:47 UTC,69,82,3.84,0.67,31.1,64.6,Caution
2026-04-29 14:41:57 UTC,70,83,3.76,0.67,31.1,64.6,Caution
2026-04-29 14:42:07 UTC,68,83,3.81,0.67,31.1,64.6,Caution
2026-04-29 14:42:17 UTC,67,83,3.76,0.67,31.1,64.6,Caution
2026-04-29 14:42:27 UTC,68,83,3.84,0.67,31.1,64.5,Caution
2026-04-29 14:42:37 UTC,68,83,3.74,0.66,31.1,64.6,Caution
2026-04-29 14:42:47 UTC,68,81,3.84,0.67,31.1,64.6,Caution
2026-04-29 14:42:57 UTC,64,80,3.81,0.67,31.1,64.7,Caution
2026-04-29 14:43:07 UTC,62,80,3.82,0.67,31.1,64.7,Caution
2026-04-29 14:43:17 UTC,60,77,3.83,0.68,31.1,64.7,Caution
2026-04-29 14:43:27 UTC,58,74,3.76,0.67,31.1,64.7,Caution
2026-04-29 14:43:37 UTC,58,75,3.83,0.67,31.1,64.7,Caution
2026-04-29 14:43:47 UTC,57,76,3.76,0.67,31.1,64.6,Caution
2026-04-29 14:43:57 UTC,57,74,3.82,0.67,31.1,64.6,Caution
2026-04-29 14:44:07 UTC,57,74,3.76,0.66,31.1,64.6,Caution
2026-04-29 14:44:17 UTC,55,70,3.83,0.67,31.1,64.6,Caution
2026-04-29 14:44:27 UTC,54,69,3.74,0.66,31.1,64.4,Caution
2026-04-29 14:44:37 UTC,54,70,3.84,0.67,31.1,64.4,Caution
2026-04-29 14:44:47 UTC,53,67,3.75,0.66,31.1,64.3,Caution
2026-04-29 14:44:57 UTC,52,68,3.84,0.67,31.1,64.4,Caution
2026-04-29 14:45:07 UTC,52,66,3.84,0.68,31,64.3,Caution
2026-04-29 14:45:17 UTC,52,67,3.76,0.67,31,64.3,Caution
2026-04-29 14:45:27 UTC,51,66,3.83,0.67,31.1,64.3,Caution
2026-04-29 14:45:37 UTC,50,67,3.78,0.67,31.1,64.3,Safe
2026-04-29 14:45:47 UTC,49,67,3.84,0.68,31,64.4,Safe
2026-04-29 14:45:57 UTC,49,64,3.75,0.67,31,64.3,Safe
2026-04-29 14:46:07 UTC,50,63,3.82,0.67,31.1,64.4,Safe
2026-04-29 14:46:17 UTC,49,62,3.73,0.66,31,64.4,Safe
2026-04-29 14:46:27 UTC,47,62,3.83,0.67,31.1,64.5,Safe
2026-04-29 14:46:37 UTC,47,62,3.84,0.67,31,64.5,Safe
2026-04-29 14:46:47 UTC,48,61,3.83,0.67,31.1,64.5,Safe
2026-04-29 14:46:57 UTC,47,63,3.81,0.67,31.1,64.6,Safe
2026-04-29 14:47:07 UTC,48,62,3.75,0.67,31.1,64.6,Safe
2026-04-29 14:47:17 UTC,47,60,3.8,0.67,31.1,64.7,Safe
2026-04-29 14:47:27 UTC,45,60,3.76,0.67,31.1,64.7,Safe
2026-04-29 14:47:37 UTC,45,61,3.83,0.67,31.1,64.7,Safe
2026-04-29 14:47:47 UTC,44,58,3.74,0.66,31.1,64.8,Safe
2026-04-29 14:47:57 UTC,44,58,3.84,0.67,31.1,64.7,Safe
2026-04-29 14:48:07 UTC,45,59,3.74,0.66,31.1,64.7,Safe
2026-04-29 14:48:17 UTC,46,59,3.8,0.67,31.1,64.7,Safe
2026-04-29 14:48:27 UTC,46,59,3.76,0.66,31.1,64.7,Safe
2026-04-29 14:48:37 UTC,48,59,3.8,0.67,31.1,64.7,Safe
2026-04-29 14:48:47 UTC,46,58,3.84,0.67,31.1,64.7,Safe
2026-04-29 14:48:57 UTC,46,58,3.75,0.67,31.1,64.6,Safe
2026-04-29 14:49:07 UTC,46,59,3.82,0.67,31.1,64.7,Safe
2026-04-29 14:49:17 UTC,46,58,3.76,0.67,31.1,64.6,Safe
2026-04-29 14:49:27 UTC,46,59,3.83,0.67,31.1,64.6,Safe
2026-04-29 14:49:37 UTC,44,57,3.73,0.66,31.1,64.6,Safe
2026-04-29 14:49:47 UTC,43,57,3.84,0.67,31.1,64.6,Safe
2026-04-29 14:49:57 UTC,44,56,3.76,0.66,31.1,64.7,Safe
2026-04-29 14:50:07 UTC,44,55,3.84,0.67,31.1,64.6,Safe
2026-04-29 14:50:17 UTC,43,54,3.84,0.67,31.1,64.7,Safe
2026-04-29 14:50:27 UTC,43,54,3.83,0.68,31.1,64.7,Safe
2026-04-29 14:50:37 UTC,44,56,3.81,0.67,31.1,64.8,Safe
2026-04-29 14:50:47 UTC,44,56,3.76,0.67,31.1,64.8,Safe
2026-04-29 14:50:57 UTC,46,60,3.84,0.67,31.1,64.7,Safe
2026-04-29 14:51:07 UTC,48,61,3.75,0.67,31.1,64.7,Safe
2026-04-29 14:51:17 UTC,48,61,3.83,0.67,31.2,64.7,Safe
2026-04-29 14:51:27 UTC,47,60,3.75,0.66,31.1,64.6,Safe
2026-04-29 14:51:37 UTC,47,62,3.83,0.67,31.1,64.5,Safe
2026-04-29 14:51:47 UTC,48,60,3.77,0.66,31.2,64.5,Safe
2026-04-29 14:51:57 UTC,48,62,3.81,0.67,31.2,64.4,Safe
2026-04-29 14:52:07 UTC,48,61,3.76,0.67,31.2,64.3,Safe
2026-04-29 14:52:17 UTC,47,58,3.76,0.67,31.2,64.3,Safe
2026-04-29 14:52:27 UTC,47,59,3.83,0.67,31.2,64.3,Safe
2026-04-29 14:52:37 UTC,46,58,3.75,0.66,31.2,64.3,Safe
2026-04-29 14:52:47 UTC,46,57,3.82,0.67,31.2,64.3,Safe
2026-04-29 14:52:57 UTC,46,59,3.75,0.66,31.1,64.2,Safe
2026-04-29 14:53:07 UTC,46,59,3.84,0.67,31.2,64.2,Safe
2026-04-29 14:53:17 UTC,46,58,3.75,0.67,31.2,64.2,Safe
2026-04-29 14:53:27 UTC,47,60,3.84,0.67,31.2,64.2,Safe
2026-04-29 14:53:37 UTC,45,60,3.76,0.66,31.2,64.1,Safe
2026-04-29 14:53:47 UTC,46,61,3.84,0.67,31.2,64.1,Safe
2026-04-29 14:53:57 UTC,45,59,3.84,0.68,31.2,64.1,Safe
2026-04-29 14:54:07 UTC,45,57,3.75,0.67,31.2,64.1,Safe
2026-04-29 14:54:17 UTC,44,56,3.84,0.67,31.2,64.2,Safe
2026-04-29 14:54:27 UTC,44,56,3.74,0.66,31.2,64.1,Safe
2026-04-29 14:54:37 UTC,44,55,3.83,0.67,31.2,64.1,Safe
2026-04-29 14:54:47 UTC,43,55,3.73,0.66,31.2,64.1,Safe
2026-04-29 14:54:57 UTC,43,56,3.84,0.67,31.2,64.1,Safe
2026-04-29 14:55:07 UTC,43,54,3.76,0.67,31.2,64.1,Safe
2026-04-29 14:55:17 UTC,44,54,3.83,0.67,31.2,64.1,Safe
2026-04-29 14:55:27 UTC,44,54,3.82,0.67,31.2,63.9,Safe
2026-04-29 14:55:37 UTC,43,53,3.83,0.67,31.2,63.9,Safe
2026-04-29 14:55:47 UTC,43,54,3.75,0.67,31.2,63.9,Safe
2026-04-29 14:55:57 UTC,42,54,3.75,0.66,31.2,63.9,Safe
2026-04-29 14:56:07 UTC,42,53,3.83,0.67,31.2,63.9,Safe
2026-04-29 14:56:17 UTC,43,54,3.74,0.66,31.2,63.9,Safe
2026-04-29 14:56:27 UTC,42,53,3.81,0.67,31.2,63.9,Safe
2026-04-29 14:56:37 UTC,43,54,3.76,0.66,31.2,63.7,Safe
2026-04-29 14:56:47 UTC,44,54,3.81,0.67,31.3,63.7,Safe
2026-04-29 14:56:57 UTC,45,55,3.75,0.66,31.2,63.7,Safe
2026-04-29 14:57:07 UTC,46,58,3.84,0.67,31.2,63.7,Safe
2026-04-29 14:57:17 UTC,47,57,3.76,0.66,31.2,63.6,Safe
2026-04-29 14:57:27 UTC,47,58,3.82,0.67,31.2,63.7,Safe
2026-04-29 14:57:37 UTC,47,58,3.84,0.67,31.2,63.7,Safe
2026-04-29 14:57:47 UTC,47,57,3.75,0.66,31.3,63.7,Safe
2026-04-29 14:57:57 UTC,46,57,3.84,0.67,31.3,63.7,Safe
2026-04-29 14:58:07 UTC,46,58,3.76,0.66,31.3,63.6,Safe
2026-04-29 14:58:17 UTC,46,57,3.8,0.67,31.2,63.7,Safe
2026-04-29 14:58:27 UTC,46,58,3.77,0.67,31.2,63.7,Safe
2026-04-29 14:58:37 UTC,45,56,3.84,0.68,31.3,63.7,Safe
2026-04-29 14:58:47 UTC,44,57,3.76,0.66,31.3,63.8,Safe
2026-04-29 14:58:57 UTC,46,58,3.84,0.67,31.2,63.8,Safe
2026-04-29 14:59:07 UTC,44,55,3.83,0.67,31.3,63.8,Safe
2026-04-29 14:59:17 UTC,44,55,3.8,0.67,31.3,63.7,Safe
2026-04-29 14:59:27 UTC,44,55,3.76,0.66,31.3,63.8,Safe
2026-04-29 14:59:37 UTC,44,55,3.75,0.66,31.3,63.8,Safe
2026-04-29 14:59:47 UTC,43,55,3.84,0.67,31.3,63.8,Safe
2026-04-29 14:59:57 UTC,42,56,3.75,0.66,31.3,63.8,Safe
2026-04-29 15:00:07 UTC,42,55,3.78,0.67,31.3,63.8,Safe
2026-04-29 15:00:17 UTC,42,54,3.76,0.66,31.3,63.8,Safe
2026-04-29 15:00:27 UTC,43,54,3.81,0.67,31.3,63.8,Safe
2026-04-29 15:00:37 UTC,42,54,3.8,0.66,31.3,63.7,Safe
2026-04-29 15:00:47 UTC,42,54,3.83,0.67,31.3,63.7,Safe
2026-04-29 15:00:57 UTC,44,54,3.75,0.66,31.3,63.7,Safe
2026-04-29 15:01:07 UTC,44,54,3.82,0.67,31.3,63.5,Safe
2026-04-29 15:01:17 UTC,43,55,3.81,0.67,31.3,63.4,Safe
2026-04-29 15:01:27 UTC,45,58,3.76,0.66,31.3,63.4,Safe
2026-04-29 15:01:37 UTC,43,54,3.84,0.67,31.3,63.5,Safe
2026-04-29 15:01:47 UTC,41,52,3.74,0.66,31.3,63.4,Safe
2026-04-29 15:01:57 UTC,43,52,3.83,0.68,31.3,63.4,Safe
2026-04-29 15:02:07 UTC,42,52,3.74,0.66,31.3,63.5,Safe
2026-04-29 15:02:17 UTC,42,51,3.82,0.67,31.3,63.6,Safe
2026-04-29 15:02:27 UTC,42,51,3.76,0.67,31.4,63.6,Safe
2026-04-29 15:02:37 UTC,42,51,3.84,0.67,31.4,63.7,Safe
2026-04-29 15:02:47 UTC,41,48,3.82,0.67,31.4,63.6,Safe
2026-04-29 15:02:57 UTC,41,50,3.83,0.67,31.3,63.5,Safe
2026-04-29 15:03:07 UTC,41,49,3.75,0.66,31.4,63.6,Safe
2026-04-29 15:03:17 UTC,39,48,3.75,0.66,31.3,63.5,Safe
2026-04-29 15:03:27 UTC,40,50,3.84,0.68,31.3,63.4,Safe
2026-04-29 15:03:37 UTC,38,47,3.75,0.66,31.4,63.4,Safe
2026-04-29 15:03:47 UTC,36,46,3.83,0.67,31.4,63.3,Safe
2026-04-29 15:03:57 UTC,36,46,3.75,0.66,31.3,63.1,Safe
2026-04-29 15:04:07 UTC,36,44,3.78,0.67,31.3,63.1,Safe
2026-04-29 15:04:17 UTC,37,42,3.75,0.66,31.3,63,Safe
2026-04-29 15:04:27 UTC,36,43,3.84,0.67,31.3,63.1,Safe
2026-04-29 15:04:37 UTC,35,42,3.74,0.66,31.3,63.2,Safe
2026-04-29 15:04:47 UTC,34,39,3.82,0.67,31.3,63.1,Safe
2026-04-29 15:04:57 UTC,34,39,3.82,0.67,31.3,63.2,Safe
2026-04-29 15:05:07 UTC,35,36,3.72,0.66,31.3,63.2,Safe
2026-04-29 15:05:17 UTC,35,37,3.83,0.67,31.3,63.3,Safe
2026-04-29 15:05:27 UTC,33,35,3.75,0.66,31.3,63.2,Safe
2026-04-29 15:05:37 UTC,33,37,3.79,0.67,31.3,63.2,Safe
2026-04-29 15:05:47 UTC,33,37,3.76,0.67,31.3,63.2,Safe
2026-04-29 15:05:57 UTC,33,36,3.8,0.67,31.3,63.2,Safe
2026-04-29 15:06:07 UTC,33,37,3.74,0.66,31.3,63.2,Safe
2026-04-29 15:06:17 UTC,32,36,3.84,0.67,31.2,63.1,Safe
2026-04-29 15:06:27 UTC,30,35,3.81,0.67,31.3,63.1,Safe
2026-04-29 15:06:37 UTC,33,37,3.82,0.67,31.3,63.1,Safe
2026-04-29 15:06:47 UTC,31,35,3.81,0.67,31.3,63.1,Safe
2026-04-29 15:06:57 UTC,30,34,3.76,0.66,31.3,63,Safe
2026-04-29 15:07:07 UTC,29,34,3.83,0.67,31.3,63,Safe
2026-04-29 15:07:17 UTC,28,33,3.75,0.67,31.3,62.9,Safe
2026-04-29 15:07:27 UTC,32,34,3.84,0.67,31.3,63,Safe
2026-04-29 15:07:37 UTC,30,32,3.75,0.66,31.3,63,Safe
2026-04-29 15:07:47 UTC,29,33,3.84,0.67,31.3,62.8,Safe
2026-04-29 15:07:57 UTC,29,30,3.74,0.66,31.3,62.8,Safe
2026-04-29 15:08:07 UTC,28,30,3.8,0.67,31.3,62.8,Safe
2026-04-29 15:08:17 UTC,29,32,3.73,0.66,31.3,62.6,Safe
2026-04-29 15:08:27 UTC,31,32,3.82,0.67,31.3,62.5,Safe
2026-04-29 15:08:37 UTC,29,32,3.84,0.67,31.3,62.5,Safe
2026-04-29 15:08:47 UTC,28,31,3.76,0.66,31.3,62.5,Safe
2026-04-29 15:08:57 UTC,27,30,3.83,0.67,31.3,62.5,Safe
2026-04-29 15:09:07 UTC,28,30,3.75,0.66,31.3,62.4,Safe
2026-04-29 15:09:17 UTC,27,32,3.83,0.67,31.3,62.4,Safe
2026-04-29 15:09:27 UTC,28,33,3.75,0.66,31.3,62.3,Safe
2026-04-29 15:09:37 UTC,27,32,3.83,0.67,31.3,62.4,Safe
2026-04-29 15:09:47 UTC,26,30,3.76,0.66,31.3,62.2,Safe
2026-04-29 15:09:57 UTC,26,27,3.83,0.67,31.3,62.2,Safe
2026-04-29 15:10:07 UTC,26,26,3.82,0.67,31.3,62.3,Safe
2026-04-29 15:10:17 UTC,26,28,3.82,0.67,31.3,62.3,Safe
2026-04-29 15:10:27 UTC,25,26,3.8,0.67,31.3,62.3,Safe
2026-04-29 15:10:37 UTC,24,25,3.76,0.66,31.3,62.4,Safe
2026-04-29 15:10:47 UTC,22,25,3.82,0.67,31.3,62.4,Safe
2026-04-29 15:10:57 UTC,22,27,3.76,0.66,31.3,62.4,Safe
2026-04-29 15:11:07 UTC,22,26,3.82,0.67,31.3,62.4,Safe
2026-04-29 15:11:17 UTC,23,26,3.71,0.66,31.3,62.4,Safe
2026-04-29 15:11:27 UTC,24,28,3.82,0.67,31.3,62.5,Safe
2026-04-29 15:11:37 UTC,23,27,3.75,0.66,31.3,62.4,Safe
2026-04-29 15:11:47 UTC,23,25,3.82,0.67,31.3,62.4,Safe
2026-04-29 15:11:57 UTC,22,25,3.75,0.66,31.3,62.4,Safe
2026-04-29 15:12:07 UTC,24,27,3.75,0.66,31.3,62.4,Safe
2026-04-29 15:12:17 UTC,25,27,3.8,0.67,31.2,62.4,Safe
2026-04-29 15:12:27 UTC,26,29,3.74,0.66,31.2,62.4,Safe
2026-04-29 15:12:37 UTC,25,26,3.82,0.67,31.2,62.5,Safe
2026-04-29 15:12:47 UTC,23,25,3.74,0.66,31.2,62.5,Safe
2026-04-29 15:12:57 UTC,23,24,3.84,0.67,31.2,62.5,Safe
2026-04-29 15:13:07 UTC,23,25,3.71,0.66,31.2,62.6,Safe
2026-04-29 15:13:17 UTC,24,25,3.82,0.67,31.2,62.6,Safe
2026-04-29 15:13:27 UTC,24,25,3.75,0.66,31.2,62.5,Safe
2026-04-29 15:13:37 UTC,25,26,3.81,0.67,31.2,62.6,Safe
2026-04-29 15:13:47 UTC,24,28,3.83,0.67,31.2,62.5,Safe
2026-04-29 15:13:57 UTC,23,27,3.72,0.66,31.2,62.5,Safe
2026-04-29 15:14:07 UTC,22,23,3.83,0.67,31.2,62.7,Safe
2026-04-29 15:14:17 UTC,21,24,3.75,0.66,31.2,62.5,Safe
2026-04-29 15:14:27 UTC,20,24,3.79,0.67,31.2,62.6,Safe
2026-04-29 15:14:37 UTC,23,24,3.75,0.66,31.2,62.5,Safe
2026-04-29 15:14:47 UTC,23,25,3.81,0.67,31.3,62.5,Safe
2026-04-29 15:14:57 UTC,23,24,3.75,0.66,31.3,62.5,Safe
2026-04-29 15:15:07 UTC,22,23,3.82,0.67,31.2,62.5,Safe
2026-04-29 15:15:17 UTC,22,23,3.83,0.67,31.3,62.4,Safe
2026-04-29 15:15:27 UTC,22,24,3.73,0.66,31.3,62.5,Safe
2026-04-29 15:15:37 UTC,23,25,3.82,0.67,31.3,62.3,Safe
2026-04-29 15:15:47 UTC,24,27,3.75,0.66,31.3,62.4,Safe
2026-04-29 15:15:57 UTC,25,30,3.82,0.67,31.3,62.3,Safe
2026-04-29 15:16:07 UTC,25,31,3.75,0.66,31.3,62.3,Safe
2026-04-29 15:16:17 UTC,25,30,3.83,0.67,31.3,62.4,Safe
2026-04-29 15:16:27 UTC,26,30,3.75,0.66,31.3,62.4,Safe
2026-04-29 15:16:37 UTC,25,27,3.83,0.67,31.3,62.3,Safe
2026-04-29 15:16:47 UTC,23,24,3.8,0.67,31.3,62.4,Safe
2026-04-29 15:16:57 UTC,23,25,3.84,0.67,31.3,62.3,Safe
2026-04-29 15:17:07 UTC,24,24,3.75,0.66,31.3,62.4,Safe
2026-04-29 15:17:17 UTC,25,26,3.75,0.66,31.3,62.3,Safe
2026-04-29 15:17:27 UTC,25,26,3.83,0.67,31.3,62.3,Safe
2026-04-29 15:17:37 UTC,29,31,3.75,0.66,31.4,62.4,Safe
2026-04-29 15:17:47 UTC,32,37,3.82,0.67,31.3,62.4,Safe
2026-04-29 15:17:57 UTC,35,41,3.75,0.66,31.3,62.4,Safe
2026-04-29 15:18:07 UTC,36,45,3.82,0.67,31.4,62.3,Safe
2026-04-29 15:18:17 UTC,38,46,3.73,0.66,31.4,62.3,Safe
2026-04-29 15:18:27 UTC,39,49,3.82,0.67,31.3,62.2,Safe
2026-04-29 15:18:37 UTC,42,52,3.75,0.66,31.3,62.2,Safe
2026-04-29 15:18:47 UTC,42,54,3.82,0.67,31.3,62.1,Safe
2026-04-29 15:18:57 UTC,42,54,3.82,0.67,31.3,62.1,Safe
2026-04-29 15:19:07 UTC,42,54,3.75,0.66,31.3,62.2,Safe
2026-04-29 15:19:17 UTC,42,53,3.79,0.67,31.3,62.2,Safe
2026-04-29 15:19:27 UTC,42,52,3.72,0.66,31.3,62.3,Safe
2026-04-29 15:19:37 UTC,42,50,3.81,0.67,31.3,62.3,Safe
2026-04-29 15:19:47 UTC,40,49,3.75,0.66,31.3,62.4,Safe
2026-04-29 15:19:57 UTC,41,52,3.82,0.67,31.2,62.5,Safe
2026-04-29 15:20:07 UTC,40,52,3.75,0.66,31.2,62.5,Safe
2026-04-29 15:20:17 UTC,41,53,3.8,0.67,31.3,62.5,Safe
2026-04-29 15:20:27 UTC,40,51,3.83,0.67,31.3,62.5,Safe
2026-04-29 15:20:37 UTC,45,60,3.82,0.67,31.3,62.4,Safe
2026-04-29 15:20:47 UTC,47,62,3.81,0.67,31.3,62.4,Safe
2026-04-29 15:20:57 UTC,48,64,3.75,0.66,31.2,62.4,Safe
2026-04-29 15:21:07 UTC,50,68,3.82,0.67,31.3,62.3,Safe
2026-04-29 15:21:17 UTC,53,70,3.75,0.66,31.3,62.3,Caution
2026-04-29 15:21:27 UTC,56,72,3.84,0.67,31.3,62.3,Caution
2026-04-29 15:21:37 UTC,56,74,3.75,0.66,31.3,62.4,Caution
2026-04-29 15:21:47 UTC,56,73,3.83,0.67,31.3,62.3,Caution
2026-04-29 15:21:57 UTC,57,76,3.72,0.66,31.3,62.4,Caution
2026-04-29 15:22:07 UTC,59,79,3.83,0.67,31.3,62.4,Caution
2026-04-29 15:22:17 UTC,59,77,3.76,0.66,31.3,62.5,Caution
2026-04-29 15:22:27 UTC,62,80,3.75,0.66,31.3,62.3,Caution
2026-04-29 15:22:37 UTC,65,82,3.83,0.67,31.4,62.4,Caution
2026-04-29 15:22:47 UTC,67,83,3.75,0.66,31.4,62.3,Caution
2026-04-29 15:22:57 UTC,67,82,3.83,0.67,31.4,62.3,Caution
2026-04-29 15:23:07 UTC,68,83,3.75,0.66,31.4,62.3,Caution
2026-04-29 15:23:17 UTC,69,82,3.82,0.67,31.4,62.3,Caution
2026-04-29 15:23:27 UTC,69,83,3.75,0.66,31.4,62.2,Caution
2026-04-29 15:23:37 UTC,71,83,3.82,0.67,31.4,62.2,Caution
2026-04-29 15:23:47 UTC,68,82,3.73,0.66,31.4,62.3,Caution
2026-04-29 15:23:57 UTC,67,83,3.84,0.67,31.4,62.3,Caution
2026-04-29 15:24:07 UTC,66,83,3.84,0.67,31.4,62.3,Caution
2026-04-29 15:24:17 UTC,62,81,3.75,0.66,31.4,62.3,Caution
2026-04-29 15:24:27 UTC,60,78,3.81,0.67,31.4,62.2,Caution
2026-04-29 15:24:37 UTC,57,74,3.75,0.66,31.4,62,Caution
2026-04-29 15:24:47 UTC,57,72,3.79,0.67,31.4,62,Caution
2026-04-29 15:24:57 UTC,55,70,3.73,0.66,31.4,62,Caution
2026-04-29 15:25:07 UTC,56,71,3.84,0.67,31.4,62,Caution
2026-04-29 15:25:17 UTC,52,67,3.73,0.66,31.4,62,Caution
2026-04-29 15:25:27 UTC,52,66,3.83,0.67,31.4,62,Caution
2026-04-29 15:25:37 UTC,51,64,3.83,0.67,31.4,61.9,Caution
2026-04-29 15:25:47 UTC,49,61,3.82,0.67,31.4,61.9,Safe
2026-04-29 15:25:57 UTC,47,60,3.75,0.66,31.4,61.9,Safe
2026-04-29 15:26:07 UTC,47,58,3.76,0.66,31.4,61.8,Safe
2026-04-29 15:26:17 UTC,47,60,3.8,0.67,31.4,61.9,Safe
2026-04-29 15:26:27 UTC,46,61,3.74,0.66,31.4,61.7,Safe
2026-04-29 15:26:37 UTC,44,59,3.83,0.67,31.4,61.7,Safe
2026-04-29 15:26:47 UTC,43,56,3.75,0.66,31.4,61.6,Safe
2026-04-29 15:26:57 UTC,44,54,3.82,0.67,31.4,61.6,Safe
2026-04-29 15:27:07 UTC,42,52,3.75,0.66,31.4,61.7,Safe
2026-04-29 15:27:17 UTC,41,51,3.83,0.67,31.4,61.8,Safe
2026-04-29 15:27:27 UTC,39,48,3.75,0.66,31.4,62,Safe
2026-04-29 15:27:37 UTC,39,46,3.8,0.67,31.4,61.8,Safe
2026-04-29 15:27:47 UTC,37,45,3.84,0.67,31.4,61.8,Safe
2026-04-29 15:27:57 UTC,38,46,3.75,0.66,31.4,61.8,Safe
2026-04-29 15:28:07 UTC,37,47,3.84,0.67,31.4,61.8,Safe
2026-04-29 15:28:17 UTC,36,48,3.73,0.66,31.4,61.9,Safe
2026-04-29 15:28:27 UTC,35,48,3.83,0.67,31.5,61.9,Safe
2026-04-29 15:28:37 UTC,35,44,3.77,0.67,31.5,62.1,Safe
2026-04-29 15:28:47 UTC,35,43,3.83,0.67,31.5,62.1,Safe
2026-04-29 15:28:57 UTC,34,42,3.75,0.66,31.4,62.2,Safe
2026-04-29 15:29:07 UTC,34,40,3.78,0.67,31.5,62.3,Safe
2026-04-29 15:29:17 UTC,34,40,3.81,0.67,31.4,62.2,Safe
2026-04-29 15:29:27 UTC,34,41,3.78,0.67,31.4,62.3,Safe
2026-04-29 15:29:37 UTC,33,41,3.81,0.67,31.5,62.4,Safe
2026-04-29 15:29:47 UTC,34,41,3.75,0.66,31.4,62.4,Safe
2026-04-29 15:29:57 UTC,34,38,3.81,0.67,31.4,62.4,Safe
2026-04-29 15:30:07 UTC,33,37,3.73,0.66,31.4,62.5,Safe
2026-04-29 15:30:17 UTC,33,38,3.78,0.67,31.4,62.7,Safe
2026-04-29 15:30:27 UTC,33,35,3.75,0.66,31.4,62.6,Safe
2026-04-29 15:30:37 UTC,32,34,3.78,0.67,31.4,62.6,Safe
2026-04-29 15:30:47 UTC,32,38,3.73,0.66,31.4,62.6,Safe
2026-04-29 15:30:57 UTC,33,37,3.8,0.67,31.4,62.6,Safe
2026-04-29 15:31:07 UTC,33,35,3.71,0.65,31.4,62.6,Safe
2026-04-29 15:31:17 UTC,32,34,3.8,0.67,31.4,62.6,Safe
2026-04-29 15:31:27 UTC,31,33,3.8,0.67,31.4,62.5,Safe
2026-04-29 15:31:37 UTC,28,31,3.74,0.66,31.4,62.5,Safe
2026-04-29 15:31:47 UTC,28,30,3.81,0.67,31.4,62.5,Safe
2026-04-29 15:31:57 UTC,29,31,3.75,0.66,31.4,62.4,Safe
2026-04-29 15:32:07 UTC,26,30,3.78,0.66,31.4,62.4,Safe
2026-04-29 15:32:17 UTC,26,32,3.75,0.66,31.4,62.4,Safe
2026-04-29 15:32:27 UTC,27,33,3.82,0.67,31.4,62.4,Safe
2026-04-29 15:32:37 UTC,26,31,3.73,0.66,31.4,62.3,Safe
2026-04-29 15:32:47 UTC,25,30,3.82,0.67,31.5,62.3,Safe
2026-04-29 15:32:57 UTC,25,30,3.79,0.67,31.5,62.3,Safe
2026-04-29 15:33:07 UTC,25,28,3.76,0.67,31.5,62.3,Safe
2026-04-29 15:33:17 UTC,25,30,3.82,0.67,31.5,62.3,Safe
2026-04-29 15:33:27 UTC,25,33,3.75,0.66,31.5,62.3,Safe
2026-04-29 15:33:37 UTC,24,32,3.77,0.67,31.5,62.2,Safe
2026-04-29 15:33:47 UTC,24,31,3.75,0.66,31.5,62.2,Safe
2026-04-29 15:33:57 UTC,24,29,3.8,0.67,31.5,62.2,Safe
2026-04-29 15:34:07 UTC,24,31,3.73,0.66,31.5,62.1,Safe
2026-04-29 15:34:17 UTC,25,29,3.84,0.67,31.5,62,Safe
2026-04-29 15:34:27 UTC,26,29,3.74,0.66,31.5,61.8,Safe
2026-04-29 15:34:37 UTC,26,31,3.82,0.67,31.5,61.8,Safe
2026-04-29 15:34:47 UTC,25,31,3.75,0.66,31.5,61.8,Safe
2026-04-29 15:34:57 UTC,25,29,3.82,0.67,31.5,61.8,Safe
2026-04-29 15:35:07 UTC,25,27,3.82,0.67,31.5,61.7,Safe
2026-04-29 15:35:17 UTC,24,27,3.75,0.66,31.6,61.7,Safe
2026-04-29 15:35:27 UTC,24,26,3.84,0.67,31.5,61.7,Safe
2026-04-29 15:35:37 UTC,24,26,3.75,0.66,31.5,61.6,Safe
2026-04-29 15:35:47 UTC,22,26,3.82,0.67,31.6,61.5,Safe
2026-04-29 15:35:57 UTC,22,25,3.75,0.66,31.5,61.4,Safe
2026-04-29 15:36:07 UTC,21,24,3.82,0.67,31.5,61.6,Safe
2026-04-29 15:36:17 UTC,20,24,3.73,0.66,31.5,61.3,Safe
2026-04-29 15:36:27 UTC,22,26,3.81,0.67,31.5,61.3,Safe
2026-04-29 15:36:37 UTC,23,25,3.82,0.67,31.5,61.3,Safe
2026-04-29 15:36:47 UTC,23,24,3.75,0.66,31.5,61.4,Safe
2026-04-29 15:36:57 UTC,22,22,3.83,0.67,31.6,61.4,Safe
2026-04-29 15:37:07 UTC,22,22,3.73,0.66,31.5,61.5,Safe
2026-04-29 15:37:17 UTC,21,22,3.8,0.67,31.5,61.4,Safe
2026-04-29 15:37:27 UTC,19,22,3.75,0.66,31.5,61.4,Safe
2026-04-29 15:37:37 UTC,19,22,3.82,0.67,31.5,61.4,Safe
2026-04-29 15:37:47 UTC,20,21,3.74,0.66,31.6,61.4,Safe
2026-04-29 15:37:57 UTC,19,21,3.83,0.67,31.5,61.3,Safe
2026-04-29 15:38:07 UTC,20,21,3.74,0.66,31.5,61.3,Safe
2026-04-29 15:38:17 UTC,19,22,3.79,0.67,31.5,61.3,Safe
2026-04-29 15:38:27 UTC,20,22,3.75,0.66,31.5,61.2,Safe
2026-04-29 15:38:37 UTC,21,22,3.75,0.66,31.5,61.3,Safe
2026-04-29 15:38:47 UTC,20,23,3.8,0.67,31.5,61.2,Safe
2026-04-29 15:38:57 UTC,21,23,3.75,0.66,31.6,61.2,Safe
2026-04-29 15:39:07 UTC,19,20,3.81,0.67,31.6,61.2,Safe
2026-04-29 15:39:17 UTC,19,21,3.75,0.66,31.6,61.1,Safe
2026-04-29 15:39:27 UTC,19,23,3.79,0.67,31.6,61.2,Safe
2026-04-29 15:39:37 UTC,19,23,3.75,0.66,31.6,61.2,Safe
2026-04-29 15:39:47 UTC,19,22,3.83,0.67,31.6,61.3,Safe
2026-04-29 15:39:57 UTC,19,23,3.75,0.66,31.5,61.1,Safe
2026-04-29 15:40:07 UTC,19,23,3.8,0.67,31.5,61.1,Safe
2026-04-29 15:40:17 UTC,17,20,3.82,0.67,31.6,61.2,Safe
2026-04-29 15:40:27 UTC,17,21,3.75,0.66,31.5,61.1,Safe
2026-04-29 15:40:37 UTC,17,20,3.82,0.67,31.6,61.2,Safe
2026-04-29 15:40:47 UTC,17,19,3.75,0.66,31.5,61.2,Safe
2026-04-29 15:40:57 UTC,19,21,3.82,0.67,31.5,61.2,Safe
2026-04-29 15:41:07 UTC,20,23,3.75,0.66,31.5,61.2,Safe
2026-04-29 15:41:17 UTC,21,23,3.81,0.67,31.5,61.2,Safe
2026-04-29 15:41:27 UTC,20,23,3.74,0.66,31.5,61.2,Safe
2026-04-29 15:41:37 UTC,21,24,3.84,0.67,31.5,61.2,Safe
2026-04-29 15:41:47 UTC,19,24,3.83,0.67,31.5,61.2,Safe
2026-04-29 15:41:57 UTC,21,23,3.8,0.67,31.5,61.3,Safe
2026-04-29 15:42:07 UTC,21,22,3.74,0.66,31.6,61.4,Safe
2026-04-29 15:42:17 UTC,20,21,3.75,0.66,31.6,61.5,Safe
2026-04-29 15:42:27 UTC,19,23,3.8,0.67,31.6,61.6,Safe
2026-04-29 15:42:37 UTC,21,22,3.75,0.66,31.6,61.7,Safe
2026-04-29 15:42:47 UTC,20,20,3.83,0.67,31.5,61.7,Safe
2026-04-29 15:42:57 UTC,20,22,3.75,0.66,31.5,61.7,Safe
2026-04-29 15:43:07 UTC,20,25,3.82,0.67,31.6,61.7,Safe
2026-04-29 15:43:17 UTC,19,24,3.75,0.66,31.5,61.8,Safe
2026-04-29 15:43:27 UTC,18,22,3.82,0.67,31.6,61.8,Safe
2026-04-29 15:43:37 UTC,18,22,3.75,0.66,31.5,61.8,Safe
2026-04-29 15:43:47 UTC,18,23,3.8,0.67,31.5,61.8,Safe
2026-04-29 15:43:57 UTC,19,24,3.84,0.67,31.5,61.8,Safe
2026-04-29 15:44:07 UTC,20,22,3.75,0.66,31.5,61.8,Safe
2026-04-29 15:44:17 UTC,19,23,3.81,0.67,31.5,61.8,Safe
2026-04-29 15:44:27 UTC,18,23,3.75,0.66,31.5,61.7,Safe
2026-04-29 15:44:37 UTC,19,23,3.8,0.67,31.5,61.7,Safe
2026-04-29 15:44:47 UTC,18,23,3.75,0.66,31.5,61.6,Safe
2026-04-29 15:44:57 UTC,16,23,3.82,0.67,31.5,61.6,Safe
2026-04-29 15:45:07 UTC,15,21,3.75,0.66,31.6,61.5,Safe
2026-04-29 15:45:17 UTC,14,19,3.82,0.67,31.5,61.6,Safe
2026-04-29 15:45:27 UTC,15,22,3.82,0.67,31.5,61.5,Safe
2026-04-29 15:45:37 UTC,16,22,3.82,0.67,31.6,61.5,Safe
2026-04-29 15:45:47 UTC,16,22,3.84,0.67,31.6,61.5,Safe
2026-04-29 15:45:57 UTC,15,22,3.75,0.66,31.6,61.4,Safe
2026-04-29 15:46:07 UTC,15,22,3.81,0.67,31.6,61.4,Safe
2026-04-29 15:46:17 UTC,16,22,3.75,0.66,31.6,61.4,Safe
2026-04-29 15:46:27 UTC,17,22,3.81,0.67,31.6,61.5,Safe
2026-04-29 15:46:37 UTC,17,22,3.75,0.66,31.6,61.2,Safe
2026-04-29 15:46:47 UTC,17,22,3.83,0.67,31.6,61.3,Safe
2026-04-29 15:46:57 UTC,15,18,3.75,0.66,31.6,61.3,Safe
2026-04-29 15:47:07 UTC,16,19,3.83,0.67,31.6,61.3,Safe
2026-04-29 15:47:17 UTC,18,20,3.75,0.66,31.6,61.3,Safe
2026-04-29 15:47:27 UTC,19,20,3.79,0.67,31.6,61.3,Safe
2026-04-29 15:47:37 UTC,21,24,3.8,0.67,31.6,61.3,Safe
2026-04-29 15:47:47 UTC,23,26,3.75,0.66,31.6,61.3,Safe
2026-04-29 15:47:57 UTC,24,28,3.82,0.67,31.6,61.3,Safe
2026-04-29 15:48:07 UTC,25,29,3.74,0.66,31.6,61.3,Safe
2026-04-29 15:48:17 UTC,26,29,3.79,0.67,31.6,61.2,Safe
2026-04-29 15:48:27 UTC,26,29,3.75,0.66,31.6,61.4,Safe
2026-04-29 15:48:37 UTC,26,29,3.83,0.67,31.6,61.5,Safe
2026-04-29 15:48:47 UTC,29,31,3.75,0.66,31.6,61.6,Safe
2026-04-29 15:48:57 UTC,34,37,3.82,0.67,31.6,61.6,Safe
2026-04-29 15:49:07 UTC,35,41,3.82,0.67,31.6,61.7,Safe
2026-04-29 15:49:17 UTC,35,42,3.82,0.67,31.6,61.7,Safe
2026-04-29 15:49:27 UTC,39,44,3.83,0.67,31.6,61.7,Safe
2026-04-29 15:49:37 UTC,38,45,3.75,0.66,31.6,61.7,Safe
2026-04-29 15:49:47 UTC,38,45,3.82,0.67,31.6,61.7,Safe
2026-04-29 15:49:57 UTC,39,48,3.74,0.66,31.6,61.8,Safe
2026-04-29 15:50:07 UTC,40,51,3.82,0.67,31.6,61.8,Safe
2026-04-29 15:50:17 UTC,41,52,3.73,0.66,31.6,61.8,Safe
2026-04-29 15:50:27 UTC,41,50,3.8,0.67,31.6,61.9,Safe
2026-04-29 15:50:37 UTC,41,51,3.74,0.66,31.6,61.8,Safe
2026-04-29 15:50:47 UTC,41,54,3.82,0.67,31.6,61.8,Safe
2026-04-29 15:50:57 UTC,43,54,3.75,0.66,31.6,61.7,Safe
2026-04-29 15:51:07 UTC,43,54,3.75,0.66,31.6,61.7,Safe
2026-04-29 15:51:17 UTC,42,54,3.82,0.67,31.6,61.7,Safe
2026-04-29 15:51:27 UTC,40,52,3.74,0.66,31.6,61.6,Safe
2026-04-29 15:51:37 UTC,39,50,3.8,0.67,31.6,61.7,Safe
2026-04-29 15:51:47 UTC,39,49,3.75,0.66,31.6,61.7,Safe
2026-04-29 15:51:57 UTC,39,49,3.82,0.67,31.6,61.8,Safe
2026-04-29 15:52:07 UTC,36,45,3.75,0.66,31.6,61.8,Safe
2026-04-29 15:52:17 UTC,35,42,3.8,0.67,31.6,61.8,Safe
2026-04-29 15:52:27 UTC,37,47,3.75,0.66,31.6,61.9,Safe
2026-04-29 15:52:37 UTC,39,49,3.8,0.67,31.6,61.9,Safe
2026-04-29 15:52:47 UTC,36,44,3.83,0.67,31.6,61.9,Safe
2026-04-29 15:52:57 UTC,38,46,3.75,0.66,31.6,61.9,Safe
2026-04-29 15:53:07 UTC,40,50,3.81,0.67,31.6,62,Safe
2026-04-29 15:53:17 UTC,39,49,3.75,0.66,31.6,61.9,Safe
2026-04-29 15:53:27 UTC,40,49,3.8,0.67,31.6,61.9,Safe
2026-04-29 15:53:37 UTC,40,48,3.75,0.66,31.6,61.9,Safe
2026-04-29 15:53:47 UTC,39,48,3.82,0.67,31.6,61.8,Safe
2026-04-29 15:53:57 UTC,39,49,3.75,0.66,31.6,61.8,Safe
2026-04-29 15:54:07 UTC,38,51,3.83,0.67,31.6,61.7,Safe
2026-04-29 15:54:17 UTC,39,49,3.84,0.67,31.6,61.8,Safe
2026-04-29 15:54:27 UTC,39,48,3.81,0.67,31.6,61.8,Safe
2026-04-29 15:54:37 UTC,39,49,3.82,0.67,31.6,61.7,Safe
2026-04-29 15:54:47 UTC,39,49,3.75,0.66,31.6,61.7,Safe
2026-04-29 15:54:57 UTC,39,48,3.83,0.67,31.6,61.7,Safe
2026-04-29 15:55:07 UTC,38,50,3.75,0.66,31.6,61.7,Safe
2026-04-29 15:55:17 UTC,37,48,3.81,0.67,31.6,61.7,Safe
2026-04-29 15:55:27 UTC,37,47,3.75,0.66,31.6,61.7,Safe
2026-04-29 15:55:37 UTC,36,44,3.82,0.67,31.6,61.7,Safe
2026-04-29 15:55:47 UTC,35,44,3.73,0.66,31.6,61.8,Safe
2026-04-29 15:55:57 UTC,35,42,3.8,0.67,31.6,61.8,Safe
2026-04-29 15:56:07 UTC,35,38,3.72,0.66,31.6,61.8,Safe
2026-04-29 15:56:17 UTC,35,37,3.82,0.67,31.6,61.9,Safe
2026-04-29 15:56:27 UTC,33,37,3.81,0.67,31.6,61.9,Safe
2026-04-29 15:56:37 UTC,34,39,3.75,0.66,31.6,62,Safe
2026-04-29 15:56:47 UTC,33,40,3.82,0.67,31.6,62,Safe
2026-04-29 15:56:57 UTC,33,38,3.71,0.65,31.5,62.1,Safe
2026-04-29 15:57:07 UTC,31,36,3.79,0.67,31.5,62.2,Safe
2026-04-29 15:57:17 UTC,28,32,3.71,0.66,31.5,61.2,Safe
2026-04-29 15:57:27 UTC,28,32,3.81,0.67,31.4,57,Safe
2026-04-29 15:57:37 UTC,24,29,3.74,0.66,31.4,55.5,Safe
2026-04-29 15:57:47 UTC,24,29,3.82,0.67,31.3,54.7,Safe
