Timestamp,PM2.5,PM10,Gas,CO,Temp,Hum,Status
2026-04-27 07:36:03 UTC,3,6,3.58,0.64,23.2,57.6,Safe
2026-04-27 07:36:13 UTC,4,5,3.63,0.64,23.2,58,Safe
2026-04-27 07:36:23 UTC,4,5,3.63,0.64,23.3,58.5,Safe
2026-04-27 07:36:33 UTC,4,4,3.58,0.64,23.3,58.7,Safe
2026-04-27 07:36:43 UTC,4,5,3.61,0.64,23.4,59,Safe
2026-04-27 07:36:53 UTC,5,5,3.58,0.64,23.4,59.4,Safe
2026-04-27 07:37:03 UTC,5,5,3.64,0.64,23.4,59.6,Safe
2026-04-27 07:37:13 UTC,5,5,3.58,0.64,23.4,59.9,Safe
2026-04-27 07:37:23 UTC,3,4,3.61,0.64,23.5,60.2,Safe
2026-04-27 07:37:33 UTC,3,3,3.58,0.64,23.5,60.5,Safe
2026-04-27 07:37:43 UTC,4,4,3.63,0.64,23.6,60.7,Safe
2026-04-27 07:37:53 UTC,5,6,3.62,0.64,23.6,61,Safe
2026-04-27 07:38:03 UTC,4,5,3.63,0.64,23.6,61.2,Safe
2026-04-27 07:38:13 UTC,5,5,3.58,0.64,23.6,61.4,Safe
2026-04-27 07:38:23 UTC,5,5,3.58,0.64,23.7,61.8,Safe
2026-04-27 07:38:33 UTC,3,3,3.63,0.64,23.7,61.8,Safe
2026-04-27 07:38:43 UTC,4,4,3.57,0.64,23.8,61.6,Safe
2026-04-27 07:38:53 UTC,4,4,3.63,0.64,23.8,61.2,Safe
2026-04-27 07:39:03 UTC,4,4,3.58,0.64,23.8,60.4,Safe
2026-04-27 07:39:13 UTC,5,5,3.62,0.64,23.8,59.6,Safe
2026-04-27 07:39:23 UTC,5,5,3.58,0.64,23.8,59.1,Safe
2026-04-27 07:39:33 UTC,5,5,3.6,0.64,23.8,58.3,Safe
2026-04-27 07:39:43 UTC,6,6,3.58,0.64,23.8,57.6,Safe
2026-04-27 07:39:53 UTC,6,6,3.63,0.64,23.8,57.1,Safe
2026-04-27 07:40:03 UTC,7,7,3.59,0.64,23.8,56.6,Safe
2026-04-27 07:40:13 UTC,5,7,3.58,0.64,23.8,56.1,Safe
2026-04-27 07:40:23 UTC,3,6,3.63,0.64,23.8,56,Safe
2026-04-27 07:40:33 UTC,5,7,3.58,0.64,23.7,55.8,Safe
2026-04-27 07:40:43 UTC,4,4,3.63,0.64,23.7,55.5,Safe
2026-04-27 07:40:53 UTC,4,4,3.54,0.63,23.7,55.4,Safe
2026-04-27 07:41:03 UTC,4,5,3.58,0.64,23.7,55.3,Safe
2026-04-27 07:41:13 UTC,4,4,3.58,0.64,23.7,55.3,Safe
2026-04-27 07:41:23 UTC,4,4,3.63,0.64,23.7,55.2,Safe
2026-04-27 07:41:33 UTC,3,4,3.56,0.64,23.7,55.2,Safe
2026-04-27 07:41:43 UTC,4,4,3.59,0.64,23.6,54.8,Safe
2026-04-27 07:41:53 UTC,4,4,3.56,0.64,23.6,54.7,Safe
2026-04-27 07:42:03 UTC,5,6,3.6,0.64,23.6,54.9,Safe
2026-04-27 07:42:13 UTC,4,6,3.6,0.64,23.6,55.5,Safe
2026-04-27 07:42:23 UTC,5,5,3.58,0.64,23.6,56.5,Safe
2026-04-27 07:42:33 UTC,5,5,3.59,0.64,23.6,57.9,Safe
2026-04-27 07:42:43 UTC,5,6,3.55,0.63,23.6,59.2,Safe
2026-04-27 07:42:53 UTC,5,5,3.63,0.64,23.6,59.9,Safe
2026-04-27 07:43:03 UTC,5,7,3.58,0.64,23.6,61,Safe
2026-04-27 07:43:13 UTC,6,7,3.62,0.64,23.6,61.9,Safe
2026-04-27 07:43:23 UTC,5,7,3.54,0.63,23.6,62.4,Safe
2026-04-27 07:43:33 UTC,6,10,3.62,0.64,23.6,62.7,Safe
2026-04-27 07:43:43 UTC,6,7,3.6,0.64,23.6,62.5,Safe
2026-04-27 07:43:53 UTC,6,6,3.61,0.64,23.6,62.1,Safe
2026-04-27 07:44:03 UTC,5,6,3.56,0.64,23.6,61.3,Safe
2026-04-27 07:44:13 UTC,6,7,3.58,0.64,23.6,60.7,Safe
2026-04-27 07:44:23 UTC,4,5,3.61,0.64,23.6,60,Safe
2026-04-27 07:44:33 UTC,5,5,3.57,0.64,23.6,59.5,Safe
2026-04-27 07:44:43 UTC,5,6,3.62,0.64,23.6,59.2,Safe
2026-04-27 07:44:53 UTC,6,8,3.56,0.63,23.5,58.9,Safe
2026-04-27 07:45:03 UTC,5,7,3.61,0.64,23.6,58.6,Safe
2026-04-27 07:45:13 UTC,4,6,3.56,0.64,23.6,58.4,Safe
2026-04-27 07:45:23 UTC,3,7,3.62,0.64,23.5,58,Safe
2026-04-27 07:45:33 UTC,5,7,3.58,0.64,23.5,57.6,Safe
2026-04-27 07:45:43 UTC,4,7,3.62,0.64,23.6,57.3,Safe
2026-04-27 07:45:53 UTC,6,7,3.62,0.64,23.5,56.9,Safe
2026-04-27 07:46:03 UTC,5,7,3.56,0.64,23.5,56.6,Safe
2026-04-27 07:46:13 UTC,3,4,3.58,0.64,23.5,56.1,Safe
2026-04-27 07:46:23 UTC,3,3,3.58,0.64,23.5,55.5,Safe
2026-04-27 07:46:33 UTC,5,5,3.63,0.64,23.5,55.1,Safe
2026-04-27 07:46:43 UTC,5,6,3.57,0.64,23.5,54.8,Safe
2026-04-27 07:46:53 UTC,4,5,3.63,0.65,23.5,55.1,Safe
2026-04-27 07:47:03 UTC,3,4,3.56,0.63,23.5,54.7,Safe
2026-04-27 07:47:13 UTC,4,5,3.64,0.65,23.4,54.6,Safe
2026-04-27 07:47:23 UTC,4,7,3.57,0.64,23.4,55.1,Safe
2026-04-27 07:47:33 UTC,3,6,3.62,0.64,23.4,56,Safe
2026-04-27 07:47:43 UTC,3,5,3.59,0.64,23.4,57.3,Safe
2026-04-27 07:47:53 UTC,4,5,3.62,0.64,23.4,58.5,Safe
2026-04-27 07:48:03 UTC,5,5,3.64,0.65,23.4,59.9,Safe
2026-04-27 07:48:13 UTC,5,5,3.58,0.64,23.4,60.9,Safe
2026-04-27 07:48:23 UTC,5,5,3.64,0.65,23.5,61.9,Safe
2026-04-27 07:48:33 UTC,5,6,3.59,0.64,23.4,62.8,Safe
2026-04-27 07:48:43 UTC,5,7,3.63,0.64,23.5,63.5,Safe
2026-04-27 07:48:53 UTC,4,6,3.59,0.64,23.5,63.6,Safe
2026-04-27 07:49:03 UTC,5,6,3.63,0.65,23.5,63.3,Safe
2026-04-27 07:49:13 UTC,3,5,3.58,0.64,23.5,62.9,Safe
2026-04-27 07:49:23 UTC,4,6,3.63,0.64,23.5,62.2,Safe
2026-04-27 07:49:33 UTC,5,7,3.62,0.64,23.5,61.5,Safe
2026-04-27 07:49:43 UTC,4,5,3.63,0.64,23.5,61,Safe
2026-04-27 07:49:53 UTC,4,5,3.56,0.64,23.5,60.5,Safe
2026-04-27 07:50:03 UTC,4,7,3.58,0.64,23.5,60.1,Safe
2026-04-27 07:50:13 UTC,3,6,3.62,0.65,23.4,59.7,Safe
2026-04-27 07:50:23 UTC,4,5,3.58,0.64,23.4,59.5,Safe
2026-04-27 07:50:33 UTC,5,5,3.63,0.64,23.4,59.2,Safe
2026-04-27 07:50:43 UTC,5,5,3.58,0.64,23.3,59.1,Safe
2026-04-27 07:50:53 UTC,5,5,3.63,0.64,23.3,59,Safe
2026-04-27 07:51:03 UTC,5,6,3.58,0.64,23.3,58.8,Safe
2026-04-27 07:51:13 UTC,7,7,3.63,0.64,23.3,58.8,Safe
2026-04-27 07:51:23 UTC,5,6,3.58,0.64,23.3,58.8,Safe
2026-04-27 07:51:33 UTC,11,14,3.63,0.65,23.3,58.8,Safe
2026-04-27 07:51:43 UTC,10,15,3.61,0.64,23.3,58.9,Safe
2026-04-27 07:51:53 UTC,9,12,3.61,0.64,23.3,58.6,Safe
2026-04-27 07:52:03 UTC,8,11,3.62,0.65,23.2,58.4,Safe
2026-04-27 07:52:13 UTC,6,7,3.58,0.64,23.2,58.2,Safe
2026-04-27 07:52:23 UTC,7,8,3.62,0.64,23.2,58,Safe
2026-04-27 07:52:33 UTC,12,13,3.58,0.64,23.2,57.7,Safe
2026-04-27 07:52:43 UTC,11,12,3.62,0.64,23.1,57.6,Safe
2026-04-27 07:52:53 UTC,9,10,3.57,0.64,23.1,57.7,Safe
2026-04-27 07:53:03 UTC,6,10,3.61,0.64,23.1,57.6,Safe
2026-04-27 07:53:13 UTC,6,8,3.57,0.64,23.1,57.7,Safe
2026-04-27 07:53:23 UTC,5,6,3.59,0.64,23,57.7,Safe
2026-04-27 07:53:33 UTC,5,7,3.54,0.63,23.1,57.8,Safe
2026-04-27 07:53:43 UTC,7,10,3.6,0.64,23,57.8,Safe
2026-04-27 07:53:53 UTC,5,8,3.62,0.64,23,57.7,Safe
2026-04-27 07:54:03 UTC,4,5,3.57,0.64,23,57.6,Safe
2026-04-27 07:54:13 UTC,5,6,3.63,0.64,23,57.5,Safe
2026-04-27 07:54:23 UTC,5,6,3.55,0.63,22.9,57.5,Safe
2026-04-27 07:54:33 UTC,6,7,3.63,0.64,22.9,57.6,Safe
2026-04-27 07:54:43 UTC,6,7,3.57,0.64,22.9,57.7,Safe
2026-04-27 07:54:53 UTC,5,6,3.59,0.64,22.9,57.7,Safe
2026-04-27 07:55:03 UTC,5,7,3.56,0.64,22.8,57.3,Safe
2026-04-27 07:55:13 UTC,6,8,3.63,0.64,22.8,56.9,Safe
2026-04-27 07:55:23 UTC,5,7,3.56,0.64,22.8,56.8,Safe
2026-04-27 07:55:33 UTC,7,8,3.61,0.64,22.7,56.5,Safe
2026-04-27 07:55:43 UTC,7,8,3.55,0.64,22.7,56.3,Safe
2026-04-27 07:55:53 UTC,6,8,3.57,0.64,22.7,56.3,Safe
2026-04-27 07:56:03 UTC,6,8,3.62,0.64,22.7,56.3,Safe
2026-04-27 07:56:13 UTC,6,8,3.56,0.64,22.6,56.2,Safe
2026-04-27 07:56:23 UTC,6,12,3.62,0.64,22.6,56.1,Safe
2026-04-27 07:56:33 UTC,7,13,3.58,0.63,22.5,56,Safe
2026-04-27 07:56:43 UTC,8,15,3.6,0.64,22.5,55.9,Safe
2026-04-27 07:56:53 UTC,9,17,3.56,0.64,22.5,55.7,Safe
2026-04-27 07:57:03 UTC,7,17,3.59,0.64,22.5,55.6,Safe
2026-04-27 07:57:13 UTC,6,14,3.56,0.63,22.4,55.5,Safe
2026-04-27 07:57:23 UTC,8,12,3.58,0.64,22.4,55.4,Safe
2026-04-27 07:57:33 UTC,7,13,3.61,0.64,22.4,55.6,Safe
2026-04-27 07:57:43 UTC,6,11,3.62,0.64,22.3,55.7,Safe
2026-04-27 07:57:53 UTC,5,7,3.61,0.64,22.3,55.8,Safe
2026-04-27 07:58:03 UTC,6,7,3.55,0.63,22.3,55.9,Safe
2026-04-27 07:58:13 UTC,6,8,3.61,0.64,22.2,56.1,Safe
2026-04-27 07:58:23 UTC,6,6,3.55,0.64,22.2,56.2,Safe
2026-04-27 07:58:33 UTC,6,6,3.62,0.64,22.2,56.3,Safe
2026-04-27 07:58:43 UTC,6,7,3.56,0.64,22.1,56.4,Safe
2026-04-27 07:58:53 UTC,6,8,3.61,0.64,22.1,56.4,Safe
2026-04-27 07:59:03 UTC,6,7,3.56,0.64,22.1,56.5,Safe
2026-04-27 07:59:13 UTC,6,11,3.62,0.64,22.1,56.6,Safe
2026-04-27 07:59:23 UTC,6,10,3.55,0.64,22.1,56.8,Safe
2026-04-27 07:59:33 UTC,6,9,3.61,0.64,22.1,56.9,Safe
2026-04-27 07:59:43 UTC,7,10,3.61,0.64,22.1,57.1,Safe
2026-04-27 07:59:53 UTC,7,10,3.55,0.64,22,57.3,Safe
2026-04-27 08:00:03 UTC,6,11,3.61,0.64,22,57.4,Safe
2026-04-27 08:00:13 UTC,6,9,3.56,0.64,22,57.4,Safe
2026-04-27 08:00:23 UTC,6,8,3.62,0.64,22,57.5,Safe
2026-04-27 08:00:33 UTC,6,7,3.56,0.63,21.9,57.5,Safe
2026-04-27 08:00:43 UTC,6,10,3.62,0.64,21.9,57.4,Safe
2026-04-27 08:00:53 UTC,6,10,3.56,0.64,21.9,57.4,Safe
2026-04-27 08:01:03 UTC,6,8,3.61,0.64,21.9,57.4,Safe
2026-04-27 08:01:13 UTC,6,8,3.57,0.64,21.9,57.3,Safe
2026-04-27 08:01:23 UTC,7,10,3.61,0.64,21.8,57.2,Safe
2026-04-27 08:01:33 UTC,7,9,3.56,0.64,21.8,57.1,Safe
2026-04-27 08:01:43 UTC,7,8,3.57,0.64,21.8,57.2,Safe
2026-04-27 08:01:53 UTC,7,8,3.62,0.64,21.7,57.3,Safe
2026-04-27 08:02:03 UTC,5,6,3.56,0.64,21.7,57.3,Safe
2026-04-27 08:02:13 UTC,6,7,3.6,0.64,21.7,57.3,Safe
2026-04-27 08:02:23 UTC,6,8,3.56,0.64,21.7,57.3,Safe
2026-04-27 08:02:33 UTC,6,7,3.62,0.64,21.7,57.3,Safe
2026-04-27 08:02:43 UTC,6,7,3.56,0.64,21.6,57.4,Safe
2026-04-27 08:02:53 UTC,6,7,3.61,0.64,21.6,57.6,Safe
2026-04-27 08:03:03 UTC,6,6,3.55,0.63,21.6,57.7,Safe
2026-04-27 08:03:13 UTC,7,8,3.6,0.64,21.6,57.8,Safe
2026-04-27 08:03:23 UTC,7,7,3.61,0.64,21.6,57.9,Safe
2026-04-27 08:03:33 UTC,7,7,3.6,0.64,21.6,57.8,Safe
2026-04-27 08:03:43 UTC,9,10,3.61,0.64,21.6,57.8,Safe
2026-04-27 08:03:53 UTC,9,9,3.57,0.64,21.6,57.8,Safe
2026-04-27 08:04:03 UTC,6,9,3.6,0.64,21.6,58,Safe
2026-04-27 08:04:13 UTC,21,30,3.58,0.64,21.6,58,Safe
2026-04-27 08:04:23 UTC,50,74,3.64,0.66,21.6,58,Safe
2026-04-27 08:04:33 UTC,56,82,3.6,0.65,21.5,58.1,Caution
2026-04-27 08:04:43 UTC,56,81,3.66,0.66,21.6,58.2,Caution
2026-04-27 08:04:53 UTC,53,75,3.58,0.65,21.5,58.2,Caution
2026-04-27 08:05:03 UTC,50,71,3.66,0.66,21.5,58.2,Safe
2026-04-27 08:05:13 UTC,45,64,3.61,0.65,21.5,58.1,Safe
2026-04-27 08:05:23 UTC,43,63,3.65,0.66,21.5,57.9,Safe
2026-04-27 08:05:33 UTC,42,59,3.63,0.66,21.5,57.8,Safe
2026-04-27 08:05:43 UTC,43,58,3.62,0.65,21.5,57.6,Safe
2026-04-27 08:05:53 UTC,43,59,3.66,0.66,21.5,57.3,Safe
2026-04-27 08:06:03 UTC,40,56,3.58,0.65,21.5,57.1,Safe
2026-04-27 08:06:13 UTC,40,59,3.67,0.66,21.5,57,Safe
2026-04-27 08:06:23 UTC,39,58,3.62,0.65,21.5,57.6,Safe
2026-04-27 08:06:33 UTC,40,63,3.66,0.66,21.5,58.4,Safe
2026-04-27 08:06:43 UTC,40,63,3.62,0.65,21.5,59.3,Safe
2026-04-27 08:06:53 UTC,40,60,3.68,0.66,21.6,60.3,Safe
2026-04-27 08:07:03 UTC,39,58,3.64,0.65,21.6,61.3,Safe
2026-04-27 08:07:13 UTC,39,57,3.68,0.66,21.6,61.9,Safe
2026-04-27 08:07:23 UTC,38,55,3.63,0.66,21.7,62.6,Safe
2026-04-27 08:07:33 UTC,38,56,3.66,0.66,21.7,63.6,Safe
2026-04-27 08:07:43 UTC,39,57,3.68,0.66,21.8,64.3,Safe
2026-04-27 08:07:53 UTC,38,53,3.63,0.66,21.8,65,Safe
2026-04-27 08:08:03 UTC,37,51,3.67,0.67,21.9,65.5,Safe
2026-04-27 08:08:13 UTC,37,51,3.64,0.66,21.9,65.9,Safe
2026-04-27 08:08:23 UTC,36,50,3.68,0.66,22,66.4,Safe
2026-04-27 08:08:33 UTC,35,46,3.64,0.66,22,66.9,Safe
2026-04-27 08:08:43 UTC,34,46,3.66,0.66,22,67.4,Safe
2026-04-27 08:08:53 UTC,34,44,3.64,0.65,22.1,67.9,Safe
2026-04-27 08:09:03 UTC,32,41,3.66,0.66,22.1,68.3,Safe
2026-04-27 08:09:13 UTC,28,37,3.63,0.65,22.1,68.5,Safe
2026-04-27 08:09:23 UTC,28,37,3.65,0.66,22.2,67.8,Safe
2026-04-27 08:09:33 UTC,27,35,3.62,0.65,22.2,66.9,Safe
2026-04-27 08:09:43 UTC,28,36,3.58,0.65,22.2,66,Safe
2026-04-27 08:09:53 UTC,27,36,3.66,0.66,22.2,65.2,Safe
2026-04-27 08:10:03 UTC,25,35,3.58,0.65,22.2,64.5,Safe
2026-04-27 08:10:13 UTC,24,35,3.67,0.66,22.2,63.8,Safe
2026-04-27 08:10:23 UTC,24,37,3.61,0.65,22.2,63.3,Safe
2026-04-27 08:10:33 UTC,24,33,3.66,0.66,22.2,63,Safe
2026-04-27 08:10:43 UTC,25,33,3.6,0.65,22.2,62.6,Safe
2026-04-27 08:10:53 UTC,26,36,3.67,0.66,22.2,62.3,Safe
2026-04-27 08:11:03 UTC,27,36,3.64,0.65,22.2,62,Safe
2026-04-27 08:11:13 UTC,26,34,3.66,0.66,23.9,77.8,Safe
2026-04-27 08:11:23 UTC,26,35,3.67,0.66,22.8,90.4,Safe
2026-04-27 08:11:33 UTC,27,31,3.66,0.66,22.3,94,Safe
2026-04-27 08:11:43 UTC,26,33,3.66,0.66,22.3,95.8,Safe
2026-04-27 08:11:53 UTC,24,33,3.63,0.65,22.3,88.3,Safe
2026-04-27 08:12:03 UTC,23,32,3.65,0.66,22.5,77.2,Safe
2026-04-27 08:12:13 UTC,22,31,3.58,0.65,22.5,70.6,Safe
2026-04-27 08:12:23 UTC,23,31,3.67,0.66,22.6,67,Safe
2026-04-27 08:12:33 UTC,22,29,3.62,0.65,22.6,65.3,Safe
2026-04-27 08:12:43 UTC,22,29,3.64,0.65,22.6,64.5,Safe
2026-04-27 08:12:53 UTC,21,27,3.63,0.65,22.7,64.3,Safe
2026-04-27 08:13:03 UTC,21,25,3.67,0.66,22.8,64.4,Safe
2026-04-27 08:13:13 UTC,22,30,3.59,0.65,22.8,64.6,Safe
2026-04-27 08:13:23 UTC,22,30,3.67,0.66,22.9,64.9,Safe
2026-04-27 08:13:33 UTC,21,26,3.68,0.66,23,65.4,Safe
2026-04-27 08:13:43 UTC,19,24,3.62,0.65,23,65.7,Safe
2026-04-27 08:13:53 UTC,18,24,3.67,0.66,23.1,66.1,Safe
2026-04-27 08:14:03 UTC,19,23,3.62,0.65,23.1,66.1,Safe
2026-04-27 08:14:13 UTC,21,24,3.66,0.66,23.2,65.6,Safe
2026-04-27 08:14:23 UTC,21,24,3.62,0.65,23.2,64.9,Safe
2026-04-27 08:14:33 UTC,21,23,3.67,0.66,23.2,64.1,Safe
2026-04-27 08:14:43 UTC,20,21,3.58,0.64,23.3,63.2,Safe
2026-04-27 08:14:53 UTC,18,19,3.66,0.66,23.3,62.5,Safe
2026-04-27 08:15:03 UTC,17,18,3.61,0.65,23.4,61.8,Safe
2026-04-27 08:15:13 UTC,15,21,3.66,0.66,23.3,61.2,Safe
2026-04-27 08:15:23 UTC,16,25,3.6,0.65,23.3,60.6,Safe
2026-04-27 08:15:33 UTC,15,23,3.63,0.65,23.3,60.3,Safe
2026-04-27 08:15:43 UTC,15,22,3.65,0.65,23.3,60,Safe
2026-04-27 08:15:53 UTC,16,22,3.61,0.65,23.3,59.6,Safe
2026-04-27 08:16:03 UTC,17,23,3.64,0.65,23.3,59.3,Safe
2026-04-27 08:16:13 UTC,17,21,3.6,0.65,23.3,59,Safe
2026-04-27 08:16:23 UTC,19,23,3.63,0.65,23.3,58.7,Safe
2026-04-27 08:16:33 UTC,18,23,3.6,0.65,23.3,58.2,Safe
2026-04-27 08:16:43 UTC,17,23,3.65,0.65,23.3,57.9,Safe
2026-04-27 08:16:53 UTC,17,23,3.58,0.64,23.3,57.7,Safe
2026-04-27 08:17:03 UTC,17,21,3.66,0.65,23.3,57.3,Safe
2026-04-27 08:17:13 UTC,16,22,3.6,0.65,23.2,57,Safe
2026-04-27 08:17:23 UTC,16,22,3.66,0.65,23.2,56.6,Safe
2026-04-27 08:17:33 UTC,16,23,3.57,0.64,23.2,56.4,Safe
2026-04-27 08:17:43 UTC,15,24,3.57,0.64,23.2,56.1,Safe
2026-04-27 08:17:53 UTC,16,25,3.65,0.65,23.2,56,Safe
2026-04-27 08:18:03 UTC,17,21,3.6,0.65,23.2,55.7,Safe
2026-04-27 08:18:13 UTC,15,20,3.64,0.65,23.1,55.4,Safe
2026-04-27 08:18:23 UTC,16,21,3.6,0.65,23.2,55.4,Safe
2026-04-27 08:18:33 UTC,15,21,3.64,0.65,23.1,55.8,Safe
2026-04-27 08:18:43 UTC,13,19,3.58,0.64,23.1,56.9,Safe
2026-04-27 08:18:53 UTC,14,19,3.65,0.65,23.1,58.3,Safe
2026-04-27 08:19:03 UTC,13,21,3.58,0.64,23.1,59.4,Safe
2026-04-27 08:19:13 UTC,12,19,3.66,0.65,23.1,60.9,Safe
2026-04-27 08:19:23 UTC,11,18,3.66,0.65,23.1,62.1,Safe
2026-04-27 08:19:33 UTC,12,19,3.65,0.65,23.1,63.1,Safe
2026-04-27 08:19:43 UTC,8,16,3.59,0.64,23.1,63.8,Safe
2026-04-27 08:19:53 UTC,9,17,3.6,0.65,23.1,64.4,Safe
2026-04-27 08:20:03 UTC,11,20,3.65,0.65,23.2,64.8,Safe
2026-04-27 08:20:13 UTC,8,17,3.6,0.64,23.2,65,Safe
2026-04-27 08:20:23 UTC,10,18,3.65,0.65,23.2,64.7,Safe
2026-04-27 08:20:33 UTC,12,19,3.6,0.65,23.3,64.1,Safe
2026-04-27 08:20:43 UTC,11,21,3.66,0.65,23.3,63.2,Safe
2026-04-27 08:20:53 UTC,9,16,3.58,0.64,23.3,62.2,Safe
2026-04-27 08:21:03 UTC,9,17,3.65,0.65,23.3,61.3,Safe
2026-04-27 08:21:13 UTC,11,19,3.58,0.64,23.3,60.5,Safe
2026-04-27 08:21:23 UTC,11,19,3.64,0.65,23.3,59.9,Safe
2026-04-27 08:21:33 UTC,9,18,3.65,0.65,23.3,59.3,Safe
2026-04-27 08:21:43 UTC,7,17,3.65,0.65,23.3,58.9,Safe
2026-04-27 08:21:53 UTC,8,13,3.65,0.65,23.2,58.4,Safe
2026-04-27 08:22:03 UTC,8,13,3.58,0.64,23.3,58.1,Safe
2026-04-27 08:22:13 UTC,8,13,3.65,0.65,23.2,57.7,Safe
2026-04-27 08:22:23 UTC,8,14,3.59,0.64,23.2,57.5,Safe
2026-04-27 08:22:33 UTC,7,13,3.65,0.65,23.2,57.7,Safe
2026-04-27 08:22:43 UTC,5,11,3.59,0.64,23.2,58.3,Safe
2026-04-27 08:22:53 UTC,6,8,3.64,0.65,23.3,59.2,Safe
2026-04-27 08:23:03 UTC,7,8,3.59,0.65,23.3,60,Safe
2026-04-27 08:23:13 UTC,8,10,3.64,0.65,23.3,61,Safe
2026-04-27 08:23:23 UTC,7,8,3.59,0.64,23.3,61.8,Safe
2026-04-27 08:23:33 UTC,7,7,3.66,0.65,23.4,62.6,Safe
2026-04-27 08:23:43 UTC,10,14,3.66,0.65,23.4,63.4,Safe
2026-04-27 08:23:53 UTC,6,11,3.58,0.64,23.4,64.1,Safe
2026-04-27 08:24:03 UTC,6,7,3.66,0.65,23.5,64.9,Safe
2026-04-27 08:24:13 UTC,7,8,3.6,0.65,23.5,65.5,Safe
2026-04-27 08:24:23 UTC,8,9,3.65,0.65,23.5,65.7,Safe
2026-04-27 08:24:33 UTC,6,8,3.58,0.64,23.5,65.4,Safe
2026-04-27 08:24:43 UTC,6,8,3.65,0.65,23.6,64.7,Safe
2026-04-27 08:24:53 UTC,6,10,3.59,0.64,23.6,63.8,Safe
2026-04-27 08:25:03 UTC,6,7,3.65,0.65,23.6,63.1,Safe
2026-04-27 08:25:13 UTC,7,8,3.58,0.64,23.6,62.2,Safe
2026-04-27 08:25:23 UTC,6,11,3.64,0.65,23.6,61.4,Safe
2026-04-27 08:25:33 UTC,6,11,3.59,0.64,23.6,60.7,Safe
2026-04-27 08:25:43 UTC,5,8,3.63,0.65,23.6,60.1,Safe
2026-04-27 08:25:53 UTC,6,9,3.63,0.65,23.6,59.5,Safe
2026-04-27 08:26:03 UTC,6,7,3.58,0.64,23.6,59,Safe
2026-04-27 08:26:13 UTC,6,6,3.6,0.65,23.5,58.7,Safe
2026-04-27 08:26:23 UTC,6,6,3.58,0.64,23.5,58.3,Safe
2026-04-27 08:26:33 UTC,6,7,3.64,0.65,23.5,58.1,Safe
2026-04-27 08:26:43 UTC,9,12,3.58,0.64,23.5,58,Safe
2026-04-27 08:26:53 UTC,8,13,3.63,0.65,23.5,58.1,Safe
2026-04-27 08:27:03 UTC,8,15,3.58,0.64,23.5,58,Safe
2026-04-27 08:27:13 UTC,9,14,3.62,0.64,23.5,58.1,Safe
2026-04-27 08:27:23 UTC,13,15,3.64,0.65,23.5,58.1,Safe
2026-04-27 08:27:33 UTC,13,17,3.63,0.65,23.5,58,Safe
2026-04-27 08:27:43 UTC,12,17,3.58,0.64,23.5,57.8,Safe
2026-04-27 08:27:53 UTC,12,17,3.55,0.64,23.5,57.7,Safe
2026-04-27 08:28:03 UTC,10,16,3.62,0.65,23.4,57.7,Safe
2026-04-27 08:28:13 UTC,11,15,3.58,0.64,23.4,57.6,Safe
2026-04-27 08:28:23 UTC,11,13,3.63,0.65,23.4,57.6,Safe
2026-04-27 08:28:33 UTC,10,14,3.58,0.64,23.4,57.4,Safe
2026-04-27 08:28:43 UTC,8,13,3.64,0.65,23.4,57.3,Safe
2026-04-27 08:28:53 UTC,7,9,3.58,0.64,23.4,57.5,Safe
2026-04-27 08:29:03 UTC,7,7,3.63,0.65,23.4,57.5,Safe
2026-04-27 08:29:13 UTC,6,6,3.58,0.64,23.4,57.5,Safe
2026-04-27 08:29:23 UTC,6,6,3.63,0.65,23.4,57.7,Safe
2026-04-27 08:29:33 UTC,7,7,3.62,0.64,23.4,57.7,Safe
2026-04-27 08:29:43 UTC,7,8,3.62,0.65,23.4,57.8,Safe
2026-04-27 08:29:53 UTC,8,12,3.6,0.64,23.4,57.9,Safe
2026-04-27 08:30:03 UTC,7,12,3.56,0.64,23.4,57.6,Safe
2026-04-27 08:30:13 UTC,6,8,3.63,0.65,23.4,57.5,Safe
2026-04-27 08:30:23 UTC,6,6,3.58,0.64,23.4,57.4,Safe
2026-04-27 08:30:33 UTC,7,8,3.6,0.64,23.4,57.3,Safe
2026-04-27 08:30:43 UTC,7,9,3.58,0.64,23.4,57.1,Safe
2026-04-27 08:30:53 UTC,7,12,3.64,0.65,23.4,56.9,Safe
2026-04-27 08:31:03 UTC,9,10,3.56,0.64,23.4,56.8,Safe
2026-04-27 08:31:13 UTC,7,7,3.63,0.65,23.3,56.7,Safe
2026-04-27 08:31:23 UTC,8,9,3.58,0.64,23.3,56.6,Safe
2026-04-27 08:31:33 UTC,7,9,3.61,0.64,23.2,56.4,Safe
2026-04-27 08:31:43 UTC,6,9,3.61,0.65,23.2,56.3,Safe
2026-04-27 08:31:53 UTC,5,9,3.58,0.64,23.2,56.2,Safe
2026-04-27 08:32:03 UTC,5,8,3.6,0.64,23.2,56.3,Safe
2026-04-27 08:32:13 UTC,5,6,3.54,0.63,23.2,56.4,Safe
2026-04-27 08:32:23 UTC,6,6,3.58,0.64,23.1,56.4,Safe
2026-04-27 08:32:33 UTC,6,7,3.58,0.64,23.2,56.4,Safe
2026-04-27 08:32:43 UTC,7,8,3.62,0.65,23.2,56.4,Safe
2026-04-27 08:32:53 UTC,6,9,3.57,0.64,23.1,56.4,Safe
2026-04-27 08:33:03 UTC,4,6,3.62,0.64,23.1,56.3,Safe
2026-04-27 08:33:13 UTC,6,7,3.57,0.64,23.1,56.2,Safe
2026-04-27 08:33:23 UTC,6,7,3.63,0.65,23.1,56.1,Safe
2026-04-27 08:33:33 UTC,6,7,3.56,0.64,23.1,56.1,Safe
2026-04-27 08:33:43 UTC,6,7,3.63,0.65,23.1,56.1,Safe
2026-04-27 08:33:53 UTC,6,8,3.62,0.65,23,56.1,Safe
2026-04-27 08:34:03 UTC,5,7,3.54,0.64,23,56.3,Safe
2026-04-27 08:34:13 UTC,6,7,3.62,0.64,23,56.3,Safe
2026-04-27 08:34:23 UTC,7,9,3.58,0.64,23,56.4,Safe
2026-04-27 08:34:33 UTC,7,7,3.58,0.64,23,56.4,Safe
2026-04-27 08:34:43 UTC,6,7,3.57,0.64,23,56.4,Safe
2026-04-27 08:34:53 UTC,6,7,3.63,0.65,23,56.4,Safe
2026-04-27 08:35:03 UTC,6,6,3.58,0.64,23,56.4,Safe
2026-04-27 08:35:13 UTC,5,6,3.63,0.65,22.9,56.3,Safe
2026-04-27 08:35:23 UTC,4,4,3.63,0.65,22.9,56.4,Safe
2026-04-27 08:35:33 UTC,3,3,3.62,0.64,22.9,56.5,Safe
2026-04-27 08:35:43 UTC,4,5,3.57,0.64,22.9,56.6,Safe
2026-04-27 08:35:53 UTC,5,7,3.57,0.64,22.9,56.7,Safe
2026-04-27 08:36:03 UTC,6,7,3.62,0.65,22.9,56.8,Safe
2026-04-27 08:36:13 UTC,7,7,3.57,0.64,22.9,56.7,Safe
2026-04-27 08:36:23 UTC,5,5,3.62,0.65,22.9,56.7,Safe
2026-04-27 08:36:33 UTC,5,5,3.54,0.63,22.9,56.7,Safe
2026-04-27 08:36:43 UTC,8,9,3.62,0.64,22.9,56.7,Safe
2026-04-27 08:36:53 UTC,6,7,3.57,0.64,22.9,56.7,Safe
2026-04-27 08:37:03 UTC,6,7,3.6,0.64,22.9,56.7,Safe
2026-04-27 08:37:13 UTC,6,8,3.56,0.64,22.9,56.7,Safe
2026-04-27 08:37:23 UTC,6,8,3.62,0.65,22.9,56.8,Safe
2026-04-27 08:37:33 UTC,6,11,3.63,0.64,22.8,56.8,Safe
2026-04-27 08:37:43 UTC,5,7,3.58,0.64,22.8,57,Safe
2026-04-27 08:37:53 UTC,4,5,3.63,0.65,22.8,57.1,Safe
2026-04-27 08:38:03 UTC,5,5,3.57,0.64,22.8,57.2,Safe
2026-04-27 08:38:13 UTC,5,6,3.61,0.64,22.8,57.5,Safe
2026-04-27 08:38:23 UTC,6,7,3.57,0.64,22.8,57.5,Safe
2026-04-27 08:38:33 UTC,6,7,3.62,0.65,22.8,57.4,Safe
2026-04-27 08:38:43 UTC,5,8,3.57,0.64,22.8,57.4,Safe
2026-04-27 08:38:53 UTC,6,6,3.61,0.64,22.9,57.2,Safe
2026-04-27 08:39:03 UTC,5,5,3.57,0.64,22.8,57,Safe
2026-04-27 08:39:13 UTC,5,6,3.61,0.64,22.9,56.9,Safe
2026-04-27 08:39:23 UTC,6,7,3.55,0.64,22.9,56.8,Safe
2026-04-27 08:39:33 UTC,5,6,3.59,0.64,22.9,56.8,Safe
2026-04-27 08:39:43 UTC,6,6,3.63,0.64,22.9,56.7,Safe
2026-04-27 08:39:53 UTC,5,5,3.54,0.63,22.9,56.6,Safe
2026-04-27 08:40:03 UTC,5,5,3.61,0.64,22.9,56.7,Safe
2026-04-27 08:40:13 UTC,4,4,3.55,0.64,22.9,56.5,Safe
2026-04-27 08:40:23 UTC,4,4,3.62,0.64,22.9,56.7,Safe
2026-04-27 08:40:33 UTC,3,4,3.56,0.64,22.9,56.8,Safe
2026-04-27 08:40:43 UTC,3,4,3.62,0.64,22.9,56.8,Safe
2026-04-27 08:40:53 UTC,4,4,3.57,0.64,22.9,56.9,Safe
2026-04-27 08:41:03 UTC,4,4,3.6,0.64,22.9,56.9,Safe
2026-04-27 08:41:13 UTC,3,4,3.57,0.64,22.9,56.7,Safe
2026-04-27 08:41:23 UTC,4,5,3.62,0.64,22.9,56.6,Safe
2026-04-27 08:41:33 UTC,4,4,3.56,0.64,22.9,56.5,Safe
2026-04-27 08:41:43 UTC,4,5,3.57,0.64,22.9,56.4,Safe
2026-04-27 08:41:53 UTC,5,6,3.62,0.64,22.9,56.3,Safe
2026-04-27 08:42:03 UTC,5,7,3.57,0.64,22.9,56.3,Safe
2026-04-27 08:42:13 UTC,5,6,3.62,0.64,22.9,56.2,Safe
2026-04-27 08:42:23 UTC,5,6,3.56,0.64,22.8,56.2,Safe
2026-04-27 08:42:33 UTC,4,6,3.61,0.64,22.9,56.1,Safe
2026-04-27 08:42:43 UTC,4,5,3.56,0.64,22.8,56,Safe
2026-04-27 08:42:53 UTC,4,5,3.61,0.65,22.8,55.9,Safe
2026-04-27 08:43:03 UTC,4,6,3.54,0.64,22.8,55.9,Safe
2026-04-27 08:43:13 UTC,3,6,3.59,0.64,22.8,56,Safe
2026-04-27 08:43:23 UTC,5,6,3.58,0.64,22.7,56.1,Safe
2026-04-27 08:43:33 UTC,6,6,3.61,0.64,22.7,56.3,Safe
2026-04-27 08:43:43 UTC,4,6,3.6,0.64,22.7,56.3,Safe
2026-04-27 08:43:53 UTC,4,4,3.56,0.64,22.7,56.4,Safe
2026-04-27 08:44:03 UTC,4,5,3.58,0.64,22.7,56.5,Safe
2026-04-27 08:44:13 UTC,4,5,3.58,0.64,22.6,56.5,Safe
2026-04-27 08:44:23 UTC,3,4,3.6,0.64,22.6,57,Safe
2026-04-27 08:44:33 UTC,5,5,3.58,0.64,22.6,58,Safe
2026-04-27 08:44:43 UTC,5,7,3.62,0.64,22.6,59.2,Safe
2026-04-27 08:44:53 UTC,4,7,3.57,0.64,22.6,60.5,Safe
2026-04-27 08:45:03 UTC,4,6,3.63,0.65,22.7,61.8,Safe
2026-04-27 08:45:13 UTC,5,6,3.56,0.64,22.7,63,Safe
2026-04-27 08:45:23 UTC,4,4,3.58,0.64,22.7,64.1,Safe
2026-04-27 08:45:33 UTC,5,6,3.61,0.65,22.8,65.1,Safe
2026-04-27 08:45:43 UTC,4,6,3.56,0.64,22.8,65.7,Safe
2026-04-27 08:45:53 UTC,4,7,3.63,0.64,22.9,66.2,Safe
2026-04-27 08:46:03 UTC,5,7,3.57,0.64,22.9,66,Safe
2026-04-27 08:46:13 UTC,6,8,3.63,0.65,23,65.4,Safe
2026-04-27 08:46:23 UTC,5,6,3.56,0.64,23,64.4,Safe
2026-04-27 08:46:33 UTC,4,4,3.61,0.64,23,63.4,Safe
2026-04-27 08:46:43 UTC,4,4,3.56,0.64,23,62.5,Safe
2026-04-27 08:46:53 UTC,4,4,3.61,0.64,23,61.7,Safe
2026-04-27 08:47:03 UTC,4,4,3.55,0.64,23,61.1,Safe
2026-04-27 08:47:13 UTC,5,5,3.61,0.65,23,60.5,Safe
2026-04-27 08:47:23 UTC,5,6,3.54,0.63,23,60.1,Safe
2026-04-27 08:47:33 UTC,4,6,3.61,0.64,23.1,59.7,Safe
2026-04-27 08:47:43 UTC,5,8,3.61,0.64,23.1,59.2,Safe
2026-04-27 08:47:53 UTC,4,7,3.57,0.64,23.1,58.7,Safe
2026-04-27 08:48:03 UTC,5,7,3.61,0.64,23.1,58.3,Safe
2026-04-27 08:48:13 UTC,5,6,3.57,0.64,23.1,57.8,Safe
2026-04-27 08:48:23 UTC,5,5,3.62,0.64,23.1,57.8,Safe
2026-04-27 08:48:33 UTC,5,7,3.56,0.64,23.1,58.3,Safe
2026-04-27 08:48:43 UTC,6,7,3.61,0.64,23.1,58.8,Safe
2026-04-27 08:48:53 UTC,5,6,3.57,0.64,23.1,59.7,Safe
2026-04-27 08:49:03 UTC,4,6,3.62,0.65,23.1,60.6,Safe
2026-04-27 08:49:13 UTC,4,6,3.58,0.64,23.1,61.4,Safe
2026-04-27 08:49:23 UTC,3,6,3.63,0.64,23.2,62,Safe
2026-04-27 08:49:33 UTC,4,6,3.62,0.65,23.2,62.5,Safe
2026-04-27 08:49:43 UTC,6,6,3.56,0.64,23.2,63.1,Safe
2026-04-27 08:49:53 UTC,4,6,3.63,0.64,23.2,63.5,Safe
2026-04-27 08:50:03 UTC,4,4,3.57,0.64,23.2,64,Safe
2026-04-27 08:50:13 UTC,4,5,3.62,0.65,23.3,64.3,Safe
2026-04-27 08:50:23 UTC,3,5,3.57,0.64,23.3,64.6,Safe
2026-04-27 08:50:33 UTC,4,4,3.63,0.65,23.4,65,Safe
2026-04-27 08:50:43 UTC,4,4,3.57,0.64,23.3,65.3,Safe
2026-04-27 08:50:53 UTC,3,3,3.62,0.65,23.4,65.6,Safe
2026-04-27 08:51:03 UTC,3,3,3.56,0.64,23.4,65.9,Safe
2026-04-27 08:51:13 UTC,4,5,3.61,0.64,23.4,65.9,Safe
2026-04-27 08:51:23 UTC,5,5,3.62,0.65,23.5,65.3,Safe
2026-04-27 08:51:33 UTC,5,5,3.55,0.64,23.5,64.4,Safe
2026-04-27 08:51:43 UTC,6,7,3.58,0.64,23.5,63.4,Safe
2026-04-27 08:51:53 UTC,5,5,3.56,0.64,23.5,62.5,Safe
2026-04-27 08:52:03 UTC,5,5,3.62,0.65,23.5,61.7,Safe
2026-04-27 08:52:13 UTC,5,6,3.55,0.64,23.5,61,Safe
2026-04-27 08:52:23 UTC,4,7,3.62,0.64,23.5,60.4,Safe
2026-04-27 08:52:33 UTC,4,6,3.58,0.64,23.5,59.9,Safe
2026-04-27 08:52:43 UTC,5,7,3.62,0.65,23.5,59.5,Safe
2026-04-27 08:52:53 UTC,4,5,3.55,0.64,23.5,59.2,Safe
2026-04-27 08:53:03 UTC,5,6,3.61,0.64,23.5,58.9,Safe
2026-04-27 08:53:13 UTC,4,6,3.54,0.63,23.5,58.7,Safe
2026-04-27 08:53:23 UTC,5,7,3.54,0.64,23.5,58.7,Safe
2026-04-27 08:53:33 UTC,5,7,3.62,0.64,23.5,58.4,Safe
2026-04-27 08:53:43 UTC,4,6,3.54,0.63,23.5,58.4,Safe
2026-04-27 08:53:53 UTC,4,5,3.58,0.64,23.5,58,Safe
2026-04-27 08:54:03 UTC,4,6,3.55,0.64,23.5,57.7,Safe
2026-04-27 08:54:13 UTC,4,6,3.6,0.64,23.5,57.6,Safe
2026-04-27 08:54:23 UTC,5,7,3.54,0.63,23.5,57.5,Safe
2026-04-27 08:54:33 UTC,5,7,3.63,0.65,23.5,57.5,Safe
2026-04-27 08:54:43 UTC,5,7,3.57,0.64,23.5,57.3,Safe
2026-04-27 08:54:53 UTC,5,6,3.62,0.65,23.5,57,Safe
2026-04-27 08:55:03 UTC,4,6,3.62,0.65,23.5,56.6,Safe
2026-04-27 08:55:13 UTC,4,5,3.61,0.64,23.5,56.2,Safe
2026-04-27 08:55:23 UTC,4,5,3.57,0.64,23.5,55.8,Safe
2026-04-27 08:55:33 UTC,5,6,3.57,0.64,23.4,55.7,Safe
2026-04-27 08:55:43 UTC,6,7,3.62,0.65,23.4,55.6,Safe
2026-04-27 08:55:53 UTC,5,6,3.54,0.64,23.4,56.3,Safe
2026-04-27 08:56:03 UTC,4,4,3.62,0.64,23.4,57,Safe
2026-04-27 08:56:13 UTC,4,5,3.55,0.64,23.4,57.9,Safe
2026-04-27 08:56:23 UTC,4,5,3.58,0.64,23.4,58.8,Safe
2026-04-27 08:56:33 UTC,5,6,3.56,0.64,23.4,59.6,Safe
2026-04-27 08:56:43 UTC,4,5,3.62,0.65,23.4,60.4,Safe
2026-04-27 08:56:53 UTC,3,4,3.58,0.64,23.5,61.3,Safe
2026-04-27 08:57:03 UTC,5,6,3.63,0.65,23.5,62,Safe
2026-04-27 08:57:13 UTC,4,7,3.63,0.65,23.5,62.8,Safe
2026-04-27 08:57:23 UTC,5,6,3.63,0.65,23.5,63.4,Safe
2026-04-27 08:57:33 UTC,4,4,3.61,0.65,23.5,63.9,Safe
2026-04-27 08:57:43 UTC,5,6,3.58,0.64,23.6,64.4,Safe
2026-04-27 08:57:53 UTC,4,6,3.62,0.65,23.6,64.7,Safe
2026-04-27 08:58:03 UTC,5,6,3.57,0.64,23.6,64.5,Safe
2026-04-27 08:58:13 UTC,5,6,3.63,0.65,23.6,64.1,Safe
2026-04-27 08:58:23 UTC,5,6,3.58,0.64,23.6,63.2,Safe
2026-04-27 08:58:33 UTC,6,8,3.62,0.64,23.6,62.5,Safe
2026-04-27 08:58:43 UTC,6,9,3.58,0.64,23.6,61.5,Safe
2026-04-27 08:58:53 UTC,4,7,3.61,0.64,23.5,60.7,Safe
2026-04-27 08:59:03 UTC,3,6,3.54,0.63,23.5,60,Safe
2026-04-27 08:59:13 UTC,4,7,3.63,0.64,23.5,59.2,Safe
2026-04-27 08:59:23 UTC,4,7,3.61,0.64,23.5,58.6,Safe
2026-04-27 08:59:33 UTC,4,6,3.56,0.64,23.4,58.2,Safe
2026-04-27 08:59:43 UTC,5,5,3.59,0.64,23.4,57.8,Safe
2026-04-27 08:59:53 UTC,5,7,3.56,0.64,23.4,57.5,Safe
2026-04-27 09:00:03 UTC,3,4,3.62,0.64,23.4,57.3,Safe
2026-04-27 09:00:13 UTC,4,4,3.56,0.64,23.3,57,Safe
2026-04-27 09:00:23 UTC,5,6,3.61,0.64,23.3,56.8,Safe
2026-04-27 09:00:33 UTC,5,6,3.58,0.64,23.3,57.1,Safe
2026-04-27 09:00:43 UTC,5,6,3.61,0.64,23.3,57.7,Safe
2026-04-27 09:00:53 UTC,4,6,3.58,0.64,23.3,58.5,Safe
2026-04-27 09:01:03 UTC,4,7,3.63,0.65,23.2,59.3,Safe
2026-04-27 09:01:13 UTC,4,7,3.55,0.64,23.2,60.1,Safe
2026-04-27 09:01:23 UTC,4,7,3.63,0.65,23.2,61,Safe
2026-04-27 09:01:33 UTC,5,7,3.63,0.65,23.2,61.8,Safe
2026-04-27 09:01:43 UTC,5,7,3.56,0.64,23.2,62.4,Safe
2026-04-27 09:01:53 UTC,4,7,3.63,0.64,23.3,63,Safe
2026-04-27 09:02:03 UTC,6,9,3.55,0.64,23.3,63.4,Safe
2026-04-27 09:02:13 UTC,5,6,3.62,0.65,23.3,63.8,Safe
2026-04-27 09:02:23 UTC,5,6,3.57,0.64,23.3,64.3,Safe
2026-04-27 09:02:33 UTC,5,7,3.63,0.65,23.4,64.6,Safe
2026-04-27 09:02:43 UTC,6,6,3.57,0.64,23.3,64.9,Safe
2026-04-27 09:02:53 UTC,6,6,3.63,0.64,23.4,64.4,Safe
2026-04-27 09:03:03 UTC,4,5,3.61,0.65,23.4,63.9,Safe
2026-04-27 09:03:13 UTC,3,4,3.62,0.65,23.4,63.2,Safe
2026-04-27 09:03:23 UTC,4,4,3.58,0.64,23.4,62.2,Safe
2026-04-27 09:03:33 UTC,4,4,3.57,0.64,23.4,61.4,Safe
2026-04-27 09:03:43 UTC,3,4,3.59,0.64,23.4,60.7,Safe
2026-04-27 09:03:53 UTC,3,5,3.57,0.64,23.4,60,Safe
2026-04-27 09:04:03 UTC,4,6,3.58,0.64,23.4,59.6,Safe
2026-04-27 09:04:13 UTC,5,5,3.56,0.64,23.4,59.2,Safe
2026-04-27 09:04:23 UTC,4,7,3.61,0.65,23.3,59.1,Safe
2026-04-27 09:04:33 UTC,4,7,3.58,0.64,23.3,59,Safe
2026-04-27 09:04:43 UTC,3,4,3.62,0.64,23.3,59,Safe
2026-04-27 09:04:53 UTC,3,3,3.54,0.64,23.3,59.2,Safe
2026-04-27 09:05:03 UTC,4,4,3.61,0.65,23.3,59.3,Safe
2026-04-27 09:05:13 UTC,3,6,3.62,0.64,23.2,59.3,Safe
2026-04-27 09:05:23 UTC,3,6,3.59,0.64,23.3,59.3,Safe
2026-04-27 09:05:33 UTC,5,5,3.61,0.64,23.3,59.4,Safe
2026-04-27 09:05:43 UTC,5,5,3.57,0.64,23.3,59.4,Safe
2026-04-27 09:05:53 UTC,5,5,3.61,0.65,23.2,59.2,Safe
2026-04-27 09:06:03 UTC,4,5,3.57,0.64,23.2,59,Safe
2026-04-27 09:06:13 UTC,4,7,3.62,0.65,23.2,58.6,Safe
2026-04-27 09:06:23 UTC,4,6,3.55,0.64,23.2,58.5,Safe
2026-04-27 09:06:33 UTC,4,7,3.59,0.64,23.2,58.3,Safe
2026-04-27 09:06:43 UTC,4,5,3.58,0.64,23.2,58.2,Safe
2026-04-27 09:06:53 UTC,5,5,3.62,0.65,23.2,58.1,Safe
2026-04-27 09:07:03 UTC,4,4,3.58,0.64,23.2,58.2,Safe
2026-04-27 09:07:13 UTC,3,5,3.63,0.65,23.2,58.5,Safe
2026-04-27 09:07:23 UTC,5,10,3.59,0.64,23.2,58.8,Safe
2026-04-27 09:07:33 UTC,4,6,3.58,0.64,23.2,59,Safe
2026-04-27 09:07:43 UTC,4,5,3.64,0.65,23.3,59.1,Safe
2026-04-27 09:07:53 UTC,3,5,3.56,0.64,23.3,59.2,Safe
2026-04-27 09:08:03 UTC,4,7,3.62,0.65,23.3,59.1,Safe
2026-04-27 09:08:13 UTC,5,7,3.56,0.64,23.3,59.1,Safe
2026-04-27 09:08:23 UTC,5,6,3.62,0.65,23.3,59.1,Safe
2026-04-27 09:08:33 UTC,5,5,3.58,0.64,23.3,58.9,Safe
2026-04-27 09:08:43 UTC,4,5,3.61,0.64,23.3,58.8,Safe
2026-04-27 09:08:53 UTC,4,6,3.56,0.64,23.3,58.7,Safe
2026-04-27 09:09:03 UTC,4,5,3.63,0.65,23.3,58.6,Safe
2026-04-27 09:09:13 UTC,3,4,3.58,0.64,23.4,58.5,Safe
2026-04-27 09:09:23 UTC,3,5,3.54,0.64,23.4,58.2,Safe
2026-04-27 09:09:33 UTC,3,5,3.58,0.64,23.4,57.9,Safe
2026-04-27 09:09:43 UTC,2,4,3.57,0.64,23.4,58.2,Safe
2026-04-27 09:09:53 UTC,3,4,3.64,0.65,23.4,58.9,Safe
2026-04-27 09:10:03 UTC,2,3,3.58,0.64,23.4,59.7,Safe
2026-04-27 09:10:13 UTC,3,4,3.64,0.65,23.5,60.6,Safe
2026-04-27 09:10:23 UTC,3,3,3.55,0.64,23.5,61.4,Safe
2026-04-27 09:10:33 UTC,3,3,3.61,0.64,23.6,62,Safe
2026-04-27 09:10:43 UTC,3,4,3.58,0.64,23.6,62.6,Safe
2026-04-27 09:10:53 UTC,3,3,3.64,0.65,23.6,63.2,Safe
2026-04-27 09:11:03 UTC,4,4,3.64,0.65,23.6,63.6,Safe
2026-04-27 09:11:13 UTC,3,3,3.62,0.65,23.7,64,Safe
2026-04-27 09:11:23 UTC,4,5,3.63,0.65,23.7,64.3,Safe
2026-04-27 09:11:33 UTC,2,3,3.59,0.64,23.8,64.7,Safe
2026-04-27 09:11:43 UTC,3,4,3.64,0.65,23.8,65.1,Safe
2026-04-27 09:11:53 UTC,4,5,3.55,0.64,23.8,65.5,Safe
2026-04-27 09:12:03 UTC,4,6,3.6,0.65,23.8,65.9,Safe
2026-04-27 09:12:13 UTC,3,4,3.58,0.64,23.9,66.2,Safe
2026-04-27 09:12:23 UTC,3,4,3.63,0.65,23.9,66.5,Safe
2026-04-27 09:12:33 UTC,4,6,3.57,0.64,23.9,66.8,Safe
2026-04-27 09:12:43 UTC,2,5,3.63,0.65,24,67.1,Safe
2026-04-27 09:12:53 UTC,2,4,3.55,0.64,24,67.5,Safe
2026-04-27 09:13:03 UTC,3,5,3.64,0.65,24,67.7,Safe
2026-04-27 09:13:13 UTC,3,4,3.64,0.65,24.1,68,Safe
2026-04-27 09:13:23 UTC,1,1,3.57,0.64,24.1,68.2,Safe
2026-04-27 09:13:33 UTC,1,1,3.63,0.65,24.1,68.4,Safe
2026-04-27 09:13:43 UTC,1,3,3.59,0.64,24.1,68.6,Safe
2026-04-27 09:13:53 UTC,3,5,3.65,0.65,24.2,68.7,Safe
2026-04-27 09:14:03 UTC,4,6,3.58,0.64,24.2,69,Safe
2026-04-27 09:14:13 UTC,4,4,3.63,0.65,24.2,69.3,Safe
2026-04-27 09:14:23 UTC,4,5,3.58,0.64,24.2,69.5,Safe
2026-04-27 09:14:33 UTC,4,6,3.65,0.65,24.3,69.8,Safe
2026-04-27 09:14:43 UTC,2,4,3.58,0.64,24.3,70.1,Safe
2026-04-27 09:14:53 UTC,2,4,3.63,0.65,24.3,70.2,Safe
2026-04-27 09:15:03 UTC,3,6,3.57,0.64,24.4,70.5,Safe
2026-04-27 09:15:13 UTC,4,5,3.66,0.65,24.4,70.6,Safe
2026-04-27 09:15:23 UTC,3,4,3.64,0.65,24.4,70.8,Safe
2026-04-27 09:15:33 UTC,2,4,3.59,0.64,24.5,70.8,Safe
2026-04-27 09:15:43 UTC,2,4,3.64,0.65,24.5,70.9,Safe
2026-04-27 09:15:53 UTC,3,6,3.59,0.64,24.5,71.1,Safe
2026-04-27 09:16:03 UTC,3,7,3.65,0.65,24.6,71.1,Safe
2026-04-27 09:16:13 UTC,3,4,3.59,0.64,24.6,71.2,Safe
2026-04-27 09:16:23 UTC,3,5,3.62,0.64,24.6,71.4,Safe
2026-04-27 09:16:33 UTC,2,4,3.58,0.64,24.6,71.4,Safe
2026-04-27 09:16:43 UTC,3,4,3.65,0.65,24.7,71.6,Safe
2026-04-27 09:16:53 UTC,1,4,3.64,0.65,24.7,71.7,Safe
2026-04-27 09:17:03 UTC,1,6,3.65,0.65,24.7,71.7,Safe
2026-04-27 09:17:13 UTC,2,4,3.65,0.65,24.8,71.9,Safe
2026-04-27 09:17:23 UTC,3,6,3.58,0.64,24.8,72,Safe
2026-04-27 09:17:33 UTC,3,5,3.63,0.65,24.8,72.1,Safe
2026-04-27 09:17:43 UTC,3,3,3.6,0.64,24.8,72.3,Safe
2026-04-27 09:17:53 UTC,3,4,3.62,0.65,24.8,72.3,Safe
2026-04-27 09:18:03 UTC,3,4,3.59,0.64,24.8,72.4,Safe
2026-04-27 09:18:13 UTC,3,5,3.65,0.65,24.9,72.5,Safe
2026-04-27 09:18:23 UTC,5,7,3.59,0.64,24.9,72.6,Safe
2026-04-27 09:18:33 UTC,3,7,3.62,0.65,24.9,72.7,Safe
2026-04-27 09:18:43 UTC,1,4,3.59,0.64,25,72.8,Safe
2026-04-27 09:18:53 UTC,2,4,3.65,0.65,25,72.9,Safe
2026-04-27 09:19:03 UTC,2,5,3.64,0.65,25,73,Safe
2026-04-27 09:19:13 UTC,3,4,3.6,0.64,25,73,Safe
2026-04-27 09:19:23 UTC,3,5,3.66,0.65,25.1,73.1,Safe
2026-04-27 09:19:33 UTC,2,4,3.61,0.64,25.1,73.1,Safe
2026-04-27 09:19:43 UTC,1,4,3.65,0.65,25.1,73.3,Safe
2026-04-27 09:19:53 UTC,2,3,3.6,0.64,25.1,73.4,Safe
2026-04-27 09:20:03 UTC,2,4,3.66,0.65,25.1,73.5,Safe
2026-04-27 09:20:13 UTC,1,4,3.58,0.64,25.2,73.6,Safe
2026-04-27 09:20:23 UTC,1,3,3.65,0.65,25.2,73.8,Safe
2026-04-27 09:20:33 UTC,2,4,3.6,0.64,25.2,73.8,Safe
2026-04-27 09:20:43 UTC,3,4,3.66,0.65,25.2,73.9,Safe
2026-04-27 09:20:53 UTC,3,3,3.6,0.64,25.2,74,Safe
2026-04-27 09:21:03 UTC,4,4,3.58,0.64,25.3,74.1,Safe
2026-04-27 09:21:13 UTC,3,3,3.66,0.65,25.3,74.1,Safe
2026-04-27 09:21:23 UTC,3,3,3.57,0.64,25.3,74.2,Safe
2026-04-27 09:21:33 UTC,3,4,3.66,0.65,25.3,74.3,Safe
2026-04-27 09:21:43 UTC,2,3,3.6,0.64,25.3,74.4,Safe
2026-04-27 09:21:53 UTC,2,2,3.66,0.65,25.3,74.4,Safe
2026-04-27 09:22:03 UTC,2,2,3.6,0.64,25.3,74.5,Safe
2026-04-27 09:22:13 UTC,2,4,3.66,0.65,25.4,74.5,Safe
2026-04-27 09:22:23 UTC,2,4,3.59,0.64,25.4,74.5,Safe
2026-04-27 09:22:33 UTC,2,4,3.66,0.65,25.4,74.5,Safe
2026-04-27 09:22:43 UTC,4,5,3.64,0.65,25.4,74.6,Safe
2026-04-27 09:22:53 UTC,4,5,3.65,0.65,25.4,74.7,Safe
2026-04-27 09:23:03 UTC,4,5,3.65,0.65,25.4,74.8,Safe
2026-04-27 09:23:13 UTC,3,4,3.6,0.64,25.5,74.8,Safe
2026-04-27 09:23:23 UTC,4,4,3.65,0.65,25.5,74.9,Safe
2026-04-27 09:23:33 UTC,3,3,3.58,0.64,25.5,74.9,Safe
2026-04-27 09:23:43 UTC,1,1,3.65,0.65,25.5,74.9,Safe
2026-04-27 09:23:53 UTC,2,2,3.59,0.64,25.5,74.9,Safe
2026-04-27 09:24:03 UTC,1,2,3.65,0.65,25.6,75,Safe
2026-04-27 09:24:13 UTC,1,3,3.6,0.64,25.6,75.1,Safe
2026-04-27 09:24:23 UTC,1,3,3.64,0.65,25.6,75.1,Safe
2026-04-27 09:24:33 UTC,1,4,3.58,0.64,25.6,75,Safe
2026-04-27 09:24:43 UTC,2,5,3.65,0.65,25.6,75,Safe
2026-04-27 09:24:53 UTC,3,7,3.65,0.65,25.6,75.1,Safe
2026-04-27 09:25:03 UTC,4,7,3.59,0.64,25.6,75.1,Safe
2026-04-27 09:25:13 UTC,2,6,3.65,0.65,25.7,75.2,Safe
2026-04-27 09:25:23 UTC,1,4,3.59,0.64,25.7,75.2,Safe
2026-04-27 09:25:33 UTC,1,3,3.64,0.65,25.7,75,Safe
2026-04-27 09:25:43 UTC,1,3,3.59,0.64,25.7,74.4,Safe
2026-04-27 09:25:53 UTC,3,5,3.64,0.65,25.7,73.4,Safe
2026-04-27 09:26:03 UTC,3,4,3.58,0.64,25.7,72.3,Safe
2026-04-27 09:26:13 UTC,4,4,3.64,0.65,25.7,71.4,Safe
2026-04-27 09:26:23 UTC,3,3,3.56,0.64,25.7,70.3,Safe
2026-04-27 09:26:33 UTC,2,3,3.64,0.65,25.7,69.4,Safe
2026-04-27 09:26:43 UTC,2,3,3.58,0.64,25.6,68.5,Safe
2026-04-27 09:26:53 UTC,2,3,3.58,0.64,25.6,67.6,Safe
2026-04-27 09:27:03 UTC,2,5,3.63,0.65,25.6,66.8,Safe
2026-04-27 09:27:13 UTC,2,3,3.56,0.64,25.5,66.5,Safe
2026-04-27 09:27:23 UTC,1,3,3.64,0.65,25.5,67,Safe
2026-04-27 09:27:33 UTC,1,3,3.58,0.64,25.5,67.7,Safe
2026-04-27 09:27:43 UTC,3,5,3.63,0.65,25.5,68.5,Safe
2026-04-27 09:27:53 UTC,4,5,3.58,0.64,25.5,69.3,Safe
2026-04-27 09:28:03 UTC,4,4,3.64,0.65,25.4,70,Safe
2026-04-27 09:28:13 UTC,5,6,3.58,0.64,25.4,70.6,Safe
2026-04-27 09:28:23 UTC,3,4,3.61,0.64,25.5,71.2,Safe
2026-04-27 09:28:33 UTC,2,2,3.66,0.65,25.5,71.7,Safe
2026-04-27 09:28:43 UTC,2,2,3.65,0.65,25.4,72,Safe
2026-04-27 09:28:53 UTC,3,3,3.66,0.65,25.5,72.3,Safe
2026-04-27 09:29:03 UTC,3,4,3.57,0.64,25.5,72.6,Safe
2026-04-27 09:29:13 UTC,2,4,3.64,0.65,25.5,72.8,Safe
2026-04-27 09:29:23 UTC,2,3,3.6,0.64,25.5,73.1,Safe
2026-04-27 09:29:33 UTC,2,4,3.64,0.65,25.5,73.2,Safe
2026-04-27 09:29:43 UTC,3,3,3.59,0.64,25.5,73.4,Safe
2026-04-27 09:29:53 UTC,3,3,3.61,0.64,25.5,73.7,Safe
2026-04-27 09:30:03 UTC,2,4,3.58,0.64,25.5,73.8,Safe
2026-04-27 09:30:13 UTC,2,3,3.65,0.65,25.6,73.9,Safe
2026-04-27 09:30:23 UTC,3,4,3.58,0.64,25.6,74,Safe
2026-04-27 09:30:33 UTC,2,2,3.65,0.65,25.6,74.2,Safe
2026-04-27 09:30:43 UTC,1,1,3.65,0.65,25.6,74.3,Safe
2026-04-27 09:30:53 UTC,1,2,3.58,0.64,25.6,74.5,Safe
2026-04-27 09:31:03 UTC,2,2,3.61,0.65,25.7,74.6,Safe
2026-04-27 09:31:13 UTC,2,4,3.58,0.64,25.7,74.6,Safe
2026-04-27 09:31:23 UTC,2,2,3.64,0.65,25.7,73.9,Safe
2026-04-27 09:31:33 UTC,1,1,3.55,0.64,25.7,73,Safe
2026-04-27 09:31:43 UTC,1,2,3.65,0.65,25.7,71.8,Safe
2026-04-27 09:31:53 UTC,2,3,3.58,0.64,25.7,70.9,Safe
2026-04-27 09:32:03 UTC,3,5,3.65,0.65,25.6,69.8,Safe
2026-04-27 09:32:13 UTC,4,6,3.58,0.64,25.6,68.9,Safe
2026-04-27 09:32:23 UTC,4,5,3.63,0.65,25.6,68.2,Safe
2026-04-27 09:32:33 UTC,3,5,3.58,0.64,25.6,67.6,Safe
2026-04-27 09:32:43 UTC,3,3,3.62,0.65,25.5,66.9,Safe
2026-04-27 09:32:53 UTC,3,4,3.63,0.65,25.5,66.3,Safe
2026-04-27 09:33:03 UTC,3,3,3.58,0.64,25.4,65.9,Safe
2026-04-27 09:33:13 UTC,3,3,3.63,0.65,25.4,66.2,Safe
2026-04-27 09:33:23 UTC,3,4,3.57,0.64,25.4,66.9,Safe
2026-04-27 09:33:33 UTC,3,4,3.62,0.64,25.4,67.5,Safe
2026-04-27 09:33:43 UTC,3,3,3.56,0.64,25.4,68.4,Safe
2026-04-27 09:33:53 UTC,2,3,3.64,0.65,25.4,68.9,Safe
2026-04-27 09:34:03 UTC,2,4,3.59,0.64,25.4,69.5,Safe
2026-04-27 09:34:13 UTC,1,4,3.64,0.65,25.4,70,Safe
2026-04-27 09:34:23 UTC,2,4,3.64,0.65,25.4,70.5,Safe
2026-04-27 09:34:33 UTC,3,4,3.64,0.65,25.4,71,Safe
2026-04-27 09:34:43 UTC,3,4,3.63,0.65,25.4,71.3,Safe
2026-04-27 09:34:53 UTC,3,4,3.58,0.64,25.5,71.6,Safe
2026-04-27 09:35:03 UTC,3,4,3.65,0.65,25.5,71.8,Safe
2026-04-27 09:35:13 UTC,3,4,3.58,0.64,25.5,72.1,Safe
2026-04-27 09:35:23 UTC,3,3,3.64,0.65,25.5,72.3,Safe
2026-04-27 09:35:33 UTC,2,3,3.59,0.64,25.5,72.5,Safe
2026-04-27 09:35:43 UTC,3,3,3.63,0.65,25.5,72.6,Safe
2026-04-27 09:35:53 UTC,3,3,3.58,0.64,25.5,72.9,Safe
2026-04-27 09:36:03 UTC,2,3,3.62,0.65,25.6,73.1,Safe
2026-04-27 09:36:13 UTC,3,4,3.58,0.64,25.6,73.3,Safe
2026-04-27 09:36:23 UTC,2,3,3.64,0.65,25.6,73.5,Safe
2026-04-27 09:36:33 UTC,1,2,3.64,0.65,25.6,73.6,Safe
2026-04-27 09:36:43 UTC,2,2,3.58,0.64,25.7,73.4,Safe
2026-04-27 09:36:53 UTC,1,3,3.63,0.65,25.7,72.6,Safe
2026-04-27 09:37:03 UTC,2,3,3.58,0.64,25.7,71.5,Safe
2026-04-27 09:37:13 UTC,3,3,3.6,0.64,25.7,70.5,Safe
2026-04-27 09:37:23 UTC,3,4,3.58,0.64,25.6,69.6,Safe
2026-04-27 09:37:33 UTC,1,3,3.62,0.65,25.6,68.3,Safe
2026-04-27 09:37:43 UTC,1,2,3.58,0.64,25.6,67.2,Safe
2026-04-27 09:37:53 UTC,1,2,3.63,0.65,25.6,66.4,Safe
2026-04-27 09:38:03 UTC,1,3,3.57,0.64,25.5,65.9,Safe
2026-04-27 09:38:13 UTC,1,2,3.62,0.65,25.5,65.2,Safe
2026-04-27 09:38:23 UTC,1,1,3.58,0.64,25.5,64.5,Safe
2026-04-27 09:38:33 UTC,1,2,3.57,0.64,25.5,64,Safe
2026-04-27 09:38:43 UTC,2,3,3.62,0.65,25.5,63.6,Safe
2026-04-27 09:38:53 UTC,4,4,3.57,0.64,25.4,63.1,Safe
2026-04-27 09:39:03 UTC,3,3,3.62,0.65,25.3,62.7,Safe
2026-04-27 09:39:13 UTC,2,3,3.57,0.64,25.3,63,Safe
2026-04-27 09:39:23 UTC,3,3,3.63,0.64,25.3,63.7,Safe
2026-04-27 09:39:33 UTC,3,4,3.58,0.64,25.3,64.6,Safe
2026-04-27 09:39:43 UTC,2,3,3.62,0.65,25.3,65.4,Safe
2026-04-27 09:39:53 UTC,2,2,3.57,0.64,25.2,66.2,Safe
2026-04-27 09:40:03 UTC,2,3,3.61,0.64,25.3,67,Safe
2026-04-27 09:40:13 UTC,1,2,3.62,0.65,25.3,67.7,Safe
2026-04-27 09:40:23 UTC,0,2,3.55,0.64,25.3,68.4,Safe
2026-04-27 09:40:33 UTC,0,2,3.64,0.65,25.3,68.9,Safe
2026-04-27 09:40:43 UTC,0,3,3.57,0.64,25.3,69.4,Safe
2026-04-27 09:40:53 UTC,0,2,3.63,0.65,25.3,69.7,Safe
2026-04-27 09:41:03 UTC,0,2,3.56,0.64,25.4,70,Safe
2026-04-27 09:41:13 UTC,1,4,3.64,0.65,25.4,70.2,Safe
2026-04-27 09:41:23 UTC,2,4,3.58,0.64,25.5,70.3,Safe
2026-04-27 09:41:33 UTC,2,2,3.61,0.64,25.5,70.5,Safe
2026-04-27 09:41:43 UTC,2,2,3.58,0.64,25.5,70.5,Safe
2026-04-27 09:41:53 UTC,2,3,3.64,0.65,25.5,70.6,Safe
2026-04-27 09:42:03 UTC,3,5,3.58,0.64,25.6,70.6,Safe
2026-04-27 09:42:13 UTC,2,3,3.63,0.65,25.6,70.8,Safe
2026-04-27 09:42:23 UTC,1,3,3.62,0.64,25.6,70.9,Safe
2026-04-27 09:42:33 UTC,1,3,3.54,0.64,25.6,71.1,Safe
2026-04-27 09:42:43 UTC,1,3,3.62,0.65,25.6,71.1,Safe
2026-04-27 09:42:53 UTC,2,3,3.57,0.64,25.6,71.2,Safe
2026-04-27 09:43:03 UTC,2,4,3.62,0.65,25.6,71.3,Safe
2026-04-27 09:43:13 UTC,1,4,3.58,0.64,25.7,71.4,Safe
2026-04-27 09:43:23 UTC,1,3,3.63,0.65,25.7,71.4,Safe
2026-04-27 09:43:33 UTC,1,3,3.54,0.64,25.7,71.4,Safe
2026-04-27 09:43:43 UTC,1,2,3.62,0.65,25.7,71.1,Safe
2026-04-27 09:43:53 UTC,0,1,3.62,0.65,25.7,69.9,Safe
2026-04-27 09:44:03 UTC,0,2,3.61,0.64,25.7,68.9,Safe
2026-04-27 09:44:13 UTC,0,2,3.62,0.65,25.7,67.5,Safe
2026-04-27 09:44:23 UTC,0,2,3.57,0.64,25.6,66.4,Safe
2026-04-27 09:44:33 UTC,1,2,3.61,0.65,25.6,65.6,Safe
2026-04-27 09:44:43 UTC,1,2,3.56,0.64,25.6,64.8,Safe
2026-04-27 09:44:53 UTC,1,3,3.59,0.64,25.6,64.3,Safe
2026-04-27 09:45:03 UTC,2,2,3.54,0.64,25.5,63.5,Safe
2026-04-27 09:45:13 UTC,2,2,3.61,0.65,25.5,62.9,Safe
2026-04-27 09:45:23 UTC,2,2,3.57,0.64,25.5,62.4,Safe
2026-04-27 09:45:33 UTC,1,2,3.62,0.65,25.5,62.7,Safe
2026-04-27 09:45:43 UTC,1,1,3.56,0.64,25.4,63.6,Safe
2026-04-27 09:45:53 UTC,1,1,3.63,0.65,25.4,64.4,Safe
2026-04-27 09:46:03 UTC,1,1,3.62,0.64,25.4,65.3,Safe
2026-04-27 09:46:13 UTC,1,1,3.57,0.64,25.4,66,Safe
2026-04-27 09:46:23 UTC,2,3,3.62,0.65,25.4,66.7,Safe
2026-04-27 09:46:33 UTC,2,3,3.56,0.64,25.4,67.3,Safe
2026-04-27 09:46:43 UTC,2,3,3.61,0.65,25.4,67.9,Safe
2026-04-27 09:46:53 UTC,2,3,3.57,0.64,25.4,68.4,Safe
2026-04-27 09:47:03 UTC,2,2,3.6,0.64,25.4,68.8,Safe
2026-04-27 09:47:13 UTC,2,3,3.58,0.64,25.5,69.2,Safe
2026-04-27 09:47:23 UTC,2,3,3.62,0.64,25.4,69.5,Safe
2026-04-27 09:47:33 UTC,2,3,3.63,0.65,25.4,69.9,Safe
2026-04-27 09:47:43 UTC,2,4,3.62,0.65,25.5,70.2,Safe
2026-04-27 09:47:53 UTC,2,2,3.58,0.64,25.5,70.4,Safe
2026-04-27 09:48:03 UTC,2,2,3.56,0.64,25.5,70.8,Safe
2026-04-27 09:48:13 UTC,2,2,3.62,0.65,25.5,70.9,Safe
2026-04-27 09:48:23 UTC,2,2,3.57,0.64,25.5,71.1,Safe
2026-04-27 09:48:33 UTC,2,2,3.62,0.65,25.6,71.4,Safe
2026-04-27 09:48:43 UTC,2,2,3.57,0.64,25.5,71.5,Safe
2026-04-27 09:48:53 UTC,2,2,3.63,0.65,25.6,71.8,Safe
2026-04-27 09:49:03 UTC,1,4,3.54,0.64,25.6,72,Safe
2026-04-27 09:49:13 UTC,2,6,3.65,0.65,25.6,71.8,Safe
2026-04-27 09:49:23 UTC,1,3,3.57,0.64,25.6,70.9,Safe
2026-04-27 09:49:33 UTC,3,4,3.62,0.65,25.6,69.9,Safe
2026-04-27 09:49:43 UTC,2,3,3.62,0.65,25.6,68.8,Safe
2026-04-27 09:49:53 UTC,1,2,3.55,0.64,25.6,67.8,Safe
2026-04-27 09:50:03 UTC,1,2,3.6,0.65,25.6,66.8,Safe
2026-04-27 09:50:13 UTC,1,3,3.57,0.64,25.6,66.1,Safe
2026-04-27 09:50:23 UTC,1,2,3.62,0.65,25.5,65.6,Safe
2026-04-27 09:50:33 UTC,1,2,3.57,0.64,25.5,65,Safe
2026-04-27 09:50:43 UTC,1,2,3.6,0.64,25.5,64.4,Safe
2026-04-27 09:50:53 UTC,1,2,3.57,0.64,25.5,63.8,Safe
2026-04-27 09:51:03 UTC,1,2,3.61,0.64,25.5,63.3,Safe
2026-04-27 09:51:13 UTC,1,3,3.56,0.64,25.4,63.1,Safe
2026-04-27 09:51:23 UTC,2,3,3.62,0.65,25.4,63.6,Safe
2026-04-27 09:51:33 UTC,2,2,3.55,0.64,25.4,64.5,Safe
2026-04-27 09:51:43 UTC,2,4,3.62,0.64,25.4,65.3,Safe
2026-04-27 09:51:53 UTC,2,6,3.62,0.65,25.4,66.1,Safe
2026-04-27 09:52:03 UTC,2,4,3.58,0.64,25.4,66.8,Safe
2026-04-27 09:52:13 UTC,2,3,3.62,0.65,25.4,67.5,Safe
2026-04-27 09:52:23 UTC,2,3,3.58,0.64,25.4,68.1,Safe
2026-04-27 09:52:33 UTC,2,2,3.61,0.65,25.4,68.4,Safe
2026-04-27 09:52:43 UTC,1,2,3.55,0.63,25.4,68.9,Safe
2026-04-27 09:52:53 UTC,1,5,3.62,0.64,25.4,69.3,Safe
2026-04-27 09:53:03 UTC,1,3,3.54,0.64,25.4,69.6,Safe
2026-04-27 09:53:13 UTC,2,3,3.59,0.64,25.5,69.9,Safe
2026-04-27 09:53:23 UTC,1,2,3.62,0.65,25.5,70.1,Safe
2026-04-27 09:53:33 UTC,1,2,3.62,0.65,25.5,70.5,Safe
2026-04-27 09:53:43 UTC,1,3,3.63,0.65,25.5,70.6,Safe
2026-04-27 09:53:53 UTC,2,3,3.57,0.64,25.6,70.8,Safe
2026-04-27 09:54:03 UTC,3,3,3.63,0.65,25.6,71.1,Safe
2026-04-27 09:54:13 UTC,4,4,3.54,0.64,25.6,71.2,Safe
2026-04-27 09:54:23 UTC,3,3,3.64,0.65,25.6,71.4,Safe
2026-04-27 09:54:33 UTC,3,3,3.58,0.64,25.6,71.6,Safe
2026-04-27 09:54:43 UTC,1,3,3.62,0.65,25.7,71.7,Safe
2026-04-27 09:54:53 UTC,1,3,3.58,0.64,25.7,71.9,Safe
2026-04-27 09:55:03 UTC,2,3,3.63,0.65,25.7,71.7,Safe
2026-04-27 09:55:13 UTC,1,4,3.58,0.64,25.7,71,Safe
2026-04-27 09:55:23 UTC,2,6,3.63,0.65,25.7,69.8,Safe
2026-04-27 09:55:33 UTC,2,4,3.62,0.65,25.7,68.7,Safe
2026-04-27 09:55:43 UTC,2,2,3.54,0.64,25.7,67.7,Safe
2026-04-27 09:55:53 UTC,2,2,3.6,0.64,25.7,66.8,Safe
2026-04-27 09:56:03 UTC,2,3,3.58,0.64,25.7,66,Safe
2026-04-27 09:56:13 UTC,1,2,3.59,0.64,25.7,65.5,Safe
2026-04-27 09:56:23 UTC,1,1,3.56,0.64,25.6,65,Safe
2026-04-27 09:56:33 UTC,1,2,3.61,0.65,25.7,64.6,Safe
2026-04-27 09:56:43 UTC,1,4,3.56,0.64,25.6,64,Safe
2026-04-27 09:56:53 UTC,1,2,3.6,0.64,25.6,63.4,Safe
2026-04-27 09:57:03 UTC,2,2,3.6,0.64,25.6,63,Safe
2026-04-27 09:57:13 UTC,2,3,3.61,0.65,25.6,63.2,Safe
2026-04-27 09:57:23 UTC,2,2,3.57,0.64,25.6,63.9,Safe
2026-04-27 09:57:33 UTC,4,5,3.57,0.64,25.5,64.8,Safe
2026-04-27 09:57:43 UTC,2,3,3.63,0.65,25.5,65.6,Safe
2026-04-27 09:57:53 UTC,1,2,3.57,0.64,25.5,66.3,Safe
2026-04-27 09:58:03 UTC,1,2,3.63,0.65,25.6,67.1,Safe
2026-04-27 09:58:13 UTC,2,2,3.57,0.64,25.5,67.7,Safe
2026-04-27 09:58:23 UTC,3,3,3.63,0.64,25.6,68.1,Safe
2026-04-27 09:58:33 UTC,2,3,3.57,0.64,25.6,68.6,Safe
2026-04-27 09:58:43 UTC,2,3,3.61,0.65,25.6,68.9,Safe
2026-04-27 09:58:53 UTC,2,2,3.55,0.63,25.6,69.3,Safe
2026-04-27 09:59:03 UTC,2,2,3.63,0.65,25.6,69.5,Safe
2026-04-27 09:59:13 UTC,3,3,3.62,0.65,25.7,69.8,Safe
2026-04-27 09:59:23 UTC,3,4,3.58,0.64,25.7,69.9,Safe
2026-04-27 09:59:33 UTC,3,4,3.62,0.65,25.7,70.1,Safe
2026-04-27 09:59:43 UTC,2,2,3.58,0.64,25.7,70.3,Safe
2026-04-27 09:59:53 UTC,2,3,3.63,0.65,25.7,70.5,Safe
2026-04-27 10:00:03 UTC,2,5,3.58,0.64,25.7,70.6,Safe
2026-04-27 10:00:13 UTC,1,5,3.63,0.65,25.8,70.8,Safe
2026-04-27 10:00:23 UTC,1,5,3.57,0.64,25.8,71,Safe
2026-04-27 10:00:33 UTC,1,2,3.63,0.65,25.8,71.2,Safe
2026-04-27 10:00:43 UTC,1,1,3.58,0.64,25.8,71.3,Safe
2026-04-27 10:00:53 UTC,1,1,3.63,0.65,25.8,71.6,Safe
2026-04-27 10:01:03 UTC,1,3,3.58,0.64,25.8,71.7,Safe
2026-04-27 10:01:13 UTC,1,3,3.62,0.65,25.9,71.8,Safe
2026-04-27 10:01:23 UTC,1,3,3.62,0.65,25.9,71.4,Safe
2026-04-27 10:01:33 UTC,2,3,3.58,0.64,25.9,70.6,Safe
2026-04-27 10:01:43 UTC,1,2,3.63,0.65,25.9,69.5,Safe
2026-04-27 10:01:53 UTC,1,1,3.57,0.64,25.9,68.3,Safe
2026-04-27 10:02:03 UTC,1,3,3.63,0.65,25.9,67.3,Safe
2026-04-27 10:02:13 UTC,2,5,3.56,0.64,25.8,66.4,Safe
2026-04-27 10:02:23 UTC,3,5,3.61,0.64,25.8,65.8,Safe
2026-04-27 10:02:33 UTC,2,4,3.58,0.64,25.8,65.2,Safe
2026-04-27 10:02:43 UTC,2,5,3.63,0.65,25.8,64.8,Safe
2026-04-27 10:02:53 UTC,3,8,3.59,0.64,25.8,64.3,Safe
2026-04-27 10:03:03 UTC,4,6,3.58,0.64,25.8,63.8,Safe
2026-04-27 10:03:13 UTC,2,5,3.62,0.65,25.7,63.3,Safe
2026-04-27 10:03:23 UTC,3,6,3.57,0.64,25.7,62.8,Safe
2026-04-27 10:03:33 UTC,5,6,3.62,0.65,25.7,62.8,Safe
2026-04-27 10:03:43 UTC,5,8,3.58,0.64,25.7,63.3,Safe
2026-04-27 10:03:53 UTC,6,9,3.6,0.64,25.7,64,Safe
2026-04-27 10:04:03 UTC,5,8,3.58,0.64,25.7,64.7,Safe
2026-04-27 10:04:13 UTC,5,9,3.63,0.65,25.7,65.5,Safe
2026-04-27 10:04:23 UTC,4,8,3.55,0.64,25.7,66.3,Safe
2026-04-27 10:04:33 UTC,3,6,3.63,0.65,25.7,66.5,Safe
2026-04-27 10:04:43 UTC,4,5,3.58,0.64,25.7,67,Safe
2026-04-27 10:04:53 UTC,3,4,3.62,0.65,25.7,67.4,Safe
2026-04-27 10:05:03 UTC,3,6,3.62,0.65,25.7,68,Safe
2026-04-27 10:05:13 UTC,4,7,3.58,0.64,25.7,68.2,Safe
2026-04-27 10:05:23 UTC,3,6,3.62,0.65,25.7,68.4,Safe
2026-04-27 10:05:33 UTC,3,4,3.57,0.64,25.7,68.6,Safe
2026-04-27 10:05:43 UTC,4,5,3.63,0.65,25.7,68.7,Safe
2026-04-27 10:05:53 UTC,2,2,3.56,0.64,25.8,69,Safe
2026-04-27 10:06:03 UTC,4,4,3.63,0.65,25.8,69.1,Safe
2026-04-27 10:06:13 UTC,5,11,3.58,0.64,25.8,69.2,Safe
2026-04-27 10:06:23 UTC,4,10,3.62,0.65,25.8,69.3,Safe
2026-04-27 10:06:33 UTC,4,7,3.63,0.65,25.8,69.5,Safe
2026-04-27 10:06:43 UTC,3,7,3.61,0.64,25.8,69.7,Safe
2026-04-27 10:06:53 UTC,4,6,3.58,0.64,25.8,69.9,Safe
2026-04-27 10:07:03 UTC,5,8,3.58,0.64,25.9,70.1,Safe
2026-04-27 10:07:13 UTC,4,5,3.63,0.65,25.9,70.3,Safe
2026-04-27 10:07:23 UTC,4,4,3.58,0.64,25.9,70.4,Safe
2026-04-27 10:07:33 UTC,3,3,3.63,0.65,25.9,70.5,Safe
2026-04-27 10:07:43 UTC,2,4,3.57,0.64,25.9,70.1,Safe
2026-04-27 10:07:53 UTC,3,5,3.62,0.65,25.9,69.5,Safe
2026-04-27 10:08:03 UTC,3,7,3.56,0.64,25.9,68.7,Safe
2026-04-27 10:08:13 UTC,3,5,3.63,0.65,25.9,67.9,Safe
2026-04-27 10:08:23 UTC,4,7,3.58,0.64,25.9,67.1,Safe
2026-04-27 10:08:33 UTC,5,8,3.62,0.65,25.9,66.2,Safe
2026-04-27 10:08:43 UTC,4,7,3.62,0.65,25.9,65.7,Safe
2026-04-27 10:08:53 UTC,3,7,3.56,0.64,25.9,65.2,Safe
2026-04-27 10:09:03 UTC,4,7,3.61,0.65,25.8,64.6,Safe
2026-04-27 10:09:13 UTC,3,5,3.56,0.64,25.8,64.1,Safe
2026-04-27 10:09:23 UTC,3,6,3.59,0.64,25.8,63.5,Safe
2026-04-27 10:09:33 UTC,3,6,3.57,0.64,25.8,62.9,Safe
2026-04-27 10:09:43 UTC,3,5,3.62,0.65,25.7,62.3,Safe
2026-04-27 10:09:53 UTC,3,4,3.57,0.64,25.8,62,Safe
2026-04-27 10:10:03 UTC,3,5,3.62,0.65,25.7,61.7,Safe
2026-04-27 10:10:13 UTC,2,6,3.56,0.64,25.7,61.2,Safe
2026-04-27 10:10:23 UTC,1,3,3.62,0.65,25.7,60.9,Safe
2026-04-27 10:10:33 UTC,2,3,3.56,0.64,25.6,60.5,Safe
2026-04-27 10:10:43 UTC,1,3,3.62,0.64,25.6,60.1,Safe
2026-04-27 10:10:53 UTC,1,4,3.61,0.64,25.6,60,Safe
2026-04-27 10:11:03 UTC,1,6,3.56,0.64,25.6,60.2,Safe
2026-04-27 10:11:13 UTC,1,5,3.61,0.65,25.5,60.7,Safe
2026-04-27 10:11:23 UTC,1,4,3.58,0.64,25.5,61.2,Safe
2026-04-27 10:11:33 UTC,1,4,3.61,0.64,25.5,61.8,Safe
2026-04-27 10:11:43 UTC,1,4,3.57,0.64,25.5,62.5,Safe
2026-04-27 10:11:53 UTC,2,3,3.62,0.65,25.5,63.1,Safe
2026-04-27 10:12:03 UTC,2,3,3.57,0.64,25.5,63.7,Safe
2026-04-27 10:12:13 UTC,2,3,3.62,0.64,25.5,64.2,Safe
2026-04-27 10:12:23 UTC,2,4,3.59,0.64,25.5,64.6,Safe
2026-04-27 10:12:33 UTC,2,3,3.62,0.65,25.5,64.9,Safe
2026-04-27 10:12:43 UTC,2,4,3.63,0.65,25.5,65.2,Safe
2026-04-27 10:12:53 UTC,3,4,3.56,0.64,25.6,65.7,Safe
2026-04-27 10:13:03 UTC,2,3,3.64,0.65,25.5,65.9,Safe
2026-04-27 10:13:13 UTC,1,2,3.57,0.64,25.6,66.2,Safe
2026-04-27 10:13:23 UTC,1,5,3.62,0.64,25.6,66.5,Safe
2026-04-27 10:13:33 UTC,2,3,3.58,0.64,25.6,66.8,Safe
2026-04-27 10:13:43 UTC,2,4,3.62,0.64,25.6,67.1,Safe
2026-04-27 10:13:53 UTC,2,6,3.55,0.64,25.6,67.4,Safe
2026-04-27 10:14:03 UTC,2,4,3.62,0.64,25.6,67.7,Safe
2026-04-27 10:14:13 UTC,2,4,3.58,0.64,25.6,68,Safe
2026-04-27 10:14:23 UTC,2,3,3.63,0.65,25.6,68.3,Safe
2026-04-27 10:14:33 UTC,3,3,3.63,0.65,25.6,68.5,Safe
2026-04-27 10:14:43 UTC,2,2,3.55,0.64,25.7,68.7,Safe
2026-04-27 10:14:53 UTC,3,3,3.63,0.65,25.7,68.9,Safe
2026-04-27 10:15:03 UTC,3,5,3.57,0.64,25.7,69.2,Safe
2026-04-27 10:15:13 UTC,1,1,3.63,0.65,25.7,69.3,Safe
2026-04-27 10:15:23 UTC,1,1,3.55,0.64,25.7,69.5,Safe
2026-04-27 10:15:33 UTC,1,4,3.62,0.65,25.7,69.8,Safe
2026-04-27 10:15:43 UTC,1,3,3.58,0.64,25.7,70.1,Safe
2026-04-27 10:15:53 UTC,2,2,3.63,0.65,25.7,70.3,Safe
2026-04-27 10:16:03 UTC,1,1,3.58,0.64,25.7,70.3,Safe
2026-04-27 10:16:13 UTC,1,3,3.6,0.64,25.8,70.6,Safe
2026-04-27 10:16:23 UTC,1,2,3.58,0.64,25.8,70.9,Safe
2026-04-27 10:16:33 UTC,2,3,3.58,0.64,25.8,71.1,Safe
2026-04-27 10:16:43 UTC,3,3,3.62,0.65,25.8,71.1,Safe
2026-04-27 10:16:53 UTC,3,3,3.59,0.64,25.8,71.3,Safe
2026-04-27 10:17:03 UTC,2,4,3.62,0.65,25.8,71.5,Safe
2026-04-27 10:17:13 UTC,2,4,3.58,0.64,25.9,71.3,Safe
2026-04-27 10:17:23 UTC,4,5,3.6,0.64,25.9,70.7,Safe
2026-04-27 10:17:33 UTC,3,4,3.56,0.64,25.8,70,Safe
2026-04-27 10:17:43 UTC,2,3,3.63,0.65,25.8,69.2,Safe
2026-04-27 10:17:53 UTC,1,3,3.58,0.64,25.8,68.4,Safe
2026-04-27 10:18:03 UTC,1,3,3.62,0.65,25.8,67.6,Safe
2026-04-27 10:18:13 UTC,2,3,3.62,0.64,25.8,67,Safe
2026-04-27 10:18:23 UTC,1,2,3.62,0.65,25.8,66.3,Safe
2026-04-27 10:18:33 UTC,2,3,3.63,0.64,25.8,65.4,Safe
2026-04-27 10:18:43 UTC,2,3,3.58,0.64,25.8,65,Safe
2026-04-27 10:18:53 UTC,2,2,3.62,0.65,25.7,64.3,Safe
2026-04-27 10:19:03 UTC,2,4,3.57,0.64,25.7,63.9,Safe
2026-04-27 10:19:13 UTC,2,4,3.61,0.64,25.7,64,Safe
2026-04-27 10:19:23 UTC,1,2,3.58,0.64,25.7,64.4,Safe
2026-04-27 10:19:33 UTC,2,2,3.63,0.65,25.7,65,Safe
2026-04-27 10:19:43 UTC,1,2,3.58,0.64,25.7,65.6,Safe
2026-04-27 10:19:53 UTC,1,3,3.63,0.65,25.7,66.1,Safe
2026-04-27 10:20:03 UTC,1,2,3.58,0.64,25.6,66.7,Safe
2026-04-27 10:20:13 UTC,2,2,3.61,0.64,25.6,67.3,Safe
2026-04-27 10:20:23 UTC,3,4,3.63,0.65,25.6,67.7,Safe
2026-04-27 10:20:33 UTC,2,4,3.58,0.64,25.6,68,Safe
2026-04-27 10:20:43 UTC,0,1,3.63,0.65,25.7,68.5,Safe
2026-04-27 10:20:53 UTC,0,3,3.55,0.64,25.6,68.8,Safe
2026-04-27 10:21:03 UTC,1,3,3.61,0.64,25.7,69.1,Safe
2026-04-27 10:21:13 UTC,2,3,3.58,0.64,25.6,69.3,Safe
2026-04-27 10:21:23 UTC,2,3,3.63,0.65,25.7,69.6,Safe
2026-04-27 10:21:33 UTC,2,3,3.57,0.64,25.7,69.8,Safe
2026-04-27 10:21:43 UTC,1,2,3.64,0.65,25.7,70.3,Safe
2026-04-27 10:21:53 UTC,2,2,3.64,0.65,25.7,70.9,Safe
2026-04-27 10:22:03 UTC,2,2,3.64,0.65,25.7,71.7,Safe
2026-04-27 10:22:13 UTC,2,6,3.64,0.65,25.7,72.4,Safe
2026-04-27 10:22:23 UTC,3,6,3.59,0.64,25.7,72.7,Safe
2026-04-27 10:22:33 UTC,2,5,3.61,0.65,25.7,72.4,Safe
2026-04-27 10:22:43 UTC,3,4,3.58,0.64,25.6,71.1,Safe
2026-04-27 10:22:53 UTC,3,3,3.64,0.65,25.6,69.6,Safe
2026-04-27 10:23:03 UTC,3,3,3.6,0.64,25.5,68.1,Safe
2026-04-27 10:23:13 UTC,1,2,3.63,0.65,25.4,67,Safe
2026-04-27 10:23:23 UTC,1,1,3.58,0.64,25.3,66,Safe
2026-04-27 10:23:33 UTC,1,2,3.6,0.64,25.3,65.2,Safe
2026-04-27 10:23:43 UTC,2,2,3.57,0.64,25.2,64.6,Safe
2026-04-27 10:23:53 UTC,1,1,3.64,0.65,25.1,64,Safe
2026-04-27 10:24:03 UTC,0,0,3.61,0.64,25,63.7,Safe
2026-04-27 10:24:13 UTC,0,1,3.57,0.64,24.9,63.2,Safe
2026-04-27 10:24:23 UTC,0,2,3.64,0.65,24.9,63.1,Safe
2026-04-27 10:24:33 UTC,1,3,3.58,0.64,24.8,62.6,Safe
2026-04-27 10:24:43 UTC,0,2,3.61,0.65,24.7,62.3,Safe
2026-04-27 10:24:53 UTC,1,3,3.58,0.64,24.7,62,Safe
2026-04-27 10:25:03 UTC,1,2,3.64,0.65,24.6,61.8,Safe
2026-04-27 10:25:13 UTC,1,1,3.58,0.64,24.6,63.3,Safe
2026-04-27 10:25:23 UTC,1,1,3.62,0.65,24.5,65.2,Safe
2026-04-27 10:25:33 UTC,1,3,3.58,0.64,24.5,66.8,Safe
2026-04-27 10:25:43 UTC,0,1,3.63,0.65,24.5,68.4,Safe
2026-04-27 10:25:53 UTC,0,1,3.58,0.64,24.6,69.8,Safe
2026-04-27 10:26:03 UTC,0,1,3.58,0.64,24.6,70.9,Safe
2026-04-27 10:26:13 UTC,0,2,3.63,0.65,24.6,71.8,Safe
2026-04-27 10:26:23 UTC,0,1,3.58,0.64,24.6,72.5,Safe
2026-04-27 10:26:33 UTC,1,2,3.63,0.65,24.6,73,Safe
2026-04-27 10:26:43 UTC,3,3,3.58,0.64,24.7,73.5,Safe
2026-04-27 10:26:53 UTC,2,3,3.63,0.65,24.7,73.8,Safe
2026-04-27 10:27:03 UTC,2,2,3.58,0.64,24.7,74.2,Safe
2026-04-27 10:27:13 UTC,2,2,3.6,0.64,24.7,74.6,Safe
2026-04-27 10:27:23 UTC,1,1,3.58,0.64,24.8,74.8,Safe
2026-04-27 10:27:33 UTC,1,1,3.63,0.65,24.8,74.9,Safe
2026-04-27 10:27:43 UTC,1,3,3.63,0.65,24.8,75.1,Safe
2026-04-27 10:27:53 UTC,1,3,3.64,0.65,24.8,74.5,Safe
2026-04-27 10:28:03 UTC,2,4,3.64,0.65,24.8,73.1,Safe
2026-04-27 10:28:13 UTC,1,2,3.58,0.64,24.8,71.4,Safe
2026-04-27 10:28:23 UTC,1,2,3.62,0.65,24.8,69.6,Safe
2026-04-27 10:28:33 UTC,0,1,3.58,0.64,24.7,68.1,Safe
2026-04-27 10:28:43 UTC,0,2,3.61,0.64,24.7,67,Safe
2026-04-27 10:28:53 UTC,1,3,3.58,0.64,24.6,66.1,Safe
2026-04-27 10:29:03 UTC,1,3,3.59,0.64,24.6,65.5,Safe
2026-04-27 10:29:13 UTC,1,4,3.58,0.64,24.5,64.5,Safe
2026-04-27 10:29:23 UTC,1,3,3.62,0.65,24.5,63.9,Safe
2026-04-27 10:29:33 UTC,1,2,3.58,0.64,24.4,63.6,Safe
2026-04-27 10:29:43 UTC,3,4,3.62,0.65,24.3,63.2,Safe
2026-04-27 10:29:53 UTC,2,3,3.62,0.65,24.3,62.8,Safe
2026-04-27 10:30:03 UTC,0,1,3.57,0.64,24.2,62.5,Safe
2026-04-27 10:30:13 UTC,0,2,3.63,0.65,24.1,62.3,Safe
2026-04-27 10:30:23 UTC,1,2,3.54,0.64,24,64.1,Safe
2026-04-27 10:30:33 UTC,1,1,3.61,0.65,24,66.3,Safe
2026-04-27 10:30:43 UTC,1,1,3.58,0.64,24,68.5,Safe
2026-04-27 10:30:53 UTC,2,2,3.62,0.65,24.1,69.8,Safe
2026-04-27 10:31:03 UTC,2,2,3.58,0.64,24.1,71.2,Safe
2026-04-27 10:31:13 UTC,1,1,3.63,0.65,24.1,72.2,Safe
2026-04-27 10:31:23 UTC,1,2,3.58,0.64,24.2,73,Safe
2026-04-27 10:31:33 UTC,1,1,3.62,0.65,24.2,73.5,Safe
2026-04-27 10:31:43 UTC,1,1,3.57,0.64,24.3,74,Safe
2026-04-27 10:31:53 UTC,1,1,3.63,0.65,24.3,74.3,Safe
2026-04-27 10:32:03 UTC,1,2,3.62,0.65,24.3,74.6,Safe
2026-04-27 10:32:13 UTC,1,3,3.58,0.64,24.4,74.7,Safe
2026-04-27 10:32:23 UTC,1,2,3.62,0.65,24.4,74.9,Safe
2026-04-27 10:32:33 UTC,1,2,3.56,0.64,24.4,75.2,Safe
2026-04-27 10:32:43 UTC,1,1,3.62,0.65,24.5,75.3,Safe
2026-04-27 10:32:53 UTC,1,2,3.57,0.64,24.5,74.4,Safe
2026-04-27 10:33:03 UTC,1,2,3.58,0.64,24.5,72.6,Safe
2026-04-27 10:33:13 UTC,1,1,3.57,0.64,24.4,71,Safe
2026-04-27 10:33:23 UTC,1,1,3.62,0.65,24.4,69.5,Safe
2026-04-27 10:33:33 UTC,1,2,3.62,0.65,24.3,68.3,Safe
2026-04-27 10:33:43 UTC,1,2,3.61,0.65,24.3,67.3,Safe
2026-04-27 10:33:53 UTC,1,2,3.57,0.64,24.2,66.5,Safe
2026-04-27 10:34:03 UTC,1,1,3.57,0.64,24.1,65.8,Safe
2026-04-27 10:34:13 UTC,1,2,3.61,0.65,24.1,65.2,Safe
2026-04-27 10:34:23 UTC,1,1,3.57,0.64,24,65,Safe
2026-04-27 10:34:33 UTC,1,2,3.61,0.65,24,64.4,Safe
2026-04-27 10:34:43 UTC,1,2,3.56,0.64,23.9,63.9,Safe
2026-04-27 10:34:53 UTC,0,1,3.61,0.65,23.9,63.7,Safe
2026-04-27 10:35:03 UTC,0,1,3.57,0.64,23.8,63.4,Safe
2026-04-27 10:35:13 UTC,0,1,3.61,0.65,23.8,63.2,Safe
2026-04-27 10:35:23 UTC,1,2,3.56,0.64,23.7,62.9,Safe
2026-04-27 10:35:33 UTC,0,2,3.58,0.64,23.7,62.7,Safe
2026-04-27 10:35:43 UTC,0,3,3.61,0.65,23.6,63.5,Safe
2026-04-27 10:35:53 UTC,0,3,3.57,0.64,23.6,65.7,Safe
2026-04-27 10:36:03 UTC,1,2,3.61,0.65,23.7,67.8,Safe
2026-04-27 10:36:13 UTC,1,1,3.56,0.64,23.7,69.6,Safe
2026-04-27 10:36:23 UTC,1,1,3.63,0.65,23.7,71.1,Safe
2026-04-27 10:36:33 UTC,1,2,3.58,0.64,23.8,72.4,Safe
2026-04-27 10:36:43 UTC,1,1,3.62,0.65,23.8,73.5,Safe
2026-04-27 10:36:53 UTC,1,2,3.56,0.64,23.9,74.4,Safe
2026-04-27 10:37:03 UTC,1,2,3.6,0.65,24,75,Safe
2026-04-27 10:37:13 UTC,1,2,3.57,0.64,24,75.6,Safe
2026-04-27 10:37:23 UTC,0,1,3.63,0.65,24.1,75.9,Safe
2026-04-27 10:37:33 UTC,0,0,3.54,0.64,24.2,75.9,Safe
2026-04-27 10:37:43 UTC,0,1,3.61,0.65,24.2,75.8,Safe
2026-04-27 10:37:53 UTC,0,1,3.61,0.65,24.3,74.2,Safe
2026-04-27 10:38:03 UTC,0,1,3.56,0.64,24.3,72,Safe
2026-04-27 10:38:13 UTC,0,1,3.61,0.65,24.3,70,Safe
2026-04-27 10:38:23 UTC,0,1,3.54,0.64,24.2,68.3,Safe
2026-04-27 10:38:33 UTC,0,2,3.61,0.65,24.2,67.1,Safe
2026-04-27 10:38:43 UTC,0,1,3.57,0.64,24.1,66.1,Safe
2026-04-27 10:38:53 UTC,0,0,3.6,0.65,24,65.3,Safe
2026-04-27 10:39:03 UTC,0,0,3.55,0.64,24,64.8,Safe
2026-04-27 10:39:13 UTC,0,0,3.61,0.64,23.9,64.5,Safe
2026-04-27 10:39:23 UTC,0,0,3.58,0.64,23.9,63.8,Safe
2026-04-27 10:39:33 UTC,0,0,3.61,0.65,23.8,63.6,Safe
2026-04-27 10:39:43 UTC,0,0,3.56,0.64,23.7,63.2,Safe
2026-04-27 10:39:53 UTC,0,0,3.58,0.64,23.7,62.8,Safe
2026-04-27 10:40:03 UTC,0,0,3.61,0.64,23.6,62.6,Safe
2026-04-27 10:40:13 UTC,0,0,3.56,0.64,23.5,63.7,Safe
2026-04-27 10:40:23 UTC,0,0,3.63,0.65,23.5,65.9,Safe
2026-04-27 10:40:33 UTC,0,2,3.57,0.64,23.6,68,Safe
2026-04-27 10:40:43 UTC,1,2,3.58,0.64,23.6,69.8,Safe
2026-04-27 10:40:53 UTC,1,1,3.56,0.64,23.7,71.1,Safe
2026-04-27 10:41:03 UTC,1,1,3.62,0.65,23.7,72.1,Safe
2026-04-27 10:41:13 UTC,1,2,3.58,0.64,23.8,72.9,Safe
2026-04-27 10:41:23 UTC,0,3,3.6,0.64,23.8,73.5,Safe
2026-04-27 10:41:33 UTC,0,2,3.58,0.64,23.9,73.9,Safe
2026-04-27 10:41:43 UTC,0,2,3.54,0.64,24,74.4,Safe
2026-04-27 10:41:53 UTC,0,1,3.62,0.65,24,74.7,Safe
2026-04-27 10:42:03 UTC,0,1,3.57,0.64,24.1,74.9,Safe
2026-04-27 10:42:13 UTC,0,1,3.61,0.64,24.1,75.1,Safe
2026-04-27 10:42:23 UTC,0,1,3.57,0.64,24.1,75.4,Safe
2026-04-27 10:42:33 UTC,0,1,3.62,0.65,24.2,75.6,Safe
2026-04-27 10:42:43 UTC,0,1,3.58,0.64,24.2,75.6,Safe
2026-04-27 10:42:53 UTC,0,1,3.62,0.65,24.2,74.8,Safe
2026-04-27 10:43:03 UTC,0,1,3.57,0.64,24.2,73.1,Safe
2026-04-27 10:43:13 UTC,0,1,3.61,0.65,24.2,71.3,Safe
2026-04-27 10:43:23 UTC,1,2,3.54,0.64,24.1,69.6,Safe
2026-04-27 10:43:33 UTC,1,1,3.63,0.65,24.1,68.3,Safe
2026-04-27 10:43:43 UTC,1,2,3.6,0.65,24,67.4,Safe
2026-04-27 10:43:53 UTC,1,1,3.56,0.64,24,66.5,Safe
2026-04-27 10:44:03 UTC,1,1,3.6,0.65,23.9,65.8,Safe
2026-04-27 10:44:13 UTC,1,2,3.56,0.64,23.8,65.1,Safe
2026-04-27 10:44:23 UTC,1,2,3.61,0.65,23.8,64.7,Safe
2026-04-27 10:44:33 UTC,1,1,3.56,0.64,23.7,64.2,Safe
2026-04-27 10:44:43 UTC,0,1,3.61,0.65,23.6,63.7,Safe
2026-04-27 10:44:53 UTC,0,1,3.56,0.64,23.6,64.5,Safe
2026-04-27 10:45:03 UTC,0,1,3.6,0.65,23.6,66.5,Safe
2026-04-27 10:45:13 UTC,0,1,3.61,0.65,23.6,68.7,Safe
2026-04-27 10:45:23 UTC,0,0,3.61,0.65,23.6,70.3,Safe
2026-04-27 10:45:33 UTC,1,2,3.61,0.65,23.7,71.7,Safe
2026-04-27 10:45:43 UTC,1,3,3.58,0.64,23.8,72.8,Safe
2026-04-27 10:45:53 UTC,1,2,3.62,0.65,23.8,73.6,Safe
2026-04-27 10:46:03 UTC,1,1,3.56,0.64,23.8,74.2,Safe
2026-04-27 10:46:13 UTC,1,1,3.61,0.65,23.9,74.8,Safe
2026-04-27 10:46:23 UTC,0,0,3.57,0.64,23.9,75.1,Safe
2026-04-27 10:46:33 UTC,0,2,3.62,0.65,24,75.3,Safe
2026-04-27 10:46:43 UTC,0,2,3.56,0.64,24,75.7,Safe
2026-04-27 10:46:53 UTC,0,2,3.61,0.65,24.1,75.7,Safe
2026-04-27 10:47:03 UTC,0,1,3.57,0.64,24.2,76,Safe
2026-04-27 10:47:13 UTC,0,0,3.59,0.64,24.2,76.1,Safe
2026-04-27 10:47:23 UTC,0,0,3.63,0.65,24.2,76.1,Safe
2026-04-27 10:47:33 UTC,0,0,3.57,0.64,24.2,74.6,Safe
2026-04-27 10:47:43 UTC,0,1,3.62,0.65,24.2,72.5,Safe
2026-04-27 10:47:53 UTC,0,1,3.56,0.64,24.2,70.7,Safe
2026-04-27 10:48:03 UTC,0,1,3.62,0.65,24.1,69.3,Safe
2026-04-27 10:48:13 UTC,1,1,3.56,0.64,24.1,68.3,Safe
2026-04-27 10:48:23 UTC,0,0,3.62,0.65,24,67.2,Safe
2026-04-27 10:48:33 UTC,0,0,3.57,0.64,23.9,66.4,Safe
2026-04-27 10:48:43 UTC,0,1,3.62,0.65,23.9,65.9,Safe
2026-04-27 10:48:53 UTC,0,1,3.56,0.64,23.8,65.3,Safe
2026-04-27 10:49:03 UTC,0,1,3.61,0.65,23.8,64.9,Safe
2026-04-27 10:49:13 UTC,1,1,3.57,0.64,23.7,64.4,Safe
2026-04-27 10:49:23 UTC,1,2,3.61,0.65,23.6,64,Safe
2026-04-27 10:49:33 UTC,1,1,3.61,0.65,23.6,63.7,Safe
2026-04-27 10:49:43 UTC,0,0,3.54,0.64,23.5,63.4,Safe
2026-04-27 10:49:53 UTC,0,1,3.61,0.65,23.5,63,Safe
2026-04-27 10:50:03 UTC,0,1,3.56,0.64,23.4,62.7,Safe
2026-04-27 10:50:13 UTC,1,1,3.6,0.64,23.4,62.4,Safe
2026-04-27 10:50:23 UTC,1,1,3.53,0.63,23.3,62,Safe
2026-04-27 10:50:33 UTC,0,1,3.59,0.65,23.3,61.7,Safe
2026-04-27 10:50:43 UTC,0,1,3.56,0.64,23.2,61.5,Safe
2026-04-27 10:50:53 UTC,0,1,3.58,0.64,23.2,61.3,Safe
2026-04-27 10:51:03 UTC,0,0,3.61,0.65,23.2,61,Safe
2026-04-27 10:51:13 UTC,0,1,3.6,0.64,23.1,60.7,Safe
2026-04-27 10:51:23 UTC,0,1,3.56,0.64,23.1,60.4,Safe
2026-04-27 10:51:33 UTC,0,0,3.56,0.64,23.1,60.1,Safe
2026-04-27 10:51:43 UTC,0,1,3.59,0.64,23,59.8,Safe
2026-04-27 10:51:53 UTC,0,1,3.55,0.64,22.9,59.6,Safe
2026-04-27 10:52:03 UTC,0,1,3.58,0.64,22.9,59.4,Safe
2026-04-27 10:52:13 UTC,0,1,3.54,0.63,22.8,59.3,Safe
2026-04-27 10:52:23 UTC,0,0,3.6,0.64,22.8,59.1,Safe
2026-04-27 10:52:33 UTC,0,0,3.57,0.64,22.8,58.9,Safe
2026-04-27 10:52:43 UTC,0,0,3.6,0.65,22.7,58.8,Safe
2026-04-27 10:52:53 UTC,0,1,3.55,0.64,22.7,58.7,Safe
2026-04-27 10:53:03 UTC,0,1,3.6,0.64,22.6,58.7,Safe
2026-04-27 10:53:13 UTC,0,1,3.6,0.64,22.6,58.5,Safe
2026-04-27 10:53:23 UTC,0,0,3.58,0.64,22.5,58.3,Safe
2026-04-27 10:53:33 UTC,0,0,3.6,0.64,22.5,58,Safe
2026-04-27 10:53:43 UTC,0,0,3.56,0.64,22.5,57.8,Safe
2026-04-27 10:53:53 UTC,0,0,3.58,0.64,22.5,57.7,Safe
2026-04-27 10:54:03 UTC,0,0,3.52,0.63,22.5,57.6,Safe
2026-04-27 10:54:13 UTC,0,0,3.61,0.65,22.4,57.5,Safe
2026-04-27 10:54:23 UTC,0,1,3.54,0.63,22.4,57.3,Safe
2026-04-27 10:54:33 UTC,0,2,3.6,0.64,22.4,57.2,Safe
2026-04-27 10:54:43 UTC,1,1,3.54,0.64,22.4,57,Safe
2026-04-27 10:54:53 UTC,0,0,3.61,0.64,22.4,56.9,Safe
2026-04-27 10:55:03 UTC,0,0,3.55,0.64,22.4,56.8,Safe
2026-04-27 10:55:13 UTC,0,0,3.6,0.64,22.3,56.7,Safe
2026-04-27 10:55:23 UTC,0,0,3.58,0.64,22.3,56.5,Safe
2026-04-27 10:55:33 UTC,0,0,3.54,0.64,22.3,56.4,Safe
2026-04-27 10:55:43 UTC,0,0,3.59,0.64,22.2,56.5,Safe
2026-04-27 10:55:53 UTC,0,0,3.55,0.64,22.2,56.5,Safe
2026-04-27 10:56:03 UTC,0,1,3.58,0.64,22.1,56.5,Safe
2026-04-27 10:56:13 UTC,0,1,3.55,0.64,22.1,56.6,Safe
2026-04-27 10:56:23 UTC,0,0,3.58,0.64,22,56.4,Safe
2026-04-27 10:56:33 UTC,0,0,3.55,0.64,22,56.4,Safe
2026-04-27 10:56:43 UTC,0,2,3.59,0.65,22,56.3,Safe
2026-04-27 10:56:53 UTC,0,2,3.55,0.64,21.9,56.3,Safe
2026-04-27 10:57:03 UTC,0,1,3.58,0.64,21.9,56.3,Safe
2026-04-27 10:57:13 UTC,0,1,3.54,0.64,21.9,56.2,Safe
2026-04-27 10:57:23 UTC,0,0,3.54,0.64,21.8,56.1,Safe
2026-04-27 10:57:33 UTC,0,0,3.59,0.64,21.9,56.3,Safe
2026-04-27 10:57:43 UTC,0,0,3.55,0.64,21.8,56.4,Safe
2026-04-27 10:57:53 UTC,0,0,3.6,0.64,21.8,56.5,Safe
2026-04-27 10:58:03 UTC,0,0,3.56,0.64,21.8,56.6,Safe
2026-04-27 10:58:13 UTC,0,0,3.59,0.64,21.8,56.7,Safe
2026-04-27 10:58:23 UTC,0,1,3.54,0.64,21.7,56.5,Safe
2026-04-27 10:58:33 UTC,0,0,3.58,0.64,21.7,56.3,Safe
2026-04-27 10:58:43 UTC,0,0,3.54,0.64,21.7,56.2,Safe
2026-04-27 10:58:53 UTC,0,0,3.59,0.64,21.6,56.2,Safe
2026-04-27 10:59:03 UTC,0,0,3.58,0.64,21.6,56.1,Safe
2026-04-27 10:59:13 UTC,0,0,3.6,0.64,21.6,56.1,Safe
2026-04-27 10:59:23 UTC,0,0,3.54,0.64,21.5,55.9,Safe
2026-04-27 10:59:33 UTC,0,0,3.55,0.64,21.5,55.9,Safe
2026-04-27 10:59:43 UTC,0,1,3.58,0.64,21.5,55.6,Safe
2026-04-27 10:59:53 UTC,0,3,3.55,0.64,21.5,55.6,Safe
2026-04-27 11:00:03 UTC,0,2,3.58,0.64,21.4,55.5,Safe
2026-04-27 11:00:13 UTC,0,2,3.55,0.64,21.4,55.4,Safe
2026-04-27 11:00:23 UTC,1,1,3.6,0.64,21.4,55.3,Safe
2026-04-27 11:00:33 UTC,1,1,3.54,0.64,21.3,55.3,Safe
2026-04-27 11:00:43 UTC,0,0,3.58,0.64,21.3,55.2,Safe
2026-04-27 11:00:53 UTC,0,0,3.55,0.64,21.3,55.2,Safe
2026-04-27 11:01:03 UTC,0,1,3.58,0.64,21.3,55.3,Safe
2026-04-27 11:01:13 UTC,0,2,3.58,0.64,21.2,55,Safe
2026-04-27 11:01:23 UTC,0,1,3.6,0.64,21.2,54.9,Safe
2026-04-27 11:01:33 UTC,0,1,3.6,0.64,21.2,54.8,Safe
2026-04-27 11:01:43 UTC,1,2,3.55,0.64,21.2,54.7,Safe
2026-04-27 11:01:53 UTC,0,1,3.59,0.64,21.1,54.7,Safe
2026-04-27 11:02:03 UTC,0,1,3.54,0.64,21.1,54.7,Safe
2026-04-27 11:02:13 UTC,0,1,3.6,0.64,21.1,54.6,Safe
2026-04-27 11:02:23 UTC,0,1,3.54,0.64,21.1,54.5,Safe
2026-04-27 11:02:33 UTC,0,1,3.59,0.64,21.1,54.7,Safe
2026-04-27 11:02:43 UTC,0,1,3.55,0.64,21,54.7,Safe
2026-04-27 11:02:53 UTC,0,1,3.58,0.64,21,54.7,Safe
2026-04-27 11:03:03 UTC,0,0,3.54,0.64,21,54.9,Safe
2026-04-27 11:03:13 UTC,0,0,3.6,0.64,21,54.9,Safe
2026-04-27 11:03:23 UTC,0,0,3.6,0.64,21,54.8,Safe
2026-04-27 11:03:33 UTC,0,1,3.54,0.64,21,54.7,Safe
2026-04-27 11:03:43 UTC,0,1,3.59,0.64,21,54.7,Safe
2026-04-27 11:03:53 UTC,1,2,3.55,0.64,20.9,54.7,Safe
2026-04-27 11:04:03 UTC,1,2,3.6,0.64,20.9,54.6,Safe
2026-04-27 11:04:13 UTC,1,2,3.53,0.63,20.9,54.6,Safe
2026-04-27 11:04:23 UTC,0,2,3.59,0.64,20.9,54.6,Safe
2026-04-27 11:04:33 UTC,0,3,3.55,0.64,20.9,54.5,Safe
2026-04-27 11:04:43 UTC,0,1,3.59,0.64,20.9,54.5,Safe
2026-04-27 11:04:53 UTC,0,1,3.54,0.64,20.9,54.5,Safe
2026-04-27 11:05:03 UTC,0,1,3.58,0.64,20.8,54.5,Safe
2026-04-27 11:05:13 UTC,0,1,3.54,0.64,20.8,54.4,Safe
2026-04-27 11:05:23 UTC,0,1,3.6,0.64,20.8,54.4,Safe
2026-04-27 11:05:33 UTC,0,2,3.59,0.64,20.7,54.4,Safe
2026-04-27 11:05:43 UTC,0,2,3.55,0.64,20.7,54.3,Safe
2026-04-27 11:05:53 UTC,0,2,3.56,0.64,20.7,54.3,Safe
2026-04-27 11:06:03 UTC,0,2,3.54,0.64,20.7,54.2,Safe
2026-04-27 11:06:13 UTC,0,2,3.6,0.64,20.7,54.1,Safe
2026-04-27 11:06:23 UTC,0,2,3.55,0.64,20.7,54.1,Safe
2026-04-27 11:06:33 UTC,0,1,3.59,0.64,20.7,53.9,Safe
2026-04-27 11:06:43 UTC,0,0,3.54,0.64,20.6,53.9,Safe
2026-04-27 11:06:53 UTC,0,0,3.59,0.64,20.6,53.9,Safe
2026-04-27 11:07:03 UTC,0,0,3.6,0.64,20.6,53.9,Safe
2026-04-27 11:07:13 UTC,0,0,3.58,0.64,20.6,53.8,Safe
2026-04-27 11:07:23 UTC,0,0,3.54,0.64,20.6,53.8,Safe
2026-04-27 11:07:33 UTC,0,0,3.54,0.64,20.6,53.8,Safe
2026-04-27 11:07:43 UTC,0,0,3.57,0.64,20.5,53.6,Safe
2026-04-27 11:07:53 UTC,1,1,3.54,0.64,20.5,53.6,Safe
2026-04-27 11:08:03 UTC,0,0,3.58,0.64,20.5,53.6,Safe
2026-04-27 11:08:13 UTC,0,0,3.55,0.64,20.5,53.5,Safe
2026-04-27 11:08:23 UTC,0,0,3.58,0.64,20.5,53.5,Safe
2026-04-27 11:08:33 UTC,0,0,3.54,0.64,20.5,53.6,Safe
2026-04-27 11:08:43 UTC,0,1,3.58,0.64,20.5,53.5,Safe
2026-04-27 11:08:53 UTC,0,1,3.54,0.63,20.4,53.5,Safe
2026-04-27 11:09:03 UTC,0,2,3.6,0.64,20.4,53.5,Safe
2026-04-27 11:09:13 UTC,0,1,3.58,0.64,20.4,53.4,Safe
2026-04-27 11:09:23 UTC,1,1,3.59,0.64,20.4,53.4,Safe
2026-04-27 11:09:33 UTC,1,2,3.58,0.64,20.4,53.4,Safe
2026-04-27 11:09:43 UTC,1,1,3.54,0.64,20.3,53.4,Safe
2026-04-27 11:09:53 UTC,2,2,3.59,0.64,20.4,53.4,Safe
2026-04-27 11:10:03 UTC,2,2,3.52,0.63,20.3,53.4,Safe
2026-04-27 11:10:13 UTC,0,3,3.58,0.64,20.3,53.5,Safe
2026-04-27 11:10:23 UTC,0,2,3.55,0.64,20.4,53.4,Safe
2026-04-27 11:10:33 UTC,0,1,3.6,0.64,20.3,53.4,Safe
2026-04-27 11:10:43 UTC,0,1,3.54,0.64,20.3,53.3,Safe
2026-04-27 11:10:53 UTC,0,1,3.59,0.64,20.3,53.2,Safe
2026-04-27 11:11:03 UTC,0,0,3.54,0.64,20.3,53.4,Safe
2026-04-27 11:11:13 UTC,0,0,3.59,0.64,20.3,53.3,Safe
2026-04-27 11:11:23 UTC,1,1,3.57,0.64,20.3,53.2,Safe
2026-04-27 11:11:33 UTC,1,1,3.58,0.64,20.3,53.2,Safe
2026-04-27 11:11:43 UTC,0,0,3.58,0.64,20.3,53.2,Safe
2026-04-27 11:11:53 UTC,0,1,3.52,0.63,20.4,53.2,Safe
2026-04-27 11:12:03 UTC,0,1,3.59,0.64,20.4,53,Safe
2026-04-27 11:12:13 UTC,0,1,3.54,0.64,20.4,53,Safe
2026-04-27 11:12:23 UTC,0,2,3.59,0.64,20.4,53,Safe
2026-04-27 11:12:33 UTC,0,2,3.53,0.64,20.4,52.9,Safe
2026-04-27 11:12:43 UTC,0,1,3.58,0.64,20.4,52.8,Safe
2026-04-27 11:12:53 UTC,0,1,3.55,0.64,20.4,52.6,Safe
2026-04-27 11:13:03 UTC,0,1,3.58,0.64,20.4,52.6,Safe
2026-04-27 11:13:13 UTC,0,1,3.54,0.64,20.4,52.6,Safe
2026-04-27 11:13:23 UTC,0,2,3.58,0.64,20.4,52.5,Safe
2026-04-27 11:13:33 UTC,0,2,3.6,0.64,20.4,52.4,Safe
2026-04-27 11:13:43 UTC,0,3,3.54,0.64,20.4,52.3,Safe
2026-04-27 11:13:53 UTC,0,2,3.59,0.64,20.4,52.2,Safe
2026-04-27 11:14:03 UTC,0,0,3.54,0.64,20.5,52.1,Safe
2026-04-27 11:14:13 UTC,0,1,3.59,0.64,20.5,52,Safe
2026-04-27 11:14:23 UTC,0,1,3.54,0.64,20.5,52,Safe
2026-04-27 11:14:33 UTC,0,0,3.59,0.64,20.5,51.9,Safe
2026-04-27 11:14:43 UTC,0,0,3.55,0.64,20.5,52.1,Safe
2026-04-27 11:14:53 UTC,0,0,3.57,0.64,20.5,52.2,Safe
2026-04-27 11:15:03 UTC,0,0,3.53,0.63,20.5,52.1,Safe
2026-04-27 11:15:13 UTC,0,0,3.59,0.64,20.5,52.1,Safe
2026-04-27 11:15:23 UTC,0,0,3.54,0.63,20.5,52,Safe
2026-04-27 11:15:33 UTC,0,0,3.59,0.64,20.5,52.1,Safe
2026-04-27 11:15:43 UTC,1,1,3.6,0.64,20.5,52,Safe
2026-04-27 11:15:53 UTC,0,0,3.56,0.64,20.5,52.2,Safe
2026-04-27 11:16:03 UTC,0,1,3.58,0.64,20.5,52.2,Safe
2026-04-27 11:16:13 UTC,1,1,3.54,0.63,20.5,52.2,Safe
2026-04-27 11:16:23 UTC,1,1,3.59,0.64,20.5,52.4,Safe
2026-04-27 11:16:33 UTC,1,1,3.54,0.64,20.5,52.4,Safe
2026-04-27 11:16:43 UTC,1,2,3.59,0.64,20.5,52.4,Safe
2026-04-27 11:16:53 UTC,1,2,3.53,0.63,20.5,52.5,Safe
2026-04-27 11:17:03 UTC,1,1,3.58,0.64,20.4,52.4,Safe
2026-04-27 11:17:13 UTC,0,1,3.6,0.64,20.4,52.4,Safe
2026-04-27 11:17:23 UTC,0,2,3.57,0.64,20.4,52.4,Safe
2026-04-27 11:17:33 UTC,0,2,3.54,0.63,20.4,52.4,Safe
2026-04-27 11:17:43 UTC,1,2,3.54,0.64,20.4,52.4,Safe
2026-04-27 11:17:53 UTC,1,1,3.6,0.64,20.4,52.3,Safe
2026-04-27 11:18:03 UTC,1,1,3.54,0.64,20.4,52.4,Safe
2026-04-27 11:18:13 UTC,0,0,3.58,0.64,20.4,52.4,Safe
2026-04-27 11:18:23 UTC,0,1,3.54,0.63,20.4,52.3,Safe
2026-04-27 11:18:33 UTC,0,2,3.6,0.64,20.4,52.2,Safe
2026-04-27 11:18:43 UTC,0,1,3.55,0.64,20.4,52.2,Safe
2026-04-27 11:18:53 UTC,0,1,3.56,0.64,20.4,52.3,Safe
2026-04-27 11:19:03 UTC,0,1,3.54,0.64,20.4,52.3,Safe
2026-04-27 11:19:13 UTC,0,1,3.57,0.64,20.4,52.2,Safe
2026-04-27 11:19:23 UTC,1,2,3.6,0.64,20.4,52.2,Safe
2026-04-27 11:19:33 UTC,1,2,3.58,0.64,20.4,52.1,Safe
2026-04-27 11:19:43 UTC,1,1,3.58,0.64,20.4,52.1,Safe
2026-04-27 11:19:53 UTC,1,2,3.54,0.64,20.3,52.1,Safe
2026-04-27 11:20:03 UTC,1,2,3.58,0.64,20.3,52,Safe
2026-04-27 11:20:13 UTC,1,1,3.54,0.64,20.4,51.9,Safe
2026-04-27 11:20:23 UTC,1,1,3.59,0.64,20.3,51.9,Safe
2026-04-27 11:20:33 UTC,1,1,3.51,0.63,20.3,51.8,Safe
2026-04-27 11:20:43 UTC,0,0,3.59,0.64,20.3,51.9,Safe
2026-04-27 11:20:53 UTC,0,0,3.55,0.64,20.3,51.9,Safe
2026-04-27 11:21:03 UTC,0,1,3.6,0.64,20.3,52.1,Safe
2026-04-27 11:21:13 UTC,0,1,3.52,0.63,20.3,52.7,Safe
2026-04-27 11:21:23 UTC,0,0,3.58,0.64,20.4,53.1,Safe
2026-04-27 11:21:33 UTC,0,1,3.57,0.64,20.3,53.6,Safe
2026-04-27 11:21:43 UTC,0,0,3.54,0.64,20.4,54.3,Safe
2026-04-27 11:21:53 UTC,0,0,3.57,0.64,20.4,54.8,Safe
2026-04-27 11:22:03 UTC,0,0,3.55,0.64,20.4,55.1,Safe
2026-04-27 11:22:13 UTC,1,1,3.58,0.64,20.5,55.3,Safe
2026-04-27 11:22:23 UTC,1,1,3.52,0.63,20.5,55.5,Safe
2026-04-27 11:22:33 UTC,0,1,3.59,0.64,20.5,55.7,Safe
2026-04-27 11:22:43 UTC,0,1,3.54,0.64,20.6,55.8,Safe
2026-04-27 11:22:53 UTC,0,0,3.58,0.64,20.6,55.9,Safe
2026-04-27 11:23:03 UTC,0,0,3.54,0.63,20.6,56.1,Safe
2026-04-27 11:23:13 UTC,0,0,3.59,0.64,20.6,56.1,Safe
2026-04-27 11:23:23 UTC,0,0,3.54,0.64,20.6,56.2,Safe
2026-04-27 11:23:33 UTC,0,1,3.58,0.64,20.6,56.4,Safe
2026-04-27 11:23:43 UTC,0,1,3.6,0.64,20.7,56.6,Safe
2026-04-27 11:23:53 UTC,0,1,3.54,0.64,20.7,56.7,Safe
2026-04-27 11:24:03 UTC,0,2,3.59,0.64,20.7,56.9,Safe
2026-04-27 11:24:13 UTC,1,1,3.54,0.64,20.7,57.1,Safe
2026-04-27 11:24:23 UTC,0,0,3.59,0.64,20.7,57.3,Safe
2026-04-27 11:24:33 UTC,0,0,3.54,0.64,20.8,57.4,Safe
2026-04-27 11:24:43 UTC,0,0,3.57,0.64,20.8,57.6,Safe
2026-04-27 11:24:53 UTC,0,0,3.54,0.64,20.8,57.6,Safe
2026-04-27 11:25:03 UTC,0,0,3.6,0.64,20.8,57.2,Safe
2026-04-27 11:25:13 UTC,1,1,3.5,0.63,20.9,57,Safe
2026-04-27 11:25:23 UTC,0,1,3.59,0.64,20.9,56.7,Safe
2026-04-27 11:25:33 UTC,0,1,3.54,0.63,20.9,56.5,Safe
2026-04-27 11:25:43 UTC,0,1,3.55,0.64,20.9,56.2,Safe
2026-04-27 11:25:53 UTC,0,1,3.58,0.64,20.9,56,Safe
2026-04-27 11:26:03 UTC,0,1,3.54,0.64,20.9,56.2,Safe
2026-04-27 11:26:13 UTC,1,1,3.58,0.64,20.9,56.6,Safe
2026-04-27 11:26:23 UTC,0,0,3.54,0.63,21,56.8,Safe
2026-04-27 11:26:33 UTC,0,0,3.6,0.64,21,57.2,Safe
2026-04-27 11:26:43 UTC,0,0,3.55,0.64,21,57.7,Safe
2026-04-27 11:26:53 UTC,1,1,3.59,0.64,21,58.1,Safe
2026-04-27 11:27:03 UTC,0,0,3.52,0.63,21,58.4,Safe
2026-04-27 11:27:13 UTC,0,1,3.59,0.64,21,58.3,Safe
2026-04-27 11:27:23 UTC,0,1,3.57,0.64,21,58.3,Safe
2026-04-27 11:27:33 UTC,0,1,3.59,0.64,21,58.6,Safe
2026-04-27 11:27:43 UTC,0,1,3.55,0.64,21,58.8,Safe
2026-04-27 11:27:53 UTC,0,2,3.54,0.64,21,58.8,Safe
2026-04-27 11:28:03 UTC,0,2,3.59,0.64,21,58.8,Safe
2026-04-27 11:28:13 UTC,0,2,3.54,0.63,21,58.8,Safe
2026-04-27 11:28:23 UTC,0,1,3.57,0.64,21,58.9,Safe
2026-04-27 11:28:33 UTC,0,1,3.55,0.64,21,59.2,Safe
2026-04-27 11:28:43 UTC,0,1,3.59,0.64,21,59.4,Safe
2026-04-27 11:28:53 UTC,0,1,3.54,0.64,21,59.1,Safe
2026-04-27 11:29:03 UTC,0,1,3.6,0.64,21,59,Safe
2026-04-27 11:29:13 UTC,0,0,3.54,0.63,21,58.7,Safe
2026-04-27 11:29:23 UTC,0,0,3.58,0.64,21,58.6,Safe
2026-04-27 11:29:33 UTC,0,0,3.59,0.64,21,58.7,Safe
2026-04-27 11:29:43 UTC,0,0,3.58,0.64,21,58.8,Safe
2026-04-27 11:29:53 UTC,0,0,3.58,0.64,21,58.7,Safe
2026-04-27 11:30:03 UTC,0,1,3.55,0.64,21,58.7,Safe
2026-04-27 11:30:13 UTC,0,0,3.58,0.64,21,59.7,Safe
2026-04-27 11:30:23 UTC,0,0,3.54,0.64,21,60.3,Safe
2026-04-27 11:30:33 UTC,0,0,3.59,0.64,21,60.7,Safe
2026-04-27 11:30:43 UTC,0,0,3.54,0.64,21,61.1,Safe
2026-04-27 11:30:53 UTC,0,0,3.6,0.64,21.1,61.4,Safe
2026-04-27 11:31:03 UTC,0,1,3.52,0.63,21.1,61.3,Safe
2026-04-27 11:31:13 UTC,0,0,3.58,0.64,21.1,61.2,Safe
2026-04-27 11:31:23 UTC,0,0,3.55,0.63,21.1,60.8,Safe
2026-04-27 11:31:33 UTC,0,0,3.58,0.64,21.1,60.5,Safe
2026-04-27 11:31:43 UTC,0,0,3.59,0.64,21.1,60.2,Safe
2026-04-27 11:31:53 UTC,0,0,3.54,0.64,21.1,60.1,Safe
2026-04-27 11:32:03 UTC,0,0,3.59,0.64,21.1,59.8,Safe
2026-04-27 11:32:13 UTC,0,0,3.55,0.63,21.1,60.3,Safe
2026-04-27 11:32:23 UTC,0,0,3.6,0.64,21.1,61.8,Safe
2026-04-27 11:32:33 UTC,0,1,3.55,0.64,21.2,63.4,Safe
2026-04-27 11:32:43 UTC,0,2,3.58,0.64,21.2,64.9,Safe
2026-04-27 11:32:53 UTC,0,1,3.54,0.63,21.3,66.1,Safe
2026-04-27 11:33:03 UTC,0,0,3.58,0.64,21.4,67.4,Safe
2026-04-27 11:33:13 UTC,0,0,3.56,0.64,21.4,68.3,Safe
2026-04-27 11:33:23 UTC,0,1,3.59,0.64,21.5,69,Safe
2026-04-27 11:33:33 UTC,0,1,3.54,0.63,21.5,69.6,Safe
2026-04-27 11:33:43 UTC,0,1,3.58,0.64,21.6,70,Safe
2026-04-27 11:33:53 UTC,0,1,3.61,0.64,21.6,70.4,Safe
2026-04-27 11:34:03 UTC,0,0,3.57,0.64,21.7,70.5,Safe
2026-04-27 11:34:13 UTC,0,0,3.61,0.64,21.7,70.9,Safe
2026-04-27 11:34:23 UTC,0,0,3.57,0.63,21.8,71.1,Safe
2026-04-27 11:34:33 UTC,0,0,3.62,0.64,21.8,71.4,Safe
2026-04-27 11:34:43 UTC,0,0,3.56,0.64,21.9,71.3,Safe
2026-04-27 11:34:53 UTC,0,0,3.61,0.64,22,70.9,Safe
2026-04-27 11:35:03 UTC,0,0,3.55,0.64,22.1,70.3,Safe
2026-04-27 11:35:13 UTC,0,1,3.59,0.64,22.2,70.1,Safe
2026-04-27 11:35:23 UTC,0,0,3.6,0.64,22.2,69.8,Safe
2026-04-27 11:35:33 UTC,0,0,3.6,0.64,22.3,69.6,Safe
2026-04-27 11:35:43 UTC,0,0,3.58,0.64,22.3,69.4,Safe
2026-04-27 11:35:53 UTC,0,0,3.56,0.64,22.4,69.2,Safe
2026-04-27 11:36:03 UTC,0,0,3.6,0.64,22.5,69.1,Safe
2026-04-27 11:36:13 UTC,0,0,3.53,0.63,22.6,69.4,Safe
2026-04-27 11:36:23 UTC,0,0,3.59,0.64,22.7,69.7,Safe
2026-04-27 11:36:33 UTC,0,1,3.55,0.64,22.8,70.1,Safe
2026-04-27 11:36:43 UTC,0,0,3.6,0.64,22.8,70,Safe
2026-04-27 11:36:53 UTC,0,0,3.56,0.64,22.9,70.1,Safe
2026-04-27 11:37:03 UTC,0,0,3.59,0.64,23,70.1,Safe
2026-04-27 11:37:13 UTC,0,0,3.56,0.64,23,69.8,Safe
2026-04-27 11:37:23 UTC,0,1,3.61,0.64,23.1,70,Safe
2026-04-27 11:37:33 UTC,0,1,3.61,0.64,23.2,70,Safe
2026-04-27 11:37:43 UTC,0,1,3.56,0.64,23.2,69.9,Safe
2026-04-27 11:37:53 UTC,0,1,3.63,0.64,23.3,70.1,Safe
2026-04-27 11:38:03 UTC,0,1,3.57,0.64,23.4,70,Safe
2026-04-27 11:38:13 UTC,0,0,3.61,0.64,23.4,70.1,Safe
2026-04-27 11:38:23 UTC,0,0,3.54,0.63,23.5,70.1,Safe
2026-04-27 11:38:33 UTC,0,0,3.62,0.64,23.6,70.1,Safe
2026-04-27 11:38:43 UTC,0,0,3.56,0.64,23.6,70.1,Safe
2026-04-27 11:38:53 UTC,0,0,3.62,0.64,23.7,70.2,Safe
2026-04-27 11:39:03 UTC,0,1,3.62,0.64,23.7,70.5,Safe
2026-04-27 11:39:13 UTC,0,1,3.62,0.64,23.8,70.4,Safe
2026-04-27 11:39:23 UTC,0,1,3.6,0.64,23.8,70.5,Safe
2026-04-27 11:39:33 UTC,0,1,3.54,0.63,23.9,70.3,Safe
2026-04-27 11:39:43 UTC,0,1,3.63,0.64,24,70.1,Safe
2026-04-27 11:39:53 UTC,0,1,3.54,0.63,24,70.4,Safe
2026-04-27 11:40:03 UTC,0,1,3.63,0.65,24.1,70.5,Safe
2026-04-27 11:40:13 UTC,0,2,3.56,0.64,24.1,70.3,Safe
2026-04-27 11:40:23 UTC,0,0,3.62,0.64,24.2,70.3,Safe
2026-04-27 11:40:33 UTC,0,0,3.54,0.64,24.2,70.3,Safe
2026-04-27 11:40:43 UTC,0,1,3.62,0.65,24.3,70.5,Safe
2026-04-27 11:40:53 UTC,0,0,3.57,0.64,24.3,70.6,Safe
2026-04-27 11:41:03 UTC,0,1,3.63,0.65,24.4,70.6,Safe
2026-04-27 11:41:13 UTC,0,0,3.62,0.64,24.4,70.8,Safe
2026-04-27 11:41:23 UTC,0,0,3.58,0.64,24.5,70.9,Safe
2026-04-27 11:41:33 UTC,0,0,3.62,0.64,24.6,71.2,Safe
2026-04-27 11:41:43 UTC,0,1,3.57,0.64,24.6,71,Safe
2026-04-27 11:41:53 UTC,0,1,3.62,0.64,24.7,70.5,Safe
2026-04-27 11:42:03 UTC,0,0,3.56,0.64,24.7,70,Safe
2026-04-27 11:42:13 UTC,0,1,3.61,0.65,24.8,70.4,Safe
2026-04-27 11:42:23 UTC,1,1,3.57,0.64,24.8,71,Safe
2026-04-27 11:42:33 UTC,0,0,3.62,0.64,24.9,71.1,Safe
2026-04-27 11:42:43 UTC,0,0,3.63,0.64,24.9,70.9,Safe
2026-04-27 11:42:53 UTC,0,1,3.6,0.64,25,70.4,Safe
2026-04-27 11:43:03 UTC,0,1,3.56,0.64,25,70.5,Safe
2026-04-27 11:43:13 UTC,0,0,3.58,0.64,25.1,70.7,Safe
2026-04-27 11:43:23 UTC,0,0,3.61,0.64,25.1,70.8,Safe
2026-04-27 11:43:33 UTC,0,1,3.57,0.64,25.1,70.4,Safe
2026-04-27 11:43:43 UTC,0,1,3.6,0.64,25.2,70.2,Safe
2026-04-27 11:43:53 UTC,0,3,3.57,0.64,25.3,70.3,Safe
2026-04-27 11:44:03 UTC,1,1,3.63,0.65,25.3,70.5,Safe
2026-04-27 11:44:13 UTC,1,1,3.55,0.64,25.3,70.7,Safe
2026-04-27 11:44:23 UTC,1,1,3.61,0.65,25.4,71.2,Safe
2026-04-27 11:44:33 UTC,0,1,3.57,0.64,25.4,71.6,Safe
2026-04-27 11:44:43 UTC,0,1,3.6,0.64,25.5,71.6,Safe
2026-04-27 11:44:53 UTC,0,1,3.61,0.64,25.5,71.6,Safe
2026-04-27 11:45:03 UTC,0,1,3.58,0.64,25.6,71.8,Safe
2026-04-27 11:45:13 UTC,0,0,3.63,0.64,25.6,71.5,Safe
2026-04-27 11:45:23 UTC,0,0,3.57,0.64,25.6,71.3,Safe
2026-04-27 11:45:33 UTC,0,1,3.62,0.64,25.6,71.4,Safe
2026-04-27 11:45:43 UTC,0,1,3.55,0.64,25.7,71.5,Safe
2026-04-27 11:45:53 UTC,0,0,3.61,0.65,25.7,71.5,Safe
2026-04-27 11:46:03 UTC,0,1,3.58,0.64,25.7,71.5,Safe
2026-04-27 11:46:13 UTC,0,4,3.62,0.64,25.8,71.4,Safe
2026-04-27 11:46:23 UTC,0,1,3.55,0.64,25.8,71.2,Safe
2026-04-27 11:46:33 UTC,0,1,3.61,0.64,25.8,71.1,Safe
2026-04-27 11:46:43 UTC,0,1,3.58,0.64,25.8,70.8,Safe
2026-04-27 11:46:53 UTC,0,2,3.63,0.64,25.9,70.6,Safe
2026-04-27 11:47:03 UTC,0,1,3.6,0.64,26,70.5,Safe
2026-04-27 11:47:13 UTC,0,1,3.58,0.64,26,70.4,Safe
2026-04-27 11:47:23 UTC,0,0,3.6,0.64,26,70.3,Safe
2026-04-27 11:47:33 UTC,0,0,3.58,0.64,26,70.4,Safe
2026-04-27 11:47:43 UTC,0,0,3.64,0.65,26.1,70,Safe
2026-04-27 11:47:53 UTC,0,2,3.56,0.63,26.1,69.9,Safe
2026-04-27 11:48:03 UTC,0,2,3.65,0.64,26.1,69.6,Safe
2026-04-27 11:48:13 UTC,0,1,3.58,0.64,26.2,69.6,Safe
2026-04-27 11:48:23 UTC,0,2,3.62,0.64,26.2,69.5,Safe
2026-04-27 11:48:33 UTC,0,1,3.64,0.64,26.2,69.2,Safe
2026-04-27 11:48:43 UTC,0,1,3.62,0.64,26.3,69,Safe
2026-04-27 11:48:53 UTC,0,1,3.64,0.64,26.3,68.7,Safe
2026-04-27 11:49:03 UTC,0,0,3.57,0.64,26.3,68.5,Safe
2026-04-27 11:49:13 UTC,0,1,3.64,0.65,26.4,68.6,Safe
2026-04-27 11:49:23 UTC,0,2,3.58,0.64,26.4,68.7,Safe
2026-04-27 11:49:33 UTC,0,2,3.63,0.64,26.4,68.8,Safe
2026-04-27 11:49:43 UTC,0,2,3.58,0.64,26.4,69.1,Safe
2026-04-27 11:49:53 UTC,0,2,3.62,0.64,26.5,69.1,Safe
2026-04-27 11:50:03 UTC,0,1,3.58,0.64,26.5,69.3,Safe
2026-04-27 11:50:13 UTC,0,1,3.6,0.64,26.5,69.4,Safe
2026-04-27 11:50:23 UTC,0,1,3.58,0.64,26.5,69.4,Safe
2026-04-27 11:50:33 UTC,0,1,3.6,0.64,26.5,69.2,Safe
2026-04-27 11:50:43 UTC,0,0,3.63,0.64,26.6,69,Safe
2026-04-27 11:50:53 UTC,0,1,3.58,0.64,26.6,68.9,Safe
2026-04-27 11:51:03 UTC,1,2,3.62,0.64,26.6,68.6,Safe
2026-04-27 11:51:13 UTC,0,2,3.58,0.64,26.6,68.5,Safe
2026-04-27 11:51:23 UTC,0,1,3.63,0.65,26.6,68.9,Safe
2026-04-27 11:51:33 UTC,0,1,3.57,0.64,26.7,69.2,Safe
2026-04-27 11:51:43 UTC,1,1,3.63,0.64,26.7,69.3,Safe
2026-04-27 11:51:53 UTC,1,2,3.58,0.64,26.7,69.1,Safe
2026-04-27 11:52:03 UTC,0,2,3.63,0.65,26.7,69.4,Safe
2026-04-27 11:52:13 UTC,0,2,3.58,0.64,26.7,69.5,Safe
2026-04-27 11:52:23 UTC,1,3,3.62,0.64,26.7,69.3,Safe
2026-04-27 11:52:33 UTC,1,1,3.55,0.63,26.8,69.2,Safe
2026-04-27 11:52:43 UTC,1,1,3.58,0.64,26.8,69.4,Safe
2026-04-27 11:52:53 UTC,0,1,3.63,0.64,26.8,69.3,Safe
2026-04-27 11:53:03 UTC,0,1,3.57,0.64,26.8,69.2,Safe
2026-04-27 11:53:13 UTC,0,1,3.63,0.65,26.9,69.3,Safe
2026-04-27 11:53:23 UTC,0,1,3.58,0.64,26.9,69.3,Safe
2026-04-27 11:53:33 UTC,0,2,3.63,0.65,26.9,69.5,Safe
2026-04-27 11:53:43 UTC,0,1,3.57,0.64,26.9,69.4,Safe
2026-04-27 11:53:53 UTC,0,1,3.62,0.65,26.9,69.5,Safe
2026-04-27 11:54:03 UTC,0,1,3.58,0.64,26.9,69.5,Safe
2026-04-27 11:54:13 UTC,0,2,3.61,0.64,26.9,69.5,Safe
2026-04-27 11:54:23 UTC,0,2,3.61,0.64,27,69.5,Safe
2026-04-27 11:54:33 UTC,0,1,3.64,0.65,27,69.4,Safe
2026-04-27 11:54:43 UTC,0,1,3.63,0.64,27,69.4,Safe
2026-04-27 11:54:53 UTC,0,1,3.58,0.64,27,69.4,Safe
2026-04-27 11:55:03 UTC,0,1,3.63,0.64,27,69.3,Safe
2026-04-27 11:55:13 UTC,0,1,3.57,0.64,27.1,69.4,Safe
2026-04-27 11:55:23 UTC,0,1,3.62,0.65,27.1,69.3,Safe
2026-04-27 11:55:33 UTC,0,2,3.55,0.63,27.1,69.3,Safe
2026-04-27 11:55:43 UTC,0,1,3.63,0.64,27.1,69.3,Safe
2026-04-27 11:55:53 UTC,0,1,3.57,0.64,27.1,69.4,Safe
2026-04-27 11:56:03 UTC,0,1,3.63,0.64,27.1,69.4,Safe
2026-04-27 11:56:13 UTC,0,1,3.57,0.64,27.1,69.4,Safe
2026-04-27 11:56:23 UTC,0,3,3.63,0.64,27.2,69.4,Safe
2026-04-27 11:56:33 UTC,0,2,3.61,0.64,27.2,69.3,Safe
2026-04-27 11:56:43 UTC,0,2,3.58,0.64,27.2,69.4,Safe
2026-04-27 11:56:53 UTC,0,2,3.63,0.65,27.2,69.4,Safe
2026-04-27 11:57:03 UTC,1,2,3.58,0.64,27.2,69.4,Safe
2026-04-27 11:57:13 UTC,0,1,3.64,0.65,27.2,69.3,Safe
2026-04-27 11:57:23 UTC,0,0,3.58,0.64,27.2,69.3,Safe
2026-04-27 11:57:33 UTC,0,0,3.64,0.65,27.2,69.3,Safe
2026-04-27 11:57:43 UTC,1,1,3.58,0.64,27.2,69.2,Safe
2026-04-27 11:57:53 UTC,0,0,3.64,0.64,27.3,69.2,Safe
2026-04-27 11:58:03 UTC,0,1,3.57,0.64,27.3,69.1,Safe
2026-04-27 11:58:13 UTC,0,1,3.62,0.65,27.3,69.1,Safe
2026-04-27 11:58:23 UTC,0,1,3.58,0.64,27.3,69,Safe
2026-04-27 11:58:33 UTC,0,1,3.56,0.63,27.3,68.9,Safe
2026-04-27 11:58:43 UTC,0,0,3.63,0.65,27.3,68.9,Safe
2026-04-27 11:58:53 UTC,0,0,3.56,0.64,27.4,68.9,Safe
2026-04-27 11:59:03 UTC,0,1,3.63,0.65,27.4,68.9,Safe
2026-04-27 11:59:13 UTC,0,1,3.55,0.63,27.4,69,Safe
2026-04-27 11:59:23 UTC,0,1,3.64,0.65,27.4,68.8,Safe
2026-04-27 11:59:33 UTC,0,1,3.58,0.64,27.4,68.7,Safe
2026-04-27 11:59:43 UTC,0,1,3.63,0.65,27.4,68.8,Safe
2026-04-27 11:59:53 UTC,0,0,3.56,0.63,27.5,68.8,Safe
2026-04-27 12:00:03 UTC,0,0,3.62,0.64,27.5,68.8,Safe
2026-04-27 12:00:13 UTC,0,2,3.64,0.65,27.5,68.7,Safe
2026-04-27 12:00:23 UTC,0,1,3.66,0.65,27.5,68.6,Safe
2026-04-27 12:00:33 UTC,0,1,3.64,0.65,27.5,68.6,Safe
2026-04-27 12:00:43 UTC,0,1,3.58,0.64,27.5,68.5,Safe
2026-04-27 12:00:53 UTC,0,1,3.63,0.65,27.6,68.5,Safe
2026-04-27 12:01:03 UTC,0,1,3.58,0.64,27.6,68.4,Safe
2026-04-27 12:01:13 UTC,0,1,3.61,0.65,27.6,68.3,Safe
2026-04-27 12:01:23 UTC,0,1,3.56,0.64,27.6,68.3,Safe
2026-04-27 12:01:33 UTC,0,1,3.62,0.65,27.6,68.2,Safe
2026-04-27 12:01:43 UTC,0,1,3.58,0.64,27.6,68.2,Safe
2026-04-27 12:01:53 UTC,0,1,3.64,0.65,27.6,68.1,Safe
2026-04-27 12:02:03 UTC,0,2,3.57,0.64,27.6,68,Safe
2026-04-27 12:02:13 UTC,1,2,3.63,0.64,27.7,68,Safe
2026-04-27 12:02:23 UTC,1,1,3.63,0.64,27.7,67.9,Safe
2026-04-27 12:02:33 UTC,1,1,3.58,0.64,27.7,67.8,Safe
2026-04-27 12:02:43 UTC,1,2,3.64,0.64,27.7,67.7,Safe
2026-04-27 12:02:53 UTC,1,1,3.56,0.64,27.7,67.6,Safe
2026-04-27 12:03:03 UTC,0,1,3.63,0.64,27.7,67.6,Safe
2026-04-27 12:03:13 UTC,0,1,3.58,0.64,27.8,67.6,Safe
2026-04-27 12:03:23 UTC,0,1,3.63,0.64,27.8,67.6,Safe
2026-04-27 12:03:33 UTC,0,1,3.57,0.64,27.8,67.6,Safe
2026-04-27 12:03:43 UTC,0,1,3.62,0.64,27.8,67.6,Safe
2026-04-27 12:03:53 UTC,0,2,3.64,0.64,27.8,67.5,Safe
2026-04-27 12:04:03 UTC,0,2,3.63,0.65,27.8,67.5,Safe
2026-04-27 12:04:13 UTC,0,1,3.63,0.65,27.9,67.5,Safe
2026-04-27 12:04:23 UTC,0,1,3.58,0.64,27.9,67.4,Safe
2026-04-27 12:04:33 UTC,0,1,3.63,0.65,27.9,67.5,Safe
2026-04-27 12:04:43 UTC,1,1,3.58,0.64,27.9,67.4,Safe
2026-04-27 12:04:53 UTC,1,1,3.61,0.64,27.9,67.3,Safe
2026-04-27 12:05:03 UTC,1,1,3.58,0.64,27.9,67.3,Safe
2026-04-27 12:05:13 UTC,1,1,3.62,0.64,27.9,67.3,Safe
2026-04-27 12:05:23 UTC,1,1,3.57,0.64,27.9,67.2,Safe
2026-04-27 12:05:33 UTC,1,1,3.64,0.65,27.9,67.3,Safe
2026-04-27 12:05:43 UTC,0,2,3.56,0.64,27.9,67.3,Safe
2026-04-27 12:05:53 UTC,0,1,3.63,0.64,27.9,67.2,Safe
2026-04-27 12:06:03 UTC,0,1,3.63,0.65,27.9,67.2,Safe
2026-04-27 12:06:13 UTC,0,0,3.58,0.64,27.9,67.2,Safe
2026-04-27 12:06:23 UTC,0,1,3.62,0.64,28,67.1,Safe
2026-04-27 12:06:33 UTC,0,1,3.57,0.64,28,67.2,Safe
2026-04-27 12:06:43 UTC,0,0,3.63,0.64,28,67.2,Safe
2026-04-27 12:06:53 UTC,0,0,3.58,0.64,28,67.1,Safe
2026-04-27 12:07:03 UTC,0,0,3.62,0.65,28,67,Safe
2026-04-27 12:07:13 UTC,0,0,3.59,0.64,28,66.9,Safe
2026-04-27 12:07:23 UTC,0,1,3.63,0.65,28.1,66.8,Safe
2026-04-27 12:07:33 UTC,0,1,3.6,0.64,28.1,66.7,Safe
2026-04-27 12:07:43 UTC,0,1,3.63,0.65,28.1,66.8,Safe
2026-04-27 12:07:53 UTC,0,0,3.57,0.64,28.1,66.7,Safe
2026-04-27 12:08:03 UTC,0,0,3.58,0.64,28.1,66.7,Safe
2026-04-27 12:08:13 UTC,0,0,3.59,0.64,28.1,66.6,Safe
2026-04-27 12:08:23 UTC,0,2,3.57,0.64,28.1,66.6,Safe
2026-04-27 12:08:33 UTC,0,1,3.64,0.65,28.1,66.6,Safe
2026-04-27 12:08:43 UTC,1,1,3.58,0.64,28.2,66.6,Safe
2026-04-27 12:08:53 UTC,0,0,3.65,0.65,28.2,66.6,Safe
2026-04-27 12:09:03 UTC,0,0,3.58,0.64,28.2,66.5,Safe
2026-04-27 12:09:13 UTC,0,0,3.63,0.65,28.2,66.5,Safe
2026-04-27 12:09:23 UTC,0,0,3.58,0.64,28.2,66.5,Safe
2026-04-27 12:09:33 UTC,0,1,3.63,0.65,28.2,66.5,Safe
2026-04-27 12:09:43 UTC,0,1,3.62,0.65,28.2,66.5,Safe
2026-04-27 12:09:53 UTC,0,1,3.58,0.64,28.2,66.5,Safe
2026-04-27 12:10:03 UTC,0,2,3.61,0.64,28.2,66.5,Safe
2026-04-27 12:10:13 UTC,0,1,3.58,0.64,28.2,66.5,Safe
2026-04-27 12:10:23 UTC,0,0,3.62,0.65,28.3,66.6,Safe
2026-04-27 12:10:33 UTC,0,0,3.58,0.64,28.3,66.5,Safe
2026-04-27 12:10:43 UTC,0,0,3.63,0.65,28.3,66.4,Safe
2026-04-27 12:10:53 UTC,0,0,3.56,0.64,28.3,66.3,Safe
2026-04-27 12:11:03 UTC,0,0,3.65,0.65,28.4,66.2,Safe
2026-04-27 12:11:13 UTC,0,0,3.58,0.64,28.4,66.2,Safe
2026-04-27 12:11:23 UTC,0,0,3.64,0.65,28.4,66.2,Safe
2026-04-27 12:11:33 UTC,0,1,3.58,0.64,28.4,66.1,Safe
2026-04-27 12:11:43 UTC,0,1,3.58,0.64,28.4,66.1,Safe
2026-04-27 12:11:53 UTC,0,0,3.61,0.64,28.4,66.1,Safe
2026-04-27 12:12:03 UTC,0,0,3.58,0.64,28.4,66,Safe
2026-04-27 12:12:13 UTC,0,0,3.64,0.65,28.5,66,Safe
2026-04-27 12:12:23 UTC,0,1,3.57,0.64,28.5,66,Safe
2026-04-27 12:12:33 UTC,0,1,3.65,0.65,28.5,65.9,Safe
2026-04-27 12:12:43 UTC,0,1,3.59,0.64,28.5,65.9,Safe
2026-04-27 12:12:53 UTC,0,1,3.64,0.65,28.6,65.8,Safe
2026-04-27 12:13:03 UTC,0,1,3.58,0.64,28.6,65.7,Safe
2026-04-27 12:13:13 UTC,0,2,3.63,0.65,28.6,65.7,Safe
2026-04-27 12:13:23 UTC,0,1,3.64,0.65,28.6,65.6,Safe
2026-04-27 12:13:33 UTC,0,1,3.58,0.64,28.7,65.5,Safe
2026-04-27 12:13:43 UTC,0,1,3.64,0.65,28.7,65.4,Safe
2026-04-27 12:13:53 UTC,0,1,3.58,0.64,28.7,65.3,Safe
2026-04-27 12:14:03 UTC,0,0,3.65,0.65,28.7,65.2,Safe
2026-04-27 12:14:13 UTC,0,0,3.59,0.64,28.7,65.2,Safe
2026-04-27 12:14:23 UTC,0,1,3.64,0.65,28.7,65.2,Safe
2026-04-27 12:14:33 UTC,0,1,3.58,0.64,28.7,65.2,Safe
2026-04-27 12:14:43 UTC,0,1,3.64,0.65,28.8,65.2,Safe
2026-04-27 12:14:53 UTC,0,2,3.58,0.64,28.8,65.1,Safe
2026-04-27 12:15:03 UTC,0,1,3.66,0.65,28.8,65.1,Safe
2026-04-27 12:15:13 UTC,0,1,3.59,0.64,28.8,65.2,Safe
2026-04-27 12:15:23 UTC,0,1,3.57,0.64,28.9,65.1,Safe
2026-04-27 12:15:33 UTC,0,1,3.65,0.65,28.9,65.1,Safe
2026-04-27 12:15:43 UTC,0,1,3.58,0.64,28.9,65.1,Safe
2026-04-27 12:15:53 UTC,0,1,3.65,0.65,28.9,65.1,Safe
2026-04-27 12:16:03 UTC,0,1,3.58,0.64,28.9,65.1,Safe
2026-04-27 12:16:13 UTC,0,1,3.65,0.65,29,65.1,Safe
2026-04-27 12:16:23 UTC,0,0,3.58,0.64,29,65.1,Safe
2026-04-27 12:16:33 UTC,0,1,3.65,0.65,29,65,Safe
2026-04-27 12:16:43 UTC,0,0,3.58,0.64,29,65.2,Safe
2026-04-27 12:16:53 UTC,0,0,3.65,0.65,29,65.1,Safe
2026-04-27 12:17:03 UTC,0,0,3.65,0.65,29,65,Safe
2026-04-27 12:17:13 UTC,0,1,3.59,0.64,29.1,65.1,Safe
2026-04-27 12:17:23 UTC,0,1,3.64,0.65,29.1,65,Safe
2026-04-27 12:17:33 UTC,0,1,3.58,0.64,29.1,65.1,Safe
2026-04-27 12:17:43 UTC,0,1,3.65,0.65,29.1,65.1,Safe
2026-04-27 12:17:53 UTC,0,1,3.6,0.64,29.1,65.1,Safe
2026-04-27 12:18:03 UTC,1,1,3.64,0.65,29.1,65.1,Safe
2026-04-27 12:18:13 UTC,1,1,3.59,0.64,29.1,65.1,Safe
2026-04-27 12:18:23 UTC,1,1,3.64,0.65,29.1,65.1,Safe
2026-04-27 12:18:33 UTC,0,0,3.59,0.64,29.2,65.1,Safe
2026-04-27 12:18:43 UTC,0,1,3.65,0.65,29.2,65.1,Safe
2026-04-27 12:18:53 UTC,0,2,3.6,0.64,29.2,65.1,Safe
2026-04-27 12:19:03 UTC,0,2,3.58,0.64,29.2,64.9,Safe
2026-04-27 12:19:13 UTC,0,1,3.64,0.65,29.2,64.7,Safe
2026-04-27 12:19:23 UTC,0,2,3.59,0.64,29.2,64.8,Safe
2026-04-27 12:19:33 UTC,3,6,3.72,0.65,30.5,63.1,Safe
2026-04-27 12:19:43 UTC,3,4,3.66,0.64,30.5,62.6,Safe
2026-04-27 12:19:53 UTC,2,2,3.7,0.65,30.5,61.4,Safe
2026-04-27 12:20:03 UTC,2,3,3.66,0.64,30.4,60.5,Safe
2026-04-27 12:20:13 UTC,2,4,3.68,0.65,30.4,60,Safe
2026-04-27 12:20:23 UTC,2,4,3.66,0.64,30.3,59.5,Safe
2026-04-27 12:20:33 UTC,4,4,3.71,0.65,30.2,59.2,Safe
2026-04-27 12:20:43 UTC,3,5,3.66,0.64,30.1,59,Safe
2026-04-27 12:20:53 UTC,3,4,3.71,0.65,30,59.5,Safe
2026-04-27 12:21:03 UTC,2,3,3.71,0.65,29.9,60.4,Safe
2026-04-27 12:21:13 UTC,1,2,3.65,0.65,29.9,61.2,Safe
2026-04-27 12:21:23 UTC,1,1,3.71,0.65,29.8,61.8,Safe
2026-04-27 12:21:33 UTC,1,1,3.66,0.64,29.7,62.4,Safe
2026-04-27 12:21:43 UTC,1,1,3.69,0.65,29.7,63,Safe
2026-04-27 12:21:53 UTC,0,0,3.67,0.64,29.6,63.4,Safe
2026-04-27 12:22:03 UTC,1,3,3.71,0.65,29.6,63.9,Safe
2026-04-27 12:22:13 UTC,1,2,3.66,0.64,29.5,64.3,Safe
2026-04-27 12:22:23 UTC,2,3,3.7,0.65,29.5,64.8,Safe
2026-04-27 12:22:33 UTC,2,3,3.71,0.65,29.4,65.2,Safe
2026-04-27 12:22:43 UTC,2,3,3.71,0.65,29.4,65.5,Safe
2026-04-27 12:22:53 UTC,1,3,3.65,0.64,29.3,65.7,Safe
2026-04-27 12:23:03 UTC,1,3,3.64,0.64,29.3,66,Safe
2026-04-27 12:23:13 UTC,1,4,3.71,0.65,29.3,66.2,Safe
2026-04-27 12:23:23 UTC,1,3,3.65,0.64,29.3,66.5,Safe
2026-04-27 12:23:33 UTC,2,3,3.71,0.65,29.3,66.6,Safe
2026-04-27 12:23:43 UTC,2,2,3.65,0.64,29.2,66.9,Safe
2026-04-27 12:23:53 UTC,1,4,3.71,0.65,29.2,67,Safe
2026-04-27 12:24:03 UTC,1,1,3.66,0.65,29.2,67.2,Safe
2026-04-27 12:24:13 UTC,1,2,3.7,0.65,29.2,67.2,Safe
2026-04-27 12:24:23 UTC,1,2,3.65,0.64,29.2,67.3,Safe
2026-04-27 12:24:33 UTC,1,3,3.68,0.65,29.1,67.3,Safe
2026-04-27 12:24:43 UTC,1,3,3.71,0.65,29.2,67.2,Safe
2026-04-27 12:24:53 UTC,1,3,3.65,0.64,29.1,67.2,Safe
2026-04-27 12:25:03 UTC,1,3,3.71,0.65,29.1,67.1,Safe
2026-04-27 12:25:13 UTC,4,5,3.65,0.64,29.1,67.1,Safe
2026-04-27 12:25:23 UTC,4,5,3.71,0.65,29.1,67.1,Safe
2026-04-27 12:25:33 UTC,4,6,3.65,0.64,29.1,66.9,Safe
2026-04-27 12:25:43 UTC,5,9,3.71,0.65,29.1,66.9,Safe
2026-04-27 12:25:53 UTC,5,7,3.65,0.64,29.1,66.9,Safe
2026-04-27 12:26:03 UTC,5,6,3.71,0.65,29.1,66.8,Safe
2026-04-27 12:26:13 UTC,4,6,3.71,0.65,29.1,66.8,Safe
2026-04-27 12:26:23 UTC,4,7,3.7,0.65,29.1,66.7,Safe
2026-04-27 12:26:33 UTC,6,8,3.7,0.65,29.1,66.7,Safe
2026-04-27 12:26:43 UTC,7,9,3.64,0.64,29.1,66.2,Safe
2026-04-27 12:26:53 UTC,6,10,3.71,0.65,29.1,65.4,Safe
2026-04-27 12:27:03 UTC,6,13,3.65,0.64,29.1,64.6,Safe
2026-04-27 12:27:13 UTC,6,11,3.69,0.65,29.1,63.8,Safe
2026-04-27 12:27:23 UTC,7,14,3.65,0.65,29.1,63.3,Safe
2026-04-27 12:27:33 UTC,6,10,3.7,0.65,29.1,62.7,Safe
2026-04-27 12:27:43 UTC,6,7,3.64,0.64,29.1,62.2,Safe
2026-04-27 12:27:53 UTC,6,8,3.7,0.65,29,61.7,Safe
2026-04-27 12:28:03 UTC,6,7,3.65,0.64,29,61.4,Safe
2026-04-27 12:28:13 UTC,5,7,3.69,0.65,28.9,61.2,Safe
2026-04-27 12:28:23 UTC,5,8,3.7,0.65,28.9,61.7,Safe
2026-04-27 12:28:33 UTC,6,8,3.62,0.64,28.9,62.5,Safe
2026-04-27 12:28:43 UTC,7,9,3.7,0.65,28.9,63.3,Safe
2026-04-27 12:28:53 UTC,7,8,3.64,0.64,28.8,63.9,Safe
2026-04-27 12:29:03 UTC,6,8,3.67,0.65,28.9,64.5,Safe
2026-04-27 12:29:13 UTC,7,8,3.64,0.64,28.8,65,Safe
2026-04-27 12:29:23 UTC,9,9,3.7,0.65,28.8,65.5,Safe
2026-04-27 12:29:33 UTC,8,9,3.65,0.64,28.8,65.9,Safe
2026-04-27 12:29:43 UTC,7,9,3.67,0.65,28.8,66.2,Safe
2026-04-27 12:29:53 UTC,7,8,3.68,0.65,28.8,66.5,Safe
2026-04-27 12:30:03 UTC,7,8,3.71,0.65,28.8,66.8,Safe
2026-04-27 12:30:13 UTC,7,9,3.7,0.65,28.8,67.2,Safe
2026-04-27 12:30:23 UTC,6,6,3.65,0.64,28.8,67.3,Safe
2026-04-27 12:30:33 UTC,5,6,3.7,0.65,28.8,67.4,Safe
2026-04-27 12:30:43 UTC,5,8,3.64,0.64,28.8,67.5,Safe
2026-04-27 12:30:53 UTC,5,8,3.71,0.65,28.8,67.5,Safe
2026-04-27 12:31:03 UTC,6,8,3.64,0.64,28.8,67.6,Safe
2026-04-27 12:31:13 UTC,5,6,3.7,0.65,28.8,67.6,Safe
2026-04-27 12:31:23 UTC,5,6,3.64,0.64,28.8,67.6,Safe
2026-04-27 12:31:33 UTC,4,6,3.71,0.65,28.8,67.4,Safe
2026-04-27 12:31:43 UTC,3,4,3.63,0.64,28.8,67.4,Safe
2026-04-27 12:31:53 UTC,4,5,3.65,0.64,28.9,67.3,Safe
2026-04-27 12:32:03 UTC,4,7,3.67,0.65,28.9,67.2,Safe
2026-04-27 12:32:13 UTC,3,7,3.64,0.64,28.9,67.1,Safe
2026-04-27 12:32:23 UTC,5,8,3.7,0.65,28.9,66.8,Safe
2026-04-27 12:32:33 UTC,4,5,3.65,0.65,28.9,66.6,Safe
2026-04-27 12:32:43 UTC,5,7,3.7,0.65,29,66.5,Safe
2026-04-27 12:32:53 UTC,5,7,3.65,0.64,28.9,66.2,Safe
2026-04-27 12:33:03 UTC,5,9,3.69,0.65,28.9,66,Safe
2026-04-27 12:33:13 UTC,5,7,3.64,0.64,29,65.6,Safe
2026-04-27 12:33:23 UTC,5,8,3.69,0.65,29,64.9,Safe
2026-04-27 12:33:33 UTC,4,5,3.67,0.65,29,64,Safe
2026-04-27 12:33:43 UTC,4,4,3.63,0.64,29,63.2,Safe
2026-04-27 12:33:53 UTC,4,5,3.7,0.65,29,62.5,Safe
2026-04-27 12:34:03 UTC,3,5,3.64,0.64,28.9,61.7,Safe
2026-04-27 12:34:13 UTC,4,7,3.69,0.65,28.9,61.1,Safe
2026-04-27 12:34:23 UTC,5,6,3.63,0.64,28.9,60.6,Safe
2026-04-27 12:34:33 UTC,3,3,3.69,0.65,28.8,60.2,Safe
2026-04-27 12:34:43 UTC,2,5,3.61,0.64,28.8,60.7,Safe
2026-04-27 12:34:53 UTC,3,6,3.67,0.65,28.8,61.5,Safe
2026-04-27 12:35:03 UTC,4,5,3.64,0.64,28.8,62.1,Safe
2026-04-27 12:35:13 UTC,3,4,3.7,0.65,28.8,62.8,Safe
2026-04-27 12:35:23 UTC,4,4,3.61,0.64,28.8,63.3,Safe
2026-04-27 12:35:33 UTC,4,4,3.64,0.64,28.8,63.8,Safe
2026-04-27 12:35:43 UTC,3,5,3.7,0.65,28.8,64.3,Safe
2026-04-27 12:35:53 UTC,3,5,3.64,0.64,28.8,64.7,Safe
2026-04-27 12:36:03 UTC,3,6,3.67,0.65,28.8,65,Safe
2026-04-27 12:36:13 UTC,5,6,3.64,0.64,28.8,65.3,Safe
2026-04-27 12:36:23 UTC,5,6,3.67,0.65,28.8,65.5,Safe
2026-04-27 12:36:33 UTC,5,6,3.64,0.64,28.8,65.7,Safe
2026-04-27 12:36:43 UTC,4,6,3.7,0.65,28.8,66,Safe
2026-04-27 12:36:53 UTC,4,6,3.65,0.64,28.7,66,Safe
2026-04-27 12:37:03 UTC,4,6,3.67,0.65,28.8,66.1,Safe
2026-04-27 12:37:13 UTC,4,5,3.7,0.65,28.8,66.2,Safe
2026-04-27 12:37:23 UTC,5,5,3.65,0.64,28.8,66.3,Safe
2026-04-27 12:37:33 UTC,5,5,3.69,0.65,28.8,66.3,Safe
2026-04-27 12:37:43 UTC,4,4,3.63,0.64,28.8,66.4,Safe
2026-04-27 12:37:53 UTC,5,7,3.68,0.65,28.8,66.4,Safe
2026-04-27 12:38:03 UTC,5,7,3.65,0.64,28.8,66.5,Safe
2026-04-27 12:38:13 UTC,4,7,3.67,0.65,28.9,66.4,Safe
2026-04-27 12:38:23 UTC,2,5,3.61,0.64,28.9,66.3,Safe
2026-04-27 12:38:33 UTC,3,4,3.67,0.65,28.9,66.2,Safe
2026-04-27 12:38:43 UTC,3,4,3.65,0.64,28.9,66.2,Safe
2026-04-27 12:38:53 UTC,3,4,3.67,0.65,28.9,66.1,Safe
2026-04-27 12:39:03 UTC,4,4,3.64,0.64,29,66.1,Safe
2026-04-27 12:39:13 UTC,3,4,3.64,0.64,29,66,Safe
2026-04-27 12:39:23 UTC,3,3,3.71,0.65,29,65.9,Safe
2026-04-27 12:39:33 UTC,3,4,3.65,0.64,29,65.9,Safe
2026-04-27 12:39:43 UTC,4,4,3.67,0.65,29,65.8,Safe
2026-04-27 12:39:53 UTC,4,6,3.65,0.64,29.1,65.4,Safe
2026-04-27 12:40:03 UTC,4,4,3.68,0.65,29.1,64.6,Safe
2026-04-27 12:40:13 UTC,3,5,3.65,0.64,29.1,63.8,Safe
2026-04-27 12:40:23 UTC,3,5,3.7,0.65,29.1,63,Safe
2026-04-27 12:40:33 UTC,1,5,3.63,0.64,29.1,62.3,Safe
2026-04-27 12:40:43 UTC,1,3,3.69,0.65,29.1,61.6,Safe
2026-04-27 12:40:53 UTC,1,3,3.69,0.65,29,61,Safe
2026-04-27 12:41:03 UTC,2,3,3.64,0.64,29,60.5,Safe
2026-04-27 12:41:13 UTC,2,3,3.7,0.65,29,60.2,Safe
2026-04-27 12:41:23 UTC,3,5,3.65,0.64,29,60.2,Safe
2026-04-27 12:41:33 UTC,3,6,3.7,0.65,29,60.8,Safe
2026-04-27 12:41:43 UTC,4,5,3.65,0.64,29,61.5,Safe
2026-04-27 12:41:53 UTC,5,5,3.69,0.65,29,62.1,Safe
2026-04-27 12:42:03 UTC,4,5,3.64,0.64,29,62.7,Safe
2026-04-27 12:42:13 UTC,4,4,3.7,0.65,28.9,63.1,Safe
2026-04-27 12:42:23 UTC,3,5,3.7,0.65,28.9,63.6,Safe
2026-04-27 12:42:33 UTC,2,5,3.7,0.65,29,63.9,Safe
2026-04-27 12:42:43 UTC,3,4,3.7,0.65,29,64,Safe
2026-04-27 12:42:53 UTC,4,4,3.63,0.64,29,64.3,Safe
2026-04-27 12:43:03 UTC,4,5,3.7,0.65,29,64.6,Safe
2026-04-27 12:43:13 UTC,4,4,3.64,0.64,29,64.7,Safe
2026-04-27 12:43:23 UTC,3,3,3.67,0.65,29,64.9,Safe
2026-04-27 12:43:33 UTC,2,3,3.65,0.64,29.1,64.9,Safe
2026-04-27 12:43:43 UTC,2,3,3.7,0.65,29.1,65.1,Safe
2026-04-27 12:43:53 UTC,2,5,3.63,0.64,29.1,65.1,Safe
2026-04-27 12:44:03 UTC,2,6,3.7,0.65,29.1,65.2,Safe
2026-04-27 12:44:13 UTC,3,6,3.64,0.64,29.1,65.2,Safe
2026-04-27 12:44:23 UTC,4,6,3.7,0.65,29.1,65.2,Safe
2026-04-27 12:44:33 UTC,2,6,3.7,0.65,29.1,65.2,Safe
2026-04-27 12:44:43 UTC,2,4,3.64,0.64,29.2,65.2,Safe
2026-04-27 12:44:53 UTC,3,6,3.71,0.65,29.2,65.3,Safe
2026-04-27 12:45:03 UTC,3,6,3.62,0.64,29.2,65.2,Safe
2026-04-27 12:45:13 UTC,3,4,3.7,0.65,29.2,65.3,Safe
2026-04-27 12:45:23 UTC,4,5,3.65,0.64,29.2,65.2,Safe
2026-04-27 12:45:33 UTC,3,4,3.7,0.65,29.2,65.1,Safe
2026-04-27 12:45:43 UTC,3,3,3.64,0.64,29.2,65.1,Safe
2026-04-27 12:45:53 UTC,4,4,3.69,0.65,29.2,65,Safe
2026-04-27 12:46:03 UTC,5,6,3.71,0.65,29.2,65,Safe
2026-04-27 12:46:13 UTC,5,5,3.62,0.64,29.3,64.9,Safe
2026-04-27 12:46:23 UTC,4,4,3.7,0.65,29.3,64.9,Safe
2026-04-27 12:46:33 UTC,3,4,3.63,0.64,29.3,64.8,Safe
2026-04-27 12:46:43 UTC,4,5,3.69,0.65,29.3,64.7,Safe
2026-04-27 12:46:53 UTC,4,5,3.63,0.64,29.3,64.5,Safe
2026-04-27 12:47:03 UTC,4,7,3.7,0.65,29.3,64,Safe
2026-04-27 12:47:13 UTC,4,7,3.63,0.64,29.3,63.1,Safe
2026-04-27 12:47:23 UTC,4,6,3.69,0.65,29.3,62.2,Safe
2026-04-27 12:47:33 UTC,4,4,3.69,0.65,29.3,61.4,Safe
2026-04-27 12:47:43 UTC,3,4,3.7,0.65,29.3,60.8,Safe
2026-04-27 12:47:53 UTC,4,6,3.64,0.64,29.3,60,Safe
2026-04-27 12:48:03 UTC,2,4,3.64,0.64,29.2,59.3,Safe
2026-04-27 12:48:13 UTC,2,4,3.67,0.65,29.2,58.8,Safe
2026-04-27 12:48:23 UTC,4,4,3.64,0.64,29.2,58,Safe
2026-04-27 12:48:33 UTC,2,3,3.68,0.65,29.2,57.7,Safe
2026-04-27 12:48:43 UTC,2,5,3.64,0.64,29.1,58.4,Safe
2026-04-27 12:48:53 UTC,3,5,3.67,0.65,29.1,59.2,Safe
2026-04-27 12:49:03 UTC,2,2,3.64,0.64,29.1,60.1,Safe
2026-04-27 12:49:13 UTC,3,3,3.69,0.65,29.1,60.9,Safe
2026-04-27 12:49:23 UTC,4,6,3.64,0.64,29.1,61.5,Safe
2026-04-27 12:49:33 UTC,2,6,3.7,0.65,29.1,62,Safe
2026-04-27 12:49:43 UTC,2,3,3.7,0.65,29.1,62.5,Safe
2026-04-27 12:49:53 UTC,2,4,3.65,0.64,29.1,62.9,Safe
2026-04-27 12:50:03 UTC,4,4,3.7,0.65,29.1,63.4,Safe
2026-04-27 12:50:13 UTC,4,5,3.63,0.64,29.1,63.7,Safe
2026-04-27 12:50:23 UTC,4,4,3.7,0.65,29.1,64,Safe
2026-04-27 12:50:33 UTC,3,5,3.65,0.64,29.1,64.3,Safe
2026-04-27 12:50:43 UTC,2,4,3.69,0.65,29.1,64.5,Safe
2026-04-27 12:50:53 UTC,2,4,3.64,0.65,29.1,64.7,Safe
2026-04-27 12:51:03 UTC,3,6,3.71,0.65,29.1,64.9,Safe
2026-04-27 12:51:13 UTC,4,5,3.71,0.65,29.1,65.1,Safe
2026-04-27 12:51:23 UTC,3,3,3.68,0.65,29.1,65.2,Safe
2026-04-27 12:51:33 UTC,3,4,3.64,0.64,29.2,65.2,Safe
2026-04-27 12:51:43 UTC,3,3,3.64,0.64,29.2,65.4,Safe
2026-04-27 12:51:53 UTC,3,4,3.71,0.65,29.2,65.4,Safe
2026-04-27 12:52:03 UTC,3,6,3.64,0.64,29.2,65.4,Safe
2026-04-27 12:52:13 UTC,3,5,3.7,0.65,29.2,65.4,Safe
2026-04-27 12:52:23 UTC,3,4,3.65,0.64,29.2,65.4,Safe
2026-04-27 12:52:33 UTC,5,5,3.7,0.65,29.3,65.5,Safe
2026-04-27 12:52:43 UTC,4,5,3.64,0.64,29.3,65.6,Safe
2026-04-27 12:52:53 UTC,4,7,3.7,0.65,29.3,65.7,Safe
2026-04-27 12:53:03 UTC,3,6,3.65,0.64,29.3,65.7,Safe
2026-04-27 12:53:13 UTC,2,8,3.7,0.65,29.3,65.6,Safe
2026-04-27 12:53:23 UTC,1,7,3.7,0.65,29.3,65,Safe
2026-04-27 12:53:33 UTC,2,6,3.65,0.64,29.3,64.5,Safe
2026-04-27 12:53:43 UTC,3,6,3.71,0.65,29.3,63.7,Safe
2026-04-27 12:53:53 UTC,2,4,3.64,0.64,29.4,62.9,Safe
2026-04-27 12:54:03 UTC,2,5,3.68,0.65,29.3,62.3,Safe
2026-04-27 12:54:13 UTC,1,3,3.63,0.64,29.3,61.8,Safe
2026-04-27 12:54:23 UTC,1,5,3.7,0.65,29.3,61.1,Safe
2026-04-27 12:54:33 UTC,2,5,3.62,0.64,29.3,60.6,Safe
2026-04-27 12:54:43 UTC,4,4,3.67,0.65,29.2,60.2,Safe
2026-04-27 12:54:53 UTC,3,4,3.61,0.64,29.2,60.1,Safe
2026-04-27 12:55:03 UTC,4,5,3.69,0.65,29.2,60.7,Safe
2026-04-27 12:55:13 UTC,3,3,3.65,0.64,29.2,61.5,Safe
2026-04-27 12:55:23 UTC,2,2,3.64,0.64,29.2,62.2,Safe
2026-04-27 12:55:33 UTC,1,4,3.66,0.65,29.1,62.7,Safe
2026-04-27 12:55:43 UTC,1,5,3.65,0.64,29.1,63.3,Safe
2026-04-27 12:55:53 UTC,2,6,3.68,0.65,29.1,63.6,Safe
2026-04-27 12:56:03 UTC,2,6,3.64,0.64,29.1,63.8,Safe
2026-04-27 12:56:13 UTC,2,8,3.7,0.65,29.1,64.1,Safe
2026-04-27 12:56:23 UTC,2,7,3.65,0.64,29.2,64.4,Safe
2026-04-27 12:56:33 UTC,2,5,3.7,0.65,29.2,64.7,Safe
2026-04-27 12:56:43 UTC,1,3,3.64,0.64,29.2,65,Safe
2026-04-27 12:56:53 UTC,2,4,3.7,0.65,29.2,65.1,Safe
2026-04-27 12:57:03 UTC,2,4,3.7,0.65,29.2,65.3,Safe
2026-04-27 12:57:13 UTC,1,5,3.64,0.64,29.2,65.5,Safe
2026-04-27 12:57:23 UTC,3,4,3.71,0.65,29.2,65.6,Safe
2026-04-27 12:57:33 UTC,3,3,3.65,0.64,29.2,65.7,Safe
2026-04-27 12:57:43 UTC,2,3,3.7,0.65,29.2,65.8,Safe
2026-04-27 12:57:53 UTC,3,4,3.65,0.64,29.2,65.9,Safe
2026-04-27 12:58:03 UTC,3,4,3.7,0.65,29.2,66,Safe
2026-04-27 12:58:13 UTC,3,4,3.62,0.64,29.2,66.2,Safe
2026-04-27 12:58:23 UTC,3,4,3.71,0.65,29.3,66.2,Safe
2026-04-27 12:58:33 UTC,3,3,3.65,0.64,29.3,66.2,Safe
2026-04-27 12:58:43 UTC,3,4,3.7,0.65,29.3,66.2,Safe
2026-04-27 12:58:53 UTC,4,5,3.62,0.64,29.3,66.1,Safe
2026-04-27 12:59:03 UTC,3,4,3.65,0.64,29.3,66.1,Safe
2026-04-27 12:59:13 UTC,2,5,3.71,0.65,29.3,66.1,Safe
2026-04-27 12:59:23 UTC,2,6,3.65,0.64,29.4,66.1,Safe
2026-04-27 12:59:33 UTC,3,5,3.68,0.65,29.4,66.2,Safe
2026-04-27 12:59:43 UTC,4,5,3.65,0.64,29.4,65.9,Safe
2026-04-27 12:59:53 UTC,2,2,3.7,0.65,29.4,65.3,Safe
2026-04-27 13:00:03 UTC,2,2,3.64,0.64,29.4,64.5,Safe
2026-04-27 13:00:13 UTC,2,3,3.67,0.65,29.4,63.7,Safe
2026-04-27 13:00:23 UTC,2,5,3.65,0.64,29.4,63,Safe
2026-04-27 13:00:33 UTC,1,2,3.7,0.65,29.4,62.4,Safe
2026-04-27 13:00:43 UTC,1,1,3.7,0.65,29.3,61.8,Safe
2026-04-27 13:00:53 UTC,1,2,3.63,0.64,29.3,61.4,Safe
2026-04-27 13:01:03 UTC,1,3,3.69,0.65,29.3,60.8,Safe
2026-04-27 13:01:13 UTC,2,4,3.62,0.64,29.3,60.3,Safe
2026-04-27 13:01:23 UTC,2,2,3.68,0.65,29.3,59.9,Safe
2026-04-27 13:01:33 UTC,2,2,3.64,0.64,29.2,59.4,Safe
2026-04-27 13:01:43 UTC,2,3,3.68,0.65,29.2,59.1,Safe
2026-04-27 13:01:53 UTC,2,4,3.63,0.64,29.2,58.7,Safe
2026-04-27 13:02:03 UTC,2,4,3.67,0.65,29.1,58.2,Safe
2026-04-27 13:02:13 UTC,3,4,3.7,0.65,29.1,58,Safe
2026-04-27 13:02:23 UTC,3,4,3.66,0.65,29.1,58.8,Safe
2026-04-27 13:02:33 UTC,4,4,3.64,0.64,29,59.4,Safe
2026-04-27 13:02:43 UTC,3,4,3.62,0.64,29,60.2,Safe
2026-04-27 13:02:53 UTC,2,3,3.69,0.65,29,60.9,Safe
2026-04-27 13:03:03 UTC,2,3,3.63,0.64,29,61.5,Safe
2026-04-27 13:03:13 UTC,1,3,3.67,0.65,29,62.1,Safe
2026-04-27 13:03:23 UTC,3,4,3.6,0.64,29,62.6,Safe
2026-04-27 13:03:33 UTC,1,4,3.68,0.65,29,63.2,Safe
2026-04-27 13:03:43 UTC,1,2,3.64,0.64,29,63.5,Safe
2026-04-27 13:03:53 UTC,1,1,3.68,0.65,29,63.8,Safe
2026-04-27 13:04:03 UTC,2,3,3.64,0.64,29,64.1,Safe
2026-04-27 13:04:13 UTC,1,2,3.68,0.65,29,64.4,Safe
2026-04-27 13:04:23 UTC,0,2,3.7,0.65,29,64.6,Safe
2026-04-27 13:04:33 UTC,0,2,3.63,0.64,29,64.7,Safe
2026-04-27 13:04:43 UTC,0,3,3.7,0.65,29,64.9,Safe
2026-04-27 13:04:53 UTC,0,4,3.64,0.64,29.1,65,Safe
2026-04-27 13:05:03 UTC,0,2,3.69,0.65,29.1,65.2,Safe
2026-04-27 13:05:13 UTC,0,3,3.64,0.64,29.1,65.3,Safe
2026-04-27 13:05:23 UTC,0,2,3.68,0.65,29.1,65.5,Safe
2026-04-27 13:05:33 UTC,0,2,3.63,0.64,29.1,65.6,Safe
2026-04-27 13:05:43 UTC,0,2,3.69,0.65,29.1,65.9,Safe
2026-04-27 13:05:53 UTC,0,5,3.69,0.65,29.2,65.9,Safe
2026-04-27 13:06:03 UTC,0,3,3.7,0.65,29.2,66.1,Safe
2026-04-27 13:06:13 UTC,0,2,3.69,0.65,29.1,66.2,Safe
2026-04-27 13:06:23 UTC,1,2,3.65,0.64,29.2,66.3,Safe
2026-04-27 13:06:33 UTC,1,2,3.7,0.65,29.2,66.3,Safe
2026-04-27 13:06:43 UTC,1,2,3.63,0.64,29.2,66.4,Safe
2026-04-27 13:06:53 UTC,1,3,3.69,0.66,29.2,66.4,Safe
2026-04-27 13:07:03 UTC,1,3,3.64,0.64,29.3,66.4,Safe
2026-04-27 13:07:13 UTC,1,2,3.69,0.65,29.3,66.4,Safe
2026-04-27 13:07:23 UTC,1,1,3.64,0.64,29.3,66.5,Safe
2026-04-27 13:07:33 UTC,1,2,3.68,0.65,29.3,66.5,Safe
2026-04-27 13:07:43 UTC,2,3,3.65,0.64,29.4,66.7,Safe
2026-04-27 13:07:53 UTC,1,3,3.7,0.65,29.3,66.6,Safe
2026-04-27 13:08:03 UTC,1,2,3.7,0.65,29.4,66.6,Safe
2026-04-27 13:08:13 UTC,2,2,3.63,0.64,29.4,66.6,Safe
2026-04-27 13:08:23 UTC,1,2,3.69,0.65,29.4,66.5,Safe
2026-04-27 13:08:33 UTC,1,2,3.61,0.64,29.4,66.5,Safe
2026-04-27 13:08:43 UTC,1,1,3.7,0.65,29.4,66.3,Safe
2026-04-27 13:08:53 UTC,1,1,3.64,0.64,29.4,65.7,Safe
2026-04-27 13:09:03 UTC,1,1,3.69,0.65,29.4,64.8,Safe
2026-04-27 13:09:13 UTC,1,2,3.6,0.64,29.4,63.8,Safe
2026-04-27 13:09:23 UTC,1,2,3.69,0.65,29.4,63,Safe
2026-04-27 13:09:33 UTC,1,4,3.69,0.65,29.4,62.5,Safe
2026-04-27 13:09:43 UTC,1,3,3.68,0.65,29.4,61.7,Safe
2026-04-27 13:09:53 UTC,1,3,3.68,0.65,29.4,61.2,Safe
2026-04-27 13:10:03 UTC,2,4,3.64,0.64,29.3,60.8,Safe
2026-04-27 13:10:13 UTC,1,3,3.68,0.65,29.3,60.3,Safe
2026-04-27 13:10:23 UTC,1,1,3.64,0.64,29.3,60.7,Safe
2026-04-27 13:10:33 UTC,0,0,3.69,0.65,29.3,61.2,Safe
2026-04-27 13:10:43 UTC,0,1,3.63,0.64,29.3,61.9,Safe
2026-04-27 13:10:53 UTC,0,1,3.68,0.65,29.2,62.4,Safe
2026-04-27 13:11:03 UTC,1,2,3.64,0.64,29.3,63,Safe
2026-04-27 13:11:13 UTC,1,1,3.69,0.66,29.2,63.6,Safe
2026-04-27 13:11:23 UTC,1,3,3.64,0.64,29.2,64,Safe
2026-04-27 13:11:33 UTC,1,2,3.7,0.65,29.2,64.4,Safe
2026-04-27 13:11:43 UTC,1,2,3.68,0.65,29.2,64.7,Safe
2026-04-27 13:11:53 UTC,0,1,3.64,0.64,29.3,65.1,Safe
2026-04-27 13:12:03 UTC,0,1,3.7,0.65,29.3,65.2,Safe
2026-04-27 13:12:13 UTC,0,1,3.64,0.64,29.3,65.4,Safe
2026-04-27 13:12:23 UTC,0,1,3.69,0.65,29.3,65.6,Safe
2026-04-27 13:12:33 UTC,0,1,3.63,0.64,29.3,65.8,Safe
2026-04-27 13:12:43 UTC,0,0,3.7,0.65,29.3,65.9,Safe
2026-04-27 13:12:53 UTC,0,0,3.63,0.64,29.4,66,Safe
2026-04-27 13:13:03 UTC,0,0,3.69,0.65,29.4,66,Safe
2026-04-27 13:13:13 UTC,0,1,3.68,0.65,29.4,66,Safe
2026-04-27 13:13:23 UTC,0,2,3.7,0.65,29.4,66.1,Safe
2026-04-27 13:13:33 UTC,0,1,3.69,0.65,29.4,66.1,Safe
2026-04-27 13:13:43 UTC,0,2,3.61,0.64,29.4,66.2,Safe
2026-04-27 13:13:53 UTC,0,2,3.69,0.65,29.4,66.2,Safe
2026-04-27 13:14:03 UTC,0,1,3.64,0.64,29.4,66.2,Safe
2026-04-27 13:14:13 UTC,0,2,3.67,0.65,29.4,66.1,Safe
2026-04-27 13:14:23 UTC,0,3,3.64,0.65,29.5,66.1,Safe
2026-04-27 13:14:33 UTC,1,2,3.7,0.65,29.5,66,Safe
2026-04-27 13:14:43 UTC,1,3,3.64,0.64,29.5,65.9,Safe
2026-04-27 13:14:53 UTC,0,1,3.7,0.65,29.5,65.3,Safe
2026-04-27 13:15:03 UTC,1,1,3.64,0.64,29.5,64.5,Safe
2026-04-27 13:15:13 UTC,1,2,3.69,0.65,29.5,63.5,Safe
2026-04-27 13:15:23 UTC,1,2,3.69,0.65,29.6,62.6,Safe
2026-04-27 13:15:33 UTC,1,1,3.63,0.64,29.5,61.7,Safe
2026-04-27 13:15:43 UTC,1,1,3.67,0.65,29.5,61.2,Safe
2026-04-27 13:15:53 UTC,1,1,3.61,0.64,29.4,60.7,Safe
2026-04-27 13:16:03 UTC,1,1,3.69,0.65,29.4,60.2,Safe
2026-04-27 13:16:13 UTC,1,1,3.62,0.64,29.4,59.8,Safe
2026-04-27 13:16:23 UTC,1,2,3.66,0.65,29.4,59.3,Safe
2026-04-27 13:16:33 UTC,1,1,3.64,0.64,29.3,58.9,Safe
2026-04-27 13:16:43 UTC,1,1,3.68,0.65,29.3,58.4,Safe
2026-04-27 13:16:53 UTC,1,1,3.68,0.65,29.3,58.1,Safe
2026-04-27 13:17:03 UTC,0,0,3.68,0.65,29.3,57.7,Safe
2026-04-27 13:17:13 UTC,0,1,3.63,0.64,29.3,57.2,Safe
2026-04-27 13:17:23 UTC,2,2,3.63,0.64,29.2,56.8,Safe
2026-04-27 13:17:33 UTC,2,3,3.68,0.65,29.2,56.5,Safe
2026-04-27 13:17:43 UTC,1,3,3.62,0.64,29.1,56.3,Safe
2026-04-27 13:17:53 UTC,1,1,3.66,0.65,29.1,55.9,Safe
2026-04-27 13:18:03 UTC,1,3,3.6,0.64,29.1,55.7,Safe
2026-04-27 13:18:13 UTC,2,3,3.67,0.65,29,55.5,Safe
2026-04-27 13:18:23 UTC,1,2,3.62,0.64,29,55.2,Safe
2026-04-27 13:18:33 UTC,1,1,3.68,0.65,29,54.9,Safe
2026-04-27 13:18:43 UTC,0,0,3.62,0.64,28.9,54.6,Safe
2026-04-27 13:18:53 UTC,1,1,3.67,0.65,28.9,54.4,Safe
2026-04-27 13:19:03 UTC,1,1,3.67,0.65,28.8,54.1,Safe
2026-04-27 13:19:13 UTC,1,1,3.62,0.64,28.8,54,Safe
2026-04-27 13:19:23 UTC,1,2,3.67,0.65,28.8,53.8,Safe
2026-04-27 13:19:33 UTC,1,2,3.61,0.64,28.8,53.6,Safe
2026-04-27 13:19:43 UTC,2,2,3.67,0.65,28.7,53.4,Safe
2026-04-27 13:19:53 UTC,1,2,3.61,0.64,28.7,53.1,Safe
2026-04-27 13:20:03 UTC,1,2,3.67,0.65,28.6,52.9,Safe
2026-04-27 13:20:13 UTC,1,1,3.59,0.64,28.6,52.7,Safe
2026-04-27 13:20:23 UTC,1,2,3.67,0.65,28.6,52.6,Safe
2026-04-27 13:20:33 UTC,1,2,3.59,0.64,28.5,52.4,Safe
2026-04-27 13:20:43 UTC,1,2,3.67,0.65,28.5,52.3,Safe
2026-04-27 13:20:53 UTC,1,1,3.62,0.64,28.5,52.1,Safe
2026-04-27 13:21:03 UTC,1,1,3.62,0.64,28.5,52.1,Safe
2026-04-27 13:21:13 UTC,0,1,3.67,0.65,28.4,52,Safe
2026-04-27 13:21:23 UTC,0,1,3.6,0.64,28.4,51.8,Safe
2026-04-27 13:21:33 UTC,0,1,3.67,0.65,28.4,51.6,Safe
2026-04-27 13:21:43 UTC,1,1,3.62,0.64,28.3,51.3,Safe
2026-04-27 13:21:53 UTC,1,1,3.68,0.65,28.3,51.1,Safe
2026-04-27 13:22:03 UTC,1,1,3.63,0.64,28.2,51,Safe
2026-04-27 13:22:13 UTC,1,1,3.67,0.65,28.2,50.9,Safe
2026-04-27 13:22:23 UTC,0,1,3.6,0.64,28.2,50.7,Safe
2026-04-27 13:22:33 UTC,0,2,3.67,0.65,28.2,50.5,Safe
2026-04-27 13:22:43 UTC,0,1,3.68,0.65,28.1,50.5,Safe
2026-04-27 13:22:53 UTC,0,3,3.66,0.65,28.1,50.5,Safe
2026-04-27 13:23:03 UTC,0,2,3.71,0.65,28,51,Safe
2026-04-27 13:23:13 UTC,0,1,3.66,0.65,28.1,51.7,Safe
2026-04-27 13:23:23 UTC,0,0,3.71,0.65,28.1,52.4,Safe
2026-04-27 13:23:33 UTC,0,0,3.66,0.65,28.2,51.7,Safe
2026-04-27 13:23:43 UTC,0,2,3.72,0.66,28.2,50.9,Safe
2026-04-27 13:23:53 UTC,0,2,3.66,0.65,28.2,50.3,Safe
2026-04-27 13:24:03 UTC,0,2,3.72,0.66,28.2,49.9,Safe
2026-04-27 13:24:13 UTC,1,2,3.66,0.64,28.2,49.6,Safe
2026-04-27 13:24:23 UTC,1,1,3.71,0.65,28.2,49.4,Safe
2026-04-27 13:24:33 UTC,1,1,3.66,0.65,28.2,49.3,Safe
2026-04-27 13:24:43 UTC,0,1,3.7,0.65,28.1,49.1,Safe
2026-04-27 13:24:53 UTC,0,1,3.72,0.65,28.1,49.1,Safe
2026-04-27 13:25:03 UTC,0,2,3.66,0.65,28.1,49.1,Safe
2026-04-27 13:25:13 UTC,0,2,3.72,0.65,28.1,49,Safe
2026-04-27 13:25:23 UTC,0,3,3.66,0.65,28.1,48.9,Safe
2026-04-27 13:25:33 UTC,1,2,3.75,0.65,28,48.8,Safe
2026-04-27 13:25:43 UTC,1,2,3.66,0.65,28,48.8,Safe
2026-04-27 13:25:53 UTC,1,2,3.72,0.65,28,48.7,Safe
2026-04-27 13:26:03 UTC,0,2,3.67,0.65,28,49.3,Safe
2026-04-27 13:26:13 UTC,0,1,3.78,0.65,28,50.1,Safe
2026-04-27 13:26:23 UTC,0,1,3.71,0.65,28,51.1,Safe
2026-04-27 13:26:33 UTC,0,2,3.76,0.66,28,52.1,Safe
2026-04-27 13:26:43 UTC,0,1,3.73,0.65,28,52.8,Safe
2026-04-27 13:26:53 UTC,0,1,3.67,0.64,28,53.6,Safe
2026-04-27 13:27:03 UTC,0,2,3.72,0.66,28,54.1,Safe
2026-04-27 13:27:13 UTC,0,2,3.66,0.65,28,54.7,Safe
2026-04-27 13:27:23 UTC,0,1,3.71,0.65,28,55.3,Safe
2026-04-27 13:27:33 UTC,0,2,3.66,0.64,28,55.7,Safe
2026-04-27 13:27:43 UTC,0,1,3.72,0.66,28.1,56.2,Safe
2026-04-27 13:27:53 UTC,0,1,3.67,0.65,28,56.7,Safe
2026-04-27 13:28:03 UTC,0,3,3.74,0.66,28,57.3,Safe
2026-04-27 13:28:13 UTC,0,2,3.65,0.64,28.1,57.7,Safe
2026-04-27 13:28:23 UTC,0,2,3.74,0.66,28.1,58.3,Safe
2026-04-27 13:28:33 UTC,0,2,3.73,0.66,28.1,58.7,Safe
2026-04-27 13:28:43 UTC,1,3,3.67,0.65,28.1,59,Safe
2026-04-27 13:28:53 UTC,3,3,3.74,0.65,28.1,59.5,Safe
2026-04-27 13:29:03 UTC,2,2,3.66,0.65,28.1,59.8,Safe
2026-04-27 13:29:13 UTC,1,3,3.74,0.66,28.1,60,Safe
2026-04-27 13:29:23 UTC,1,3,3.67,0.65,28.2,60.2,Safe
2026-04-27 13:29:33 UTC,2,3,3.73,0.66,28.1,60.6,Safe
2026-04-27 13:29:43 UTC,3,3,3.67,0.65,28.2,60.9,Safe
2026-04-27 13:29:53 UTC,3,4,3.74,0.66,28.2,61.1,Safe
2026-04-27 13:30:03 UTC,1,2,3.67,0.65,28.2,61.4,Safe
2026-04-27 13:30:13 UTC,1,2,3.74,0.66,28.2,61.7,Safe
2026-04-27 13:30:23 UTC,1,3,3.66,0.65,28.3,61.9,Safe
2026-04-27 13:30:33 UTC,1,2,3.66,0.64,28.3,62.2,Safe
2026-04-27 13:30:43 UTC,2,3,3.73,0.66,28.3,62.4,Safe
2026-04-27 13:30:53 UTC,2,3,3.67,0.65,28.3,62.7,Safe
2026-04-27 13:31:03 UTC,2,2,3.72,0.65,28.4,62.9,Safe
2026-04-27 13:31:13 UTC,3,4,3.69,0.65,28.4,63.1,Safe
2026-04-27 13:31:23 UTC,3,5,3.74,0.66,28.4,63.1,Safe
2026-04-27 13:31:33 UTC,3,5,3.68,0.65,28.4,63.3,Safe
2026-04-27 13:31:43 UTC,2,4,3.75,0.66,28.4,63.5,Safe
2026-04-27 13:31:53 UTC,2,3,3.68,0.65,28.5,63.7,Safe
2026-04-27 13:32:03 UTC,1,1,3.75,0.66,28.5,63.9,Safe
2026-04-27 13:32:13 UTC,1,2,3.73,0.65,28.5,64,Safe
2026-04-27 13:32:23 UTC,1,2,3.67,0.65,28.6,64.2,Safe
2026-04-27 13:32:33 UTC,1,3,3.73,0.65,28.6,64.5,Safe
2026-04-27 13:32:43 UTC,1,4,3.67,0.65,28.6,64.6,Safe
2026-04-27 13:32:53 UTC,2,2,3.75,0.66,28.6,64.7,Safe
2026-04-27 13:33:03 UTC,3,4,3.66,0.65,28.6,64.8,Safe
2026-04-27 13:33:13 UTC,2,4,3.74,0.66,28.6,64.9,Safe
2026-04-27 13:33:23 UTC,2,5,3.68,0.65,28.6,64.9,Safe
2026-04-27 13:33:33 UTC,6,7,3.75,0.66,28.7,65,Safe
2026-04-27 13:33:43 UTC,4,7,3.68,0.65,28.7,65.1,Safe
2026-04-27 13:33:53 UTC,5,5,3.74,0.66,28.7,65.3,Safe
2026-04-27 13:34:03 UTC,6,6,3.69,0.65,28.7,65.5,Safe
2026-04-27 13:34:13 UTC,3,4,3.75,0.66,28.8,65.7,Safe
2026-04-27 13:34:23 UTC,3,3,3.72,0.65,28.8,65.8,Safe
2026-04-27 13:34:33 UTC,2,2,3.68,0.65,28.8,66,Safe
2026-04-27 13:34:43 UTC,3,3,3.75,0.66,28.8,66.1,Safe
2026-04-27 13:34:53 UTC,3,5,3.68,0.65,28.8,66.3,Safe
2026-04-27 13:35:03 UTC,2,4,3.75,0.66,28.9,66.4,Safe
2026-04-27 13:35:13 UTC,3,6,3.7,0.65,28.9,66.6,Safe
2026-04-27 13:35:23 UTC,3,5,3.75,0.66,28.9,66.9,Safe
2026-04-27 13:35:33 UTC,4,4,3.69,0.65,28.9,67.2,Safe
2026-04-27 13:35:43 UTC,4,5,3.75,0.66,28.9,67.1,Safe
2026-04-27 13:35:53 UTC,3,7,3.75,0.66,29,67.2,Safe
2026-04-27 13:36:03 UTC,2,4,3.74,0.66,29,67.3,Safe
2026-04-27 13:36:13 UTC,2,4,3.75,0.66,29,67.4,Safe
2026-04-27 13:36:23 UTC,3,5,3.67,0.65,29,67.5,Safe
2026-04-27 13:36:33 UTC,2,4,3.75,0.66,29,67.7,Safe
2026-04-27 13:36:43 UTC,2,5,3.68,0.65,29,67.8,Safe
2026-04-27 13:36:53 UTC,2,4,3.75,0.66,29.1,67.9,Safe
2026-04-27 13:37:03 UTC,2,4,3.69,0.65,29.1,68,Safe
2026-04-27 13:37:13 UTC,2,4,3.73,0.66,29.1,68.1,Safe
2026-04-27 13:37:23 UTC,3,3,3.69,0.65,29.1,68.2,Safe
2026-04-27 13:37:33 UTC,3,3,3.75,0.66,29.1,68.3,Safe
2026-04-27 13:37:43 UTC,3,3,3.7,0.65,29.2,68.4,Safe
2026-04-27 13:37:53 UTC,3,4,3.75,0.66,29.2,68.6,Safe
2026-04-27 13:38:03 UTC,5,5,3.75,0.66,29.2,68.7,Safe
2026-04-27 13:38:13 UTC,4,6,3.69,0.65,29.2,68.7,Safe
2026-04-27 13:38:23 UTC,3,4,3.75,0.66,29.2,68.8,Safe
2026-04-27 13:38:33 UTC,1,5,3.7,0.65,29.3,68.9,Safe
2026-04-27 13:38:43 UTC,2,4,3.72,0.66,29.3,69.1,Safe
2026-04-27 13:38:53 UTC,3,6,3.68,0.65,29.3,69.2,Safe
2026-04-27 13:39:03 UTC,2,5,3.77,0.66,29.3,69.3,Safe
2026-04-27 13:39:13 UTC,2,5,3.7,0.65,29.3,69.3,Safe
2026-04-27 13:39:23 UTC,4,7,3.75,0.66,29.3,69.3,Safe
2026-04-27 13:39:33 UTC,4,5,3.75,0.66,29.3,69.3,Safe
2026-04-27 13:39:43 UTC,4,6,3.74,0.66,29.4,69.3,Safe
2026-04-27 13:39:53 UTC,3,4,3.75,0.66,29.4,69.4,Safe
2026-04-27 13:40:03 UTC,3,3,3.67,0.65,29.4,69.5,Safe
2026-04-27 13:40:13 UTC,4,4,3.75,0.66,29.4,69.4,Safe
2026-04-27 13:40:23 UTC,5,7,3.69,0.65,29.4,69.6,Safe
2026-04-27 13:40:33 UTC,4,6,3.78,0.66,29.4,69.5,Safe
2026-04-27 13:40:43 UTC,4,5,3.69,0.65,29.5,69.5,Safe
2026-04-27 13:40:53 UTC,1,3,3.75,0.66,29.5,69.6,Safe
2026-04-27 13:41:03 UTC,2,4,3.69,0.65,29.5,69.7,Safe
2026-04-27 13:41:13 UTC,4,5,3.73,0.66,29.5,69.7,Safe
2026-04-27 13:41:23 UTC,4,5,3.69,0.65,29.5,69.9,Safe
2026-04-27 13:41:33 UTC,4,7,3.75,0.66,29.5,69.8,Safe
2026-04-27 13:41:43 UTC,4,7,3.75,0.66,29.6,69.8,Safe
2026-04-27 13:41:53 UTC,3,6,3.69,0.65,29.6,69.8,Safe
2026-04-27 13:42:03 UTC,3,7,3.74,0.66,29.6,69.8,Safe
2026-04-27 13:42:13 UTC,3,7,3.69,0.65,29.6,69.7,Safe
2026-04-27 13:42:23 UTC,3,7,3.75,0.66,29.6,69.8,Safe
2026-04-27 13:42:33 UTC,3,4,3.68,0.65,29.6,69.9,Safe
2026-04-27 13:42:43 UTC,4,4,3.75,0.66,29.6,69.8,Safe
2026-04-27 13:42:53 UTC,3,4,3.67,0.65,29.7,70,Safe
2026-04-27 13:43:03 UTC,3,4,3.74,0.66,29.7,69.9,Safe
2026-04-27 13:43:13 UTC,3,3,3.75,0.66,29.7,69.6,Safe
2026-04-27 13:43:23 UTC,2,3,3.75,0.66,29.6,68.8,Safe
2026-04-27 13:43:33 UTC,2,4,3.66,0.65,29.6,67.8,Safe
2026-04-27 13:43:43 UTC,2,6,3.68,0.65,29.6,66.8,Safe
2026-04-27 13:43:53 UTC,3,6,3.75,0.66,29.6,65.9,Safe
2026-04-27 13:44:03 UTC,3,5,3.64,0.64,29.6,65.3,Safe
2026-04-27 13:44:13 UTC,4,4,3.75,0.66,29.5,64.5,Safe
2026-04-27 13:44:23 UTC,4,4,3.68,0.65,29.5,63.8,Safe
2026-04-27 13:44:33 UTC,4,7,3.75,0.66,29.5,63.1,Safe
2026-04-27 13:44:43 UTC,4,7,3.67,0.65,29.4,63.1,Safe
2026-04-27 13:44:53 UTC,3,7,3.74,0.66,29.4,63.6,Safe
2026-04-27 13:45:03 UTC,3,6,3.65,0.65,29.4,64.2,Safe
2026-04-27 13:45:13 UTC,2,3,3.75,0.66,29.3,64.7,Safe
2026-04-27 13:45:23 UTC,3,7,3.75,0.66,29.4,65.3,Safe
2026-04-27 13:45:33 UTC,3,5,3.7,0.65,29.3,65.7,Safe
2026-04-27 13:45:43 UTC,2,4,3.75,0.66,29.4,66,Safe
2026-04-27 13:45:53 UTC,2,5,3.7,0.65,29.4,66.2,Safe
2026-04-27 13:46:03 UTC,2,3,3.75,0.66,29.4,66.5,Safe
2026-04-27 13:46:13 UTC,1,2,3.68,0.65,29.4,66.6,Safe
2026-04-27 13:46:23 UTC,1,3,3.75,0.66,29.4,66.7,Safe
2026-04-27 13:46:33 UTC,3,4,3.69,0.65,29.4,66.8,Safe
2026-04-27 13:46:43 UTC,2,3,3.75,0.66,29.4,66.8,Safe
2026-04-27 13:46:53 UTC,3,4,3.74,0.66,29.4,66.7,Safe
2026-04-27 13:47:03 UTC,4,5,3.75,0.66,29.4,66.6,Safe
2026-04-27 13:47:13 UTC,3,3,3.67,0.65,29.5,66.6,Safe
2026-04-27 13:47:23 UTC,4,4,3.69,0.65,29.5,66.4,Safe
2026-04-27 13:47:33 UTC,3,4,3.75,0.66,29.5,66.4,Safe
2026-04-27 13:47:43 UTC,3,4,3.69,0.65,29.5,66.5,Safe
2026-04-27 13:47:53 UTC,3,4,3.75,0.66,29.5,66.5,Safe
2026-04-27 13:48:03 UTC,3,3,3.7,0.65,29.5,66.6,Safe
2026-04-27 13:48:13 UTC,3,3,3.75,0.66,29.5,66.5,Safe
2026-04-27 13:48:23 UTC,3,3,3.66,0.65,29.5,66.6,Safe
2026-04-27 13:48:33 UTC,2,3,3.75,0.66,29.5,66.5,Safe
2026-04-27 13:48:43 UTC,2,2,3.69,0.65,29.6,66.5,Safe
2026-04-27 13:48:53 UTC,2,2,3.75,0.66,29.6,66.5,Safe
2026-04-27 13:49:03 UTC,3,4,3.75,0.66,29.6,66.5,Safe
2026-04-27 13:49:13 UTC,3,3,3.67,0.65,29.6,66.6,Safe
2026-04-27 13:49:23 UTC,3,4,3.75,0.66,29.6,66.5,Safe
2026-04-27 13:49:33 UTC,4,4,3.69,0.65,29.7,66.6,Safe
2026-04-27 13:49:43 UTC,3,5,3.75,0.66,29.6,66.5,Safe
2026-04-27 13:49:53 UTC,3,7,3.68,0.65,29.7,66.4,Safe
2026-04-27 13:50:03 UTC,3,7,3.75,0.66,29.7,65.6,Safe
2026-04-27 13:50:13 UTC,3,4,3.69,0.65,29.7,64.7,Safe
2026-04-27 13:50:23 UTC,5,6,3.75,0.66,29.6,63.9,Safe
2026-04-27 13:50:33 UTC,4,5,3.75,0.66,29.6,63.1,Safe
2026-04-27 13:50:43 UTC,4,5,3.75,0.66,29.6,62.6,Safe
2026-04-27 13:50:53 UTC,3,4,3.75,0.66,29.6,62.2,Safe
2026-04-27 13:51:03 UTC,3,4,3.68,0.65,29.6,61.6,Safe
2026-04-27 13:51:13 UTC,4,4,3.75,0.66,29.5,61.3,Safe
2026-04-27 13:51:23 UTC,4,4,3.69,0.65,29.5,61.7,Safe
2026-04-27 13:51:33 UTC,4,4,3.72,0.66,29.5,62.2,Safe
2026-04-27 13:51:43 UTC,4,7,3.67,0.65,29.5,62.8,Safe
2026-04-27 13:51:53 UTC,3,6,3.75,0.66,29.4,63.3,Safe
2026-04-27 13:52:03 UTC,2,6,3.69,0.65,29.5,63.6,Safe
2026-04-27 13:52:13 UTC,3,5,3.75,0.66,29.4,64,Safe
2026-04-27 13:52:23 UTC,3,3,3.69,0.65,29.4,64.5,Safe
2026-04-27 13:52:33 UTC,2,4,3.75,0.66,29.4,64.8,Safe
2026-04-27 13:52:43 UTC,2,4,3.73,0.66,29.5,65.2,Safe
2026-04-27 13:52:53 UTC,3,4,3.69,0.65,29.5,65.6,Safe
2026-04-27 13:53:03 UTC,4,5,3.75,0.66,29.5,65.6,Safe
2026-04-27 13:53:13 UTC,5,6,3.68,0.65,29.5,65.8,Safe
2026-04-27 13:53:23 UTC,4,4,3.75,0.66,29.5,65.9,Safe
2026-04-27 13:53:33 UTC,4,4,3.69,0.65,29.5,66,Safe
2026-04-27 13:53:43 UTC,3,5,3.75,0.66,29.5,66.1,Safe
2026-04-27 13:53:53 UTC,2,4,3.69,0.65,29.5,66.2,Safe
2026-04-27 13:54:03 UTC,2,4,3.75,0.66,29.5,66.3,Safe
2026-04-27 13:54:13 UTC,2,6,3.75,0.66,29.5,66.4,Safe
2026-04-27 13:54:23 UTC,3,5,3.75,0.66,29.5,66.5,Safe
2026-04-27 13:54:33 UTC,3,4,3.73,0.66,29.5,66.6,Safe
2026-04-27 13:54:43 UTC,2,3,3.7,0.65,29.5,66.6,Safe
2026-04-27 13:54:53 UTC,4,5,3.75,0.66,29.5,66.6,Safe
2026-04-27 13:55:03 UTC,3,4,3.67,0.65,29.6,66.6,Safe
2026-04-27 13:55:13 UTC,4,5,3.75,0.66,29.6,66.6,Safe
2026-04-27 13:55:23 UTC,3,4,3.69,0.65,29.6,66.5,Safe
2026-04-27 13:55:33 UTC,4,4,3.75,0.66,29.6,66.4,Safe
2026-04-27 13:55:43 UTC,3,3,3.68,0.65,29.6,66,Safe
2026-04-27 13:55:53 UTC,2,3,3.75,0.66,29.6,65.1,Safe
2026-04-27 13:56:03 UTC,2,4,3.66,0.65,29.5,64.3,Safe
2026-04-27 13:56:13 UTC,2,6,3.75,0.66,29.5,63.5,Safe
2026-04-27 13:56:23 UTC,2,6,3.74,0.66,29.5,63,Safe
2026-04-27 13:56:33 UTC,2,4,3.67,0.65,29.5,62.5,Safe
2026-04-27 13:56:43 UTC,3,4,3.71,0.66,29.4,62,Safe
2026-04-27 13:56:53 UTC,3,4,3.67,0.65,29.4,61.5,Safe
2026-04-27 13:57:03 UTC,2,4,3.74,0.66,29.4,61.5,Safe
2026-04-27 13:57:13 UTC,2,4,3.68,0.65,29.3,62.1,Safe
2026-04-27 13:57:23 UTC,3,4,3.75,0.66,29.3,62.6,Safe
2026-04-27 13:57:33 UTC,3,4,3.68,0.65,29.3,63.1,Safe
2026-04-27 13:57:43 UTC,3,4,3.75,0.66,29.3,63.6,Safe
2026-04-27 13:57:53 UTC,3,3,3.74,0.66,29.3,64,Safe
2026-04-27 13:58:03 UTC,3,3,3.75,0.66,29.3,64.5,Safe
2026-04-27 13:58:13 UTC,3,3,3.75,0.66,29.3,64.9,Safe
2026-04-27 13:58:23 UTC,3,4,3.66,0.65,29.3,65.2,Safe
2026-04-27 13:58:33 UTC,3,5,3.75,0.66,29.3,65.5,Safe
2026-04-27 13:58:43 UTC,1,5,3.67,0.65,29.3,65.9,Safe
2026-04-27 13:58:53 UTC,1,2,3.75,0.66,29.3,66,Safe
2026-04-27 13:59:03 UTC,2,4,3.69,0.65,29.3,66.2,Safe
2026-04-27 13:59:13 UTC,2,4,3.75,0.66,29.3,66.3,Safe
2026-04-27 13:59:23 UTC,2,3,3.67,0.65,29.3,66.3,Safe
2026-04-27 13:59:33 UTC,2,3,3.75,0.66,29.3,66.4,Safe
2026-04-27 13:59:43 UTC,2,3,3.69,0.65,29.3,66.5,Safe
2026-04-27 13:59:53 UTC,2,2,3.75,0.66,29.3,66.6,Safe
2026-04-27 14:00:03 UTC,2,5,3.76,0.66,29.4,66.8,Safe
2026-04-27 14:00:13 UTC,2,5,3.7,0.65,29.3,66.8,Safe
2026-04-27 14:00:23 UTC,2,2,3.75,0.66,29.3,67,Safe
2026-04-27 14:00:33 UTC,4,4,3.69,0.65,29.3,66.9,Safe
2026-04-27 14:00:43 UTC,3,5,3.76,0.66,29.4,67,Safe
2026-04-27 14:00:53 UTC,2,6,3.7,0.65,29.4,66.9,Safe
2026-04-27 14:01:03 UTC,2,4,3.75,0.66,29.4,66.9,Safe
2026-04-27 14:01:13 UTC,2,3,3.7,0.65,29.4,66.9,Safe
2026-04-27 14:01:23 UTC,3,3,3.76,0.66,29.4,66.9,Safe
2026-04-27 14:01:33 UTC,4,4,3.73,0.66,29.4,66.6,Safe
2026-04-27 14:01:43 UTC,3,4,3.75,0.66,29.4,65.9,Safe
2026-04-27 14:01:53 UTC,2,3,3.67,0.65,29.4,65.1,Safe
2026-04-27 14:02:03 UTC,2,4,3.68,0.65,29.4,64.2,Safe
2026-04-27 14:02:13 UTC,4,5,3.75,0.66,29.4,63.8,Safe
2026-04-27 14:02:23 UTC,3,3,3.69,0.65,29.4,63.4,Safe
2026-04-27 14:02:33 UTC,2,2,3.73,0.66,29.3,63,Safe
2026-04-27 14:02:43 UTC,3,4,3.68,0.65,29.3,62.5,Safe
2026-04-27 14:02:53 UTC,2,6,3.74,0.66,29.3,62.4,Safe
2026-04-27 14:03:03 UTC,2,5,3.68,0.65,29.3,62.7,Safe
2026-04-27 14:03:13 UTC,3,4,3.74,0.66,29.3,63.4,Safe
2026-04-27 14:03:23 UTC,2,4,3.69,0.65,29.2,63.9,Safe
2026-04-27 14:03:33 UTC,1,4,3.75,0.66,29.2,64.4,Safe
2026-04-27 14:03:43 UTC,2,4,3.75,0.66,29.2,64.9,Safe
2026-04-27 14:03:53 UTC,3,5,3.69,0.65,29.2,65.4,Safe
2026-04-27 14:04:03 UTC,3,7,3.75,0.66,29.2,65.8,Safe
2026-04-27 14:04:13 UTC,3,6,3.66,0.65,29.2,66.1,Safe
2026-04-27 14:04:23 UTC,3,4,3.75,0.66,29.2,66.4,Safe
2026-04-27 14:04:33 UTC,3,4,3.69,0.65,29.2,66.8,Safe
2026-04-27 14:04:43 UTC,1,3,3.75,0.66,29.2,66.9,Safe
2026-04-27 14:04:53 UTC,2,5,3.7,0.65,29.2,67.2,Safe
2026-04-27 14:05:03 UTC,3,5,3.75,0.66,29.3,67.3,Safe
2026-04-27 14:05:13 UTC,2,5,3.7,0.65,29.2,67.4,Safe
2026-04-27 14:05:23 UTC,2,3,3.75,0.66,29.2,67.6,Safe
2026-04-27 14:05:33 UTC,3,5,3.68,0.65,29.3,67.7,Safe
2026-04-27 14:05:43 UTC,3,5,3.7,0.65,29.3,67.8,Safe
2026-04-27 14:05:53 UTC,3,8,3.76,0.66,29.3,68,Safe
2026-04-27 14:06:03 UTC,4,7,3.7,0.65,29.3,68,Safe
2026-04-27 14:06:13 UTC,5,6,3.73,0.66,29.3,68,Safe
2026-04-27 14:06:23 UTC,4,5,3.7,0.65,29.3,68.1,Safe
2026-04-27 14:06:33 UTC,3,5,3.75,0.66,29.4,68.1,Safe
2026-04-27 14:06:43 UTC,3,6,3.7,0.65,29.4,68.1,Safe
2026-04-27 14:06:53 UTC,4,8,3.75,0.66,29.4,68,Safe
2026-04-27 14:07:03 UTC,3,4,3.68,0.65,29.4,67.9,Safe
2026-04-27 14:07:13 UTC,2,2,3.76,0.66,29.4,67.8,Safe
2026-04-27 14:07:23 UTC,2,4,3.75,0.66,29.4,67.3,Safe
2026-04-27 14:07:33 UTC,2,4,3.7,0.65,29.4,66.7,Safe
2026-04-27 14:07:43 UTC,2,3,3.75,0.66,29.4,65.6,Safe
2026-04-27 14:07:53 UTC,1,3,3.68,0.65,29.4,64.8,Safe
2026-04-27 14:08:03 UTC,2,5,3.76,0.66,29.4,64.1,Safe
2026-04-27 14:08:13 UTC,1,3,3.68,0.65,29.4,63.4,Safe
2026-04-27 14:08:23 UTC,3,5,3.75,0.66,29.3,63.1,Safe
2026-04-27 14:08:33 UTC,4,6,3.69,0.65,29.3,62.6,Safe
2026-04-27 14:08:43 UTC,3,6,3.75,0.66,29.3,62.4,Safe
2026-04-27 14:08:53 UTC,2,4,3.66,0.65,29.2,62.9,Safe
2026-04-27 14:09:03 UTC,3,6,3.75,0.66,29.2,63.5,Safe
2026-04-27 14:09:13 UTC,2,4,3.69,0.65,29.2,64,Safe
2026-04-27 14:09:23 UTC,2,3,3.69,0.65,29.2,64.5,Safe
2026-04-27 14:09:33 UTC,2,3,3.75,0.66,29.2,64.9,Safe
2026-04-27 14:09:43 UTC,1,3,3.7,0.65,29.2,65.3,Safe
2026-04-27 14:09:53 UTC,1,4,3.72,0.66,29.2,65.6,Safe
2026-04-27 14:10:03 UTC,2,4,3.68,0.65,29.2,66,Safe
2026-04-27 14:10:13 UTC,2,2,3.75,0.66,29.2,66.3,Safe
2026-04-27 14:10:23 UTC,2,2,3.67,0.65,29.2,66.4,Safe
2026-04-27 14:10:33 UTC,2,3,3.75,0.66,29.3,66.6,Safe
2026-04-27 14:10:43 UTC,2,4,3.67,0.65,29.2,66.8,Safe
2026-04-27 14:10:53 UTC,1,5,3.75,0.66,29.3,66.9,Safe
2026-04-27 14:11:03 UTC,1,4,3.75,0.66,29.3,67,Safe
2026-04-27 14:11:13 UTC,2,3,3.66,0.65,29.3,67.1,Safe
2026-04-27 14:11:23 UTC,2,4,3.75,0.66,29.3,67.2,Safe
2026-04-27 14:11:33 UTC,3,3,3.69,0.65,29.3,67.2,Safe
2026-04-27 14:11:43 UTC,2,2,3.72,0.66,29.3,67.2,Safe
2026-04-27 14:11:53 UTC,2,4,3.67,0.65,29.3,67.2,Safe
2026-04-27 14:12:03 UTC,2,4,3.75,0.66,29.4,67.3,Safe
2026-04-27 14:12:13 UTC,2,4,3.7,0.65,29.4,67.3,Safe
2026-04-27 14:12:23 UTC,3,4,3.75,0.66,29.4,67.2,Safe
2026-04-27 14:12:33 UTC,3,4,3.69,0.65,29.4,67.3,Safe
2026-04-27 14:12:43 UTC,2,2,3.75,0.66,29.4,67.3,Safe
2026-04-27 14:12:53 UTC,1,1,3.69,0.65,29.4,67.2,Safe
2026-04-27 14:13:03 UTC,2,3,3.7,0.65,29.4,67.2,Safe
2026-04-27 14:13:13 UTC,3,5,3.76,0.66,29.4,67,Safe
2026-04-27 14:13:23 UTC,3,4,3.68,0.65,29.4,66.4,Safe
2026-04-27 14:13:33 UTC,2,2,3.74,0.66,29.4,65.5,Safe
2026-04-27 14:13:43 UTC,1,1,3.69,0.65,29.4,64.7,Safe
2026-04-27 14:13:53 UTC,2,3,3.75,0.66,29.4,64,Safe
2026-04-27 14:14:03 UTC,2,3,3.68,0.65,29.4,63.4,Safe
2026-04-27 14:14:13 UTC,1,4,3.75,0.66,29.4,63,Safe
2026-04-27 14:14:23 UTC,2,3,3.68,0.65,29.4,62.4,Safe
2026-04-27 14:14:33 UTC,1,4,3.73,0.66,29.3,62.1,Safe
2026-04-27 14:14:43 UTC,1,4,3.75,0.66,29.3,62.5,Safe
2026-04-27 14:14:53 UTC,1,3,3.68,0.65,29.3,63.1,Safe
2026-04-27 14:15:03 UTC,1,2,3.73,0.66,29.3,63.6,Safe
2026-04-27 14:15:13 UTC,1,2,3.69,0.65,29.3,64.3,Safe
2026-04-27 14:15:23 UTC,2,3,3.72,0.66,29.2,64.6,Safe
2026-04-27 14:15:33 UTC,2,5,3.66,0.65,29.2,65,Safe
2026-04-27 14:15:43 UTC,2,3,3.74,0.66,29.3,65.4,Safe
2026-04-27 14:15:53 UTC,3,3,3.68,0.65,29.3,65.6,Safe
2026-04-27 14:16:03 UTC,2,3,3.75,0.66,29.3,66,Safe
2026-04-27 14:16:13 UTC,2,3,3.69,0.65,29.3,66.2,Safe
2026-04-27 14:16:23 UTC,2,3,3.75,0.66,29.3,66.4,Safe
2026-04-27 14:16:33 UTC,2,5,3.66,0.65,29.3,66.6,Safe
2026-04-27 14:16:43 UTC,2,4,3.73,0.66,29.3,66.6,Safe
2026-04-27 14:16:53 UTC,1,3,3.75,0.66,29.3,66.8,Safe
2026-04-27 14:17:03 UTC,2,4,3.69,0.65,29.3,66.8,Safe
2026-04-27 14:17:13 UTC,3,6,3.75,0.66,29.3,66.9,Safe
2026-04-27 14:17:23 UTC,3,5,3.66,0.65,29.3,66.9,Safe
2026-04-27 14:17:33 UTC,2,4,3.75,0.66,29.4,67,Safe
2026-04-27 14:17:43 UTC,2,3,3.69,0.65,29.4,67.1,Safe
2026-04-27 14:17:53 UTC,2,3,3.75,0.66,29.4,67.1,Safe
2026-04-27 14:18:03 UTC,3,3,3.67,0.65,29.4,67,Safe
2026-04-27 14:18:13 UTC,2,3,3.75,0.66,29.4,67.2,Safe
2026-04-27 14:18:23 UTC,2,5,3.75,0.66,29.4,67.1,Safe
2026-04-27 14:18:33 UTC,3,4,3.75,0.66,29.4,67.1,Safe
2026-04-27 14:18:43 UTC,2,3,3.75,0.66,29.4,67,Safe
2026-04-27 14:18:53 UTC,1,2,3.69,0.65,29.4,67,Safe
2026-04-27 14:19:03 UTC,1,2,3.75,0.66,29.4,67,Safe
2026-04-27 14:19:13 UTC,1,2,3.69,0.65,29.4,67,Safe
2026-04-27 14:19:23 UTC,0,2,3.75,0.66,29.4,67,Safe
2026-04-27 14:19:33 UTC,1,2,3.68,0.65,29.4,66.5,Safe
2026-04-27 14:19:43 UTC,2,2,3.74,0.66,29.4,65.8,Safe
2026-04-27 14:19:53 UTC,1,2,3.67,0.65,29.4,64.9,Safe
2026-04-27 14:20:03 UTC,2,3,3.74,0.66,29.3,64,Safe
2026-04-27 14:20:13 UTC,3,3,3.66,0.65,29.3,63.1,Safe
2026-04-27 14:20:23 UTC,2,2,3.74,0.66,29.3,62.5,Safe
2026-04-27 14:20:33 UTC,1,2,3.71,0.66,29.2,62.1,Safe
2026-04-27 14:20:43 UTC,1,3,3.65,0.65,29.2,62,Safe
2026-04-27 14:20:53 UTC,1,4,3.74,0.66,29.1,62.5,Safe
2026-04-27 14:21:03 UTC,1,3,3.67,0.65,29.1,63.2,Safe
2026-04-27 14:21:13 UTC,1,2,3.71,0.66,29.1,63.7,Safe
2026-04-27 14:21:23 UTC,1,2,3.68,0.65,29.1,64.3,Safe
2026-04-27 14:21:33 UTC,1,3,3.74,0.66,29.1,64.7,Safe
2026-04-27 14:21:43 UTC,1,1,3.67,0.65,29.1,65.2,Safe
2026-04-27 14:21:53 UTC,1,2,3.73,0.66,29.1,65.6,Safe
2026-04-27 14:22:03 UTC,1,2,3.71,0.66,29.1,66,Safe
2026-04-27 14:22:13 UTC,1,2,3.74,0.66,29.1,66.2,Safe
2026-04-27 14:22:23 UTC,2,3,3.74,0.66,29.1,66.5,Safe
2026-04-27 14:22:33 UTC,2,2,3.68,0.65,29.1,66.6,Safe
2026-04-27 14:22:43 UTC,1,2,3.74,0.66,29.1,66.7,Safe
2026-04-27 14:22:53 UTC,1,2,3.67,0.65,29.1,66.9,Safe
2026-04-27 14:23:03 UTC,2,2,3.74,0.66,29.1,67,Safe
2026-04-27 14:23:13 UTC,3,3,3.67,0.65,29.1,67.1,Safe
2026-04-27 14:23:23 UTC,3,3,3.75,0.66,29.1,67.1,Safe
2026-04-27 14:23:33 UTC,3,3,3.66,0.65,29.1,67.2,Safe
2026-04-27 14:23:43 UTC,2,2,3.75,0.66,29.1,67.2,Safe
2026-04-27 14:23:53 UTC,2,2,3.67,0.65,29.2,67.3,Safe
2026-04-27 14:24:03 UTC,3,4,3.75,0.66,29.1,67.3,Safe
2026-04-27 14:24:13 UTC,2,2,3.75,0.66,29.2,67.3,Safe
2026-04-27 14:24:23 UTC,2,3,3.67,0.65,29.2,67.3,Safe
2026-04-27 14:24:33 UTC,2,4,3.74,0.66,29.2,67.4,Safe
2026-04-27 14:24:43 UTC,2,4,3.68,0.65,29.2,67.2,Safe
2026-04-27 14:24:53 UTC,1,2,3.75,0.66,29.2,67.2,Safe
2026-04-27 14:25:03 UTC,1,2,3.68,0.65,29.2,67.2,Safe
2026-04-27 14:25:13 UTC,1,2,3.75,0.66,29.2,67.3,Safe
2026-04-27 14:25:23 UTC,1,2,3.69,0.65,29.2,67,Safe
2026-04-27 14:25:33 UTC,1,2,3.73,0.66,29.2,66.9,Safe
2026-04-27 14:25:43 UTC,1,2,3.74,0.66,29.3,66.3,Safe
2026-04-27 14:25:53 UTC,1,1,3.73,0.66,29.2,65.4,Safe
2026-04-27 14:26:03 UTC,1,3,3.68,0.65,29.2,64.7,Safe
2026-04-27 14:26:13 UTC,2,2,3.67,0.65,29.2,63.8,Safe
2026-04-27 14:26:23 UTC,1,1,3.73,0.66,29.2,63.2,Safe
2026-04-27 14:26:33 UTC,1,1,3.65,0.65,29.1,62.6,Safe
2026-04-27 14:26:43 UTC,1,1,3.74,0.66,29.1,62.2,Safe
2026-04-27 14:26:53 UTC,1,1,3.67,0.65,29.1,61.7,Safe
2026-04-27 14:27:03 UTC,2,2,3.73,0.66,29.1,61.3,Safe
2026-04-27 14:27:13 UTC,1,3,3.66,0.65,29.1,60.8,Safe
2026-04-27 14:27:23 UTC,0,1,3.73,0.66,29,60.5,Safe
2026-04-27 14:27:33 UTC,1,2,3.67,0.65,29,60.1,Safe
2026-04-27 14:27:43 UTC,1,2,3.74,0.66,29,59.8,Safe
2026-04-27 14:27:53 UTC,0,0,3.74,0.66,28.9,60.3,Safe
2026-04-27 14:28:03 UTC,1,1,3.65,0.65,28.9,60.9,Safe
2026-04-27 14:28:13 UTC,1,2,3.71,0.66,28.9,61.6,Safe
2026-04-27 14:28:23 UTC,1,2,3.67,0.65,28.8,62.4,Safe
2026-04-27 14:28:33 UTC,2,2,3.73,0.66,28.8,63,Safe
2026-04-27 14:28:43 UTC,1,2,3.68,0.65,28.8,63.4,Safe
2026-04-27 14:28:53 UTC,1,2,3.75,0.66,28.8,64,Safe
2026-04-27 14:29:03 UTC,1,3,3.68,0.65,28.8,64.4,Safe
2026-04-27 14:29:13 UTC,1,3,3.73,0.66,28.8,64.8,Safe
2026-04-27 14:29:23 UTC,1,2,3.67,0.65,28.8,65.1,Safe
2026-04-27 14:29:33 UTC,1,2,3.72,0.66,28.8,65.3,Safe
2026-04-27 14:29:43 UTC,1,1,3.67,0.65,28.8,65.5,Safe
2026-04-27 14:29:53 UTC,1,2,3.68,0.65,28.8,65.8,Safe
2026-04-27 14:30:03 UTC,1,2,3.74,0.66,28.8,66,Safe
2026-04-27 14:30:13 UTC,0,1,3.67,0.65,28.8,66.1,Safe
2026-04-27 14:30:23 UTC,0,2,3.74,0.66,28.8,66.3,Safe
2026-04-27 14:30:33 UTC,0,2,3.66,0.65,28.8,66.5,Safe
2026-04-27 14:30:43 UTC,0,3,3.71,0.66,28.8,66.6,Safe
2026-04-27 14:30:53 UTC,0,3,3.67,0.65,28.8,66.8,Safe
2026-04-27 14:31:03 UTC,1,4,3.74,0.66,28.8,66.9,Safe
2026-04-27 14:31:13 UTC,1,3,3.68,0.65,28.8,67,Safe
2026-04-27 14:31:23 UTC,0,1,3.75,0.66,28.8,67.2,Safe
2026-04-27 14:31:33 UTC,0,2,3.74,0.66,28.8,67.3,Safe
2026-04-27 14:31:43 UTC,0,3,3.66,0.65,28.9,67.4,Safe
2026-04-27 14:31:53 UTC,1,3,3.74,0.66,28.8,67.4,Safe
2026-04-27 14:32:03 UTC,1,1,3.66,0.65,28.8,67.4,Safe
2026-04-27 14:32:13 UTC,1,2,3.74,0.66,28.9,67.5,Safe
2026-04-27 14:32:23 UTC,1,3,3.68,0.65,28.9,67.6,Safe
2026-04-27 14:32:33 UTC,2,2,3.75,0.66,28.9,67.7,Safe
2026-04-27 14:32:43 UTC,1,2,3.68,0.65,28.8,67.7,Safe
2026-04-27 14:32:53 UTC,1,2,3.74,0.66,28.8,67.8,Safe
2026-04-27 14:33:03 UTC,1,4,3.68,0.65,28.9,67.7,Safe
2026-04-27 14:33:13 UTC,1,3,3.75,0.66,28.9,67.9,Safe
2026-04-27 14:33:23 UTC,0,1,3.66,0.65,28.9,68.1,Safe
2026-04-27 14:33:33 UTC,0,1,3.75,0.66,28.9,68,Safe
2026-04-27 14:33:43 UTC,0,2,3.71,0.66,28.9,68,Safe
2026-04-27 14:33:53 UTC,1,2,3.67,0.65,28.9,68.2,Safe
2026-04-27 14:34:03 UTC,1,2,3.73,0.66,28.9,67.9,Safe
2026-04-27 14:34:13 UTC,1,2,3.69,0.65,28.9,67.8,Safe
2026-04-27 14:34:23 UTC,2,4,3.73,0.66,28.9,67.7,Safe
2026-04-27 14:34:33 UTC,1,2,3.66,0.65,29,67.5,Safe
2026-04-27 14:34:43 UTC,0,0,3.74,0.66,29,67.4,Safe
2026-04-27 14:34:53 UTC,0,0,3.66,0.65,29,67.2,Safe
2026-04-27 14:35:03 UTC,0,0,3.72,0.66,29,67.1,Safe
2026-04-27 14:35:13 UTC,0,1,3.75,0.66,29,66.9,Safe
2026-04-27 14:35:23 UTC,1,3,3.75,0.66,29,66.9,Safe
2026-04-27 14:35:33 UTC,2,2,3.75,0.66,29.1,66.7,Safe
2026-04-27 14:35:43 UTC,1,2,3.68,0.65,29.1,66.7,Safe
2026-04-27 14:35:53 UTC,2,2,3.75,0.66,29.1,66.4,Safe
2026-04-27 14:36:03 UTC,2,3,3.66,0.65,29.1,66.1,Safe
2026-04-27 14:36:13 UTC,2,4,3.72,0.66,29.1,65.3,Safe
2026-04-27 14:36:23 UTC,2,4,3.68,0.65,29.1,64.3,Safe
2026-04-27 14:36:33 UTC,2,3,3.74,0.66,29.1,63.3,Safe
2026-04-27 14:36:43 UTC,2,3,3.66,0.65,29.1,62.6,Safe
2026-04-27 14:36:53 UTC,2,2,3.72,0.66,29,62,Safe
2026-04-27 14:37:03 UTC,0,2,3.67,0.65,29,61.6,Safe
2026-04-27 14:37:13 UTC,0,3,3.74,0.66,29,61.5,Safe
2026-04-27 14:37:23 UTC,0,4,3.75,0.66,29,61.8,Safe
2026-04-27 14:37:33 UTC,1,5,3.65,0.65,29,62.4,Safe
2026-04-27 14:37:43 UTC,1,3,3.73,0.66,29,62.9,Safe
2026-04-27 14:37:53 UTC,2,3,3.67,0.65,28.9,63.3,Safe
2026-04-27 14:38:03 UTC,1,1,3.75,0.66,29,63.8,Safe
2026-04-27 14:38:13 UTC,1,1,3.67,0.65,29,64.2,Safe
2026-04-27 14:38:23 UTC,1,3,3.75,0.66,28.9,64.5,Safe
2026-04-27 14:38:33 UTC,1,2,3.66,0.65,28.9,64.9,Safe
2026-04-27 14:38:43 UTC,1,1,3.75,0.66,29,65.3,Safe
2026-04-27 14:38:53 UTC,2,4,3.71,0.66,28.9,65.4,Safe
2026-04-27 14:39:03 UTC,2,4,3.75,0.66,28.9,65.8,Safe
2026-04-27 14:39:13 UTC,3,4,3.72,0.66,28.9,65.8,Safe
2026-04-27 14:39:23 UTC,2,4,3.67,0.65,29,65.9,Safe
2026-04-27 14:39:33 UTC,1,3,3.73,0.66,28.9,66,Safe
2026-04-27 14:39:43 UTC,2,4,3.67,0.65,29,66,Safe
2026-04-27 14:39:53 UTC,3,4,3.73,0.66,29,66.1,Safe
2026-04-27 14:40:03 UTC,2,5,3.66,0.65,29,66.2,Safe
2026-04-27 14:40:13 UTC,2,4,3.75,0.66,29,66.3,Safe
2026-04-27 14:40:23 UTC,1,6,3.67,0.65,29,66.3,Safe
2026-04-27 14:40:33 UTC,2,4,3.74,0.66,29,66.4,Safe
2026-04-27 14:40:43 UTC,2,3,3.68,0.65,29,66.3,Safe
2026-04-27 14:40:53 UTC,1,3,3.74,0.66,29,66.4,Safe
2026-04-27 14:41:03 UTC,1,2,3.74,0.66,29,66.4,Safe
2026-04-27 14:41:13 UTC,1,2,3.67,0.65,29,66.4,Safe
2026-04-27 14:41:23 UTC,2,3,3.75,0.66,29,66.4,Safe
2026-04-27 14:41:33 UTC,2,3,3.67,0.65,29,66.4,Safe
2026-04-27 14:41:43 UTC,2,4,3.75,0.66,29.1,66.4,Safe
2026-04-27 14:41:53 UTC,2,3,3.65,0.65,29.1,66.4,Safe
2026-04-27 14:42:03 UTC,2,2,3.74,0.66,29.1,66.3,Safe
2026-04-27 14:42:13 UTC,3,3,3.68,0.65,29.1,65.8,Safe
2026-04-27 14:42:23 UTC,2,3,3.72,0.66,29.1,65,Safe
2026-04-27 14:42:33 UTC,2,4,3.73,0.66,29.1,64.3,Safe
2026-04-27 14:42:43 UTC,2,4,3.67,0.65,29.1,63.4,Safe
2026-04-27 14:42:53 UTC,2,4,3.73,0.66,29.1,62.8,Safe
2026-04-27 14:43:03 UTC,2,3,3.66,0.65,29.1,62.3,Safe
2026-04-27 14:43:13 UTC,2,4,3.73,0.66,29,61.8,Safe
2026-04-27 14:43:23 UTC,2,4,3.67,0.65,29,61.5,Safe
2026-04-27 14:43:33 UTC,2,2,3.74,0.66,29,61.7,Safe
2026-04-27 14:43:43 UTC,2,3,3.66,0.65,29,62.3,Safe
2026-04-27 14:43:53 UTC,2,3,3.75,0.66,29,62.9,Safe
2026-04-27 14:44:03 UTC,2,5,3.68,0.65,29,63.4,Safe
2026-04-27 14:44:13 UTC,2,4,3.74,0.66,29,64,Safe
2026-04-27 14:44:23 UTC,2,3,3.66,0.65,29,64.4,Safe
2026-04-27 14:44:33 UTC,2,4,3.69,0.65,28.9,64.8,Safe
2026-04-27 14:44:43 UTC,2,4,3.75,0.66,28.9,65.3,Safe
2026-04-27 14:44:53 UTC,2,3,3.67,0.65,29,65.6,Safe
2026-04-27 14:45:03 UTC,2,5,3.72,0.66,29,65.9,Safe
2026-04-27 14:45:13 UTC,1,4,3.68,0.65,29,66,Safe
2026-04-27 14:45:23 UTC,2,3,3.72,0.66,29,66.3,Safe
2026-04-27 14:45:33 UTC,3,3,3.65,0.65,29,66.4,Safe
2026-04-27 14:45:43 UTC,3,3,3.73,0.66,29,66.5,Safe
2026-04-27 14:45:53 UTC,4,4,3.68,0.65,29,66.6,Safe
2026-04-27 14:46:03 UTC,3,5,3.73,0.66,29,66.7,Safe
2026-04-27 14:46:13 UTC,3,4,3.74,0.66,29,66.8,Safe
2026-04-27 14:46:23 UTC,1,2,3.74,0.66,29,66.8,Safe
2026-04-27 14:46:33 UTC,1,2,3.74,0.66,29,66.8,Safe
2026-04-27 14:46:43 UTC,1,2,3.66,0.65,29,66.8,Safe
2026-04-27 14:46:53 UTC,1,2,3.74,0.66,29,66.9,Safe
2026-04-27 14:47:03 UTC,0,1,3.67,0.65,29,66.9,Safe
2026-04-27 14:47:13 UTC,0,2,3.73,0.66,29,66.9,Safe
2026-04-27 14:47:23 UTC,0,3,3.68,0.65,29,66.9,Safe
2026-04-27 14:47:33 UTC,1,2,3.74,0.66,29,66.9,Safe
2026-04-27 14:47:43 UTC,1,2,3.65,0.65,29,66.8,Safe
2026-04-27 14:47:53 UTC,3,3,3.75,0.66,29.1,66.7,Safe
2026-04-27 14:48:03 UTC,3,4,3.68,0.65,29.1,66.7,Safe
2026-04-27 14:48:13 UTC,2,4,3.72,0.66,29.1,66.6,Safe
2026-04-27 14:48:23 UTC,3,5,3.74,0.66,29.1,66.6,Safe
2026-04-27 14:48:33 UTC,2,6,3.69,0.65,29.1,66.1,Safe
2026-04-27 14:48:43 UTC,1,3,3.73,0.66,29.2,65.3,Safe
2026-04-27 14:48:53 UTC,1,2,3.67,0.65,29.2,64.5,Safe
2026-04-27 14:49:03 UTC,1,3,3.74,0.66,29.1,63.6,Safe
2026-04-27 14:49:13 UTC,0,3,3.65,0.65,29.1,63,Safe
2026-04-27 14:49:23 UTC,0,2,3.74,0.66,29.1,62.5,Safe
2026-04-27 14:49:33 UTC,1,3,3.67,0.65,29.1,62,Safe
2026-04-27 14:49:43 UTC,2,4,3.72,0.66,29.1,61.6,Safe
2026-04-27 14:49:53 UTC,2,3,3.74,0.66,29.1,61.8,Safe
2026-04-27 14:50:03 UTC,2,2,3.74,0.66,29,62.3,Safe
2026-04-27 14:50:13 UTC,2,2,3.74,0.66,29,62.9,Safe
2026-04-27 14:50:23 UTC,2,3,3.67,0.65,29,63.5,Safe
2026-04-27 14:50:33 UTC,3,4,3.71,0.66,29.1,64,Safe
2026-04-27 14:50:43 UTC,4,5,3.67,0.65,29.1,64.4,Safe
2026-04-27 14:50:53 UTC,3,4,3.74,0.66,29,64.8,Safe
2026-04-27 14:51:03 UTC,3,4,3.67,0.65,29,65.2,Safe
2026-04-27 14:51:13 UTC,3,4,3.73,0.66,29,65.5,Safe
2026-04-27 14:51:23 UTC,3,4,3.68,0.65,29.1,65.9,Safe
2026-04-27 14:51:33 UTC,3,4,3.74,0.66,29.1,66.2,Safe
2026-04-27 14:51:43 UTC,3,3,3.7,0.65,29.1,66.4,Safe
2026-04-27 14:51:53 UTC,3,5,3.74,0.66,29.1,66.5,Safe
2026-04-27 14:52:03 UTC,3,4,3.73,0.66,29.1,66.7,Safe
2026-04-27 14:52:13 UTC,2,4,3.69,0.65,29.1,66.8,Safe
2026-04-27 14:52:23 UTC,2,4,3.72,0.66,29.1,66.9,Safe
2026-04-27 14:52:33 UTC,2,4,3.68,0.65,29.1,67,Safe
2026-04-27 14:52:43 UTC,2,4,3.74,0.66,29.1,67.1,Safe
2026-04-27 14:52:53 UTC,2,2,3.67,0.65,29.1,67.1,Safe
2026-04-27 14:53:03 UTC,2,2,3.75,0.66,29.1,67.1,Safe
2026-04-27 14:53:13 UTC,2,4,3.65,0.65,29.1,67.2,Safe
2026-04-27 14:53:23 UTC,3,3,3.75,0.66,29.1,67.1,Safe
2026-04-27 14:53:33 UTC,2,3,3.73,0.66,29.1,67.1,Safe
2026-04-27 14:53:43 UTC,2,3,3.76,0.66,29.2,67.2,Safe
2026-04-27 14:53:53 UTC,3,3,3.71,0.66,29.2,67,Safe
2026-04-27 14:54:03 UTC,3,5,3.68,0.65,29.2,67,Safe
2026-04-27 14:54:13 UTC,2,2,3.74,0.66,29.2,66.9,Safe
2026-04-27 14:54:23 UTC,2,2,3.68,0.65,29.2,66.9,Safe
2026-04-27 14:54:33 UTC,4,5,3.71,0.66,29.2,66.6,Safe
2026-04-27 14:54:43 UTC,3,4,3.66,0.65,29.2,65.9,Safe
2026-04-27 14:54:53 UTC,2,3,3.74,0.66,29.2,65,Safe
2026-04-27 14:55:03 UTC,2,3,3.68,0.65,29.2,64.3,Safe
2026-04-27 14:55:13 UTC,3,3,3.74,0.66,29.2,63.6,Safe
2026-04-27 14:55:23 UTC,3,3,3.67,0.65,29.2,62.7,Safe
2026-04-27 14:55:33 UTC,3,3,3.74,0.66,29.2,62.1,Safe
2026-04-27 14:55:43 UTC,3,3,3.73,0.66,29.2,61.6,Safe
2026-04-27 14:55:53 UTC,3,3,3.68,0.65,29.2,61,Safe
2026-04-27 14:56:03 UTC,3,5,3.74,0.66,29.1,60.9,Safe
2026-04-27 14:56:13 UTC,3,5,3.67,0.65,29.1,61.2,Safe
2026-04-27 14:56:23 UTC,3,3,3.75,0.66,29.1,61.8,Safe
2026-04-27 14:56:33 UTC,2,2,3.67,0.65,29.1,62.4,Safe
2026-04-27 14:56:43 UTC,2,2,3.74,0.66,29.1,62.9,Safe
2026-04-27 14:56:53 UTC,3,4,3.67,0.65,29.1,63.5,Safe
2026-04-27 14:57:03 UTC,2,5,3.73,0.66,29.1,63.9,Safe
2026-04-27 14:57:13 UTC,3,5,3.74,0.66,29.1,64.3,Safe
2026-04-27 14:57:23 UTC,1,2,3.74,0.66,29.1,64.6,Safe
2026-04-27 14:57:33 UTC,1,3,3.74,0.66,29.1,64.9,Safe
2026-04-27 14:57:43 UTC,2,4,3.68,0.65,29.1,65.1,Safe
2026-04-27 14:57:53 UTC,3,3,3.74,0.66,29.1,65.4,Safe
2026-04-27 14:58:03 UTC,4,5,3.66,0.65,29.1,65.6,Safe
2026-04-27 14:58:13 UTC,4,4,3.75,0.66,29.1,65.8,Safe
2026-04-27 14:58:23 UTC,3,3,3.68,0.65,29.1,66,Safe
2026-04-27 14:58:33 UTC,3,3,3.71,0.66,29.2,66.1,Safe
2026-04-27 14:58:43 UTC,3,4,3.68,0.65,29.2,66.3,Safe
2026-04-27 14:58:53 UTC,3,4,3.75,0.66,29.2,66.4,Safe
2026-04-27 14:59:03 UTC,2,4,3.67,0.65,29.1,66.4,Safe
2026-04-27 14:59:13 UTC,2,5,3.73,0.66,29.1,66.5,Safe
2026-04-27 14:59:23 UTC,3,3,3.75,0.66,29.2,66.7,Safe
2026-04-27 14:59:33 UTC,2,3,3.68,0.65,29.2,66.8,Safe
2026-04-27 14:59:43 UTC,2,2,3.74,0.66,29.2,66.9,Safe
2026-04-27 14:59:53 UTC,3,3,3.65,0.65,29.2,66.9,Safe
2026-04-27 15:00:03 UTC,2,2,3.75,0.66,29.2,66.9,Safe
2026-04-27 15:00:13 UTC,3,4,3.67,0.65,29.2,67,Safe
2026-04-27 15:00:23 UTC,2,2,3.74,0.66,29.2,66.9,Safe
2026-04-27 15:00:33 UTC,2,5,3.67,0.65,29.2,66.9,Safe
2026-04-27 15:00:43 UTC,2,4,3.74,0.66,29.3,66.9,Safe
2026-04-27 15:00:53 UTC,3,3,3.72,0.66,29.3,66.9,Safe
2026-04-27 15:01:03 UTC,2,3,3.71,0.66,29.3,66.8,Safe
2026-04-27 15:01:13 UTC,2,4,3.71,0.66,29.3,66.7,Safe
2026-04-27 15:01:23 UTC,2,3,3.66,0.65,29.3,66.7,Safe
2026-04-27 15:01:33 UTC,2,2,3.74,0.66,29.3,66.5,Safe
2026-04-27 15:01:43 UTC,1,2,3.68,0.65,29.4,66,Safe
2026-04-27 15:01:53 UTC,1,2,3.74,0.66,29.4,65.1,Safe
2026-04-27 15:02:03 UTC,1,3,3.67,0.65,29.4,64.5,Safe
2026-04-27 15:02:13 UTC,2,3,3.74,0.66,29.4,63.9,Safe
2026-04-27 15:02:23 UTC,3,3,3.67,0.65,29.4,63.2,Safe
2026-04-27 15:02:33 UTC,2,3,3.73,0.66,29.4,62.5,Safe
2026-04-27 15:02:43 UTC,1,2,3.67,0.65,29.3,62,Safe
2026-04-27 15:02:53 UTC,2,2,3.71,0.66,29.3,61.5,Safe
2026-04-27 15:03:03 UTC,3,3,3.73,0.66,29.3,61.2,Safe
2026-04-27 15:03:13 UTC,2,5,3.67,0.65,29.2,61.6,Safe
2026-04-27 15:03:23 UTC,1,3,3.74,0.66,29.2,62.2,Safe
2026-04-27 15:03:33 UTC,1,4,3.67,0.65,29.2,62.8,Safe
2026-04-27 15:03:43 UTC,3,4,3.74,0.66,29.2,63.4,Safe
2026-04-27 15:03:53 UTC,3,4,3.7,0.65,29.2,63.9,Safe
2026-04-27 15:04:03 UTC,3,3,3.75,0.66,29.2,64.3,Safe
2026-04-27 15:04:13 UTC,3,3,3.67,0.65,29.2,64.6,Safe
2026-04-27 15:04:23 UTC,3,4,3.77,0.66,29.2,65.2,Safe
2026-04-27 15:04:33 UTC,2,3,3.74,0.66,29.2,65.4,Safe
2026-04-27 15:04:43 UTC,2,3,3.74,0.66,29.2,65.7,Safe
2026-04-27 15:04:53 UTC,2,2,3.73,0.66,29.2,65.9,Safe
2026-04-27 15:05:03 UTC,2,3,3.68,0.65,29.2,66.2,Safe
2026-04-27 15:05:13 UTC,3,5,3.74,0.66,29.1,66.4,Safe
2026-04-27 15:05:23 UTC,2,5,3.67,0.65,29.2,66.5,Safe
2026-04-27 15:05:33 UTC,2,4,3.74,0.66,29.2,66.7,Safe
2026-04-27 15:05:43 UTC,3,6,3.67,0.65,29.2,66.9,Safe
2026-04-27 15:05:53 UTC,4,4,3.71,0.65,29.2,66.9,Safe
2026-04-27 15:06:03 UTC,3,3,3.68,0.65,29.2,67,Safe
2026-04-27 15:06:13 UTC,2,2,3.74,0.66,29.2,67.2,Safe
2026-04-27 15:06:23 UTC,2,4,3.66,0.65,29.2,67.3,Safe
2026-04-27 15:06:33 UTC,2,5,3.73,0.66,29.2,67.5,Safe
2026-04-27 15:06:43 UTC,3,4,3.71,0.66,29.2,67.4,Safe
2026-04-27 15:06:53 UTC,2,3,3.66,0.65,29.2,67.3,Safe
2026-04-27 15:07:03 UTC,4,6,3.75,0.66,29.2,67.2,Safe
2026-04-27 15:07:13 UTC,2,2,3.68,0.65,29.2,67.2,Safe
2026-04-27 15:07:23 UTC,0,2,3.73,0.66,29.3,67,Safe
2026-04-27 15:07:33 UTC,1,2,3.68,0.65,29.2,67,Safe
2026-04-27 15:07:43 UTC,1,3,3.75,0.66,29.3,66.9,Safe
2026-04-27 15:07:53 UTC,1,5,3.66,0.65,29.3,66.7,Safe
2026-04-27 15:08:03 UTC,1,3,3.75,0.66,29.3,66.7,Safe
2026-04-27 15:08:13 UTC,2,3,3.73,0.66,29.3,66.7,Safe
2026-04-27 15:08:23 UTC,1,5,3.73,0.66,29.3,66.6,Safe
2026-04-27 15:08:33 UTC,1,4,3.73,0.66,29.3,66.6,Safe
2026-04-27 15:08:43 UTC,1,4,3.68,0.65,29.3,66.5,Safe
2026-04-27 15:08:53 UTC,1,3,3.71,0.66,29.3,66.4,Safe
2026-04-27 15:09:03 UTC,1,3,3.69,0.65,29.3,66.4,Safe
2026-04-27 15:09:13 UTC,1,3,3.74,0.66,29.4,66.3,Safe
2026-04-27 15:09:23 UTC,1,4,3.68,0.65,29.4,66.1,Safe
2026-04-27 15:09:33 UTC,1,3,3.74,0.66,29.4,65.7,Safe
2026-04-27 15:09:43 UTC,1,3,3.67,0.65,29.4,65,Safe
2026-04-27 15:09:53 UTC,1,3,3.74,0.66,29.4,64.3,Safe
2026-04-27 15:10:03 UTC,2,3,3.67,0.65,29.4,63.8,Safe
2026-04-27 15:10:13 UTC,2,4,3.71,0.66,29.4,63.1,Safe
2026-04-27 15:10:23 UTC,3,4,3.73,0.66,29.3,62.6,Safe
2026-04-27 15:10:33 UTC,3,4,3.66,0.65,29.3,62.1,Safe
2026-04-27 15:10:43 UTC,2,3,3.73,0.66,29.3,62,Safe
2026-04-27 15:10:53 UTC,2,2,3.67,0.65,29.3,62,Safe
2026-04-27 15:11:03 UTC,1,2,3.71,0.65,29.2,62.4,Safe
2026-04-27 15:11:13 UTC,1,3,3.66,0.65,29.2,62.9,Safe
2026-04-27 15:11:23 UTC,2,3,3.74,0.66,29.2,63.3,Safe
2026-04-27 15:11:33 UTC,3,4,3.68,0.65,29.2,63.7,Safe
2026-04-27 15:11:43 UTC,2,2,3.74,0.66,29.2,64.2,Safe
2026-04-27 15:11:53 UTC,2,2,3.75,0.66,29.2,64.5,Safe
2026-04-27 15:12:03 UTC,2,2,3.75,0.66,29.2,64.9,Safe
2026-04-27 15:12:13 UTC,2,3,3.74,0.66,29.2,65.2,Safe
2026-04-27 15:12:23 UTC,2,3,3.66,0.65,29.2,65.5,Safe
2026-04-27 15:12:33 UTC,2,3,3.74,0.66,29.2,65.7,Safe
2026-04-27 15:12:43 UTC,2,3,3.66,0.65,29.2,65.8,Safe
2026-04-27 15:12:53 UTC,2,2,3.71,0.66,29.2,65.4,Safe
2026-04-27 15:13:03 UTC,3,3,3.67,0.65,29.2,64.6,Safe
2026-04-27 15:13:13 UTC,3,4,3.71,0.66,29.2,63.9,Safe
2026-04-27 15:13:23 UTC,3,6,3.64,0.65,29.2,63.3,Safe
2026-04-27 15:13:33 UTC,2,4,3.73,0.66,29.1,62.7,Safe
2026-04-27 15:13:43 UTC,2,5,3.67,0.65,29.1,62.2,Safe
2026-04-27 15:13:53 UTC,1,4,3.73,0.66,29,61.8,Safe
2026-04-27 15:14:03 UTC,1,3,3.75,0.66,29,61.4,Safe
2026-04-27 15:14:13 UTC,3,5,3.67,0.65,29,61.1,Safe
2026-04-27 15:14:23 UTC,3,4,3.73,0.66,28.9,60.7,Safe
2026-04-27 15:14:33 UTC,2,5,3.66,0.65,28.9,60.4,Safe
2026-04-27 15:14:43 UTC,1,3,3.73,0.66,28.8,60,Safe
2026-04-27 15:14:53 UTC,2,3,3.66,0.65,28.8,59.6,Safe
2026-04-27 15:15:03 UTC,2,2,3.71,0.66,28.8,59.3,Safe
2026-04-27 15:15:13 UTC,2,3,3.66,0.65,28.8,59,Safe
2026-04-27 15:15:23 UTC,2,5,3.73,0.66,28.7,58.7,Safe
2026-04-27 15:15:33 UTC,2,6,3.73,0.66,28.7,58.3,Safe
2026-04-27 15:15:43 UTC,2,5,3.69,0.65,28.6,58,Safe
2026-04-27 15:15:53 UTC,0,5,3.66,0.65,28.6,57.7,Safe
2026-04-27 15:16:03 UTC,1,5,3.67,0.65,28.5,57.3,Safe
2026-04-27 15:16:13 UTC,2,3,3.73,0.66,28.5,57,Safe
2026-04-27 15:16:23 UTC,2,3,3.66,0.65,28.5,56.7,Safe
2026-04-27 15:16:33 UTC,2,2,3.72,0.66,28.4,56.6,Safe
2026-04-27 15:16:43 UTC,2,2,3.66,0.65,28.4,56.4,Safe
2026-04-27 15:16:53 UTC,1,3,3.72,0.66,28.4,56.3,Safe
2026-04-27 15:17:03 UTC,1,4,3.66,0.65,28.3,56,Safe
2026-04-27 15:17:13 UTC,1,3,3.72,0.66,28.3,55.8,Safe
2026-04-27 15:17:23 UTC,1,4,3.66,0.65,28.2,55.4,Safe
2026-04-27 15:17:33 UTC,1,5,3.7,0.66,28.2,55.2,Safe
2026-04-27 15:17:43 UTC,2,3,3.71,0.66,28.2,55,Safe
2026-04-27 15:17:53 UTC,2,3,3.65,0.65,28.1,54.7,Safe
2026-04-27 15:18:03 UTC,2,6,3.72,0.66,28,54.7,Safe
2026-04-27 15:18:13 UTC,2,5,3.63,0.65,28,54.6,Safe
2026-04-27 15:18:23 UTC,3,4,3.71,0.66,28,54.5,Safe
2026-04-27 15:18:33 UTC,2,3,3.66,0.65,27.9,54.5,Safe
2026-04-27 15:18:43 UTC,2,6,3.72,0.66,27.9,54.4,Safe
2026-04-27 15:18:53 UTC,3,6,3.66,0.65,27.8,54.3,Safe
2026-04-27 15:19:03 UTC,3,5,3.72,0.66,27.8,54.1,Safe
2026-04-27 15:19:13 UTC,1,3,3.72,0.66,27.8,54,Safe
2026-04-27 15:19:23 UTC,2,4,3.71,0.65,27.7,53.9,Safe
2026-04-27 15:19:33 UTC,2,5,3.66,0.65,27.7,53.6,Safe
2026-04-27 15:19:43 UTC,2,3,3.66,0.65,27.6,53.5,Safe
2026-04-27 15:19:53 UTC,2,4,3.71,0.66,27.6,53.2,Safe
2026-04-27 15:20:03 UTC,1,6,3.66,0.65,27.6,53.2,Safe
2026-04-27 15:20:13 UTC,2,6,3.72,0.66,27.5,53.1,Safe
2026-04-27 15:20:23 UTC,2,5,3.65,0.65,27.5,52.8,Safe
2026-04-27 15:20:33 UTC,2,4,3.71,0.66,27.5,52.7,Safe
2026-04-27 15:20:43 UTC,4,4,3.66,0.65,27.4,52.4,Safe
2026-04-27 15:20:53 UTC,4,6,3.7,0.66,27.4,52.3,Safe
2026-04-27 15:21:03 UTC,3,6,3.63,0.64,27.4,52.2,Safe
2026-04-27 15:21:13 UTC,2,5,3.72,0.66,27.4,52,Safe
2026-04-27 15:21:23 UTC,4,5,3.71,0.66,27.3,51.9,Safe
2026-04-27 15:21:33 UTC,2,3,3.66,0.65,27.3,51.7,Safe
2026-04-27 15:21:43 UTC,3,6,3.71,0.66,27.3,51.7,Safe
2026-04-27 15:21:53 UTC,2,4,3.64,0.65,27.3,51.5,Safe
2026-04-27 15:22:03 UTC,1,2,3.71,0.66,27.3,51.4,Safe
2026-04-27 15:22:13 UTC,1,3,3.66,0.65,27.2,51.2,Safe
2026-04-27 15:22:23 UTC,2,5,3.72,0.66,27.2,50.9,Safe
2026-04-27 15:22:33 UTC,3,6,3.65,0.65,27.2,50.9,Safe
2026-04-27 15:22:43 UTC,1,5,3.71,0.66,27.2,50.9,Safe
2026-04-27 15:22:53 UTC,3,5,3.63,0.64,27.2,50.8,Safe
2026-04-27 15:23:03 UTC,2,4,3.71,0.66,27.1,50.9,Safe
2026-04-27 15:23:13 UTC,2,5,3.66,0.65,27.1,50.7,Safe
2026-04-27 15:23:23 UTC,4,7,3.64,0.65,27.1,50.8,Safe
2026-04-27 15:23:33 UTC,2,3,3.71,0.66,27.1,50.8,Safe
2026-04-27 15:23:43 UTC,1,3,3.62,0.64,27,50.7,Safe
2026-04-27 15:23:53 UTC,2,2,3.71,0.66,27,50.6,Safe
2026-04-27 15:24:03 UTC,2,4,3.64,0.64,27,50.5,Safe
2026-04-27 15:24:13 UTC,3,4,3.71,0.66,27,50.5,Safe
2026-04-27 15:24:23 UTC,2,3,3.66,0.65,27,50.4,Safe
2026-04-27 15:24:33 UTC,2,4,3.71,0.66,27,50.4,Safe
2026-04-27 15:24:43 UTC,2,4,3.65,0.65,26.9,50.3,Safe
2026-04-27 15:24:53 UTC,2,5,3.71,0.66,26.9,50.1,Safe
2026-04-27 15:25:03 UTC,3,3,3.7,0.65,26.9,49.9,Safe
2026-04-27 15:25:13 UTC,3,3,3.66,0.65,26.9,49.7,Safe
2026-04-27 15:25:23 UTC,3,3,3.7,0.65,26.9,49.7,Safe
2026-04-27 15:25:33 UTC,3,3,3.64,0.65,26.9,49.6,Safe
2026-04-27 15:25:43 UTC,3,5,3.71,0.66,26.9,49.5,Safe
2026-04-27 15:25:53 UTC,3,4,3.62,0.64,26.8,49.4,Safe
2026-04-27 15:26:03 UTC,3,4,3.7,0.65,26.8,49.4,Safe
2026-04-27 15:26:13 UTC,2,3,3.66,0.65,26.8,49.2,Safe
2026-04-27 15:26:23 UTC,3,4,3.71,0.66,26.8,49.1,Safe
2026-04-27 15:26:33 UTC,3,5,3.66,0.65,26.8,49.1,Safe
2026-04-27 15:26:43 UTC,2,3,3.72,0.66,26.8,49.1,Safe
2026-04-27 15:26:53 UTC,1,2,3.64,0.65,26.7,49.1,Safe
2026-04-27 15:27:03 UTC,1,3,3.63,0.64,26.7,48.9,Safe
2026-04-27 15:27:13 UTC,2,3,3.7,0.65,26.7,48.8,Safe
2026-04-27 15:27:23 UTC,1,1,3.65,0.65,26.7,48.8,Safe
2026-04-27 15:27:33 UTC,2,2,3.71,0.65,26.7,48.7,Safe
2026-04-27 15:27:43 UTC,2,5,3.66,0.65,26.7,48.6,Safe
2026-04-27 15:27:53 UTC,2,4,3.68,0.65,26.7,48.5,Safe
2026-04-27 15:28:03 UTC,2,2,3.65,0.65,26.7,48.4,Safe
2026-04-27 15:28:13 UTC,2,3,3.73,0.66,26.7,48.5,Safe
2026-04-27 15:28:23 UTC,1,3,3.65,0.65,26.6,48.4,Safe
2026-04-27 15:28:33 UTC,2,5,3.7,0.66,26.6,48.5,Safe
2026-04-27 15:28:43 UTC,2,5,3.71,0.66,26.6,48.5,Safe
2026-04-27 15:28:53 UTC,2,5,3.66,0.65,26.6,48.4,Safe
2026-04-27 15:29:03 UTC,3,4,3.71,0.66,26.6,48.1,Safe
2026-04-27 15:29:13 UTC,2,4,3.65,0.65,26.6,48.1,Safe
2026-04-27 15:29:23 UTC,2,3,3.69,0.65,26.5,47.9,Safe
2026-04-27 15:29:33 UTC,2,3,3.65,0.65,26.5,47.7,Safe
2026-04-27 15:29:43 UTC,3,4,3.71,0.66,26.5,47.7,Safe
2026-04-27 15:29:53 UTC,4,6,3.66,0.65,26.5,47.6,Safe
2026-04-27 15:30:03 UTC,3,6,3.69,0.65,26.5,47.5,Safe
2026-04-27 15:30:13 UTC,4,6,3.66,0.65,26.5,47.6,Safe
2026-04-27 15:30:23 UTC,4,7,3.71,0.66,26.4,47.6,Safe
2026-04-27 15:30:33 UTC,3,6,3.65,0.65,26.4,47.6,Safe
2026-04-27 15:30:43 UTC,4,5,3.65,0.65,26.4,47.6,Safe
2026-04-27 15:30:53 UTC,3,5,3.69,0.65,26.4,47.6,Safe
2026-04-27 15:31:03 UTC,2,4,3.65,0.65,26.4,47.6,Safe
2026-04-27 15:31:13 UTC,2,3,3.71,0.65,26.4,47.6,Safe
2026-04-27 15:31:23 UTC,4,6,3.66,0.65,26.3,47.5,Safe
2026-04-27 15:31:33 UTC,3,6,3.72,0.66,26.3,47.5,Safe
2026-04-27 15:31:43 UTC,4,9,3.66,0.65,26.3,47.5,Safe
2026-04-27 15:31:53 UTC,4,8,3.71,0.66,26.3,47.6,Safe
2026-04-27 15:32:03 UTC,4,10,3.65,0.65,26.3,47.6,Safe
2026-04-27 15:32:13 UTC,4,5,3.71,0.65,26.3,47.8,Safe
2026-04-27 15:32:23 UTC,3,4,3.71,0.66,26.3,47.9,Safe
2026-04-27 15:32:33 UTC,3,6,3.72,0.66,26.3,48.1,Safe
2026-04-27 15:32:43 UTC,3,6,3.68,0.65,26.2,48,Safe
2026-04-27 15:32:53 UTC,3,4,3.65,0.65,26.2,48.1,Safe
2026-04-27 15:33:03 UTC,2,3,3.65,0.65,26.2,48,Safe
2026-04-27 15:33:13 UTC,4,6,3.66,0.65,26.2,48,Safe
2026-04-27 15:33:23 UTC,4,8,3.69,0.65,26.2,48,Safe
2026-04-27 15:33:33 UTC,4,8,3.65,0.65,26.2,47.9,Safe
2026-04-27 15:33:43 UTC,3,10,3.69,0.65,26.2,47.8,Safe
2026-04-27 15:33:53 UTC,4,11,3.65,0.65,26.2,47.7,Safe
2026-04-27 15:34:03 UTC,4,10,3.71,0.65,26.2,47.7,Safe
2026-04-27 15:34:13 UTC,6,10,3.65,0.65,26.2,47.8,Safe
2026-04-27 15:34:23 UTC,6,9,3.71,0.66,26.1,48,Safe
2026-04-27 15:34:33 UTC,8,11,3.71,0.66,26.1,47.9,Safe
2026-04-27 15:34:43 UTC,6,10,3.65,0.65,26.1,47.9,Safe
2026-04-27 15:34:53 UTC,5,14,3.71,0.66,26.1,47.7,Safe
2026-04-27 15:35:03 UTC,5,13,3.66,0.65,26.1,47.6,Safe
2026-04-27 15:35:13 UTC,5,12,3.71,0.66,26.1,47.4,Safe
2026-04-27 15:35:23 UTC,4,8,3.66,0.65,26.1,47.2,Safe
2026-04-27 15:35:33 UTC,4,8,3.71,0.65,26.1,47,Safe
2026-04-27 15:35:43 UTC,6,8,3.65,0.65,26.1,46.9,Safe
2026-04-27 15:35:53 UTC,5,5,3.68,0.65,26.1,46.8,Safe
2026-04-27 15:36:03 UTC,5,5,3.71,0.66,26.1,46.7,Safe
2026-04-27 15:36:13 UTC,8,9,3.7,0.66,26,46.7,Safe
2026-04-27 15:36:23 UTC,5,6,3.69,0.65,26,46.6,Safe
2026-04-27 15:36:33 UTC,5,6,3.63,0.64,26,46.5,Safe
2026-04-27 15:36:43 UTC,5,9,3.71,0.65,26,46.5,Safe
2026-04-27 15:36:53 UTC,5,10,3.65,0.65,26,46.4,Safe
2026-04-27 15:37:03 UTC,7,9,3.71,0.66,26,46.4,Safe
2026-04-27 15:37:13 UTC,7,9,3.66,0.65,26,46.3,Safe
2026-04-27 15:37:23 UTC,5,8,3.71,0.65,26,46.1,Safe
2026-04-27 15:37:33 UTC,5,9,3.65,0.65,25.9,46,Safe
2026-04-27 15:37:43 UTC,4,10,3.7,0.65,25.9,46,Safe
2026-04-27 15:37:53 UTC,6,11,3.65,0.65,25.9,46,Safe
2026-04-27 15:38:03 UTC,5,11,3.71,0.66,25.9,45.8,Safe
2026-04-27 15:38:13 UTC,5,15,3.71,0.66,25.9,45.8,Safe
2026-04-27 15:38:23 UTC,5,14,3.64,0.65,25.9,45.7,Safe
2026-04-27 15:38:33 UTC,7,14,3.71,0.65,25.8,45.6,Safe
2026-04-27 15:38:43 UTC,8,11,3.63,0.65,25.8,45.6,Safe
2026-04-27 15:38:53 UTC,6,8,3.71,0.66,25.8,45.6,Safe
2026-04-27 15:39:03 UTC,6,9,3.64,0.65,25.8,45.5,Safe
2026-04-27 15:39:13 UTC,7,9,3.69,0.65,25.8,45.4,Safe
2026-04-27 15:39:23 UTC,8,11,3.62,0.64,25.8,45.4,Safe
2026-04-27 15:39:33 UTC,6,11,3.7,0.65,25.7,45.4,Safe
2026-04-27 15:39:43 UTC,5,9,3.7,0.65,25.8,45.2,Safe
2026-04-27 15:39:53 UTC,5,9,3.71,0.66,25.7,45.2,Safe
2026-04-27 15:40:03 UTC,6,8,3.65,0.65,25.7,45.1,Safe
2026-04-27 15:40:13 UTC,8,8,3.65,0.65,25.7,45.1,Safe
2026-04-27 15:40:23 UTC,9,10,3.7,0.65,25.7,45,Safe
2026-04-27 15:40:33 UTC,8,8,3.64,0.65,25.7,45,Safe
2026-04-27 15:40:43 UTC,8,9,3.68,0.65,25.7,44.9,Safe
2026-04-27 15:40:53 UTC,6,9,3.64,0.65,25.7,44.9,Safe
2026-04-27 15:41:03 UTC,6,6,3.71,0.65,25.7,44.9,Safe
2026-04-27 15:41:13 UTC,8,8,3.62,0.64,25.6,45,Safe
2026-04-27 15:41:23 UTC,5,8,3.71,0.65,25.6,44.8,Safe
2026-04-27 15:41:33 UTC,5,7,3.65,0.65,25.6,44.6,Safe
2026-04-27 15:41:43 UTC,5,9,3.71,0.65,25.6,44.7,Safe
2026-04-27 15:41:53 UTC,5,9,3.69,0.65,25.6,44.7,Safe
2026-04-27 15:42:03 UTC,6,9,3.65,0.65,25.6,44.7,Safe
2026-04-27 15:42:13 UTC,8,9,3.71,0.65,25.6,44.7,Safe
2026-04-27 15:42:23 UTC,8,10,3.64,0.65,25.6,44.7,Safe
2026-04-27 15:42:33 UTC,9,10,3.7,0.66,25.6,44.7,Safe
2026-04-27 15:42:43 UTC,7,9,3.65,0.65,25.6,44.7,Safe
2026-04-27 15:42:53 UTC,8,10,3.71,0.65,25.6,44.7,Safe
2026-04-27 15:43:03 UTC,8,9,3.64,0.65,25.6,44.7,Safe
2026-04-27 15:43:13 UTC,6,8,3.69,0.65,25.6,44.6,Safe
2026-04-27 15:43:23 UTC,7,10,3.63,0.65,25.6,44.7,Safe
2026-04-27 15:43:33 UTC,9,10,3.7,0.66,25.5,44.6,Safe
2026-04-27 15:43:43 UTC,6,8,3.62,0.64,25.6,44.6,Safe
2026-04-27 15:43:53 UTC,5,9,3.66,0.65,25.5,44.7,Safe
2026-04-27 15:44:03 UTC,5,10,3.71,0.66,25.5,44.8,Safe
2026-04-27 15:44:13 UTC,8,9,3.65,0.65,25.5,45,Safe
2026-04-27 15:44:23 UTC,5,8,3.7,0.66,25.5,45.2,Safe
2026-04-27 15:44:33 UTC,6,8,3.64,0.65,25.5,45.3,Safe
2026-04-27 15:44:43 UTC,6,8,3.71,0.66,25.4,45.5,Safe
2026-04-27 15:44:53 UTC,6,10,3.66,0.65,25.4,45.5,Safe
2026-04-27 15:45:03 UTC,8,12,3.71,0.65,25.4,45.6,Safe
2026-04-27 15:45:13 UTC,8,14,3.65,0.65,25.4,45.7,Safe
2026-04-27 15:45:23 UTC,10,16,3.69,0.65,25.4,45.8,Safe
2026-04-27 15:45:33 UTC,9,14,3.68,0.65,25.4,46,Safe
2026-04-27 15:45:43 UTC,8,14,3.71,0.66,25.4,46.2,Safe
2026-04-27 15:45:53 UTC,9,15,3.68,0.65,25.4,46.3,Safe
2026-04-27 15:46:03 UTC,11,16,3.64,0.65,25.4,46.2,Safe
2026-04-27 15:46:13 UTC,10,18,3.71,0.66,25.3,46.3,Safe
2026-04-27 15:46:23 UTC,9,17,3.66,0.65,25.4,46.3,Safe
2026-04-27 15:46:33 UTC,9,16,3.71,0.65,25.4,46.4,Safe
2026-04-27 15:46:43 UTC,9,13,3.65,0.64,25.4,46.3,Safe
