Timestamp,PM2.5,PM10,Gas,CO,Temp,Hum,Status
2026-04-28 07:45:05 UTC,24,27,3.82,0.67,31.2,53.3,Safe
2026-04-28 07:45:15 UTC,24,27,3.82,0.67,31.2,53,Safe
2026-04-28 07:45:25 UTC,23,25,3.76,0.67,31.1,52.1,Safe
2026-04-28 07:45:35 UTC,24,26,3.76,0.66,31.1,51.5,Safe
2026-04-28 07:45:45 UTC,23,26,3.78,0.67,31,51.1,Safe
2026-04-28 07:45:55 UTC,22,27,3.75,0.66,31,50.4,Safe
2026-04-28 07:46:05 UTC,23,27,3.83,0.67,30.9,50.4,Safe
2026-04-28 07:46:15 UTC,23,26,3.82,0.66,30.8,49.1,Safe
2026-04-28 07:46:25 UTC,37,44,3.85,0.68,26.8,75.7,Safe
2026-04-28 07:46:35 UTC,36,41,3.92,0.68,26.9,75.1,Safe
2026-04-28 07:46:45 UTC,36,42,3.84,0.68,26.9,74.9,Safe
2026-04-28 07:46:55 UTC,36,41,3.92,0.69,27,74.9,Safe
2026-04-28 07:47:05 UTC,36,41,3.92,0.69,27,74.8,Safe
2026-04-28 07:47:15 UTC,36,41,3.86,0.68,27,74.6,Safe
2026-04-28 07:47:25 UTC,36,42,3.9,0.69,27,74.3,Safe
2026-04-28 07:47:35 UTC,37,43,3.84,0.67,27,74.2,Safe
2026-04-28 07:47:45 UTC,37,45,3.93,0.69,27.1,74.1,Safe
2026-04-28 07:47:55 UTC,37,43,3.85,0.67,27.1,74.1,Safe
2026-04-28 07:48:05 UTC,37,41,3.92,0.68,27.1,74.1,Safe
2026-04-28 07:48:15 UTC,38,42,3.83,0.67,27.1,74.2,Safe
2026-04-28 07:48:25 UTC,38,43,3.93,0.68,27.1,74.2,Safe
2026-04-28 07:48:35 UTC,36,42,3.84,0.67,27.2,74.1,Safe
2026-04-28 07:48:45 UTC,36,43,3.89,0.68,27.2,73.5,Safe
2026-04-28 07:48:55 UTC,36,43,3.81,0.67,27.2,73.3,Safe
2026-04-28 07:49:05 UTC,36,42,3.9,0.69,27.2,73.2,Safe
2026-04-28 07:49:15 UTC,35,39,3.93,0.69,27.2,73.2,Safe
2026-04-28 07:49:25 UTC,34,39,3.85,0.67,27.2,73.6,Safe
2026-04-28 07:49:35 UTC,35,38,3.91,0.68,27.2,73.9,Safe
2026-04-28 07:49:45 UTC,35,42,3.86,0.68,27.3,74.1,Safe
2026-04-28 07:49:55 UTC,36,44,3.93,0.69,27.3,74.1,Safe
2026-04-28 07:50:05 UTC,36,44,3.84,0.67,27.3,74.1,Safe
2026-04-28 07:50:15 UTC,35,41,3.91,0.68,27.4,74,Safe
2026-04-28 07:50:25 UTC,35,42,3.84,0.67,27.4,73.5,Safe
2026-04-28 07:50:35 UTC,34,41,3.9,0.68,27.4,72.9,Safe
2026-04-28 07:50:45 UTC,33,39,3.87,0.68,27.4,72.7,Safe
2026-04-28 07:50:55 UTC,33,37,3.87,0.68,27.5,72.6,Safe
2026-04-28 07:51:05 UTC,32,33,3.84,0.67,27.5,72.3,Safe
2026-04-28 07:51:15 UTC,29,32,3.84,0.67,27.5,71.7,Safe
2026-04-28 07:51:25 UTC,30,34,3.9,0.68,27.5,71.8,Safe
2026-04-28 07:51:35 UTC,31,34,3.84,0.67,27.6,71.8,Safe
2026-04-28 07:51:45 UTC,29,33,3.89,0.68,27.6,71.6,Safe
2026-04-28 07:51:55 UTC,27,31,3.8,0.67,27.6,70.8,Safe
2026-04-28 07:52:05 UTC,28,32,3.89,0.68,27.6,70.6,Safe
2026-04-28 07:52:15 UTC,29,32,3.81,0.67,27.6,70.8,Safe
2026-04-28 07:52:25 UTC,30,30,3.89,0.68,27.7,71.1,Safe
2026-04-28 07:52:35 UTC,29,30,3.84,0.67,27.7,70.9,Safe
2026-04-28 07:52:45 UTC,30,31,3.89,0.68,27.7,70.8,Safe
2026-04-28 07:52:55 UTC,28,34,3.89,0.68,27.7,70.6,Safe
2026-04-28 07:53:05 UTC,28,34,3.8,0.66,27.7,70.7,Safe
2026-04-28 07:53:15 UTC,28,33,3.88,0.68,27.7,70.9,Safe
2026-04-28 07:53:25 UTC,28,33,3.84,0.67,27.8,70.7,Safe
2026-04-28 07:53:35 UTC,28,32,3.87,0.68,27.8,70.2,Safe
2026-04-28 07:53:45 UTC,29,31,3.84,0.67,27.8,69.9,Safe
2026-04-28 07:53:55 UTC,30,31,3.89,0.68,27.8,70,Safe
2026-04-28 07:54:05 UTC,28,31,3.78,0.66,27.8,70.3,Safe
2026-04-28 07:54:15 UTC,25,30,3.89,0.68,27.8,70,Safe
2026-04-28 07:54:25 UTC,26,29,3.83,0.67,27.8,69.9,Safe
2026-04-28 07:54:35 UTC,25,28,3.88,0.68,27.9,69.7,Safe
2026-04-28 07:54:45 UTC,24,28,3.82,0.67,27.8,69.7,Safe
2026-04-28 07:54:55 UTC,23,27,3.88,0.68,27.9,69.6,Safe
2026-04-28 07:55:05 UTC,23,27,3.85,0.67,27.9,69.1,Safe
2026-04-28 07:55:15 UTC,23,27,3.79,0.67,27.9,69.1,Safe
2026-04-28 07:55:25 UTC,24,26,3.86,0.68,27.9,69,Safe
2026-04-28 07:55:35 UTC,23,26,3.8,0.67,27.9,69.2,Safe
2026-04-28 07:55:45 UTC,23,27,3.89,0.68,28,69.2,Safe
2026-04-28 07:55:55 UTC,22,28,3.75,0.66,28,69.1,Safe
2026-04-28 07:56:05 UTC,24,29,3.87,0.68,28,68.9,Safe
2026-04-28 07:56:15 UTC,25,28,3.79,0.67,28,68.7,Safe
2026-04-28 07:56:25 UTC,25,29,3.88,0.68,28,68.8,Safe
2026-04-28 07:56:35 UTC,25,29,3.89,0.68,28,68.9,Safe
2026-04-28 07:56:45 UTC,25,27,3.85,0.67,28,69.1,Safe
2026-04-28 07:56:55 UTC,27,29,3.86,0.68,28,69.1,Safe
2026-04-28 07:57:05 UTC,28,31,3.8,0.67,28,69,Safe
2026-04-28 07:57:15 UTC,29,33,3.87,0.67,28,69,Safe
2026-04-28 07:57:25 UTC,30,37,3.82,0.67,28.1,69.2,Safe
2026-04-28 07:57:35 UTC,31,40,3.88,0.68,28.1,69.2,Safe
2026-04-28 07:57:45 UTC,32,39,3.8,0.67,28.1,69.1,Safe
2026-04-28 07:57:55 UTC,31,37,3.89,0.68,28.1,69.3,Safe
2026-04-28 07:58:05 UTC,32,40,3.78,0.66,28.1,69.2,Safe
2026-04-28 07:58:15 UTC,31,39,3.89,0.68,28.2,69.2,Safe
2026-04-28 07:58:25 UTC,28,31,3.8,0.67,28.2,68.4,Safe
2026-04-28 07:58:35 UTC,26,27,3.84,0.67,28.2,67.9,Safe
2026-04-28 07:58:45 UTC,23,26,3.9,0.68,28.2,67.4,Safe
2026-04-28 07:58:55 UTC,23,25,3.8,0.67,28.2,67.2,Safe
2026-04-28 07:59:05 UTC,20,21,3.89,0.67,28.2,67.2,Safe
2026-04-28 07:59:15 UTC,18,20,3.8,0.67,28.2,67,Safe
2026-04-28 07:59:25 UTC,17,20,3.85,0.67,28.2,66.9,Safe
2026-04-28 07:59:35 UTC,14,18,3.82,0.67,28.2,67,Safe
2026-04-28 07:59:45 UTC,14,18,3.88,0.67,28.2,67,Safe
2026-04-28 07:59:55 UTC,13,17,3.79,0.67,28.2,66.8,Safe
2026-04-28 08:00:05 UTC,10,16,3.87,0.67,28.3,66.7,Safe
2026-04-28 08:00:15 UTC,11,17,3.81,0.67,28.3,66.6,Safe
2026-04-28 08:00:25 UTC,12,15,3.86,0.67,28.3,66.2,Safe
2026-04-28 08:00:35 UTC,11,14,3.78,0.66,28.3,66.3,Safe
2026-04-28 08:00:45 UTC,10,15,3.75,0.66,28.3,66.4,Safe
2026-04-28 08:00:55 UTC,12,15,3.87,0.68,28.3,66.5,Safe
2026-04-28 08:01:05 UTC,11,15,3.78,0.66,28.4,66.5,Safe
2026-04-28 08:01:15 UTC,10,15,3.87,0.68,28.4,66.5,Safe
2026-04-28 08:01:25 UTC,9,13,3.8,0.67,28.4,66.4,Safe
2026-04-28 08:01:35 UTC,9,12,3.86,0.67,28.4,65.9,Safe
2026-04-28 08:01:45 UTC,10,13,3.82,0.66,28.4,66,Safe
2026-04-28 08:01:55 UTC,10,13,3.86,0.67,28.4,66.1,Safe
2026-04-28 08:02:05 UTC,11,15,3.78,0.67,28.4,65.9,Safe
2026-04-28 08:02:15 UTC,12,14,3.87,0.67,28.4,66,Safe
2026-04-28 08:02:25 UTC,14,20,3.87,0.68,28.4,66,Safe
2026-04-28 08:02:35 UTC,15,21,3.86,0.67,28.3,66.1,Safe
2026-04-28 08:02:45 UTC,16,20,3.87,0.68,28.4,65.9,Safe
2026-04-28 08:02:55 UTC,17,20,3.81,0.67,28.4,66.1,Safe
2026-04-28 08:03:05 UTC,15,18,3.86,0.68,28.4,65.7,Safe
2026-04-28 08:03:15 UTC,13,15,3.81,0.67,28.4,65.6,Safe
2026-04-28 08:03:25 UTC,11,15,3.87,0.67,28.4,65.7,Safe
2026-04-28 08:03:35 UTC,10,15,3.79,0.67,28.4,65.4,Safe
2026-04-28 08:03:45 UTC,11,15,3.87,0.68,28.4,65.6,Safe
2026-04-28 08:03:55 UTC,12,16,3.78,0.66,28.4,65.7,Safe
2026-04-28 08:04:05 UTC,15,19,3.84,0.67,28.4,65.7,Safe
2026-04-28 08:04:15 UTC,17,20,3.79,0.67,28.5,65.9,Safe
2026-04-28 08:04:25 UTC,18,20,3.84,0.68,28.5,65.7,Safe
2026-04-28 08:04:35 UTC,16,19,3.86,0.67,28.5,65.7,Safe
2026-04-28 08:04:45 UTC,14,16,3.81,0.66,28.5,65.4,Safe
2026-04-28 08:04:55 UTC,13,16,3.84,0.67,28.5,65.4,Safe
2026-04-28 08:05:05 UTC,13,19,3.81,0.67,28.6,65.7,Safe
2026-04-28 08:05:15 UTC,12,20,3.88,0.67,28.6,65.8,Safe
2026-04-28 08:05:25 UTC,15,21,3.73,0.66,28.6,66,Safe
2026-04-28 08:05:35 UTC,14,21,3.85,0.67,28.6,65.8,Safe
2026-04-28 08:05:45 UTC,17,20,3.8,0.66,28.7,65.8,Safe
2026-04-28 08:05:55 UTC,16,19,3.8,0.67,28.7,65.7,Safe
2026-04-28 08:06:05 UTC,15,19,3.86,0.68,28.7,65.8,Safe
2026-04-28 08:06:15 UTC,15,19,3.84,0.68,28.7,66,Safe
2026-04-28 08:06:25 UTC,16,20,3.86,0.68,28.8,66,Safe
2026-04-28 08:06:35 UTC,16,21,3.8,0.66,28.8,66.1,Safe
2026-04-28 08:06:45 UTC,17,20,3.84,0.67,28.8,66,Safe
2026-04-28 08:06:55 UTC,18,20,3.8,0.67,28.9,66.1,Safe
2026-04-28 08:07:05 UTC,17,20,3.87,0.68,28.9,66,Safe
2026-04-28 08:07:15 UTC,19,22,3.8,0.66,28.9,65.8,Safe
2026-04-28 08:07:25 UTC,21,22,3.87,0.68,29,65.8,Safe
2026-04-28 08:07:35 UTC,22,23,3.75,0.66,29,65.7,Safe
2026-04-28 08:07:45 UTC,22,25,3.87,0.68,29,65.5,Safe
2026-04-28 08:07:55 UTC,23,26,3.81,0.67,29,65.4,Safe
2026-04-28 08:08:05 UTC,24,25,3.87,0.67,29.1,65.4,Safe
2026-04-28 08:08:15 UTC,27,30,3.87,0.67,29.1,65.5,Safe
2026-04-28 08:08:25 UTC,28,29,3.76,0.66,29.1,65.2,Safe
2026-04-28 08:08:35 UTC,28,29,3.84,0.67,29.1,64.9,Safe
2026-04-28 08:08:45 UTC,26,27,3.79,0.67,29.1,64.6,Safe
2026-04-28 08:08:55 UTC,26,29,3.85,0.67,29.1,64.5,Safe
2026-04-28 08:09:05 UTC,25,28,3.83,0.67,29.1,64.5,Safe
2026-04-28 08:09:15 UTC,23,25,3.87,0.68,29.1,64.6,Safe
2026-04-28 08:09:25 UTC,20,22,3.78,0.66,29.1,64.6,Safe
2026-04-28 08:09:35 UTC,21,22,3.84,0.68,29.2,64.7,Safe
2026-04-28 08:09:45 UTC,22,22,3.9,0.68,29.2,64.9,Safe
2026-04-28 08:09:55 UTC,21,24,3.86,0.67,29.2,64.9,Safe
2026-04-28 08:10:05 UTC,22,25,3.78,0.66,29.2,64.8,Safe
2026-04-28 08:10:15 UTC,22,24,3.79,0.66,29.3,64.5,Safe
2026-04-28 08:10:25 UTC,21,24,3.85,0.68,29.3,64.1,Safe
2026-04-28 08:10:35 UTC,18,24,3.8,0.67,29.3,64.1,Safe
2026-04-28 08:10:45 UTC,22,25,3.86,0.68,29.4,64.2,Safe
2026-04-28 08:10:55 UTC,23,27,3.79,0.66,29.4,64.1,Safe
2026-04-28 08:11:05 UTC,26,30,3.84,0.67,29.4,63.7,Safe
2026-04-28 08:11:15 UTC,29,32,3.76,0.66,29.4,63.5,Safe
2026-04-28 08:11:25 UTC,36,46,3.86,0.68,29.5,63.5,Safe
2026-04-28 08:11:35 UTC,52,65,3.78,0.67,29.4,63.4,Caution
2026-04-28 08:11:45 UTC,67,80,3.89,0.67,29.5,63.3,Caution
2026-04-28 08:11:55 UTC,74,83,3.86,0.67,29.4,63.4,Caution
2026-04-28 08:12:05 UTC,63,77,3.79,0.67,29.5,63.2,Caution
2026-04-28 08:12:15 UTC,51,66,3.84,0.68,29.5,62.9,Caution
2026-04-28 08:12:25 UTC,44,56,3.82,0.66,29.5,62.9,Safe
2026-04-28 08:12:35 UTC,35,43,3.83,0.67,29.5,62.9,Safe
2026-04-28 08:12:45 UTC,27,31,3.8,0.66,29.5,62.7,Safe
2026-04-28 08:12:55 UTC,22,25,3.89,0.68,29.5,62.4,Safe
2026-04-28 08:13:05 UTC,19,20,3.77,0.66,29.5,62.5,Safe
2026-04-28 08:13:15 UTC,16,18,3.86,0.67,29.5,62.1,Safe
2026-04-28 08:13:25 UTC,13,18,3.84,0.67,29.5,61.9,Safe
2026-04-28 08:13:35 UTC,11,16,3.87,0.67,29.5,62,Safe
2026-04-28 08:13:45 UTC,13,17,3.83,0.67,29.5,62.3,Safe
2026-04-28 08:13:55 UTC,10,14,3.76,0.66,29.6,62.5,Safe
2026-04-28 08:14:05 UTC,9,13,3.86,0.67,29.6,62.7,Safe
2026-04-28 08:14:15 UTC,9,11,3.79,0.66,29.6,62.8,Safe
2026-04-28 08:14:25 UTC,11,13,3.84,0.68,29.6,62.8,Safe
2026-04-28 08:14:35 UTC,12,14,3.74,0.66,29.7,62.8,Safe
2026-04-28 08:14:45 UTC,14,18,3.82,0.67,29.7,63,Safe
2026-04-28 08:14:55 UTC,21,24,3.78,0.66,29.7,63,Safe
2026-04-28 08:15:05 UTC,27,30,3.88,0.68,29.8,63.2,Safe
2026-04-28 08:15:15 UTC,28,34,3.79,0.67,29.8,63.4,Safe
2026-04-28 08:15:25 UTC,28,34,3.82,0.67,29.8,63.6,Safe
2026-04-28 08:15:35 UTC,29,35,3.85,0.67,29.9,63.9,Safe
2026-04-28 08:15:45 UTC,31,35,3.75,0.66,29.9,64,Safe
2026-04-28 08:15:55 UTC,32,40,3.88,0.67,29.9,64,Safe
2026-04-28 08:16:05 UTC,34,43,3.81,0.67,30,64,Safe
2026-04-28 08:16:15 UTC,32,41,3.86,0.67,30,64,Safe
2026-04-28 08:16:25 UTC,31,38,3.8,0.67,30,63.6,Safe
2026-04-28 08:16:35 UTC,29,33,3.84,0.67,30.1,63.5,Safe
2026-04-28 08:16:45 UTC,28,31,3.79,0.67,30.1,62.9,Safe
2026-04-28 08:16:55 UTC,26,28,3.88,0.67,30.1,62.9,Safe
2026-04-28 08:17:05 UTC,23,25,3.88,0.67,30.2,62.9,Safe
2026-04-28 08:17:15 UTC,25,27,3.87,0.68,30.2,63,Safe
2026-04-28 08:17:25 UTC,27,29,3.88,0.68,30.2,62.7,Safe
2026-04-28 08:17:35 UTC,25,28,3.77,0.66,30.2,62.7,Safe
2026-04-28 08:17:45 UTC,24,26,3.88,0.68,30.2,62.6,Safe
2026-04-28 08:17:55 UTC,22,23,3.8,0.66,30.2,62.4,Safe
2026-04-28 08:18:05 UTC,20,20,3.84,0.67,30.2,62.3,Safe
2026-04-28 08:18:15 UTC,21,21,3.79,0.66,30.3,62.3,Safe
2026-04-28 08:18:25 UTC,19,24,3.88,0.68,30.3,62.3,Safe
2026-04-28 08:18:35 UTC,20,23,3.79,0.66,30.3,62.4,Safe
2026-04-28 08:18:45 UTC,23,26,3.86,0.67,30.3,62.6,Safe
2026-04-28 08:18:55 UTC,26,29,3.82,0.66,30.3,62.7,Safe
2026-04-28 08:19:05 UTC,28,30,3.89,0.67,30.4,62.7,Safe
2026-04-28 08:19:15 UTC,26,31,3.87,0.67,30.4,62.6,Safe
2026-04-28 08:19:25 UTC,25,29,3.8,0.67,30.4,62.5,Safe
2026-04-28 08:19:35 UTC,22,25,3.88,0.67,30.5,62.3,Safe
2026-04-28 08:19:45 UTC,22,24,3.79,0.66,30.5,62.1,Safe
2026-04-28 08:19:55 UTC,19,20,3.88,0.68,30.5,62.1,Safe
2026-04-28 08:20:05 UTC,18,19,3.8,0.67,30.6,62,Safe
2026-04-28 08:20:15 UTC,20,21,3.88,0.68,30.6,62,Safe
2026-04-28 08:20:25 UTC,19,21,3.8,0.67,30.6,62,Safe
2026-04-28 08:20:35 UTC,19,20,3.87,0.68,30.7,61.9,Safe
2026-04-28 08:20:45 UTC,18,21,3.88,0.68,30.7,61.4,Safe
2026-04-28 08:20:55 UTC,18,21,3.89,0.68,30.7,61.4,Safe
2026-04-28 08:21:05 UTC,20,20,3.88,0.68,30.7,61.3,Safe
2026-04-28 08:21:15 UTC,21,23,3.8,0.67,30.7,61.1,Safe
2026-04-28 08:21:25 UTC,35,42,3.86,0.67,30.8,61.1,Safe
2026-04-28 08:21:35 UTC,43,54,3.8,0.67,30.8,60.7,Safe
2026-04-28 08:21:45 UTC,45,57,3.87,0.67,30.8,60.6,Safe
2026-04-28 08:21:55 UTC,43,53,3.79,0.66,30.8,60.2,Safe
2026-04-28 08:22:05 UTC,40,47,3.86,0.67,30.8,59.7,Safe
2026-04-28 08:22:15 UTC,36,43,3.76,0.66,30.8,59.8,Safe
2026-04-28 08:22:25 UTC,33,41,3.88,0.68,30.8,59.7,Safe
2026-04-28 08:22:35 UTC,28,35,3.76,0.66,30.8,59.8,Safe
2026-04-28 08:22:45 UTC,24,29,3.88,0.67,30.9,59.2,Safe
2026-04-28 08:22:55 UTC,21,25,3.85,0.67,30.8,59,Safe
2026-04-28 08:23:05 UTC,19,21,3.79,0.66,30.8,59.1,Safe
2026-04-28 08:23:15 UTC,16,18,3.86,0.68,30.8,59.1,Safe
2026-04-28 08:23:25 UTC,15,18,3.79,0.66,30.8,59.3,Safe
2026-04-28 08:23:35 UTC,14,16,3.9,0.68,30.8,59.2,Safe
2026-04-28 08:23:45 UTC,14,18,3.8,0.67,30.8,59,Safe
2026-04-28 08:23:55 UTC,11,15,3.9,0.68,30.8,58.9,Safe
2026-04-28 08:24:05 UTC,10,16,3.78,0.66,30.7,59.1,Safe
2026-04-28 08:24:15 UTC,10,15,3.86,0.67,30.7,59.1,Safe
2026-04-28 08:24:25 UTC,9,15,3.85,0.67,30.8,59.1,Safe
2026-04-28 08:24:35 UTC,10,13,3.77,0.66,30.8,59.2,Safe
2026-04-28 08:24:45 UTC,10,10,3.89,0.67,30.8,59.1,Safe
2026-04-28 08:24:55 UTC,9,9,3.79,0.66,30.9,59.2,Safe
2026-04-28 08:25:05 UTC,7,9,3.86,0.67,30.9,59.2,Safe
2026-04-28 08:25:15 UTC,8,9,3.81,0.67,30.9,59.2,Safe
2026-04-28 08:25:25 UTC,11,12,3.87,0.67,31,59.1,Safe
2026-04-28 08:25:35 UTC,14,15,3.8,0.66,31,58.8,Safe
2026-04-28 08:25:45 UTC,15,16,3.87,0.67,31.1,58.7,Safe
2026-04-28 08:25:55 UTC,14,16,3.83,0.67,31.1,58.6,Safe
2026-04-28 08:26:05 UTC,12,17,3.88,0.68,31.1,58.6,Safe
2026-04-28 08:26:15 UTC,10,18,3.8,0.66,31.1,58.5,Safe
2026-04-28 08:26:25 UTC,10,18,3.8,0.66,31.2,58.4,Safe
2026-04-28 08:26:35 UTC,12,18,3.85,0.67,31.2,58.3,Safe
2026-04-28 08:26:45 UTC,12,19,3.81,0.66,31.1,57.9,Safe
2026-04-28 08:26:55 UTC,10,17,3.87,0.68,31.1,57.9,Safe
2026-04-28 08:27:05 UTC,10,16,3.82,0.67,31.1,58.1,Safe
2026-04-28 08:27:15 UTC,11,18,3.88,0.67,31,58.2,Safe
2026-04-28 08:27:25 UTC,11,18,3.82,0.67,31.1,58.3,Safe
2026-04-28 08:27:35 UTC,11,18,3.87,0.68,31.1,58.4,Safe
2026-04-28 08:27:45 UTC,11,18,3.82,0.67,31.1,58.5,Safe
2026-04-28 08:27:55 UTC,11,18,3.88,0.68,31.1,58.5,Safe
2026-04-28 08:28:05 UTC,8,16,3.86,0.68,31.1,58.7,Safe
2026-04-28 08:28:15 UTC,8,16,3.82,0.67,31.1,59,Safe
2026-04-28 08:28:25 UTC,9,14,3.88,0.67,31.1,58.9,Safe
2026-04-28 08:28:35 UTC,8,12,3.81,0.66,31.1,58.8,Safe
2026-04-28 08:28:45 UTC,8,12,3.87,0.68,31.2,58.7,Safe
2026-04-28 08:28:55 UTC,8,11,3.76,0.66,31.1,58.7,Safe
2026-04-28 08:29:05 UTC,6,8,3.87,0.68,31.1,58.8,Safe
2026-04-28 08:29:15 UTC,7,9,3.8,0.67,31.1,58.5,Safe
2026-04-28 08:29:25 UTC,9,11,3.88,0.68,31,58.3,Safe
2026-04-28 08:29:35 UTC,9,12,3.87,0.68,31,58.3,Safe
2026-04-28 08:29:45 UTC,8,12,3.89,0.68,31,58.5,Safe
2026-04-28 08:29:55 UTC,9,15,3.8,0.66,31,58.8,Safe
2026-04-28 08:30:05 UTC,9,16,3.81,0.66,31.1,58.6,Safe
2026-04-28 08:30:15 UTC,12,16,3.89,0.67,31.1,58.9,Safe
2026-04-28 08:30:25 UTC,11,17,3.8,0.66,31.1,58.9,Safe
2026-04-28 08:30:35 UTC,9,14,3.88,0.67,31.1,58.8,Safe
2026-04-28 08:30:45 UTC,10,14,3.82,0.66,31.1,58.9,Safe
2026-04-28 08:30:55 UTC,10,14,3.87,0.68,31.2,58.9,Safe
2026-04-28 08:31:05 UTC,10,14,3.77,0.67,31.2,59,Safe
2026-04-28 08:31:15 UTC,10,15,3.86,0.67,31.2,59,Safe
2026-04-28 08:31:25 UTC,9,13,3.8,0.66,31.3,58.9,Safe
2026-04-28 08:31:35 UTC,10,13,3.85,0.67,31.3,58.9,Safe
2026-04-28 08:31:45 UTC,9,13,3.88,0.68,31.3,59,Safe
2026-04-28 08:31:55 UTC,9,12,3.82,0.67,31.3,59.1,Safe
2026-04-28 08:32:05 UTC,9,11,3.83,0.67,31.3,59,Safe
2026-04-28 08:32:15 UTC,10,14,3.78,0.66,31.3,58.8,Safe
2026-04-28 08:32:25 UTC,10,16,3.83,0.67,31.3,58.5,Safe
2026-04-28 08:32:35 UTC,10,17,3.79,0.67,31.2,58.3,Safe
2026-04-28 08:32:45 UTC,9,17,3.88,0.67,31.2,58.6,Safe
2026-04-28 08:32:55 UTC,10,16,3.78,0.66,31.2,58.7,Safe
2026-04-28 08:33:05 UTC,9,13,3.88,0.67,31.2,58.8,Safe
2026-04-28 08:33:15 UTC,8,10,3.88,0.67,31.3,58.9,Safe
2026-04-28 08:33:25 UTC,9,10,3.89,0.68,31.3,59,Safe
2026-04-28 08:33:35 UTC,9,10,3.88,0.68,31.3,59,Safe
2026-04-28 08:33:45 UTC,12,12,3.84,0.67,31.4,58.7,Safe
2026-04-28 08:33:55 UTC,12,14,3.89,0.68,31.4,58.3,Safe
2026-04-28 08:34:05 UTC,10,14,3.8,0.67,31.4,57.8,Safe
2026-04-28 08:34:15 UTC,11,12,3.86,0.68,31.4,58.1,Safe
2026-04-28 08:34:25 UTC,11,16,3.79,0.66,31.4,58.2,Safe
2026-04-28 08:34:35 UTC,11,15,3.87,0.68,31.5,58.3,Safe
2026-04-28 08:34:45 UTC,11,14,3.78,0.66,31.5,57.9,Safe
2026-04-28 08:34:55 UTC,11,13,3.87,0.67,31.5,57.9,Safe
2026-04-28 08:35:05 UTC,10,12,3.81,0.67,31.5,57.5,Safe
2026-04-28 08:35:15 UTC,12,16,3.86,0.68,31.6,57.5,Safe
2026-04-28 08:35:25 UTC,11,19,3.87,0.68,31.6,57.4,Safe
2026-04-28 08:35:35 UTC,11,19,3.8,0.66,31.6,57.3,Safe
2026-04-28 08:35:45 UTC,11,19,3.87,0.67,31.6,57.2,Safe
2026-04-28 08:35:55 UTC,12,19,3.8,0.66,31.7,57.2,Safe
2026-04-28 08:36:05 UTC,10,18,3.89,0.67,31.7,57.4,Safe
2026-04-28 08:36:15 UTC,10,16,3.82,0.67,31.7,57.3,Safe
2026-04-28 08:36:25 UTC,8,13,3.86,0.67,31.7,57.1,Safe
2026-04-28 08:36:35 UTC,9,12,3.76,0.66,31.8,56.9,Safe
2026-04-28 08:36:45 UTC,10,13,3.89,0.68,31.8,56.9,Safe
2026-04-28 08:36:55 UTC,11,14,3.89,0.68,31.8,56.8,Safe
2026-04-28 08:37:05 UTC,11,14,3.8,0.66,31.8,56.7,Safe
2026-04-28 08:37:15 UTC,10,11,3.88,0.68,31.8,56.4,Safe
2026-04-28 08:37:25 UTC,11,11,3.81,0.66,31.9,56.4,Safe
2026-04-28 08:37:35 UTC,11,14,3.89,0.67,31.9,56.2,Safe
2026-04-28 08:37:45 UTC,10,13,3.8,0.67,31.9,56.1,Safe
2026-04-28 08:37:55 UTC,10,15,3.84,0.67,31.9,56.1,Safe
2026-04-28 08:38:05 UTC,10,14,3.8,0.66,31.9,56.2,Safe
2026-04-28 08:38:15 UTC,8,11,3.84,0.67,31.9,56.3,Safe
2026-04-28 08:38:25 UTC,7,10,3.85,0.67,31.9,56.4,Safe
2026-04-28 08:38:35 UTC,7,12,3.87,0.68,31.9,56.4,Safe
2026-04-28 08:38:45 UTC,8,12,3.8,0.66,31.8,56.5,Safe
2026-04-28 08:38:55 UTC,8,11,3.84,0.67,31.8,56.7,Safe
2026-04-28 08:39:05 UTC,9,12,3.87,0.67,31.8,56.8,Safe
2026-04-28 08:39:15 UTC,8,11,3.8,0.67,31.8,56.8,Safe
2026-04-28 08:39:25 UTC,7,9,3.89,0.67,31.8,57.1,Safe
2026-04-28 08:39:35 UTC,7,8,3.8,0.66,31.8,57,Safe
2026-04-28 08:39:45 UTC,9,10,3.86,0.67,31.7,57.2,Safe
2026-04-28 08:39:55 UTC,10,12,3.79,0.67,31.7,57.4,Safe
2026-04-28 08:40:05 UTC,9,10,3.88,0.67,31.8,57.5,Safe
2026-04-28 08:40:15 UTC,11,12,3.78,0.67,31.8,57.7,Safe
2026-04-28 08:40:25 UTC,10,11,3.84,0.67,31.8,57.7,Safe
2026-04-28 08:40:35 UTC,10,13,3.86,0.68,31.8,57.7,Safe
2026-04-28 08:40:45 UTC,9,10,3.8,0.66,31.8,57.8,Safe
2026-04-28 08:40:55 UTC,10,13,3.88,0.68,31.8,57.7,Safe
2026-04-28 08:41:05 UTC,10,16,3.81,0.67,31.8,57.4,Safe
2026-04-28 08:41:15 UTC,10,17,3.87,0.68,31.8,57.5,Safe
2026-04-28 08:41:25 UTC,11,18,3.76,0.66,31.8,57.5,Safe
2026-04-28 08:41:35 UTC,13,18,3.88,0.68,31.8,57.5,Safe
2026-04-28 08:41:45 UTC,13,17,3.8,0.67,31.9,57.7,Safe
2026-04-28 08:41:55 UTC,13,17,3.88,0.67,31.9,57.5,Safe
2026-04-28 08:42:05 UTC,13,18,3.89,0.67,31.9,57.3,Safe
2026-04-28 08:42:15 UTC,13,17,3.88,0.67,32,57.1,Safe
2026-04-28 08:42:25 UTC,11,16,3.8,0.67,32,56.9,Safe
2026-04-28 08:42:35 UTC,9,15,3.8,0.67,32,56.8,Safe
2026-04-28 08:42:45 UTC,8,14,3.84,0.67,32,56.6,Safe
2026-04-28 08:42:55 UTC,9,14,3.78,0.67,32,56.5,Safe
2026-04-28 08:43:05 UTC,10,15,3.86,0.67,32,56.6,Safe
2026-04-28 08:43:15 UTC,12,15,3.8,0.67,31.9,56.8,Safe
2026-04-28 08:43:25 UTC,13,15,3.89,0.68,32,56.8,Safe
2026-04-28 08:43:35 UTC,11,14,3.79,0.66,32,56.8,Safe
2026-04-28 08:43:45 UTC,9,12,3.86,0.68,32,56.7,Safe
2026-04-28 08:43:55 UTC,9,12,3.79,0.67,32.1,56.7,Safe
2026-04-28 08:44:05 UTC,9,10,3.84,0.67,32,56.7,Safe
2026-04-28 08:44:15 UTC,10,11,3.88,0.68,32.1,56.7,Safe
2026-04-28 08:44:25 UTC,9,9,3.85,0.67,32.1,56.6,Safe
2026-04-28 08:44:35 UTC,9,12,3.78,0.66,32.1,56.5,Safe
2026-04-28 08:44:45 UTC,10,12,3.71,0.65,32.1,55.7,Safe
2026-04-28 08:44:55 UTC,9,10,3.82,0.66,32,55.5,Safe
2026-04-28 08:45:05 UTC,8,9,3.74,0.66,32,55.6,Safe
2026-04-28 08:45:15 UTC,9,10,3.81,0.66,31.9,56,Safe
2026-04-28 08:45:25 UTC,8,9,3.75,0.65,32,56.3,Safe
2026-04-28 08:45:35 UTC,8,8,3.8,0.66,32,56.5,Safe
2026-04-28 08:45:45 UTC,7,9,3.83,0.67,32,56.4,Safe
2026-04-28 08:45:55 UTC,7,9,3.76,0.66,32,56.5,Safe
2026-04-28 08:46:05 UTC,10,10,3.82,0.67,32,56.2,Safe
2026-04-28 08:46:15 UTC,10,12,3.72,0.65,32,56.2,Safe
2026-04-28 08:46:25 UTC,11,12,3.81,0.66,32,56.2,Safe
2026-04-28 08:46:35 UTC,9,11,3.74,0.65,32,56.4,Safe
2026-04-28 08:46:45 UTC,10,10,3.8,0.66,32.1,56.4,Safe
2026-04-28 08:46:55 UTC,10,10,3.74,0.65,32.1,56.4,Safe
2026-04-28 08:47:05 UTC,10,12,3.81,0.66,32.1,56.4,Safe
2026-04-28 08:47:15 UTC,9,11,3.71,0.65,32.2,56.4,Safe
2026-04-28 08:47:25 UTC,9,11,3.83,0.66,32.2,56.5,Safe
2026-04-28 08:47:35 UTC,12,14,3.76,0.65,32.2,56.6,Safe
2026-04-28 08:47:45 UTC,16,19,3.76,0.66,32.2,56.7,Safe
2026-04-28 08:47:55 UTC,19,20,3.8,0.67,32.2,56.4,Safe
2026-04-28 08:48:05 UTC,18,19,3.74,0.66,32.3,56.6,Safe
2026-04-28 08:48:15 UTC,18,18,3.78,0.66,32.3,56.4,Safe
2026-04-28 08:48:25 UTC,18,18,3.72,0.65,32.3,56.3,Safe
2026-04-28 08:48:35 UTC,18,19,3.81,0.67,32.3,56.1,Safe
2026-04-28 08:48:45 UTC,18,19,3.75,0.66,32.4,56.1,Safe
2026-04-28 08:48:55 UTC,18,20,3.82,0.67,32.4,56.1,Safe
2026-04-28 08:49:05 UTC,19,22,3.75,0.65,32.4,56.4,Safe
2026-04-28 08:49:15 UTC,18,20,3.8,0.66,32.4,56.6,Safe
2026-04-28 08:49:25 UTC,18,19,3.8,0.66,32.4,56.5,Safe
2026-04-28 08:49:35 UTC,20,21,3.75,0.65,32.4,56.6,Safe
2026-04-28 08:49:45 UTC,23,27,3.8,0.66,32.5,56.3,Safe
2026-04-28 08:49:55 UTC,25,29,3.73,0.66,32.5,56.2,Safe
2026-04-28 08:50:05 UTC,28,32,3.81,0.66,32.5,56.3,Safe
2026-04-28 08:50:15 UTC,29,31,3.75,0.65,32.5,56.1,Safe
2026-04-28 08:50:25 UTC,30,31,3.8,0.67,32.5,56.1,Safe
2026-04-28 08:50:35 UTC,30,33,3.75,0.65,32.6,56,Safe
2026-04-28 08:50:45 UTC,27,31,3.83,0.66,32.6,56.1,Safe
2026-04-28 08:50:55 UTC,28,32,3.75,0.65,32.5,56.3,Safe
2026-04-28 08:51:05 UTC,29,32,3.81,0.66,32.5,56.4,Safe
2026-04-28 08:51:15 UTC,29,34,3.71,0.65,32.5,56.5,Safe
2026-04-28 08:51:25 UTC,29,33,3.75,0.65,32.6,56.3,Safe
2026-04-28 08:51:35 UTC,27,30,3.82,0.66,32.6,56.2,Safe
2026-04-28 08:51:45 UTC,26,31,3.8,0.66,32.5,55.7,Safe
2026-04-28 08:51:55 UTC,23,27,3.87,0.67,32.5,55.7,Safe
2026-04-28 08:52:05 UTC,21,22,3.8,0.66,32.4,56.1,Safe
2026-04-28 08:52:15 UTC,18,20,3.85,0.67,32.4,56.2,Safe
2026-04-28 08:52:25 UTC,17,19,3.84,0.67,32.3,56.4,Safe
2026-04-28 08:52:35 UTC,15,19,3.86,0.67,32.2,56.5,Safe
2026-04-28 08:52:45 UTC,12,16,3.84,0.67,32.2,56.8,Safe
2026-04-28 08:52:55 UTC,10,18,3.9,0.68,32.1,56,Safe
2026-04-28 08:53:05 UTC,11,18,3.89,0.68,32,55.8,Safe
2026-04-28 08:53:15 UTC,11,18,3.82,0.66,31.9,55.9,Safe
2026-04-28 08:53:25 UTC,11,18,3.93,0.68,31.9,56.4,Safe
2026-04-28 08:53:35 UTC,12,19,3.83,0.66,31.9,56.8,Safe
2026-04-28 08:53:45 UTC,13,20,3.92,0.68,32,56.9,Safe
2026-04-28 08:53:55 UTC,14,20,3.84,0.67,32,56.9,Safe
2026-04-28 08:54:05 UTC,15,21,3.86,0.67,32.1,56.9,Safe
2026-04-28 08:54:15 UTC,15,21,3.84,0.67,32.2,56.7,Safe
2026-04-28 08:54:25 UTC,15,21,3.92,0.68,32.2,56.4,Safe
2026-04-28 08:54:35 UTC,16,20,3.92,0.68,32.3,56,Safe
2026-04-28 08:54:45 UTC,17,20,3.92,0.68,32.3,55.9,Safe
2026-04-28 08:54:55 UTC,16,17,3.9,0.68,32.4,55.7,Safe
2026-04-28 08:55:05 UTC,16,18,3.84,0.67,32.4,55.6,Safe
2026-04-28 08:55:15 UTC,15,19,3.89,0.67,32.5,55.4,Safe
2026-04-28 08:55:25 UTC,16,21,3.84,0.67,32.4,55.2,Safe
2026-04-28 08:55:35 UTC,15,19,3.89,0.68,32.4,55.2,Safe
2026-04-28 08:55:45 UTC,14,17,3.82,0.66,32.4,55.3,Safe
2026-04-28 08:55:55 UTC,16,18,3.9,0.67,32.4,55.4,Safe
2026-04-28 08:56:05 UTC,17,20,3.84,0.67,32.4,55.5,Safe
2026-04-28 08:56:15 UTC,18,21,3.89,0.67,32.4,55.7,Safe
2026-04-28 08:56:25 UTC,17,18,3.84,0.66,32.4,55.6,Safe
2026-04-28 08:56:35 UTC,17,18,3.91,0.67,32.4,55.7,Safe
2026-04-28 08:56:45 UTC,17,18,3.88,0.67,32.4,55.8,Safe
2026-04-28 08:56:55 UTC,16,17,3.82,0.66,32.5,55.8,Safe
2026-04-28 08:57:05 UTC,15,17,3.92,0.67,32.5,55.8,Safe
2026-04-28 08:57:15 UTC,16,18,3.84,0.66,32.6,55.7,Safe
2026-04-28 08:57:25 UTC,15,18,3.89,0.67,32.6,55.5,Safe
2026-04-28 08:57:35 UTC,14,17,3.83,0.66,32.6,55.4,Safe
2026-04-28 08:57:45 UTC,14,18,3.9,0.67,32.6,55.4,Safe
2026-04-28 08:57:55 UTC,14,19,3.82,0.66,32.7,55.5,Safe
2026-04-28 08:58:05 UTC,13,19,3.9,0.68,32.7,55.7,Safe
2026-04-28 08:58:15 UTC,12,18,3.89,0.67,32.7,55.8,Safe
2026-04-28 08:58:25 UTC,13,18,3.82,0.66,32.7,55.6,Safe
2026-04-28 08:58:35 UTC,13,19,3.87,0.67,32.8,55.7,Safe
2026-04-28 08:58:45 UTC,11,17,3.82,0.66,32.8,55.7,Safe
2026-04-28 08:58:55 UTC,11,17,3.9,0.67,32.8,55.7,Safe
2026-04-28 08:59:05 UTC,11,15,3.81,0.66,32.8,55.6,Safe
2026-04-28 08:59:15 UTC,10,15,3.9,0.67,32.8,55.4,Safe
2026-04-28 08:59:25 UTC,8,12,3.8,0.66,32.8,55.5,Safe
2026-04-28 08:59:35 UTC,9,10,3.87,0.67,32.8,55,Safe
2026-04-28 08:59:45 UTC,9,10,3.9,0.67,32.8,54.7,Safe
2026-04-28 08:59:55 UTC,8,8,3.9,0.67,32.8,54.4,Safe
2026-04-28 09:00:05 UTC,8,10,3.89,0.67,32.7,54.1,Safe
2026-04-28 09:00:15 UTC,8,8,3.83,0.66,32.5,54.3,Safe
2026-04-28 09:00:25 UTC,8,9,3.9,0.67,32.5,54.4,Safe
2026-04-28 09:00:35 UTC,7,12,3.8,0.66,32.4,55.1,Safe
2026-04-28 09:00:45 UTC,6,9,3.89,0.67,32.2,55,Safe
2026-04-28 09:00:55 UTC,6,7,3.82,0.66,32.2,54.9,Safe
2026-04-28 09:01:05 UTC,5,6,3.9,0.67,32.2,55,Safe
2026-04-28 09:01:15 UTC,6,8,3.82,0.66,32.2,55.3,Safe
2026-04-28 09:01:25 UTC,6,8,3.86,0.67,32.2,55.7,Safe
2026-04-28 09:01:35 UTC,7,13,3.82,0.66,32.2,55.8,Safe
2026-04-28 09:01:45 UTC,7,10,3.89,0.67,32.1,55.8,Safe
2026-04-28 09:01:55 UTC,7,8,3.89,0.67,32,56,Safe
2026-04-28 09:02:05 UTC,6,7,3.81,0.66,32.1,56,Safe
2026-04-28 09:02:15 UTC,5,6,3.89,0.67,32.1,55.5,Safe
2026-04-28 09:02:25 UTC,6,6,3.81,0.66,32.1,55,Safe
2026-04-28 09:02:35 UTC,7,7,3.88,0.67,32.1,54.6,Safe
2026-04-28 09:02:45 UTC,8,8,3.8,0.66,32.2,54.5,Safe
2026-04-28 09:02:55 UTC,7,8,3.89,0.67,32.2,54.6,Safe
2026-04-28 09:03:05 UTC,6,6,3.83,0.66,32.3,54.8,Safe
2026-04-28 09:03:15 UTC,7,7,3.89,0.67,32.3,55,Safe
2026-04-28 09:03:25 UTC,5,6,3.89,0.67,32.3,55.1,Safe
2026-04-28 09:03:35 UTC,4,5,3.82,0.66,32.2,54.9,Safe
2026-04-28 09:03:45 UTC,6,7,3.9,0.67,32.2,54.8,Safe
2026-04-28 09:03:55 UTC,6,9,3.81,0.66,32.2,54.6,Safe
2026-04-28 09:04:05 UTC,7,8,3.89,0.67,32.2,54.7,Safe
2026-04-28 09:04:15 UTC,5,7,3.77,0.66,32.2,54.4,Safe
2026-04-28 09:04:25 UTC,5,6,3.88,0.67,32.1,54.2,Safe
2026-04-28 09:04:35 UTC,5,5,3.82,0.66,32.1,54.1,Safe
2026-04-28 09:04:45 UTC,5,5,3.88,0.67,32,53.8,Safe
2026-04-28 09:04:55 UTC,7,8,3.89,0.67,32,54.1,Safe
2026-04-28 09:05:05 UTC,6,8,3.9,0.67,31.9,54.1,Safe
2026-04-28 09:05:15 UTC,6,7,3.8,0.66,31.7,54,Safe
2026-04-28 09:05:25 UTC,6,7,3.8,0.66,31.6,54.2,Safe
2026-04-28 09:05:35 UTC,6,7,3.9,0.67,31.6,54.5,Safe
2026-04-28 09:05:45 UTC,6,7,3.82,0.66,31.6,54.6,Safe
2026-04-28 09:05:55 UTC,5,5,3.89,0.67,31.6,54.7,Safe
2026-04-28 09:06:05 UTC,6,6,3.81,0.66,31.6,54.8,Safe
2026-04-28 09:06:15 UTC,5,6,3.89,0.67,31.6,55,Safe
2026-04-28 09:06:25 UTC,7,7,3.82,0.66,31.6,55,Safe
2026-04-28 09:06:35 UTC,6,7,3.89,0.67,31.6,55.2,Safe
2026-04-28 09:06:45 UTC,5,5,3.8,0.66,31.7,55.6,Safe
2026-04-28 09:06:55 UTC,5,5,3.9,0.67,31.7,55.7,Safe
2026-04-28 09:07:05 UTC,6,6,3.84,0.67,31.7,55.5,Safe
2026-04-28 09:07:15 UTC,6,6,3.82,0.66,31.7,55.7,Safe
2026-04-28 09:07:25 UTC,7,8,3.89,0.67,31.7,55.9,Safe
2026-04-28 09:07:35 UTC,6,8,3.8,0.66,31.7,55.8,Safe
2026-04-28 09:07:45 UTC,6,7,3.85,0.67,31.7,55.9,Safe
2026-04-28 09:07:55 UTC,7,8,3.8,0.66,31.7,55.9,Safe
2026-04-28 09:08:05 UTC,6,7,3.86,0.67,31.7,56,Safe
2026-04-28 09:08:15 UTC,5,6,3.76,0.66,31.7,56.1,Safe
2026-04-28 09:08:25 UTC,6,6,3.9,0.67,31.8,56.2,Safe
2026-04-28 09:08:35 UTC,6,6,3.84,0.67,31.8,56.2,Safe
2026-04-28 09:08:45 UTC,6,6,3.9,0.67,31.9,56.4,Safe
2026-04-28 09:08:55 UTC,6,6,3.85,0.67,31.9,56.3,Safe
2026-04-28 09:09:05 UTC,6,7,3.75,0.65,31.8,56.3,Safe
2026-04-28 09:09:15 UTC,6,6,3.89,0.67,31.7,56.7,Safe
2026-04-28 09:09:25 UTC,5,6,3.82,0.66,31.6,56.7,Safe
2026-04-28 09:09:35 UTC,7,8,3.87,0.67,31.5,56.9,Safe
2026-04-28 09:09:45 UTC,7,9,3.81,0.66,31.5,56.9,Safe
2026-04-28 09:09:55 UTC,8,10,3.88,0.67,31.5,56.8,Safe
2026-04-28 09:10:05 UTC,8,8,3.8,0.66,31.5,56.5,Safe
2026-04-28 09:10:15 UTC,8,8,3.88,0.67,31.6,56.3,Safe
2026-04-28 09:10:25 UTC,9,9,3.81,0.66,31.6,56.1,Safe
2026-04-28 09:10:35 UTC,9,9,3.82,0.66,31.6,56.1,Safe
2026-04-28 09:10:45 UTC,8,8,3.89,0.67,31.7,56.1,Safe
2026-04-28 09:10:55 UTC,7,8,3.83,0.66,31.7,55.9,Safe
2026-04-28 09:11:05 UTC,8,9,3.89,0.68,31.8,56,Safe
2026-04-28 09:11:15 UTC,7,8,3.82,0.66,31.8,56.1,Safe
2026-04-28 09:11:25 UTC,8,9,3.91,0.68,31.9,56,Safe
2026-04-28 09:11:35 UTC,8,10,3.82,0.66,31.9,56.1,Safe
2026-04-28 09:11:45 UTC,8,10,3.9,0.67,32,56.1,Safe
2026-04-28 09:11:55 UTC,8,11,3.8,0.66,32.1,55.8,Safe
2026-04-28 09:12:05 UTC,8,12,3.89,0.67,32.1,55.4,Safe
2026-04-28 09:12:15 UTC,7,10,3.88,0.67,32.1,54.8,Safe
2026-04-28 09:12:25 UTC,7,9,3.81,0.66,32.1,54.1,Safe
2026-04-28 09:12:35 UTC,6,8,3.86,0.67,32,53.8,Safe
2026-04-28 09:12:45 UTC,7,8,3.81,0.66,32,53.9,Safe
2026-04-28 09:12:55 UTC,5,6,3.89,0.67,31.9,53.8,Safe
2026-04-28 09:13:05 UTC,5,5,3.82,0.66,31.7,54.2,Safe
2026-04-28 09:13:15 UTC,5,5,3.89,0.68,31.6,54.5,Safe
2026-04-28 09:13:25 UTC,4,4,3.8,0.66,31.4,55,Safe
2026-04-28 09:13:35 UTC,5,6,3.89,0.67,31.2,55.7,Safe
2026-04-28 09:13:45 UTC,6,6,3.88,0.67,30.9,56,Safe
2026-04-28 09:13:55 UTC,5,5,3.89,0.67,30.8,56.6,Safe
2026-04-28 09:14:05 UTC,5,5,3.83,0.66,30.7,57.1,Safe
2026-04-28 09:14:15 UTC,7,8,3.81,0.67,30.6,57.5,Safe
2026-04-28 09:14:25 UTC,8,9,3.88,0.67,30.5,57.8,Safe
2026-04-28 09:14:35 UTC,8,10,3.8,0.66,30.6,58.4,Safe
2026-04-28 09:14:45 UTC,7,9,3.89,0.67,30.5,58.1,Safe
2026-04-28 09:14:55 UTC,8,10,3.8,0.66,30.5,58,Safe
2026-04-28 09:15:05 UTC,7,7,3.89,0.67,30.5,57.9,Safe
2026-04-28 09:15:15 UTC,7,7,3.84,0.66,30.6,57.9,Safe
2026-04-28 09:15:25 UTC,8,9,3.85,0.67,30.6,57.7,Safe
2026-04-28 09:15:35 UTC,10,10,3.8,0.66,30.6,57.7,Safe
2026-04-28 09:15:45 UTC,13,13,3.88,0.67,30.6,57.5,Safe
2026-04-28 09:15:55 UTC,15,17,3.86,0.67,30.6,57.7,Safe
2026-04-28 09:16:05 UTC,18,20,3.81,0.66,30.6,57.8,Safe
2026-04-28 09:16:15 UTC,18,19,3.88,0.67,30.7,58,Safe
2026-04-28 09:16:25 UTC,19,21,3.8,0.66,30.8,58.2,Safe
2026-04-28 09:16:35 UTC,21,25,3.89,0.68,30.9,58.3,Safe
2026-04-28 09:16:45 UTC,21,26,3.82,0.66,31,58.3,Safe
2026-04-28 09:16:55 UTC,23,26,3.89,0.67,31.1,58.4,Safe
2026-04-28 09:17:05 UTC,26,29,3.81,0.66,31.1,58.2,Safe
2026-04-28 09:17:15 UTC,31,35,3.91,0.67,31.2,58.4,Safe
2026-04-28 09:17:25 UTC,36,44,3.88,0.67,31.3,58.4,Safe
2026-04-28 09:17:35 UTC,36,45,3.9,0.68,31.4,58.3,Safe
2026-04-28 09:17:45 UTC,33,45,3.9,0.68,31.5,57.3,Safe
2026-04-28 09:17:55 UTC,30,37,3.77,0.66,31.5,57,Safe
2026-04-28 09:18:05 UTC,27,30,3.89,0.67,31.6,57.2,Safe
2026-04-28 09:18:15 UTC,23,25,3.81,0.66,31.6,57.4,Safe
2026-04-28 09:18:25 UTC,21,24,3.89,0.67,31.6,57.6,Safe
2026-04-28 09:18:35 UTC,20,20,3.8,0.66,31.6,56.9,Safe
2026-04-28 09:18:45 UTC,19,20,3.89,0.67,31.6,56.7,Safe
2026-04-28 09:18:55 UTC,18,20,3.81,0.66,31.7,56.6,Safe
2026-04-28 09:19:05 UTC,17,20,3.89,0.67,31.8,56.6,Safe
2026-04-28 09:19:15 UTC,15,18,3.82,0.66,31.8,56.5,Safe
2026-04-28 09:19:25 UTC,14,18,3.85,0.67,31.9,56.3,Safe
2026-04-28 09:19:35 UTC,12,16,3.89,0.68,31.9,56.2,Safe
2026-04-28 09:19:45 UTC,11,16,3.78,0.66,32,55.8,Safe
2026-04-28 09:19:55 UTC,9,14,3.88,0.67,32,55.7,Safe
2026-04-28 09:20:05 UTC,8,14,3.8,0.66,32,56,Safe
2026-04-28 09:20:15 UTC,9,13,3.89,0.67,32,55.7,Safe
2026-04-28 09:20:25 UTC,8,10,3.8,0.66,31.9,55.4,Safe
2026-04-28 09:20:35 UTC,10,10,3.88,0.67,31.8,55.5,Safe
2026-04-28 09:20:45 UTC,12,15,3.82,0.66,31.8,55.7,Safe
2026-04-28 09:20:55 UTC,16,19,3.89,0.67,31.8,55.8,Safe
2026-04-28 09:21:05 UTC,18,20,3.89,0.67,31.9,56.1,Safe
2026-04-28 09:21:15 UTC,18,19,3.81,0.66,31.9,56.2,Safe
2026-04-28 09:21:25 UTC,15,17,3.89,0.67,32,55.9,Safe
2026-04-28 09:21:35 UTC,13,17,3.82,0.66,32,55.5,Safe
2026-04-28 09:21:45 UTC,11,17,3.87,0.68,32.1,55.2,Safe
2026-04-28 09:21:55 UTC,7,13,3.8,0.66,32.1,55.4,Safe
2026-04-28 09:22:05 UTC,6,9,3.88,0.67,32.2,56.3,Safe
2026-04-28 09:22:15 UTC,7,10,3.8,0.66,32.2,56.8,Safe
2026-04-28 09:22:25 UTC,7,9,3.89,0.67,32.3,56.2,Safe
2026-04-28 09:22:35 UTC,5,8,3.87,0.67,32.3,55.5,Safe
2026-04-28 09:22:45 UTC,5,7,3.89,0.67,32.4,55,Safe
2026-04-28 09:22:55 UTC,5,7,3.8,0.66,32.3,54.7,Safe
2026-04-28 09:23:05 UTC,5,5,3.81,0.66,32.3,54.9,Safe
2026-04-28 09:23:15 UTC,5,5,3.88,0.67,32.2,55.5,Safe
2026-04-28 09:23:25 UTC,5,7,3.76,0.66,32.1,55.8,Safe
2026-04-28 09:23:35 UTC,7,11,3.88,0.67,32,55.7,Safe
2026-04-28 09:23:45 UTC,9,15,3.81,0.66,31.9,55.7,Safe
2026-04-28 09:23:55 UTC,10,15,3.88,0.67,31.9,55.8,Safe
2026-04-28 09:24:05 UTC,13,17,3.82,0.66,32,55.8,Safe
2026-04-28 09:24:15 UTC,18,20,3.9,0.67,32,56,Safe
2026-04-28 09:24:25 UTC,20,22,3.82,0.66,32.1,55.9,Safe
2026-04-28 09:24:35 UTC,21,23,3.89,0.67,32.2,55.8,Safe
2026-04-28 09:24:45 UTC,21,24,3.88,0.67,32.3,55.4,Safe
2026-04-28 09:24:55 UTC,20,24,3.77,0.66,32.4,55.1,Safe
2026-04-28 09:25:05 UTC,19,26,3.87,0.67,32.5,54.7,Safe
2026-04-28 09:25:15 UTC,17,22,3.82,0.66,32.6,54.5,Safe
2026-04-28 09:25:25 UTC,13,18,3.86,0.67,32.6,54,Safe
2026-04-28 09:25:35 UTC,9,14,3.82,0.66,32.7,53.4,Safe
2026-04-28 09:25:45 UTC,9,14,3.88,0.67,32.7,53.2,Safe
2026-04-28 09:25:55 UTC,8,12,3.81,0.66,32.8,53.2,Safe
2026-04-28 09:26:05 UTC,7,12,3.9,0.67,32.7,53.2,Safe
2026-04-28 09:26:15 UTC,7,9,3.89,0.67,32.6,53.1,Safe
2026-04-28 09:26:25 UTC,9,9,3.9,0.68,32.6,53.5,Safe
2026-04-28 09:26:35 UTC,8,8,3.9,0.67,32.5,53.9,Safe
2026-04-28 09:26:45 UTC,6,6,3.8,0.66,32.6,54.5,Safe
2026-04-28 09:26:55 UTC,7,9,3.91,0.67,32.5,54.5,Safe
2026-04-28 09:27:05 UTC,7,9,3.8,0.66,32.5,54.5,Safe
2026-04-28 09:27:15 UTC,7,8,3.88,0.67,32.5,54,Safe
2026-04-28 09:27:25 UTC,7,7,3.83,0.66,32.4,53.9,Safe
2026-04-28 09:27:35 UTC,5,6,3.9,0.67,32.4,53.8,Safe
2026-04-28 09:27:45 UTC,7,8,3.82,0.66,32.5,54.4,Safe
2026-04-28 09:27:55 UTC,9,9,3.89,0.67,32.4,53.9,Safe
2026-04-28 09:28:05 UTC,7,8,3.82,0.66,32.3,53.8,Safe
2026-04-28 09:28:15 UTC,7,7,3.82,0.66,32.3,53.8,Safe
2026-04-28 09:28:25 UTC,8,8,3.9,0.67,32.3,53.8,Safe
2026-04-28 09:28:35 UTC,8,8,3.81,0.66,32.3,53.8,Safe
2026-04-28 09:28:45 UTC,7,8,3.89,0.67,32.4,54.1,Safe
2026-04-28 09:28:55 UTC,7,9,3.78,0.66,32.3,54.7,Safe
2026-04-28 09:29:05 UTC,7,8,3.89,0.67,32.4,55,Safe
2026-04-28 09:29:15 UTC,7,7,3.81,0.66,32.4,54.6,Safe
2026-04-28 09:29:25 UTC,9,9,3.89,0.67,32.4,54.7,Safe
2026-04-28 09:29:35 UTC,8,8,3.8,0.66,32.4,55.2,Safe
2026-04-28 09:29:45 UTC,8,8,3.89,0.67,32.4,55.3,Safe
2026-04-28 09:29:55 UTC,7,7,3.85,0.67,32.5,54.6,Safe
2026-04-28 09:30:05 UTC,7,7,3.8,0.66,32.4,54.2,Safe
2026-04-28 09:30:15 UTC,6,9,3.89,0.68,32.4,53.8,Safe
2026-04-28 09:30:25 UTC,5,9,3.82,0.66,32.4,53.7,Safe
2026-04-28 09:30:35 UTC,7,8,3.87,0.67,32.5,53.9,Safe
2026-04-28 09:30:45 UTC,9,9,3.81,0.66,32.5,53.7,Safe
2026-04-28 09:30:55 UTC,9,10,3.88,0.67,32.4,53.7,Safe
2026-04-28 09:31:05 UTC,8,8,3.82,0.66,32.3,53.6,Safe
2026-04-28 09:31:15 UTC,9,9,3.89,0.67,32.3,54,Safe
2026-04-28 09:31:25 UTC,10,11,3.9,0.67,32.2,54.1,Safe
2026-04-28 09:31:35 UTC,9,10,3.88,0.67,32.2,54.1,Safe
2026-04-28 09:31:45 UTC,8,11,3.88,0.67,32.2,54.1,Safe
2026-04-28 09:31:55 UTC,7,10,3.81,0.67,32.2,54.1,Safe
2026-04-28 09:32:05 UTC,7,7,3.85,0.67,32.2,54.3,Safe
2026-04-28 09:32:15 UTC,9,9,3.81,0.66,32.2,54.7,Safe
2026-04-28 09:32:25 UTC,15,15,3.86,0.67,32.2,54.7,Safe
2026-04-28 09:32:35 UTC,16,16,3.78,0.66,32.2,54.4,Safe
2026-04-28 09:32:45 UTC,15,17,3.89,0.67,32.2,54.2,Safe
2026-04-28 09:32:55 UTC,12,16,3.8,0.66,32.2,54.2,Safe
2026-04-28 09:33:05 UTC,9,13,3.9,0.67,32.2,54.2,Safe
2026-04-28 09:33:15 UTC,8,11,3.78,0.66,32.1,54.3,Safe
2026-04-28 09:33:25 UTC,8,10,3.82,0.66,32.1,54.4,Safe
2026-04-28 09:33:35 UTC,9,10,3.89,0.67,32.1,54.7,Safe
2026-04-28 09:33:45 UTC,8,9,3.78,0.66,32.1,54.9,Safe
2026-04-28 09:33:55 UTC,8,9,3.9,0.67,32.1,55.1,Safe
2026-04-28 09:34:05 UTC,10,12,3.83,0.66,32.1,55.3,Safe
2026-04-28 09:34:15 UTC,12,13,3.89,0.67,32.1,55.3,Safe
2026-04-28 09:34:25 UTC,13,16,3.82,0.66,32.1,55.2,Safe
2026-04-28 09:34:35 UTC,11,17,3.89,0.67,32.1,55.3,Safe
2026-04-28 09:34:45 UTC,11,16,3.82,0.66,32,55.3,Safe
2026-04-28 09:34:55 UTC,11,17,3.91,0.67,32,55.1,Safe
2026-04-28 09:35:05 UTC,11,16,3.9,0.68,32,55.2,Safe
2026-04-28 09:35:15 UTC,9,14,3.83,0.67,32,55.2,Safe
2026-04-28 09:35:25 UTC,8,13,3.87,0.67,32,55.1,Safe
2026-04-28 09:35:35 UTC,8,13,3.81,0.66,32,55.2,Safe
2026-04-28 09:35:45 UTC,7,11,3.9,0.67,31.9,55,Safe
2026-04-28 09:35:55 UTC,6,7,3.82,0.66,31.8,55,Safe
2026-04-28 09:36:05 UTC,6,6,3.89,0.67,31.6,55.5,Safe
2026-04-28 09:36:15 UTC,5,6,3.81,0.66,31.4,55.6,Safe
2026-04-28 09:36:25 UTC,5,7,3.89,0.67,31.2,56,Safe
2026-04-28 09:36:35 UTC,8,9,3.89,0.67,31.1,56.4,Safe
2026-04-28 09:36:45 UTC,10,12,3.89,0.67,31,56.6,Safe
2026-04-28 09:36:55 UTC,13,15,3.89,0.67,30.9,56.8,Safe
2026-04-28 09:37:05 UTC,13,14,3.8,0.66,30.8,57.1,Safe
2026-04-28 09:37:15 UTC,12,15,3.88,0.67,30.8,57.2,Safe
2026-04-28 09:37:25 UTC,8,12,3.82,0.66,30.7,57.1,Safe
2026-04-28 09:37:35 UTC,7,9,3.88,0.67,30.7,57.3,Safe
2026-04-28 09:37:45 UTC,8,8,3.79,0.66,30.6,57.7,Safe
2026-04-28 09:37:55 UTC,6,7,3.88,0.67,30.5,57.7,Safe
2026-04-28 09:38:05 UTC,6,7,3.82,0.66,30.5,57.6,Safe
2026-04-28 09:38:15 UTC,7,7,3.89,0.67,30.5,57.9,Safe
2026-04-28 09:38:25 UTC,6,8,3.77,0.66,30.5,57.9,Safe
2026-04-28 09:38:35 UTC,7,8,3.8,0.66,30.6,58.1,Safe
2026-04-28 09:38:45 UTC,9,9,3.89,0.67,30.6,58.3,Safe
2026-04-28 09:38:55 UTC,10,11,3.76,0.66,30.6,58.1,Safe
2026-04-28 09:39:05 UTC,14,15,3.88,0.67,30.7,57.9,Safe
2026-04-28 09:39:15 UTC,16,18,3.81,0.66,30.7,57.8,Safe
2026-04-28 09:39:25 UTC,20,23,3.89,0.68,30.7,57.7,Safe
2026-04-28 09:39:35 UTC,21,24,3.82,0.66,30.8,57.7,Safe
2026-04-28 09:39:45 UTC,24,28,3.89,0.67,30.8,57.6,Safe
2026-04-28 09:39:55 UTC,26,30,3.79,0.66,30.8,57.5,Safe
2026-04-28 09:40:05 UTC,26,31,3.9,0.68,30.8,57.5,Safe
2026-04-28 09:40:15 UTC,28,32,3.89,0.67,30.8,57.5,Safe
2026-04-28 09:40:25 UTC,29,31,3.81,0.67,30.9,57.4,Safe
2026-04-28 09:40:35 UTC,30,34,3.9,0.67,30.9,57.1,Safe
2026-04-28 09:40:45 UTC,33,37,3.81,0.66,30.9,57.1,Safe
2026-04-28 09:40:55 UTC,36,45,3.89,0.67,30.9,57.1,Safe
2026-04-28 09:41:05 UTC,39,49,3.77,0.66,31,57.1,Safe
2026-04-28 09:41:15 UTC,41,50,3.89,0.67,31.1,57.1,Safe
2026-04-28 09:41:25 UTC,40,50,3.79,0.66,31.1,57,Safe
2026-04-28 09:41:35 UTC,39,48,3.89,0.67,31.2,56.8,Safe
2026-04-28 09:41:45 UTC,37,46,3.87,0.67,31.3,56.9,Safe
2026-04-28 09:41:55 UTC,34,45,3.91,0.67,31.4,56.8,Safe
2026-04-28 09:42:05 UTC,35,45,3.88,0.67,31.4,56.7,Safe
2026-04-28 09:42:15 UTC,37,47,3.8,0.66,31.5,56.9,Safe
2026-04-28 09:42:25 UTC,39,48,3.89,0.67,31.5,57.2,Safe
2026-04-28 09:42:35 UTC,37,46,3.82,0.66,31.6,57,Safe
2026-04-28 09:42:45 UTC,37,45,3.9,0.67,31.6,57.1,Safe
2026-04-28 09:42:55 UTC,39,48,3.8,0.66,31.7,57.3,Safe
2026-04-28 09:43:05 UTC,40,48,3.86,0.67,31.7,57.5,Safe
2026-04-28 09:43:15 UTC,41,49,3.8,0.66,31.8,57.5,Safe
2026-04-28 09:43:25 UTC,39,47,3.89,0.67,31.8,57.2,Safe
2026-04-28 09:43:35 UTC,36,44,3.8,0.66,31.8,56.8,Safe
2026-04-28 09:43:45 UTC,33,40,3.82,0.66,31.8,56.2,Safe
2026-04-28 09:43:55 UTC,29,34,3.89,0.67,31.9,55.9,Safe
2026-04-28 09:44:05 UTC,24,27,3.81,0.67,32,55.6,Safe
2026-04-28 09:44:15 UTC,19,22,3.89,0.67,32,55.4,Safe
2026-04-28 09:44:25 UTC,18,20,3.82,0.66,32,55.7,Safe
2026-04-28 09:44:35 UTC,13,15,3.88,0.67,31.9,55.8,Safe
2026-04-28 09:44:45 UTC,10,13,3.83,0.66,31.8,55.5,Safe
2026-04-28 09:44:55 UTC,9,11,3.9,0.67,31.8,55.4,Safe
2026-04-28 09:45:05 UTC,8,9,3.81,0.66,31.7,55.6,Safe
2026-04-28 09:45:15 UTC,7,8,3.87,0.67,31.6,55.6,Safe
2026-04-28 09:45:25 UTC,7,10,3.89,0.67,31.6,55.7,Safe
2026-04-28 09:45:35 UTC,6,12,3.82,0.66,31.6,55.9,Safe
2026-04-28 09:45:45 UTC,8,10,3.89,0.67,31.6,56.2,Safe
2026-04-28 09:45:55 UTC,10,13,3.81,0.66,31.6,56.3,Safe
2026-04-28 09:46:05 UTC,13,15,3.89,0.67,31.6,56.5,Safe
2026-04-28 09:46:15 UTC,22,24,3.81,0.66,31.6,56.4,Safe
2026-04-28 09:46:25 UTC,34,42,3.85,0.67,31.7,56.1,Safe
2026-04-28 09:46:35 UTC,39,48,3.83,0.66,31.7,55.8,Safe
2026-04-28 09:46:45 UTC,41,51,3.87,0.67,31.7,55.8,Safe
2026-04-28 09:46:55 UTC,39,48,3.88,0.67,31.7,56.2,Safe
2026-04-28 09:47:05 UTC,36,44,3.89,0.67,31.8,56.5,Safe
2026-04-28 09:47:15 UTC,33,40,3.89,0.67,31.9,56.4,Safe
2026-04-28 09:47:25 UTC,31,37,3.81,0.66,31.9,56.3,Safe
2026-04-28 09:47:35 UTC,28,32,3.89,0.67,32,56,Safe
2026-04-28 09:47:45 UTC,27,30,3.82,0.66,32,55.7,Safe
2026-04-28 09:47:55 UTC,28,32,3.89,0.67,32,55.3,Safe
2026-04-28 09:48:05 UTC,31,35,3.83,0.66,32,55.2,Safe
2026-04-28 09:48:15 UTC,36,46,3.88,0.67,32,55.6,Safe
2026-04-28 09:48:25 UTC,42,53,3.82,0.66,32.1,55.7,Safe
2026-04-28 09:48:35 UTC,45,54,3.89,0.67,32.1,55.8,Safe
2026-04-28 09:48:45 UTC,45,56,3.8,0.66,32.1,55.9,Safe
2026-04-28 09:48:55 UTC,45,56,3.8,0.66,32.2,55.8,Safe
2026-04-28 09:49:05 UTC,43,53,3.87,0.67,32.2,55.5,Safe
2026-04-28 09:49:15 UTC,38,46,3.76,0.66,32.3,55.7,Safe
2026-04-28 09:49:25 UTC,33,39,3.86,0.67,32.3,55.6,Safe
2026-04-28 09:49:35 UTC,29,32,3.81,0.66,32.3,55.4,Safe
2026-04-28 09:49:45 UTC,23,26,3.87,0.67,32.3,55.1,Safe
2026-04-28 09:49:55 UTC,20,24,3.81,0.66,32.4,55.2,Safe
2026-04-28 09:50:05 UTC,18,20,3.91,0.67,32.4,55.2,Safe
2026-04-28 09:50:15 UTC,16,18,3.82,0.66,32.4,55.2,Safe
2026-04-28 09:50:25 UTC,15,17,3.89,0.67,32.5,55.1,Safe
2026-04-28 09:50:35 UTC,14,16,3.9,0.67,32.5,55,Safe
2026-04-28 09:50:45 UTC,16,19,3.81,0.66,32.5,54.6,Safe
2026-04-28 09:50:55 UTC,18,22,3.9,0.68,32.6,54.5,Safe
2026-04-28 09:51:05 UTC,19,21,3.81,0.66,32.6,54.4,Safe
2026-04-28 09:51:15 UTC,19,22,3.89,0.67,32.6,54.6,Safe
2026-04-28 09:51:25 UTC,18,21,3.81,0.66,32.6,54.7,Safe
2026-04-28 09:51:35 UTC,16,21,3.89,0.67,32.6,54.7,Safe
2026-04-28 09:51:45 UTC,17,21,3.81,0.66,32.7,54.5,Safe
2026-04-28 09:51:55 UTC,20,23,3.89,0.67,32.7,54.8,Safe
2026-04-28 09:52:05 UTC,21,23,3.89,0.67,32.7,54.5,Safe
2026-04-28 09:52:15 UTC,20,22,3.84,0.66,32.7,54.1,Safe
2026-04-28 09:52:25 UTC,20,22,3.88,0.67,32.7,53.9,Safe
2026-04-28 09:52:35 UTC,20,21,3.81,0.66,32.7,53.8,Safe
2026-04-28 09:52:45 UTC,20,21,3.89,0.68,32.7,53.8,Safe
2026-04-28 09:52:55 UTC,19,19,3.82,0.66,32.7,54,Safe
2026-04-28 09:53:05 UTC,16,19,3.9,0.67,32.7,54,Safe
2026-04-28 09:53:15 UTC,14,17,3.83,0.67,32.7,53.9,Safe
2026-04-28 09:53:25 UTC,13,17,3.91,0.67,32.7,54,Safe
2026-04-28 09:53:35 UTC,13,18,3.8,0.66,32.8,54.1,Safe
2026-04-28 09:53:45 UTC,11,16,3.89,0.67,32.8,54.2,Safe
2026-04-28 09:53:55 UTC,10,15,3.84,0.66,32.8,54.3,Safe
2026-04-28 09:54:05 UTC,9,14,3.79,0.66,32.8,54.6,Safe
2026-04-28 09:54:15 UTC,8,11,3.89,0.67,32.8,54.6,Safe
2026-04-28 09:54:25 UTC,8,9,3.8,0.66,32.8,54.4,Safe
2026-04-28 09:54:35 UTC,7,7,3.89,0.67,32.8,54.5,Safe
2026-04-28 09:54:45 UTC,7,9,3.83,0.66,32.7,54.3,Safe
2026-04-28 09:54:55 UTC,6,7,3.85,0.67,32.7,54.2,Safe
2026-04-28 09:55:05 UTC,6,10,3.8,0.66,32.8,54.1,Safe
2026-04-28 09:55:15 UTC,5,8,3.88,0.67,32.7,54.2,Safe
2026-04-28 09:55:25 UTC,6,9,3.77,0.66,32.7,54,Safe
2026-04-28 09:55:35 UTC,6,8,3.89,0.67,32.7,54,Safe
2026-04-28 09:55:45 UTC,6,7,3.86,0.67,32.7,53.7,Safe
2026-04-28 09:55:55 UTC,4,6,3.81,0.66,32.7,53.6,Safe
2026-04-28 09:56:05 UTC,5,6,3.88,0.67,32.7,53.3,Safe
2026-04-28 09:56:15 UTC,5,7,3.8,0.66,32.7,53.5,Safe
2026-04-28 09:56:25 UTC,5,7,3.87,0.67,32.7,53.2,Safe
2026-04-28 09:56:35 UTC,5,9,3.82,0.66,32.7,53.5,Safe
2026-04-28 09:56:45 UTC,6,8,3.85,0.67,32.8,54,Safe
2026-04-28 09:56:55 UTC,5,6,3.79,0.66,32.8,54.2,Safe
2026-04-28 09:57:05 UTC,5,6,3.89,0.67,32.8,54.3,Safe
2026-04-28 09:57:15 UTC,6,9,3.87,0.68,32.8,54.7,Safe
2026-04-28 09:57:25 UTC,8,9,3.86,0.67,32.9,55,Safe
2026-04-28 09:57:35 UTC,6,9,3.89,0.67,32.8,55.2,Safe
2026-04-28 09:57:45 UTC,6,9,3.77,0.66,32.9,55.2,Safe
2026-04-28 09:57:55 UTC,6,7,3.9,0.68,32.9,55,Safe
2026-04-28 09:58:05 UTC,6,6,3.81,0.66,32.9,54.7,Safe
2026-04-28 09:58:15 UTC,5,6,3.89,0.68,32.9,53.9,Safe
2026-04-28 09:58:25 UTC,7,8,3.81,0.66,32.9,54,Safe
2026-04-28 09:58:35 UTC,7,7,3.9,0.67,33,54.1,Safe
2026-04-28 09:58:45 UTC,7,8,3.8,0.66,33,53.9,Safe
2026-04-28 09:58:55 UTC,6,8,3.88,0.67,33,54.1,Safe
2026-04-28 09:59:05 UTC,8,8,3.81,0.66,33.1,54.5,Safe
2026-04-28 09:59:15 UTC,7,8,3.82,0.66,33.1,54.6,Safe
2026-04-28 09:59:25 UTC,6,8,3.88,0.67,33.1,54.9,Safe
2026-04-28 09:59:35 UTC,8,10,3.81,0.66,33.1,55.7,Safe
2026-04-28 09:59:45 UTC,9,11,3.89,0.67,33.1,55.6,Safe
2026-04-28 09:59:55 UTC,10,12,3.8,0.66,33.1,55.7,Safe
2026-04-28 10:00:05 UTC,9,10,3.86,0.67,33.2,55.5,Safe
2026-04-28 10:00:15 UTC,10,11,3.8,0.66,33.2,55.2,Safe
2026-04-28 10:00:25 UTC,10,14,3.9,0.67,33.3,54.8,Safe
2026-04-28 10:00:35 UTC,10,15,3.81,0.66,33.3,54.6,Safe
2026-04-28 10:00:45 UTC,8,11,3.84,0.67,33.3,54.5,Safe
2026-04-28 10:00:55 UTC,8,9,3.9,0.67,33.3,53.9,Safe
2026-04-28 10:01:05 UTC,8,11,3.86,0.66,33.3,53.4,Safe
2026-04-28 10:01:15 UTC,9,14,3.87,0.67,33.2,52.9,Safe
2026-04-28 10:01:25 UTC,10,17,3.81,0.66,33,52.5,Safe
2026-04-28 10:01:35 UTC,9,14,3.89,0.67,32.9,52.2,Safe
2026-04-28 10:01:45 UTC,6,8,3.8,0.66,32.8,52.3,Safe
2026-04-28 10:01:55 UTC,5,8,3.86,0.67,32.8,52.4,Safe
2026-04-28 10:02:05 UTC,5,7,3.82,0.66,32.7,52.5,Safe
2026-04-28 10:02:15 UTC,4,4,3.89,0.67,32.6,52.8,Safe
2026-04-28 10:02:25 UTC,5,6,3.9,0.67,32.6,53.2,Safe
2026-04-28 10:02:35 UTC,3,5,3.78,0.66,32.6,53.4,Safe
2026-04-28 10:02:45 UTC,9,9,3.89,0.67,32.6,53.4,Safe
2026-04-28 10:02:55 UTC,15,15,3.8,0.66,32.6,53,Safe
2026-04-28 10:03:05 UTC,19,19,3.88,0.67,32.5,52.9,Safe
2026-04-28 10:03:15 UTC,21,23,3.82,0.66,32.5,53.2,Safe
2026-04-28 10:03:25 UTC,24,27,3.88,0.67,32.5,53.6,Safe
2026-04-28 10:03:35 UTC,29,34,3.79,0.66,32.5,54,Safe
2026-04-28 10:03:45 UTC,35,43,3.89,0.67,32.6,54.1,Safe
2026-04-28 10:03:55 UTC,39,48,3.85,0.67,32.6,54.1,Safe
2026-04-28 10:04:05 UTC,37,46,3.86,0.67,32.5,53.3,Safe
2026-04-28 10:04:15 UTC,32,38,3.88,0.67,32.5,53.3,Safe
2026-04-28 10:04:25 UTC,28,32,3.8,0.66,32.5,53.1,Safe
2026-04-28 10:04:35 UTC,23,27,3.88,0.67,32.5,53.4,Safe
2026-04-28 10:04:45 UTC,19,22,3.81,0.66,32.5,53.4,Safe
2026-04-28 10:04:55 UTC,13,15,3.87,0.67,32.5,53,Safe
2026-04-28 10:05:05 UTC,9,11,3.82,0.66,32.5,52.8,Safe
2026-04-28 10:05:15 UTC,6,8,3.86,0.67,32.4,52.8,Safe
2026-04-28 10:05:25 UTC,5,6,3.8,0.66,32.5,52.9,Safe
2026-04-28 10:05:35 UTC,4,5,3.89,0.67,32.5,52.8,Safe
2026-04-28 10:05:45 UTC,3,3,3.81,0.66,32.5,53,Safe
2026-04-28 10:05:55 UTC,3,3,3.82,0.66,32.5,53.1,Safe
2026-04-28 10:06:05 UTC,2,3,3.89,0.68,32.6,53.3,Safe
2026-04-28 10:06:15 UTC,2,4,3.81,0.66,32.6,53.4,Safe
2026-04-28 10:06:25 UTC,4,6,3.86,0.67,32.7,53.3,Safe
2026-04-28 10:06:35 UTC,5,6,3.8,0.66,32.7,53.2,Safe
2026-04-28 10:06:45 UTC,4,4,3.89,0.67,32.8,53.1,Safe
2026-04-28 10:06:55 UTC,4,5,3.77,0.66,32.9,53.2,Safe
2026-04-28 10:07:05 UTC,6,7,3.88,0.68,32.9,53.4,Safe
2026-04-28 10:07:15 UTC,5,5,3.81,0.66,33,53.5,Safe
2026-04-28 10:07:25 UTC,5,5,3.87,0.67,33.1,53.7,Safe
2026-04-28 10:07:35 UTC,5,5,3.85,0.67,33.1,53.6,Safe
2026-04-28 10:07:45 UTC,5,5,3.78,0.66,33.2,53.6,Safe
2026-04-28 10:07:55 UTC,6,6,3.89,0.67,33.2,53.4,Safe
2026-04-28 10:08:05 UTC,5,6,3.84,0.66,33.2,53.4,Safe
2026-04-28 10:08:15 UTC,6,8,3.88,0.67,33.3,53.4,Safe
2026-04-28 10:08:25 UTC,6,6,3.8,0.66,33.3,53.1,Safe
2026-04-28 10:08:35 UTC,5,6,3.87,0.67,33.3,53.2,Safe
2026-04-28 10:08:45 UTC,6,8,3.8,0.66,33.4,53,Safe
2026-04-28 10:08:55 UTC,7,8,3.89,0.67,33.4,52.7,Safe
2026-04-28 10:09:05 UTC,6,6,3.88,0.68,33.4,52.7,Safe
2026-04-28 10:09:15 UTC,5,5,3.81,0.66,33.4,52.5,Safe
2026-04-28 10:09:25 UTC,6,7,3.9,0.67,33.4,52.8,Safe
2026-04-28 10:09:35 UTC,5,7,3.83,0.66,33.5,52.8,Safe
2026-04-28 10:09:45 UTC,5,7,3.89,0.67,33.5,52.8,Safe
2026-04-28 10:09:55 UTC,6,8,3.81,0.66,33.5,52.8,Safe
2026-04-28 10:10:05 UTC,9,11,3.89,0.67,33.6,52.4,Safe
2026-04-28 10:10:15 UTC,10,13,3.82,0.66,33.6,52.3,Safe
2026-04-28 10:10:25 UTC,9,12,3.89,0.67,33.6,51.8,Safe
2026-04-28 10:10:35 UTC,8,9,3.89,0.67,33.6,51.9,Safe
2026-04-28 10:10:45 UTC,5,6,3.86,0.67,33.6,51.3,Safe
2026-04-28 10:10:55 UTC,3,4,3.89,0.67,33.5,51.2,Safe
2026-04-28 10:11:05 UTC,2,2,3.82,0.66,33.5,51.4,Safe
2026-04-28 10:11:15 UTC,2,4,3.91,0.68,33.4,51.5,Safe
2026-04-28 10:11:25 UTC,2,4,3.82,0.66,33.3,51.6,Safe
2026-04-28 10:11:35 UTC,3,7,3.89,0.67,33.3,51.8,Safe
2026-04-28 10:11:45 UTC,3,7,3.83,0.66,33.3,51.9,Safe
2026-04-28 10:11:55 UTC,5,7,3.86,0.67,33.4,51.8,Safe
2026-04-28 10:12:05 UTC,3,3,3.81,0.66,33.4,51.5,Safe
2026-04-28 10:12:15 UTC,4,4,3.89,0.67,33.5,51.3,Safe
2026-04-28 10:12:25 UTC,3,3,3.83,0.66,33.5,51.1,Safe
2026-04-28 10:12:35 UTC,8,10,3.82,0.66,33.5,51.4,Safe
2026-04-28 10:12:45 UTC,13,18,3.85,0.67,33.5,51.8,Safe
2026-04-28 10:12:55 UTC,18,22,3.82,0.66,33.5,52,Safe
2026-04-28 10:13:05 UTC,20,24,3.89,0.67,33.6,52.6,Safe
2026-04-28 10:13:15 UTC,22,27,3.8,0.66,33.6,52.6,Safe
2026-04-28 10:13:25 UTC,21,26,3.89,0.68,33.6,52.6,Safe
2026-04-28 10:13:35 UTC,21,26,3.82,0.66,33.6,52.7,Safe
2026-04-28 10:13:45 UTC,23,28,3.88,0.67,33.6,52.4,Safe
2026-04-28 10:13:55 UTC,27,32,3.83,0.66,33.6,52.6,Safe
2026-04-28 10:14:05 UTC,28,31,3.9,0.68,33.6,52.8,Safe
2026-04-28 10:14:15 UTC,30,32,3.89,0.67,33.6,52.7,Safe
2026-04-28 10:14:25 UTC,30,31,3.83,0.66,33.6,52.5,Safe
2026-04-28 10:14:35 UTC,25,27,3.9,0.68,33.6,51.7,Safe
2026-04-28 10:14:45 UTC,22,26,3.81,0.67,33.6,51.7,Safe
2026-04-28 10:14:55 UTC,15,19,3.91,0.67,33.6,51.7,Safe
2026-04-28 10:15:05 UTC,9,13,3.82,0.66,33.5,51.5,Safe
2026-04-28 10:15:15 UTC,5,9,3.9,0.68,33.4,51.1,Safe
2026-04-28 10:15:25 UTC,5,7,3.82,0.66,33.3,51,Safe
2026-04-28 10:15:35 UTC,4,6,3.89,0.67,33.2,51.2,Safe
2026-04-28 10:15:45 UTC,4,4,3.89,0.67,33.1,51.5,Safe
2026-04-28 10:15:55 UTC,4,4,3.82,0.66,33,51.7,Safe
2026-04-28 10:16:05 UTC,4,4,3.89,0.67,33,51.8,Safe
2026-04-28 10:16:15 UTC,5,5,3.8,0.66,32.9,52,Safe
2026-04-28 10:16:25 UTC,5,5,3.9,0.68,32.8,52.4,Safe
2026-04-28 10:16:35 UTC,5,6,3.8,0.66,32.7,52.5,Safe
2026-04-28 10:16:45 UTC,5,5,3.89,0.67,32.7,52.8,Safe
2026-04-28 10:16:55 UTC,5,5,3.81,0.67,32.7,52.8,Safe
2026-04-28 10:17:05 UTC,3,6,3.87,0.67,32.7,52.6,Safe
2026-04-28 10:17:15 UTC,5,6,3.89,0.67,32.6,53,Safe
2026-04-28 10:17:25 UTC,5,6,3.91,0.68,32.5,52.9,Safe
2026-04-28 10:17:35 UTC,5,6,3.87,0.67,32.5,52.8,Safe
2026-04-28 10:17:45 UTC,6,6,3.82,0.66,32.5,53.4,Safe
2026-04-28 10:17:55 UTC,6,6,3.89,0.67,32.4,53.4,Safe
2026-04-28 10:18:05 UTC,10,10,3.83,0.66,32.4,53.4,Safe
2026-04-28 10:18:15 UTC,14,15,3.88,0.67,32.4,53.2,Safe
2026-04-28 10:18:25 UTC,18,19,3.81,0.67,32.3,53,Safe
2026-04-28 10:18:35 UTC,18,18,3.88,0.67,32.2,53.2,Safe
2026-04-28 10:18:45 UTC,13,13,3.83,0.67,32.2,53.3,Safe
2026-04-28 10:18:55 UTC,7,7,3.89,0.68,32.2,53.5,Safe
2026-04-28 10:19:05 UTC,5,6,3.8,0.66,32.2,53.7,Safe
2026-04-28 10:19:15 UTC,6,8,3.9,0.68,32.2,53.9,Safe
2026-04-28 10:19:25 UTC,7,10,3.9,0.68,32.3,54,Safe
2026-04-28 10:19:35 UTC,8,10,3.8,0.66,32.3,54.2,Safe
2026-04-28 10:19:45 UTC,9,9,3.92,0.68,32.4,54.1,Safe
2026-04-28 10:19:55 UTC,9,9,3.81,0.66,32.4,54.1,Safe
2026-04-28 10:20:05 UTC,8,9,3.89,0.68,32.5,53.8,Safe
2026-04-28 10:20:15 UTC,7,8,3.84,0.67,32.5,53.5,Safe
2026-04-28 10:20:25 UTC,6,7,3.92,0.68,32.5,53.3,Safe
2026-04-28 10:20:35 UTC,6,7,3.83,0.67,32.6,53.2,Safe
2026-04-28 10:20:45 UTC,7,8,3.92,0.68,32.6,53.6,Safe
2026-04-28 10:20:55 UTC,7,8,3.91,0.68,32.6,53.9,Safe
2026-04-28 10:21:05 UTC,6,7,3.8,0.66,32.6,53.8,Safe
2026-04-28 10:21:15 UTC,6,7,3.89,0.68,32.6,53.8,Safe
2026-04-28 10:21:25 UTC,6,6,3.82,0.67,32.7,53.8,Safe
2026-04-28 10:21:35 UTC,6,6,3.86,0.67,32.7,54,Safe
2026-04-28 10:21:45 UTC,5,6,3.82,0.66,32.7,54.1,Safe
2026-04-28 10:21:55 UTC,5,6,3.91,0.67,32.7,54.1,Safe
2026-04-28 10:22:05 UTC,4,7,3.83,0.67,32.7,54.3,Safe
2026-04-28 10:22:15 UTC,4,7,3.89,0.68,32.7,54.2,Safe
2026-04-28 10:22:25 UTC,3,5,3.9,0.67,32.8,54.4,Safe
2026-04-28 10:22:35 UTC,3,4,3.89,0.68,32.8,54.5,Safe
2026-04-28 10:22:45 UTC,5,7,3.8,0.66,32.8,54.5,Safe
2026-04-28 10:22:55 UTC,6,8,3.78,0.66,32.8,54.5,Safe
2026-04-28 10:23:05 UTC,7,8,3.89,0.68,32.8,54.4,Safe
2026-04-28 10:23:15 UTC,15,17,3.83,0.67,32.8,54.5,Safe
2026-04-28 10:23:25 UTC,35,44,3.9,0.68,32.9,54.7,Safe
2026-04-28 10:23:35 UTC,46,59,3.82,0.66,32.9,54.7,Safe
2026-04-28 10:23:45 UTC,57,71,3.89,0.68,32.9,54.5,Caution
2026-04-28 10:23:55 UTC,61,74,3.84,0.66,32.9,54.4,Caution
2026-04-28 10:24:05 UTC,61,73,3.9,0.68,32.9,54.5,Caution
2026-04-28 10:24:15 UTC,59,74,3.83,0.66,32.9,54.4,Caution
2026-04-28 10:24:25 UTC,61,74,3.86,0.67,32.9,54.5,Caution
2026-04-28 10:24:35 UTC,63,76,3.9,0.67,32.9,54.5,Caution
2026-04-28 10:24:45 UTC,62,76,3.82,0.66,32.9,54.3,Caution
2026-04-28 10:24:55 UTC,58,73,3.91,0.68,32.9,54.3,Caution
2026-04-28 10:25:05 UTC,53,68,3.83,0.67,32.9,54.4,Caution
2026-04-28 10:25:15 UTC,48,61,3.91,0.67,32.9,54.3,Safe
2026-04-28 10:25:25 UTC,42,56,3.85,0.67,32.9,54.3,Safe
2026-04-28 10:25:35 UTC,38,49,3.9,0.68,32.9,54.3,Safe
2026-04-28 10:25:45 UTC,33,41,3.83,0.66,32.9,54.4,Safe
2026-04-28 10:25:55 UTC,30,33,3.89,0.68,32.9,54.2,Safe
2026-04-28 10:26:05 UTC,27,30,3.89,0.67,32.9,54.1,Safe
2026-04-28 10:26:15 UTC,23,25,3.84,0.66,32.9,54.1,Safe
2026-04-28 10:26:25 UTC,19,20,3.88,0.68,33,53.9,Safe
2026-04-28 10:26:35 UTC,19,19,3.82,0.67,32.9,53.4,Safe
2026-04-28 10:26:45 UTC,18,19,3.9,0.68,33,53.3,Safe
2026-04-28 10:26:55 UTC,19,19,3.85,0.67,33,53,Safe
2026-04-28 10:27:05 UTC,19,20,3.92,0.68,32.9,52.9,Safe
2026-04-28 10:27:15 UTC,18,20,3.84,0.67,33,52.8,Safe
2026-04-28 10:27:25 UTC,16,18,3.93,0.68,33,52.7,Safe
2026-04-28 10:27:35 UTC,14,17,3.9,0.68,33,52.7,Safe
2026-04-28 10:27:45 UTC,11,15,3.89,0.68,33,52.6,Safe
2026-04-28 10:27:55 UTC,8,11,3.81,0.66,33,52.4,Safe
2026-04-28 10:28:05 UTC,7,7,3.83,0.67,33,52.3,Safe
2026-04-28 10:28:15 UTC,8,9,3.9,0.68,33,52.5,Safe
2026-04-28 10:28:25 UTC,8,9,3.84,0.67,33,52.6,Safe
2026-04-28 10:28:35 UTC,7,8,3.88,0.67,33,52.7,Safe
2026-04-28 10:28:45 UTC,7,9,3.84,0.66,33,52.7,Safe
2026-04-28 10:28:55 UTC,7,8,3.92,0.68,33,52.7,Safe
2026-04-28 10:29:05 UTC,7,8,3.82,0.66,33,52.7,Safe
2026-04-28 10:29:15 UTC,7,7,3.89,0.67,33,52.4,Safe
2026-04-28 10:29:25 UTC,6,7,3.8,0.66,33,52.3,Safe
2026-04-28 10:29:35 UTC,6,6,3.88,0.67,33.1,52,Safe
2026-04-28 10:29:45 UTC,6,6,3.89,0.68,33.1,51.8,Safe
2026-04-28 10:29:55 UTC,5,5,3.84,0.67,33.1,51.8,Safe
2026-04-28 10:30:05 UTC,5,5,3.9,0.67,33.1,51.7,Safe
2026-04-28 10:30:15 UTC,5,5,3.83,0.67,33,51.8,Safe
2026-04-28 10:30:25 UTC,6,7,3.92,0.68,33,52,Safe
2026-04-28 10:30:35 UTC,5,6,3.84,0.66,33,52,Safe
2026-04-28 10:30:45 UTC,5,5,3.9,0.68,33,52.2,Safe
2026-04-28 10:30:55 UTC,11,12,3.84,0.67,33,52.6,Safe
2026-04-28 10:31:05 UTC,33,40,3.9,0.68,33,53,Safe
2026-04-28 10:31:15 UTC,49,63,3.89,0.68,33,52.8,Safe
2026-04-28 10:31:25 UTC,61,73,3.78,0.66,33,53.1,Caution
2026-04-28 10:31:35 UTC,68,77,3.92,0.68,33,53.3,Caution
2026-04-28 10:31:45 UTC,72,80,3.8,0.67,33,53.3,Caution
2026-04-28 10:31:55 UTC,75,82,3.88,0.67,33,53.3,Caution
2026-04-28 10:32:05 UTC,73,80,3.82,0.66,33,53.2,Caution
2026-04-28 10:32:15 UTC,66,76,3.88,0.67,32.9,53.3,Caution
2026-04-28 10:32:25 UTC,58,71,3.8,0.66,32.9,53.5,Caution
2026-04-28 10:32:35 UTC,52,66,3.9,0.68,32.9,53.6,Caution
2026-04-28 10:32:45 UTC,45,57,3.89,0.68,32.9,53.4,Safe
2026-04-28 10:32:55 UTC,40,49,3.86,0.67,32.9,53,Safe
2026-04-28 10:33:05 UTC,35,42,3.9,0.68,32.8,52.9,Safe
2026-04-28 10:33:15 UTC,30,36,3.81,0.67,32.8,53.1,Safe
2026-04-28 10:33:25 UTC,24,29,3.86,0.67,32.8,53.1,Safe
2026-04-28 10:33:35 UTC,20,23,3.83,0.66,32.7,52.9,Safe
2026-04-28 10:33:45 UTC,18,19,3.88,0.67,32.6,52.8,Safe
2026-04-28 10:33:55 UTC,16,16,3.79,0.66,32.6,53.1,Safe
2026-04-28 10:34:05 UTC,13,16,3.89,0.67,32.6,53.5,Safe
2026-04-28 10:34:15 UTC,9,14,3.84,0.67,32.6,53.9,Safe
2026-04-28 10:34:25 UTC,8,12,3.86,0.67,32.6,54,Safe
2026-04-28 10:34:35 UTC,8,9,3.79,0.66,32.6,54,Safe
2026-04-28 10:34:45 UTC,7,8,3.83,0.66,32.6,53.8,Safe
2026-04-28 10:34:55 UTC,7,7,3.92,0.68,32.6,53.6,Safe
2026-04-28 10:35:05 UTC,8,8,3.84,0.67,32.6,53.6,Safe
2026-04-28 10:35:15 UTC,9,10,3.9,0.67,32.6,53.5,Safe
2026-04-28 10:35:25 UTC,8,9,3.83,0.66,32.6,53.4,Safe
2026-04-28 10:35:35 UTC,8,11,3.9,0.68,32.6,53.5,Safe
2026-04-28 10:35:45 UTC,8,11,3.78,0.66,32.7,53.6,Safe
2026-04-28 10:35:55 UTC,10,11,3.9,0.68,32.7,53.5,Safe
2026-04-28 10:36:05 UTC,10,11,3.84,0.67,32.7,54.2,Safe
2026-04-28 10:36:15 UTC,10,13,3.88,0.67,32.7,54.4,Safe
2026-04-28 10:36:25 UTC,8,13,3.88,0.67,32.7,54.1,Safe
2026-04-28 10:36:35 UTC,10,13,3.84,0.66,32.7,54,Safe
2026-04-28 10:36:45 UTC,8,11,3.93,0.68,32.7,54,Safe
2026-04-28 10:36:55 UTC,6,8,3.83,0.67,32.8,53.9,Safe
2026-04-28 10:37:05 UTC,6,7,3.91,0.68,32.8,53.9,Safe
2026-04-28 10:37:15 UTC,5,7,3.83,0.67,32.8,53.8,Safe
2026-04-28 10:37:25 UTC,5,6,3.9,0.68,32.8,53.6,Safe
2026-04-28 10:37:35 UTC,5,6,3.83,0.66,32.8,53.6,Safe
2026-04-28 10:37:45 UTC,6,6,3.88,0.67,32.8,53.7,Safe
2026-04-28 10:37:55 UTC,7,7,3.91,0.68,32.9,53.6,Safe
2026-04-28 10:38:05 UTC,6,6,3.9,0.68,32.9,53.8,Safe
2026-04-28 10:38:15 UTC,6,6,3.9,0.68,32.9,53.7,Safe
2026-04-28 10:38:25 UTC,7,7,3.84,0.67,32.9,53.5,Safe
2026-04-28 10:38:35 UTC,5,6,3.9,0.68,32.9,53.2,Safe
2026-04-28 10:38:45 UTC,6,7,3.83,0.67,32.9,53.2,Safe
2026-04-28 10:38:55 UTC,8,9,3.89,0.68,33,53.1,Safe
2026-04-28 10:39:05 UTC,8,9,3.83,0.67,33,52.8,Safe
2026-04-28 10:39:15 UTC,6,7,3.9,0.68,33,52.6,Safe
2026-04-28 10:39:25 UTC,5,5,3.83,0.66,33,52.3,Safe
2026-04-28 10:39:35 UTC,4,4,3.93,0.68,33.1,52.4,Safe
2026-04-28 10:39:45 UTC,5,6,3.83,0.67,33,52.5,Safe
2026-04-28 10:39:55 UTC,6,6,3.9,0.68,33,52.5,Safe
2026-04-28 10:40:05 UTC,8,8,3.92,0.68,33,52.7,Safe
2026-04-28 10:40:15 UTC,8,10,3.84,0.67,33,52.6,Safe
2026-04-28 10:40:25 UTC,8,9,3.89,0.68,33,52.3,Safe
2026-04-28 10:40:35 UTC,9,10,3.84,0.67,33,52.5,Safe
2026-04-28 10:40:45 UTC,8,9,3.89,0.67,33,52.7,Safe
2026-04-28 10:40:55 UTC,9,9,3.82,0.67,33,52.8,Safe
2026-04-28 10:41:05 UTC,9,9,3.92,0.68,33,53.3,Safe
2026-04-28 10:41:15 UTC,7,7,3.83,0.67,33,53.6,Safe
2026-04-28 10:41:25 UTC,7,7,3.88,0.67,33,53.7,Safe
2026-04-28 10:41:35 UTC,7,9,3.92,0.68,33,53.9,Safe
2026-04-28 10:41:45 UTC,7,10,3.82,0.66,33,53.4,Safe
2026-04-28 10:41:55 UTC,6,7,3.93,0.68,33,52.7,Safe
2026-04-28 10:42:05 UTC,5,7,3.82,0.66,33,52.8,Safe
2026-04-28 10:42:15 UTC,6,9,3.93,0.68,33,53,Safe
2026-04-28 10:42:25 UTC,7,8,3.84,0.67,33,53.2,Safe
2026-04-28 10:42:35 UTC,5,6,3.89,0.67,32.9,53.1,Safe
2026-04-28 10:42:45 UTC,4,5,3.84,0.67,33,52.5,Safe
2026-04-28 10:42:55 UTC,5,5,3.89,0.68,33,52.5,Safe
2026-04-28 10:43:05 UTC,4,4,3.92,0.68,33,52.6,Safe
2026-04-28 10:43:15 UTC,3,3,3.92,0.68,33,52.6,Safe
2026-04-28 10:43:25 UTC,3,4,3.84,0.67,33,52.6,Safe
2026-04-28 10:43:35 UTC,3,4,3.84,0.67,33,52.8,Safe
2026-04-28 10:43:45 UTC,4,6,3.91,0.68,33,52.8,Safe
2026-04-28 10:43:55 UTC,4,4,3.84,0.67,33,52.6,Safe
2026-04-28 10:44:05 UTC,4,5,3.91,0.68,33,52.5,Safe
2026-04-28 10:44:15 UTC,5,5,3.84,0.67,33,52.7,Safe
2026-04-28 10:44:25 UTC,4,5,3.91,0.67,33,52.5,Safe
2026-04-28 10:44:35 UTC,3,4,3.82,0.67,33,52.5,Safe
2026-04-28 10:44:45 UTC,3,4,3.9,0.68,33,52.5,Safe
2026-04-28 10:44:55 UTC,3,4,3.82,0.66,33,52.7,Safe
2026-04-28 10:45:05 UTC,3,4,3.91,0.68,33,52.6,Safe
2026-04-28 10:45:15 UTC,3,4,3.89,0.67,32.9,52.8,Safe
2026-04-28 10:45:25 UTC,4,5,3.82,0.66,32.9,52.5,Safe
2026-04-28 10:45:35 UTC,3,3,3.86,0.67,32.9,52.2,Safe
2026-04-28 10:45:45 UTC,3,4,3.8,0.66,32.9,52.1,Safe
2026-04-28 10:45:55 UTC,4,4,3.91,0.67,32.9,52.5,Safe
2026-04-28 10:46:05 UTC,4,5,3.84,0.66,32.9,52.8,Safe
2026-04-28 10:46:15 UTC,5,6,3.91,0.68,32.9,52.9,Safe
2026-04-28 10:46:25 UTC,4,7,3.81,0.66,32.9,53.1,Safe
2026-04-28 10:46:35 UTC,3,5,3.87,0.67,32.9,53.1,Safe
2026-04-28 10:46:45 UTC,3,4,3.87,0.67,32.9,53.1,Safe
2026-04-28 10:46:55 UTC,3,5,3.83,0.67,32.9,52.9,Safe
2026-04-28 10:47:05 UTC,3,4,3.9,0.68,32.9,52.9,Safe
2026-04-28 10:47:15 UTC,4,5,3.84,0.67,32.9,52.9,Safe
2026-04-28 10:47:25 UTC,4,5,3.91,0.67,32.9,52.9,Safe
2026-04-28 10:47:35 UTC,4,5,3.84,0.66,32.9,53.1,Safe
2026-04-28 10:47:45 UTC,6,7,3.9,0.68,32.9,53.3,Safe
2026-04-28 10:47:55 UTC,6,7,3.83,0.67,32.9,53,Safe
2026-04-28 10:48:05 UTC,9,13,3.88,0.67,32.9,52.8,Safe
2026-04-28 10:48:15 UTC,17,23,3.8,0.66,32.9,53.1,Safe
2026-04-28 10:48:25 UTC,20,25,3.9,0.68,32.9,53.4,Safe
2026-04-28 10:48:35 UTC,21,27,3.81,0.66,32.8,53.6,Safe
2026-04-28 10:48:45 UTC,21,26,3.79,0.66,32.8,53.7,Safe
2026-04-28 10:48:55 UTC,20,24,3.89,0.68,32.8,53.8,Safe
2026-04-28 10:49:05 UTC,21,25,3.83,0.66,32.7,54,Safe
2026-04-28 10:49:15 UTC,20,24,3.91,0.68,32.7,54.1,Safe
2026-04-28 10:49:25 UTC,20,24,3.82,0.66,32.7,54.3,Safe
2026-04-28 10:49:35 UTC,20,22,3.88,0.67,32.6,54.3,Safe
2026-04-28 10:49:45 UTC,21,25,3.82,0.66,32.6,54.5,Safe
2026-04-28 10:49:55 UTC,21,25,3.89,0.68,32.6,54.8,Safe
2026-04-28 10:50:05 UTC,22,26,3.83,0.66,32.6,54.9,Safe
2026-04-28 10:50:15 UTC,23,26,3.92,0.68,32.5,55.1,Safe
2026-04-28 10:50:25 UTC,23,27,3.89,0.67,32.4,55.6,Safe
2026-04-28 10:50:35 UTC,23,26,3.83,0.67,32.4,55.9,Safe
2026-04-28 10:50:45 UTC,23,26,3.88,0.67,32.3,56,Safe
2026-04-28 10:50:55 UTC,22,25,3.8,0.66,32.3,56,Safe
2026-04-28 10:51:05 UTC,23,28,3.91,0.67,32.4,56.2,Safe
2026-04-28 10:51:15 UTC,25,29,3.83,0.67,32.4,56.2,Safe
2026-04-28 10:51:25 UTC,26,27,3.9,0.68,32.4,56.3,Safe
2026-04-28 10:51:35 UTC,25,28,3.82,0.66,32.3,56.7,Safe
2026-04-28 10:51:45 UTC,27,30,3.9,0.68,32.3,56.7,Safe
2026-04-28 10:51:55 UTC,31,35,3.91,0.68,32.3,57.2,Safe
2026-04-28 10:52:05 UTC,30,32,3.92,0.68,32.2,57.1,Safe
2026-04-28 10:52:15 UTC,30,32,3.88,0.67,32.2,57,Safe
2026-04-28 10:52:25 UTC,30,35,3.84,0.66,32.2,57.2,Safe
2026-04-28 10:52:35 UTC,30,33,3.92,0.68,32.2,57.7,Safe
2026-04-28 10:52:45 UTC,30,36,3.81,0.66,32.2,58.1,Safe
2026-04-28 10:52:55 UTC,32,38,3.92,0.68,32.1,57.9,Safe
2026-04-28 10:53:05 UTC,32,37,3.83,0.66,32.1,58,Safe
2026-04-28 10:53:15 UTC,35,40,3.9,0.68,32.2,58.1,Safe
2026-04-28 10:53:25 UTC,36,39,3.83,0.67,32.2,57.9,Safe
2026-04-28 10:53:35 UTC,36,39,3.9,0.68,32.2,57.8,Safe
2026-04-28 10:53:45 UTC,34,38,3.83,0.67,32.2,57.8,Safe
2026-04-28 10:53:55 UTC,34,39,3.91,0.68,32.1,57.9,Safe
2026-04-28 10:54:05 UTC,37,45,3.91,0.68,32.1,58.2,Safe
2026-04-28 10:54:15 UTC,38,45,3.81,0.67,32.2,58.3,Safe
2026-04-28 10:54:25 UTC,36,46,3.89,0.67,32.2,58.7,Safe
2026-04-28 10:54:35 UTC,36,43,3.84,0.67,32.2,58.8,Safe
2026-04-28 10:54:45 UTC,37,44,3.91,0.68,32.2,59,Safe
2026-04-28 10:54:55 UTC,36,44,3.83,0.67,32.3,59.2,Safe
2026-04-28 10:55:05 UTC,38,45,3.9,0.68,32.2,58.8,Safe
2026-04-28 10:55:15 UTC,35,41,3.84,0.67,32.2,59.2,Safe
2026-04-28 10:55:25 UTC,35,42,3.91,0.68,32.2,58.7,Safe
2026-04-28 10:55:35 UTC,33,41,3.91,0.68,32.2,58.7,Safe
2026-04-28 10:55:45 UTC,34,41,3.81,0.66,32.2,59,Safe
2026-04-28 10:55:55 UTC,32,39,3.91,0.68,32.2,59.3,Safe
2026-04-28 10:56:05 UTC,32,39,3.83,0.67,32.2,59.6,Safe
2026-04-28 10:56:15 UTC,34,43,3.9,0.67,32.2,59.6,Safe
2026-04-28 10:56:25 UTC,33,41,3.82,0.67,32.2,59.1,Safe
2026-04-28 10:56:35 UTC,32,42,3.9,0.68,32.1,58.9,Safe
2026-04-28 10:56:45 UTC,33,41,3.81,0.67,32,59.3,Safe
2026-04-28 10:56:55 UTC,35,42,3.89,0.67,32,59.9,Safe
2026-04-28 10:57:05 UTC,35,43,3.91,0.68,32,60,Safe
2026-04-28 10:57:15 UTC,35,45,3.9,0.67,32,59.6,Safe
2026-04-28 10:57:25 UTC,33,44,3.83,0.67,32.1,59.4,Safe
2026-04-28 10:57:35 UTC,34,41,3.83,0.67,32.1,59.1,Safe
2026-04-28 10:57:45 UTC,33,40,3.9,0.68,32.1,59.1,Safe
2026-04-28 10:57:55 UTC,33,39,3.84,0.67,32.1,58.9,Safe
2026-04-28 10:58:05 UTC,33,42,3.93,0.68,32.1,58.8,Safe
2026-04-28 10:58:15 UTC,35,45,3.83,0.67,32.2,58.9,Safe
2026-04-28 10:58:25 UTC,35,43,3.91,0.68,32.2,58.9,Safe
2026-04-28 10:58:35 UTC,35,43,3.83,0.66,32.3,58.8,Safe
2026-04-28 10:58:45 UTC,35,42,3.91,0.67,32.3,58.6,Safe
2026-04-28 10:58:55 UTC,35,41,3.8,0.66,32.3,58,Safe
2026-04-28 10:59:05 UTC,34,40,3.9,0.67,32.3,57.8,Safe
2026-04-28 10:59:15 UTC,35,41,3.89,0.68,32.3,57.7,Safe
2026-04-28 10:59:25 UTC,36,41,3.83,0.66,32.3,57.5,Safe
2026-04-28 10:59:35 UTC,37,43,3.9,0.68,32.4,57.5,Safe
2026-04-28 10:59:45 UTC,36,43,3.83,0.67,32.4,57.4,Safe
2026-04-28 10:59:55 UTC,34,41,3.9,0.68,32.4,57.4,Safe
2026-04-28 11:00:05 UTC,36,43,3.84,0.66,32.4,57.4,Safe
2026-04-28 11:00:15 UTC,36,42,3.89,0.67,32.4,57.6,Safe
2026-04-28 11:00:25 UTC,36,41,3.83,0.67,32.4,57.6,Safe
2026-04-28 11:00:35 UTC,35,41,3.86,0.67,32.4,57.5,Safe
2026-04-28 11:00:45 UTC,35,42,3.9,0.68,32.4,57.3,Safe
2026-04-28 11:00:55 UTC,34,41,3.84,0.67,32.4,57.2,Safe
2026-04-28 11:01:05 UTC,33,43,3.9,0.68,32.4,57.3,Safe
2026-04-28 11:01:15 UTC,36,45,3.82,0.67,32.4,57.5,Safe
2026-04-28 11:01:25 UTC,35,44,3.88,0.67,32.4,57.3,Safe
2026-04-28 11:01:35 UTC,35,41,3.81,0.66,32.4,57.3,Safe
2026-04-28 11:01:45 UTC,34,42,3.9,0.68,32.4,57.4,Safe
2026-04-28 11:01:55 UTC,33,40,3.81,0.66,32.4,57.4,Safe
2026-04-28 11:02:05 UTC,35,43,3.91,0.68,32.4,57.4,Safe
2026-04-28 11:02:15 UTC,33,39,3.89,0.67,32.4,57.3,Safe
2026-04-28 11:02:25 UTC,32,38,3.92,0.68,32.4,57.3,Safe
2026-04-28 11:02:35 UTC,32,41,3.9,0.68,32.3,57.5,Safe
2026-04-28 11:02:45 UTC,33,44,3.79,0.66,32.3,57.7,Safe
2026-04-28 11:02:55 UTC,33,41,3.92,0.68,32.3,57.8,Safe
2026-04-28 11:03:05 UTC,34,41,3.84,0.67,32.3,57.8,Safe
2026-04-28 11:03:15 UTC,33,42,3.89,0.67,32.3,57.8,Safe
2026-04-28 11:03:25 UTC,33,40,3.81,0.66,32.3,57.5,Safe
2026-04-28 11:03:35 UTC,33,39,3.92,0.67,32.3,57.6,Safe
2026-04-28 11:03:45 UTC,33,39,3.84,0.66,32.4,57.7,Safe
2026-04-28 11:03:55 UTC,34,38,3.91,0.68,32.4,57.8,Safe
2026-04-28 11:04:05 UTC,36,41,3.84,0.67,32.4,57.6,Safe
2026-04-28 11:04:15 UTC,35,42,3.87,0.67,32.4,57.8,Safe
2026-04-28 11:04:25 UTC,33,42,3.9,0.68,32.4,57.9,Safe
2026-04-28 11:04:35 UTC,32,38,3.83,0.67,32.4,57.9,Safe
2026-04-28 11:04:45 UTC,33,39,3.92,0.68,32.4,57.7,Safe
2026-04-28 11:04:55 UTC,32,42,3.84,0.67,32.4,57.6,Safe
2026-04-28 11:05:05 UTC,33,41,3.9,0.67,32.5,57.5,Safe
2026-04-28 11:05:15 UTC,33,40,3.82,0.67,32.4,57.3,Safe
2026-04-28 11:05:25 UTC,33,39,3.87,0.67,32.4,57.4,Safe
2026-04-28 11:05:35 UTC,32,39,3.83,0.66,32.4,57.7,Safe
2026-04-28 11:05:45 UTC,32,38,3.9,0.67,32.4,57.7,Safe
2026-04-28 11:05:55 UTC,33,38,3.92,0.67,32.4,57.5,Safe
2026-04-28 11:06:05 UTC,32,38,3.84,0.66,32.4,57.5,Safe
2026-04-28 11:06:15 UTC,32,36,3.85,0.67,32.4,57.5,Safe
2026-04-28 11:06:25 UTC,33,38,3.84,0.66,32.4,57.3,Safe
2026-04-28 11:06:35 UTC,33,39,3.92,0.68,32.3,57.4,Safe
2026-04-28 11:06:45 UTC,33,40,3.83,0.67,32.3,57.5,Safe
2026-04-28 11:06:55 UTC,31,38,3.91,0.68,32.3,57.5,Safe
2026-04-28 11:07:05 UTC,31,35,3.82,0.66,32.3,57.7,Safe
2026-04-28 11:07:15 UTC,28,32,3.91,0.67,32.3,57.8,Safe
2026-04-28 11:07:25 UTC,28,32,3.91,0.68,32.3,57.7,Safe
2026-04-28 11:07:35 UTC,30,34,3.88,0.67,32.3,57.7,Safe
2026-04-28 11:07:45 UTC,30,33,3.89,0.67,32.3,57.8,Safe
2026-04-28 11:07:55 UTC,31,35,3.84,0.66,32.4,57.7,Safe
2026-04-28 11:08:05 UTC,30,33,3.9,0.68,32.4,57.8,Safe
2026-04-28 11:08:15 UTC,30,35,3.8,0.66,32.4,57.7,Safe
2026-04-28 11:08:25 UTC,30,33,3.9,0.68,32.4,57.9,Safe
2026-04-28 11:08:35 UTC,30,33,3.83,0.66,32.4,57.8,Safe
2026-04-28 11:08:45 UTC,30,34,3.92,0.68,32.4,57.7,Safe
2026-04-28 11:08:55 UTC,30,34,3.81,0.66,32.5,57.6,Safe
2026-04-28 11:09:05 UTC,30,35,3.92,0.68,32.5,57.6,Safe
2026-04-28 11:09:15 UTC,33,35,3.84,0.67,32.5,57.7,Safe
2026-04-28 11:09:25 UTC,31,34,3.82,0.67,32.5,57.5,Safe
2026-04-28 11:09:35 UTC,31,35,3.88,0.67,32.5,57.5,Safe
2026-04-28 11:09:45 UTC,31,35,3.84,0.67,32.4,57.4,Safe
2026-04-28 11:09:55 UTC,30,32,3.91,0.68,32.5,57.8,Safe
2026-04-28 11:10:05 UTC,30,33,3.8,0.66,32.5,57.8,Safe
2026-04-28 11:10:15 UTC,30,35,3.9,0.67,32.5,57.8,Safe
2026-04-28 11:10:25 UTC,30,34,3.84,0.67,32.5,58,Safe
2026-04-28 11:10:35 UTC,30,35,3.88,0.67,32.6,57.9,Safe
2026-04-28 11:10:45 UTC,30,35,3.81,0.66,32.6,57.7,Safe
2026-04-28 11:10:55 UTC,29,36,3.9,0.68,32.6,57.5,Safe
2026-04-28 11:11:05 UTC,29,34,3.9,0.68,32.6,57.4,Safe
2026-04-28 11:11:15 UTC,29,34,3.84,0.66,32.6,57.5,Safe
2026-04-28 11:11:25 UTC,30,34,3.89,0.68,32.7,57.4,Safe
2026-04-28 11:11:35 UTC,30,34,3.84,0.67,32.7,57.4,Safe
2026-04-28 11:11:45 UTC,30,34,3.89,0.67,32.6,57.5,Safe
2026-04-28 11:11:55 UTC,30,35,3.8,0.66,32.7,57.6,Safe
2026-04-28 11:12:05 UTC,30,35,3.91,0.67,32.7,57.6,Safe
2026-04-28 11:12:15 UTC,29,33,3.84,0.66,32.7,57.5,Safe
2026-04-28 11:12:25 UTC,29,33,3.89,0.67,32.7,57.4,Safe
2026-04-28 11:12:35 UTC,30,34,3.89,0.67,32.7,57.2,Safe
2026-04-28 11:12:45 UTC,30,35,3.9,0.68,32.7,57,Safe
2026-04-28 11:12:55 UTC,30,35,3.86,0.67,32.7,57,Safe
2026-04-28 11:13:05 UTC,30,38,3.84,0.67,32.6,57,Safe
2026-04-28 11:13:15 UTC,30,36,3.87,0.67,32.6,57.2,Safe
2026-04-28 11:13:25 UTC,29,33,3.84,0.67,32.5,57.3,Safe
2026-04-28 11:13:35 UTC,27,30,3.9,0.68,32.5,57.1,Safe
2026-04-28 11:13:45 UTC,28,29,3.8,0.66,32.5,57,Safe
2026-04-28 11:13:55 UTC,30,32,3.9,0.68,32.5,57.1,Safe
2026-04-28 11:14:05 UTC,31,35,3.82,0.67,32.5,57.1,Safe
2026-04-28 11:14:15 UTC,31,38,3.9,0.68,32.5,56.9,Safe
2026-04-28 11:14:25 UTC,30,36,3.83,0.67,32.4,56.9,Safe
2026-04-28 11:14:35 UTC,30,37,3.88,0.67,32.4,57.7,Safe
2026-04-28 11:14:45 UTC,30,37,3.9,0.68,32.4,58.6,Safe
2026-04-28 11:14:55 UTC,31,37,3.84,0.67,32.4,57.7,Safe
2026-04-28 11:15:05 UTC,32,36,3.91,0.68,32.3,57.3,Safe
2026-04-28 11:15:15 UTC,31,35,3.83,0.67,32.3,57.3,Safe
2026-04-28 11:15:25 UTC,30,33,3.88,0.67,32.2,57.4,Safe
2026-04-28 11:15:35 UTC,29,32,3.83,0.66,32.2,57.5,Safe
2026-04-28 11:15:45 UTC,30,33,3.92,0.68,32.2,57.5,Safe
2026-04-28 11:15:55 UTC,30,32,3.83,0.67,32.1,57.4,Safe
2026-04-28 11:16:05 UTC,30,32,3.86,0.67,32.1,57.4,Safe
2026-04-28 11:16:15 UTC,31,33,3.88,0.68,32,57.4,Safe
2026-04-28 11:16:25 UTC,30,32,3.84,0.67,32,57.4,Safe
2026-04-28 11:16:35 UTC,30,31,3.9,0.68,31.9,57.5,Safe
2026-04-28 11:16:45 UTC,29,30,3.83,0.66,32,57.6,Safe
2026-04-28 11:16:55 UTC,28,30,3.89,0.67,32,57.5,Safe
2026-04-28 11:17:05 UTC,28,29,3.82,0.67,32,57.2,Safe
2026-04-28 11:17:15 UTC,28,30,3.9,0.68,31.9,57.2,Safe
2026-04-28 11:17:25 UTC,28,30,3.83,0.67,31.9,57.2,Safe
2026-04-28 11:17:35 UTC,28,28,3.9,0.68,32,57.3,Safe
2026-04-28 11:17:45 UTC,30,32,3.9,0.68,31.9,57.4,Safe
2026-04-28 11:17:55 UTC,31,34,3.92,0.68,32,57.6,Safe
2026-04-28 11:18:05 UTC,30,34,3.84,0.67,31.9,57.4,Safe
2026-04-28 11:18:15 UTC,30,35,3.84,0.67,31.8,57.5,Safe
2026-04-28 11:18:25 UTC,32,36,3.87,0.67,31.8,57.8,Safe
2026-04-28 11:18:35 UTC,31,35,3.8,0.66,31.9,57.6,Safe
2026-04-28 11:18:45 UTC,31,36,3.9,0.67,31.8,57.4,Safe
2026-04-28 11:18:55 UTC,30,33,3.81,0.67,31.8,57.3,Safe
2026-04-28 11:19:05 UTC,28,33,3.92,0.68,31.8,57.5,Safe
2026-04-28 11:19:15 UTC,27,31,3.82,0.67,31.8,57.5,Safe
2026-04-28 11:19:25 UTC,28,32,3.91,0.67,31.9,57.7,Safe
2026-04-28 11:19:35 UTC,28,32,3.83,0.66,31.8,58,Safe
2026-04-28 11:19:45 UTC,27,29,3.92,0.68,31.9,58.3,Safe
2026-04-28 11:19:55 UTC,27,31,3.92,0.68,31.9,58.2,Safe
2026-04-28 11:20:05 UTC,28,31,3.83,0.66,31.9,57.9,Safe
2026-04-28 11:20:15 UTC,30,30,3.9,0.68,32,57.7,Safe
2026-04-28 11:20:25 UTC,31,33,3.84,0.67,32,57.5,Safe
2026-04-28 11:20:35 UTC,29,31,3.9,0.68,32,57.3,Safe
2026-04-28 11:20:45 UTC,29,32,3.8,0.66,32,57,Safe
2026-04-28 11:20:55 UTC,30,33,3.92,0.68,32,57.1,Safe
2026-04-28 11:21:05 UTC,30,32,3.82,0.67,32,57.1,Safe
2026-04-28 11:21:15 UTC,31,33,3.92,0.68,31.9,57.2,Safe
2026-04-28 11:21:25 UTC,32,36,3.9,0.68,32,57.3,Safe
2026-04-28 11:21:35 UTC,33,37,3.84,0.67,31.9,57.4,Safe
2026-04-28 11:21:45 UTC,34,39,3.92,0.68,32,58.2,Safe
2026-04-28 11:21:55 UTC,32,35,3.82,0.67,32,57.9,Safe
2026-04-28 11:22:05 UTC,30,35,3.9,0.68,32,58.2,Safe
2026-04-28 11:22:15 UTC,30,34,3.84,0.67,32,58.3,Safe
2026-04-28 11:22:25 UTC,30,32,3.87,0.67,32,58.1,Safe
2026-04-28 11:22:35 UTC,31,34,3.84,0.67,32,58,Safe
2026-04-28 11:22:45 UTC,30,32,3.91,0.68,32.1,58.2,Safe
2026-04-28 11:22:55 UTC,29,30,3.92,0.68,32.1,57.9,Safe
2026-04-28 11:23:05 UTC,28,29,3.9,0.68,32.1,57.7,Safe
2026-04-28 11:23:15 UTC,29,31,3.84,0.67,32.2,57.5,Safe
2026-04-28 11:23:25 UTC,29,30,3.84,0.67,32.2,57.4,Safe
2026-04-28 11:23:35 UTC,30,32,3.93,0.68,32.2,57.4,Safe
2026-04-28 11:23:45 UTC,28,30,3.84,0.67,32.3,57.8,Safe
2026-04-28 11:23:55 UTC,30,37,3.9,0.68,32.3,59.4,Safe
2026-04-28 11:24:05 UTC,31,38,3.83,0.67,32.3,60.6,Safe
2026-04-28 11:24:15 UTC,30,35,3.92,0.68,32.3,60.2,Safe
2026-04-28 11:24:25 UTC,30,33,3.82,0.66,32.4,59.4,Safe
2026-04-28 11:24:35 UTC,30,32,3.93,0.68,32.4,59.1,Safe
2026-04-28 11:24:45 UTC,30,33,3.84,0.67,32.5,58.6,Safe
2026-04-28 11:24:55 UTC,30,34,3.92,0.68,32.5,58,Safe
2026-04-28 11:25:05 UTC,29,33,3.93,0.68,32.5,57.6,Safe
2026-04-28 11:25:15 UTC,30,32,3.84,0.67,32.5,57.6,Safe
2026-04-28 11:25:25 UTC,30,33,3.9,0.68,32.5,57.4,Safe
2026-04-28 11:25:35 UTC,30,31,3.82,0.67,32.6,57.3,Safe
2026-04-28 11:25:45 UTC,30,32,3.92,0.68,32.6,57.1,Safe
2026-04-28 11:25:55 UTC,29,32,3.85,0.67,32.6,57,Safe
2026-04-28 11:26:05 UTC,29,32,3.92,0.68,32.6,56.9,Safe
2026-04-28 11:26:15 UTC,29,33,3.84,0.67,32.6,56.9,Safe
2026-04-28 11:26:25 UTC,28,31,3.93,0.68,32.7,56.8,Safe
2026-04-28 11:26:35 UTC,27,31,3.91,0.68,32.7,57,Safe
2026-04-28 11:26:45 UTC,26,29,3.9,0.68,32.7,56.6,Safe
2026-04-28 11:26:55 UTC,26,31,3.9,0.68,32.6,56.7,Safe
2026-04-28 11:27:05 UTC,26,29,3.84,0.67,32.6,56.8,Safe
2026-04-28 11:27:15 UTC,26,29,3.9,0.68,32.6,56.8,Safe
2026-04-28 11:27:25 UTC,27,28,3.83,0.67,32.6,56.9,Safe
2026-04-28 11:27:35 UTC,28,30,3.9,0.68,32.6,56.6,Safe
2026-04-28 11:27:45 UTC,28,30,3.84,0.67,32.6,56.5,Safe
2026-04-28 11:27:55 UTC,29,30,3.93,0.68,32.7,56.6,Safe
2026-04-28 11:28:05 UTC,28,30,3.84,0.67,32.7,56.5,Safe
2026-04-28 11:28:15 UTC,26,29,3.91,0.68,32.7,56.5,Safe
2026-04-28 11:28:25 UTC,25,29,3.79,0.66,32.8,56.8,Safe
2026-04-28 11:28:35 UTC,28,33,3.85,0.67,32.8,56.8,Safe
2026-04-28 11:28:45 UTC,29,32,3.92,0.68,32.8,57.2,Safe
2026-04-28 11:28:55 UTC,28,30,3.84,0.67,32.9,57.5,Safe
2026-04-28 11:29:05 UTC,28,31,3.9,0.68,32.9,58.1,Safe
2026-04-28 11:29:15 UTC,30,33,3.84,0.67,32.9,57.5,Safe
2026-04-28 11:29:25 UTC,31,33,3.91,0.68,32.9,57.7,Safe
2026-04-28 11:29:35 UTC,29,31,3.84,0.67,33,57.5,Safe
2026-04-28 11:29:45 UTC,28,31,3.93,0.68,33,57,Safe
2026-04-28 11:29:55 UTC,27,30,3.84,0.67,33,56.6,Safe
2026-04-28 11:30:05 UTC,27,31,3.9,0.68,33.1,56.5,Safe
2026-04-28 11:30:15 UTC,26,30,3.88,0.67,33.1,56.2,Safe
2026-04-28 11:30:25 UTC,26,29,3.83,0.66,33.1,55.7,Safe
2026-04-28 11:30:35 UTC,25,28,3.92,0.68,33.1,55.7,Safe
2026-04-28 11:30:45 UTC,25,29,3.82,0.66,33.1,55.7,Safe
2026-04-28 11:30:55 UTC,24,28,3.91,0.68,33.1,55.7,Safe
2026-04-28 11:31:05 UTC,24,28,3.84,0.67,33.1,55.9,Safe
2026-04-28 11:31:15 UTC,24,26,3.92,0.68,33.1,55.6,Safe
2026-04-28 11:31:25 UTC,22,25,3.82,0.67,33.1,55.2,Safe
2026-04-28 11:31:35 UTC,22,26,3.92,0.68,33.1,55.1,Safe
2026-04-28 11:31:45 UTC,24,26,3.92,0.68,33.1,55.1,Safe
2026-04-28 11:31:55 UTC,26,27,3.9,0.68,33.1,54.9,Safe
2026-04-28 11:32:05 UTC,28,30,3.9,0.68,33,54.8,Safe
2026-04-28 11:32:15 UTC,26,29,3.84,0.67,33.1,55,Safe
2026-04-28 11:32:25 UTC,26,30,3.9,0.68,33.1,55.1,Safe
2026-04-28 11:32:35 UTC,26,30,3.82,0.66,33.1,55.2,Safe
2026-04-28 11:32:45 UTC,25,29,3.89,0.67,33.1,55.2,Safe
2026-04-28 11:32:55 UTC,25,29,3.84,0.67,33.1,55.3,Safe
2026-04-28 11:33:05 UTC,26,30,3.9,0.68,33.1,55.1,Safe
2026-04-28 11:33:15 UTC,27,30,3.84,0.67,33.1,55.1,Safe
2026-04-28 11:33:25 UTC,30,31,3.88,0.67,33.1,54.8,Safe
2026-04-28 11:33:35 UTC,28,30,3.82,0.67,33.1,54.7,Safe
2026-04-28 11:33:45 UTC,28,31,3.91,0.68,33.2,54.8,Safe
2026-04-28 11:33:55 UTC,29,31,3.91,0.68,33.2,55,Safe
2026-04-28 11:34:05 UTC,30,30,3.84,0.67,33.2,55.1,Safe
2026-04-28 11:34:15 UTC,30,33,3.88,0.67,33.2,55,Safe
2026-04-28 11:34:25 UTC,28,35,3.84,0.67,33.2,55,Safe
2026-04-28 11:34:35 UTC,28,32,3.91,0.68,33.3,54.6,Safe
2026-04-28 11:34:45 UTC,29,34,3.82,0.66,33.3,54.5,Safe
2026-04-28 11:34:55 UTC,29,32,3.92,0.68,33.3,54.5,Safe
2026-04-28 11:35:05 UTC,29,33,3.8,0.66,33.2,54.5,Safe
2026-04-28 11:35:15 UTC,28,32,3.92,0.68,33.2,54.6,Safe
2026-04-28 11:35:25 UTC,27,32,3.91,0.68,33.2,54.8,Safe
2026-04-28 11:35:35 UTC,28,34,3.84,0.67,33.2,55.1,Safe
2026-04-28 11:35:45 UTC,29,37,3.9,0.68,33.2,55.4,Safe
2026-04-28 11:35:55 UTC,30,37,3.84,0.67,33.3,55.4,Safe
2026-04-28 11:36:05 UTC,29,38,3.91,0.68,33.3,54.9,Safe
2026-04-28 11:36:15 UTC,29,34,3.81,0.66,33.2,54.7,Safe
2026-04-28 11:36:25 UTC,30,35,3.88,0.67,33.2,54.6,Safe
2026-04-28 11:36:35 UTC,32,40,3.81,0.66,33.3,54.5,Safe
2026-04-28 11:36:45 UTC,31,39,3.9,0.68,33.2,54.6,Safe
2026-04-28 11:36:55 UTC,30,34,3.88,0.67,33.2,54.7,Safe
2026-04-28 11:37:05 UTC,30,34,3.9,0.68,33.2,54.8,Safe
2026-04-28 11:37:15 UTC,30,37,3.84,0.67,33.2,55.2,Safe
2026-04-28 11:37:25 UTC,30,35,3.84,0.67,33.1,55.5,Safe
2026-04-28 11:37:35 UTC,30,34,3.9,0.67,33.2,55.7,Safe
2026-04-28 11:37:45 UTC,29,34,3.84,0.67,33.2,55.7,Safe
2026-04-28 11:37:55 UTC,29,34,3.9,0.68,33.2,55.6,Safe
2026-04-28 11:38:05 UTC,29,35,3.84,0.67,33.2,55.5,Safe
2026-04-28 11:38:15 UTC,29,33,3.91,0.68,33.2,55.2,Safe
2026-04-28 11:38:25 UTC,29,32,3.84,0.67,33.2,55,Safe
2026-04-28 11:38:35 UTC,28,36,3.9,0.68,33.2,55.1,Safe
2026-04-28 11:38:45 UTC,28,36,3.83,0.67,33.2,55.4,Safe
2026-04-28 11:38:55 UTC,29,35,3.91,0.68,33.2,55.2,Safe
2026-04-28 11:39:05 UTC,28,31,3.89,0.68,33.2,55.1,Safe
2026-04-28 11:39:15 UTC,29,32,3.85,0.66,33.2,55.2,Safe
2026-04-28 11:39:25 UTC,28,31,3.93,0.68,33.2,55.2,Safe
2026-04-28 11:39:35 UTC,27,33,3.84,0.67,33.2,55.3,Safe
2026-04-28 11:39:45 UTC,26,30,3.92,0.68,33.2,55.6,Safe
2026-04-28 11:39:55 UTC,28,33,3.84,0.67,33.2,55.8,Safe
2026-04-28 11:40:05 UTC,30,36,3.92,0.68,33.2,56,Safe
2026-04-28 11:40:15 UTC,30,36,3.84,0.66,33.2,55.8,Safe
2026-04-28 11:40:25 UTC,28,33,3.9,0.68,33.2,56.9,Safe
2026-04-28 11:40:35 UTC,28,31,3.9,0.68,33.1,57.5,Safe
2026-04-28 11:40:45 UTC,29,30,3.84,0.67,33.1,57.2,Safe
2026-04-28 11:40:55 UTC,29,30,3.9,0.68,33.1,56.7,Safe
2026-04-28 11:41:05 UTC,29,29,3.83,0.67,33.1,56.1,Safe
2026-04-28 11:41:15 UTC,27,28,3.91,0.68,33.1,56.1,Safe
2026-04-28 11:41:25 UTC,27,29,3.81,0.66,33.1,56,Safe
2026-04-28 11:41:35 UTC,26,28,3.91,0.68,33.1,55.4,Safe
2026-04-28 11:41:45 UTC,28,29,3.81,0.66,33.1,55.3,Safe
2026-04-28 11:41:55 UTC,29,32,3.91,0.68,33.1,55.2,Safe
2026-04-28 11:42:05 UTC,30,32,3.92,0.68,33.1,55.2,Safe
2026-04-28 11:42:15 UTC,29,31,3.92,0.68,33.1,55,Safe
2026-04-28 11:42:25 UTC,28,29,3.9,0.68,33,54.9,Safe
2026-04-28 11:42:35 UTC,27,28,3.83,0.67,32.9,55,Safe
2026-04-28 11:42:45 UTC,25,27,3.9,0.67,32.7,55,Safe
2026-04-28 11:42:55 UTC,25,29,3.82,0.67,32.6,55.4,Safe
2026-04-28 11:43:05 UTC,26,30,3.92,0.68,32.5,55.8,Safe
2026-04-28 11:43:15 UTC,26,29,3.81,0.66,32.4,56,Safe
2026-04-28 11:43:25 UTC,26,29,3.9,0.68,32.4,56.2,Safe
2026-04-28 11:43:35 UTC,26,28,3.83,0.67,32.4,56.1,Safe
2026-04-28 11:43:45 UTC,27,29,3.9,0.68,32.4,56.1,Safe
2026-04-28 11:43:55 UTC,27,29,3.84,0.67,32.4,56.1,Safe
2026-04-28 11:44:05 UTC,24,27,3.83,0.67,32.4,56.4,Safe
2026-04-28 11:44:15 UTC,25,27,3.9,0.68,32.4,56.6,Safe
2026-04-28 11:44:25 UTC,26,27,3.8,0.67,32.4,56.6,Safe
2026-04-28 11:44:35 UTC,26,27,3.92,0.68,32.4,56.6,Safe
2026-04-28 11:44:45 UTC,25,27,3.81,0.67,32.4,56.5,Safe
2026-04-28 11:44:55 UTC,25,27,3.88,0.67,32.4,56.7,Safe
2026-04-28 11:45:05 UTC,25,28,3.82,0.66,32.4,56.8,Safe
2026-04-28 11:45:15 UTC,24,27,3.9,0.68,32.4,56.6,Safe
2026-04-28 11:45:25 UTC,26,28,3.83,0.67,32.5,56.3,Safe
2026-04-28 11:45:35 UTC,26,28,3.9,0.68,32.5,56.1,Safe
2026-04-28 11:45:45 UTC,28,30,3.89,0.67,32.5,56,Safe
2026-04-28 11:45:55 UTC,27,28,3.84,0.66,32.5,55.9,Safe
2026-04-28 11:46:05 UTC,25,27,3.91,0.68,32.5,56.3,Safe
2026-04-28 11:46:15 UTC,25,27,3.81,0.67,32.4,56.1,Safe
2026-04-28 11:46:25 UTC,25,27,3.88,0.67,32.4,56.3,Safe
2026-04-28 11:46:35 UTC,25,27,3.82,0.67,32.3,56.3,Safe
2026-04-28 11:46:45 UTC,28,29,3.89,0.68,32.3,56.2,Safe
2026-04-28 11:46:55 UTC,27,28,3.79,0.66,32.2,56.2,Safe
2026-04-28 11:47:05 UTC,27,30,3.88,0.67,32.2,56.3,Safe
2026-04-28 11:47:15 UTC,25,28,3.88,0.67,32.1,56.7,Safe
2026-04-28 11:47:25 UTC,24,26,3.89,0.67,32.1,57,Safe
2026-04-28 11:47:35 UTC,26,26,3.9,0.68,32.1,57.1,Safe
2026-04-28 11:47:45 UTC,24,25,3.82,0.66,32.1,57.2,Safe
2026-04-28 11:47:55 UTC,24,25,3.92,0.67,32.1,57,Safe
2026-04-28 11:48:05 UTC,25,27,3.82,0.67,32.1,57,Safe
2026-04-28 11:48:15 UTC,24,28,3.9,0.68,32.1,56.9,Safe
2026-04-28 11:48:25 UTC,25,28,3.79,0.66,32.1,56.8,Safe
2026-04-28 11:48:35 UTC,27,30,3.92,0.68,32.1,56.7,Safe
2026-04-28 11:48:45 UTC,27,30,3.8,0.67,32.1,56.7,Safe
2026-04-28 11:48:55 UTC,27,30,3.9,0.68,32.1,56.7,Safe
2026-04-28 11:49:05 UTC,28,31,3.8,0.66,32.1,56.6,Safe
2026-04-28 11:49:15 UTC,29,31,3.89,0.68,32.1,56.4,Safe
2026-04-28 11:49:25 UTC,27,30,3.86,0.67,32.1,56.5,Safe
2026-04-28 11:49:35 UTC,26,27,3.84,0.67,32.1,56.4,Safe
2026-04-28 11:49:45 UTC,27,28,3.88,0.68,32,56.4,Safe
2026-04-28 11:49:55 UTC,27,28,3.82,0.67,32,56.4,Safe
2026-04-28 11:50:05 UTC,27,29,3.89,0.67,32,56.4,Safe
2026-04-28 11:50:15 UTC,26,29,3.82,0.67,32,56.4,Safe
2026-04-28 11:50:25 UTC,25,27,3.9,0.67,32,56.4,Safe
2026-04-28 11:50:35 UTC,25,26,3.81,0.66,32,56.4,Safe
2026-04-28 11:50:45 UTC,26,30,3.91,0.68,32,56.5,Safe
2026-04-28 11:50:55 UTC,27,31,3.89,0.67,32,56.6,Safe
2026-04-28 11:51:05 UTC,29,31,3.8,0.66,31.9,56.6,Safe
2026-04-28 11:51:15 UTC,25,27,3.89,0.68,31.9,56.6,Safe
2026-04-28 11:51:25 UTC,25,28,3.79,0.66,31.9,56.6,Safe
2026-04-28 11:51:35 UTC,25,26,3.9,0.68,31.9,56.6,Safe
2026-04-28 11:51:45 UTC,24,26,3.83,0.67,31.9,56.7,Safe
2026-04-28 11:51:55 UTC,24,27,3.9,0.68,31.9,56.8,Safe
2026-04-28 11:52:05 UTC,26,30,3.81,0.66,31.9,57.1,Safe
2026-04-28 11:52:15 UTC,23,27,3.87,0.67,31.9,57.2,Safe
2026-04-28 11:52:25 UTC,24,27,3.9,0.68,31.8,57.2,Safe
2026-04-28 11:52:35 UTC,25,28,3.89,0.68,31.8,57.2,Safe
2026-04-28 11:52:45 UTC,25,27,3.82,0.67,31.9,57.1,Safe
2026-04-28 11:52:55 UTC,24,26,3.81,0.66,31.9,57.1,Safe
2026-04-28 11:53:05 UTC,25,28,3.92,0.68,31.9,57.1,Safe
2026-04-28 11:53:15 UTC,26,28,3.84,0.67,31.9,57.1,Safe
2026-04-28 11:53:25 UTC,27,28,3.9,0.68,31.8,57.3,Safe
2026-04-28 11:53:35 UTC,25,26,3.83,0.66,31.8,57.5,Safe
2026-04-28 11:53:45 UTC,24,26,3.9,0.68,31.8,57.5,Safe
2026-04-28 11:53:55 UTC,24,26,3.84,0.67,31.8,57.6,Safe
2026-04-28 11:54:05 UTC,24,26,3.91,0.68,31.8,57.6,Safe
2026-04-28 11:54:15 UTC,24,26,3.79,0.66,31.7,57.8,Safe
2026-04-28 11:54:25 UTC,25,27,3.88,0.67,31.7,57.7,Safe
2026-04-28 11:54:35 UTC,25,27,3.89,0.68,31.7,57.8,Safe
2026-04-28 11:54:45 UTC,23,28,3.81,0.66,31.7,57.7,Safe
2026-04-28 11:54:55 UTC,23,30,3.89,0.68,31.7,57.7,Safe
2026-04-28 11:55:05 UTC,25,30,3.82,0.66,31.7,57.6,Safe
2026-04-28 11:55:15 UTC,24,26,3.9,0.67,31.7,57.3,Safe
2026-04-28 11:55:25 UTC,24,28,3.83,0.67,31.7,57.1,Safe
2026-04-28 11:55:35 UTC,24,27,3.89,0.67,31.7,57,Safe
2026-04-28 11:55:45 UTC,24,26,3.83,0.66,31.7,57.1,Safe
2026-04-28 11:55:55 UTC,25,26,3.9,0.68,31.6,57.1,Safe
2026-04-28 11:56:05 UTC,25,26,3.89,0.67,31.6,57.3,Safe
2026-04-28 11:56:15 UTC,25,26,3.91,0.68,31.6,57.9,Safe
2026-04-28 11:56:25 UTC,25,27,3.86,0.67,31.6,58,Safe
2026-04-28 11:56:35 UTC,22,26,3.82,0.67,31.6,57.8,Safe
2026-04-28 11:56:45 UTC,23,24,3.89,0.67,31.6,57.8,Safe
2026-04-28 11:56:55 UTC,25,25,3.81,0.66,31.6,57.7,Safe
2026-04-28 11:57:05 UTC,23,25,3.89,0.68,31.7,57.5,Safe
2026-04-28 11:57:15 UTC,22,25,3.82,0.66,31.7,57.3,Safe
2026-04-28 11:57:25 UTC,23,24,3.89,0.68,31.7,57.4,Safe
2026-04-28 11:57:35 UTC,24,28,3.83,0.67,31.6,57.3,Safe
2026-04-28 11:57:45 UTC,25,29,3.89,0.68,31.6,57.4,Safe
2026-04-28 11:57:55 UTC,26,28,3.81,0.66,31.6,57.4,Safe
2026-04-28 11:58:05 UTC,24,25,3.82,0.67,31.6,57.4,Safe
2026-04-28 11:58:15 UTC,24,24,3.9,0.68,31.6,57.3,Safe
2026-04-28 11:58:25 UTC,25,25,3.82,0.66,31.6,57.4,Safe
2026-04-28 11:58:35 UTC,24,26,3.89,0.68,31.6,57.5,Safe
2026-04-28 11:58:45 UTC,27,28,3.76,0.66,31.6,57.5,Safe
2026-04-28 11:58:55 UTC,24,26,3.9,0.68,31.5,57.6,Safe
2026-04-28 11:59:05 UTC,24,27,3.82,0.66,31.5,57.7,Safe
2026-04-28 11:59:15 UTC,24,28,3.88,0.67,31.5,57.7,Safe
2026-04-28 11:59:25 UTC,24,25,3.81,0.67,31.5,58,Safe
2026-04-28 11:59:35 UTC,25,26,3.89,0.67,31.5,58.2,Safe
2026-04-28 11:59:45 UTC,25,28,3.84,0.67,31.5,57.9,Safe
2026-04-28 11:59:55 UTC,26,30,3.83,0.66,31.5,57.9,Safe
2026-04-28 12:00:05 UTC,24,27,3.9,0.68,31.5,57.8,Safe
2026-04-28 12:00:15 UTC,23,25,3.75,0.65,31.5,57.7,Safe
2026-04-28 12:00:25 UTC,23,27,3.9,0.67,31.5,57.7,Safe
2026-04-28 12:00:35 UTC,24,26,3.82,0.66,31.5,57.9,Safe
2026-04-28 12:00:45 UTC,24,27,3.9,0.67,31.5,57.8,Safe
2026-04-28 12:00:55 UTC,24,29,3.83,0.67,31.5,57.7,Safe
2026-04-28 12:01:05 UTC,24,28,3.9,0.68,31.5,57.7,Safe
2026-04-28 12:01:15 UTC,25,29,3.81,0.66,31.5,57.8,Safe
2026-04-28 12:01:25 UTC,25,28,3.89,0.68,31.6,57.8,Safe
2026-04-28 12:01:35 UTC,27,30,3.82,0.66,31.6,57.7,Safe
2026-04-28 12:01:45 UTC,26,29,3.8,0.66,31.6,57.6,Safe
2026-04-28 12:01:55 UTC,23,25,3.89,0.67,31.6,57.7,Safe
2026-04-28 12:02:05 UTC,23,23,3.84,0.67,31.6,57.7,Safe
2026-04-28 12:02:15 UTC,23,23,3.89,0.67,31.6,57.8,Safe
2026-04-28 12:02:25 UTC,22,23,3.83,0.67,31.6,57.9,Safe
2026-04-28 12:02:35 UTC,21,22,3.9,0.68,31.6,58.2,Safe
2026-04-28 12:02:45 UTC,21,22,3.83,0.67,31.6,58.1,Safe
2026-04-28 12:02:55 UTC,22,23,3.9,0.68,31.6,58.1,Safe
2026-04-28 12:03:05 UTC,24,26,3.84,0.67,31.6,58,Safe
2026-04-28 12:03:15 UTC,25,29,3.91,0.68,31.5,57.9,Safe
2026-04-28 12:03:25 UTC,26,31,3.93,0.68,31.6,58.1,Safe
2026-04-28 12:03:35 UTC,26,32,3.84,0.67,31.6,58.1,Safe
2026-04-28 12:03:45 UTC,27,31,3.9,0.67,31.6,57.9,Safe
2026-04-28 12:03:55 UTC,26,30,3.82,0.67,31.6,57.9,Safe
2026-04-28 12:04:05 UTC,28,32,3.9,0.68,31.6,57.8,Safe
2026-04-28 12:04:15 UTC,27,31,3.83,0.67,31.6,57.8,Safe
2026-04-28 12:04:25 UTC,28,32,3.9,0.68,31.6,57.9,Safe
2026-04-28 12:04:35 UTC,26,31,3.84,0.67,31.6,57.9,Safe
2026-04-28 12:04:45 UTC,25,28,3.88,0.67,31.6,57.9,Safe
2026-04-28 12:04:55 UTC,23,26,3.89,0.68,31.6,57.8,Safe
2026-04-28 12:05:05 UTC,24,26,3.9,0.68,31.6,57.9,Safe
2026-04-28 12:05:15 UTC,24,26,3.83,0.67,31.6,58,Safe
2026-04-28 12:05:25 UTC,25,26,3.81,0.66,31.6,58.1,Safe
2026-04-28 12:05:35 UTC,23,24,3.89,0.67,31.6,58.1,Safe
2026-04-28 12:05:45 UTC,23,24,3.82,0.67,31.6,58.2,Safe
2026-04-28 12:05:55 UTC,23,23,3.9,0.68,31.6,58,Safe
2026-04-28 12:06:05 UTC,25,27,3.83,0.66,31.6,58,Safe
2026-04-28 12:06:15 UTC,24,29,3.89,0.68,31.6,58.1,Safe
2026-04-28 12:06:25 UTC,24,28,3.81,0.66,31.6,58.1,Safe
2026-04-28 12:06:35 UTC,23,30,3.92,0.68,31.6,58.1,Safe
2026-04-28 12:06:45 UTC,24,28,3.82,0.67,31.6,58.1,Safe
2026-04-28 12:06:55 UTC,27,32,3.91,0.67,31.6,58.1,Safe
2026-04-28 12:07:05 UTC,27,31,3.9,0.68,31.6,58,Safe
2026-04-28 12:07:15 UTC,25,28,3.8,0.66,31.7,57.9,Safe
2026-04-28 12:07:25 UTC,23,26,3.9,0.68,31.7,57.8,Safe
2026-04-28 12:07:35 UTC,23,27,3.83,0.67,31.7,57.7,Safe
2026-04-28 12:07:45 UTC,22,24,3.91,0.68,31.7,57.8,Safe
2026-04-28 12:07:55 UTC,23,24,3.84,0.67,31.7,57.8,Safe
2026-04-28 12:08:05 UTC,24,25,3.9,0.68,31.7,57.7,Safe
2026-04-28 12:08:15 UTC,23,25,3.84,0.66,31.7,57.6,Safe
2026-04-28 12:08:25 UTC,22,24,3.89,0.67,31.8,57.8,Safe
2026-04-28 12:08:35 UTC,21,27,3.89,0.67,31.8,58,Safe
2026-04-28 12:08:45 UTC,21,24,3.9,0.68,31.7,58.3,Safe
2026-04-28 12:08:55 UTC,21,24,3.9,0.68,31.8,58.2,Safe
2026-04-28 12:09:05 UTC,22,25,3.82,0.67,31.8,58.1,Safe
2026-04-28 12:09:15 UTC,22,24,3.9,0.67,31.8,57.9,Safe
2026-04-28 12:09:25 UTC,24,24,3.8,0.66,31.7,58.1,Safe
2026-04-28 12:09:35 UTC,24,27,3.89,0.68,31.7,57.9,Safe
2026-04-28 12:09:45 UTC,25,28,3.82,0.67,31.7,57.9,Safe
2026-04-28 12:09:55 UTC,24,27,3.89,0.67,31.7,57.9,Safe
2026-04-28 12:10:05 UTC,22,24,3.84,0.67,31.7,57.8,Safe
2026-04-28 12:10:15 UTC,23,23,3.89,0.67,31.6,57.8,Safe
2026-04-28 12:10:25 UTC,22,23,3.83,0.67,31.6,57.8,Safe
2026-04-28 12:10:35 UTC,22,24,3.84,0.67,31.6,57.9,Safe
2026-04-28 12:10:45 UTC,24,24,3.89,0.68,31.6,57.8,Safe
2026-04-28 12:10:55 UTC,25,27,3.8,0.66,31.7,57.8,Safe
2026-04-28 12:11:05 UTC,23,25,3.92,0.68,31.6,57.8,Safe
2026-04-28 12:11:15 UTC,25,27,3.82,0.67,31.6,57.7,Safe
2026-04-28 12:11:25 UTC,26,28,3.89,0.68,31.7,57.8,Safe
2026-04-28 12:11:35 UTC,25,26,3.82,0.66,31.6,57.8,Safe
2026-04-28 12:11:45 UTC,24,25,3.9,0.68,31.6,57.8,Safe
2026-04-28 12:11:55 UTC,23,24,3.83,0.67,31.6,57.9,Safe
2026-04-28 12:12:05 UTC,22,23,3.89,0.68,31.6,58.1,Safe
2026-04-28 12:12:15 UTC,22,25,3.91,0.67,31.6,58,Safe
2026-04-28 12:12:25 UTC,22,26,3.81,0.67,31.6,57.8,Safe
2026-04-28 12:12:35 UTC,23,27,3.89,0.68,31.6,57.8,Safe
2026-04-28 12:12:45 UTC,24,27,3.81,0.67,31.6,57.6,Safe
2026-04-28 12:12:55 UTC,22,26,3.9,0.68,31.6,57.6,Safe
2026-04-28 12:13:05 UTC,22,25,3.81,0.66,31.5,57.5,Safe
2026-04-28 12:13:15 UTC,22,24,3.9,0.67,31.5,57.7,Safe
2026-04-28 12:13:25 UTC,22,23,3.81,0.66,31.5,57.8,Safe
2026-04-28 12:13:35 UTC,21,23,3.86,0.67,31.5,58,Safe
2026-04-28 12:13:45 UTC,22,23,3.9,0.67,31.5,57.8,Safe
2026-04-28 12:13:55 UTC,22,25,3.89,0.67,31.4,57.9,Safe
2026-04-28 12:14:05 UTC,22,27,3.79,0.66,31.4,57.9,Safe
2026-04-28 12:14:15 UTC,22,30,3.84,0.67,31.4,58,Safe
2026-04-28 12:14:25 UTC,22,29,3.89,0.67,31.4,58,Safe
2026-04-28 12:14:35 UTC,22,26,3.82,0.66,31.4,58,Safe
2026-04-28 12:14:45 UTC,22,25,3.89,0.68,31.4,57.9,Safe
2026-04-28 12:14:55 UTC,23,27,3.83,0.66,31.4,57.9,Safe
2026-04-28 12:15:05 UTC,24,26,3.89,0.67,31.4,57.9,Safe
2026-04-28 12:15:15 UTC,24,25,3.83,0.67,31.4,57.9,Safe
2026-04-28 12:15:25 UTC,24,26,3.91,0.68,31.4,57.8,Safe
2026-04-28 12:15:35 UTC,22,25,3.8,0.66,31.4,57.8,Safe
2026-04-28 12:15:45 UTC,22,23,3.89,0.67,31.4,57.8,Safe
2026-04-28 12:15:55 UTC,23,24,3.9,0.67,31.4,57.8,Safe
2026-04-28 12:16:05 UTC,23,25,3.83,0.67,31.4,58,Safe
2026-04-28 12:16:15 UTC,23,25,3.9,0.68,31.4,58,Safe
2026-04-28 12:16:25 UTC,23,24,3.8,0.66,31.3,58.1,Safe
2026-04-28 12:16:35 UTC,24,26,3.89,0.68,31.2,58.3,Safe
2026-04-28 12:16:45 UTC,24,27,3.81,0.66,31.2,58.5,Safe
2026-04-28 12:16:55 UTC,23,26,3.89,0.67,31.2,58.6,Safe
2026-04-28 12:17:05 UTC,24,27,3.83,0.66,31.2,58.5,Safe
2026-04-28 12:17:15 UTC,22,28,3.86,0.67,31.2,58.5,Safe
2026-04-28 12:17:25 UTC,23,29,3.9,0.68,31.3,58.6,Safe
2026-04-28 12:17:35 UTC,21,26,3.89,0.67,31.3,58.5,Safe
2026-04-28 12:17:45 UTC,21,25,3.9,0.68,31.3,58.5,Safe
2026-04-28 12:17:55 UTC,21,24,3.83,0.67,31.3,58.5,Safe
2026-04-28 12:18:05 UTC,21,24,3.9,0.67,31.3,58.5,Safe
2026-04-28 12:18:15 UTC,21,23,3.8,0.67,31.4,58.8,Safe
2026-04-28 12:18:25 UTC,23,25,3.89,0.67,31.4,58.9,Safe
2026-04-28 12:18:35 UTC,24,25,3.82,0.67,31.4,59,Safe
2026-04-28 12:18:45 UTC,23,25,3.89,0.68,31.4,59.1,Safe
2026-04-28 12:18:55 UTC,23,25,3.81,0.67,31.5,59.1,Safe
2026-04-28 12:19:05 UTC,23,26,3.9,0.68,31.5,59.1,Safe
2026-04-28 12:19:15 UTC,21,27,3.82,0.67,31.5,59.1,Safe
2026-04-28 12:19:25 UTC,21,25,3.92,0.68,31.5,59,Safe
2026-04-28 12:19:35 UTC,21,27,3.89,0.67,31.5,58.8,Safe
2026-04-28 12:19:45 UTC,21,24,3.82,0.66,31.6,58.8,Safe
2026-04-28 12:19:55 UTC,21,23,3.87,0.67,31.6,58.9,Safe
2026-04-28 12:20:05 UTC,21,24,3.84,0.67,31.6,58.7,Safe
2026-04-28 12:20:15 UTC,20,24,3.91,0.68,31.6,58.7,Safe
2026-04-28 12:20:25 UTC,20,24,3.84,0.66,31.6,58.6,Safe
2026-04-28 12:20:35 UTC,21,22,3.92,0.67,31.6,58.4,Safe
2026-04-28 12:20:45 UTC,21,22,3.84,0.67,31.7,58.2,Safe
2026-04-28 12:20:55 UTC,22,24,3.91,0.68,31.7,58,Safe
2026-04-28 12:21:05 UTC,22,23,3.88,0.68,31.7,57.9,Safe
2026-04-28 12:21:15 UTC,21,24,3.82,0.66,31.6,57.7,Safe
2026-04-28 12:21:25 UTC,21,23,3.91,0.67,31.6,57.8,Safe
2026-04-28 12:21:35 UTC,21,22,3.81,0.66,31.6,57.9,Safe
2026-04-28 12:21:45 UTC,21,25,3.88,0.67,31.6,58,Safe
2026-04-28 12:21:55 UTC,22,27,3.82,0.66,31.6,58,Safe
2026-04-28 12:22:05 UTC,22,25,3.88,0.67,31.6,58,Safe
2026-04-28 12:22:15 UTC,21,22,3.82,0.66,31.6,57.8,Safe
2026-04-28 12:22:25 UTC,21,21,3.87,0.67,31.5,57.8,Safe
2026-04-28 12:22:35 UTC,23,23,3.82,0.67,31.4,57.9,Safe
2026-04-28 12:22:45 UTC,23,23,3.9,0.68,31.4,58.1,Safe
2026-04-28 12:22:55 UTC,22,23,3.84,0.66,31.4,58.2,Safe
2026-04-28 12:23:05 UTC,21,23,3.82,0.67,31.4,58.2,Safe
2026-04-28 12:23:15 UTC,20,22,3.92,0.68,31.4,58.1,Safe
2026-04-28 12:23:25 UTC,21,22,3.82,0.67,31.4,58.2,Safe
2026-04-28 12:23:35 UTC,22,23,3.9,0.68,31.4,58.1,Safe
2026-04-28 12:23:45 UTC,23,24,3.83,0.67,31.5,58.1,Safe
2026-04-28 12:23:55 UTC,22,23,3.91,0.67,31.5,58.1,Safe
2026-04-28 12:24:05 UTC,22,24,3.83,0.67,31.5,58.1,Safe
2026-04-28 12:24:15 UTC,21,24,3.86,0.67,31.5,58.1,Safe
2026-04-28 12:24:25 UTC,21,24,3.79,0.66,31.5,58.1,Safe
2026-04-28 12:24:35 UTC,22,25,3.9,0.67,31.6,58,Safe
2026-04-28 12:24:45 UTC,23,26,3.9,0.68,31.6,57.9,Safe
2026-04-28 12:24:55 UTC,23,26,3.83,0.66,31.6,58,Safe
2026-04-28 12:25:05 UTC,24,26,3.88,0.67,31.6,58.1,Safe
2026-04-28 12:25:15 UTC,23,26,3.81,0.66,31.6,58.1,Safe
2026-04-28 12:25:25 UTC,24,25,3.89,0.67,31.6,58,Safe
2026-04-28 12:25:35 UTC,22,25,3.8,0.66,31.6,58,Safe
2026-04-28 12:25:45 UTC,22,25,3.87,0.68,31.6,57.9,Safe
2026-04-28 12:25:55 UTC,23,25,3.81,0.67,31.6,57.9,Safe
2026-04-28 12:26:05 UTC,23,25,3.9,0.67,31.6,58,Safe
2026-04-28 12:26:15 UTC,24,26,3.89,0.68,31.6,58.1,Safe
2026-04-28 12:26:25 UTC,23,26,3.9,0.68,31.6,58.2,Safe
2026-04-28 12:26:35 UTC,24,25,3.83,0.67,31.6,58.4,Safe
2026-04-28 12:26:45 UTC,24,25,3.84,0.67,31.6,58.7,Safe
2026-04-28 12:26:55 UTC,23,24,3.9,0.68,31.6,58.8,Safe
2026-04-28 12:27:05 UTC,24,27,3.82,0.67,31.7,58.8,Safe
2026-04-28 12:27:15 UTC,25,27,3.9,0.68,31.7,58.7,Safe
2026-04-28 12:27:25 UTC,25,26,3.83,0.67,31.7,58.7,Safe
2026-04-28 12:27:35 UTC,23,26,3.86,0.67,31.7,58.9,Safe
2026-04-28 12:27:45 UTC,22,23,3.84,0.67,31.7,58.8,Safe
2026-04-28 12:27:55 UTC,23,24,3.9,0.67,31.7,58.7,Safe
2026-04-28 12:28:05 UTC,23,26,3.81,0.67,31.7,58.8,Safe
2026-04-28 12:28:15 UTC,23,28,3.89,0.67,31.7,58.9,Safe
2026-04-28 12:28:25 UTC,22,25,3.9,0.68,31.8,58.9,Safe
2026-04-28 12:28:35 UTC,22,23,3.84,0.67,31.7,58.9,Safe
2026-04-28 12:28:45 UTC,22,23,3.91,0.67,31.8,59.2,Safe
2026-04-28 12:28:55 UTC,22,23,3.82,0.67,31.8,59.2,Safe
2026-04-28 12:29:05 UTC,21,24,3.87,0.67,31.8,59.1,Safe
2026-04-28 12:29:15 UTC,21,24,3.83,0.67,31.8,58.8,Safe
2026-04-28 12:29:25 UTC,21,22,3.89,0.68,31.8,58.9,Safe
2026-04-28 12:29:35 UTC,21,22,3.84,0.67,31.8,58.9,Safe
2026-04-28 12:29:45 UTC,21,22,3.89,0.68,31.9,59.4,Safe
2026-04-28 12:29:55 UTC,22,25,3.9,0.67,31.9,59.4,Safe
2026-04-28 12:30:05 UTC,22,25,3.89,0.68,31.9,59.4,Safe
2026-04-28 12:30:15 UTC,22,25,3.9,0.68,31.8,58.8,Safe
2026-04-28 12:30:25 UTC,21,24,3.84,0.67,31.8,58.9,Safe
2026-04-28 12:30:35 UTC,23,25,3.9,0.68,31.8,58.9,Safe
2026-04-28 12:30:45 UTC,21,23,3.84,0.67,31.8,58.8,Safe
2026-04-28 12:30:55 UTC,21,24,3.9,0.68,31.7,58.7,Safe
2026-04-28 12:31:05 UTC,22,23,3.82,0.67,31.7,58.7,Safe
2026-04-28 12:31:15 UTC,22,22,3.87,0.67,31.7,58.5,Safe
2026-04-28 12:31:25 UTC,23,25,3.79,0.66,31.6,58.3,Safe
2026-04-28 12:31:35 UTC,23,28,3.87,0.67,31.6,58.5,Safe
2026-04-28 12:31:45 UTC,23,25,3.82,0.66,31.7,58.8,Safe
2026-04-28 12:31:55 UTC,24,25,3.88,0.67,31.7,58.9,Safe
2026-04-28 12:32:05 UTC,22,25,3.89,0.67,31.7,59.1,Safe
2026-04-28 12:32:15 UTC,24,26,3.84,0.67,31.8,59.1,Safe
2026-04-28 12:32:25 UTC,23,25,3.89,0.67,31.8,58.8,Safe
2026-04-28 12:32:35 UTC,23,27,3.82,0.66,31.9,58.7,Safe
2026-04-28 12:32:45 UTC,22,26,3.9,0.68,31.9,58.6,Safe
2026-04-28 12:32:55 UTC,23,25,3.84,0.67,31.9,58.4,Safe
2026-04-28 12:33:05 UTC,24,27,3.9,0.68,32,58.2,Safe
2026-04-28 12:33:15 UTC,24,27,3.83,0.66,32,58.2,Safe
2026-04-28 12:33:25 UTC,24,26,3.91,0.68,32.1,58.3,Safe
2026-04-28 12:33:35 UTC,24,25,3.91,0.68,32.1,58.3,Safe
2026-04-28 12:33:45 UTC,24,24,3.84,0.66,32.1,58.3,Safe
2026-04-28 12:33:55 UTC,22,23,3.87,0.67,32.1,58.2,Safe
2026-04-28 12:34:05 UTC,22,22,3.81,0.67,32.1,57.8,Safe
2026-04-28 12:34:15 UTC,22,23,3.9,0.68,32.1,57.5,Safe
2026-04-28 12:34:25 UTC,22,23,3.82,0.67,32,57.4,Safe
2026-04-28 12:34:35 UTC,21,22,3.9,0.68,32.1,57.6,Safe
2026-04-28 12:34:45 UTC,21,22,3.83,0.66,32,57.5,Safe
2026-04-28 12:34:55 UTC,21,23,3.89,0.68,32.1,57.6,Safe
2026-04-28 12:35:05 UTC,22,24,3.9,0.68,32.1,57.8,Safe
2026-04-28 12:35:15 UTC,22,24,3.89,0.68,32.1,57.9,Safe
2026-04-28 12:35:25 UTC,23,25,3.84,0.67,32.1,58.1,Safe
2026-04-28 12:35:35 UTC,25,26,3.84,0.67,32.1,58.1,Safe
2026-04-28 12:35:45 UTC,24,25,3.9,0.67,32.1,58.1,Safe
2026-04-28 12:35:55 UTC,25,26,3.84,0.67,32.2,58.1,Safe
2026-04-28 12:36:05 UTC,24,24,3.88,0.67,32.2,58,Safe
2026-04-28 12:36:15 UTC,25,25,3.8,0.66,32.2,57.8,Safe
2026-04-28 12:36:25 UTC,25,27,3.91,0.67,32.2,57.7,Safe
2026-04-28 12:36:35 UTC,25,29,3.79,0.66,32.2,57.8,Safe
2026-04-28 12:36:45 UTC,26,28,3.89,0.67,32.2,57.9,Safe
2026-04-28 12:36:55 UTC,25,26,3.82,0.67,32.2,57.9,Safe
2026-04-28 12:37:05 UTC,26,27,3.89,0.68,32.2,57.9,Safe
2026-04-28 12:37:15 UTC,24,27,3.87,0.67,32.2,57.9,Safe
2026-04-28 12:37:25 UTC,24,28,3.84,0.67,32.2,58,Safe
2026-04-28 12:37:35 UTC,24,26,3.9,0.68,32.2,58.1,Safe
2026-04-28 12:37:45 UTC,24,25,3.83,0.67,32.2,58.2,Safe
2026-04-28 12:37:55 UTC,24,25,3.89,0.68,32.2,58.2,Safe
2026-04-28 12:38:05 UTC,25,26,3.83,0.67,32.2,58,Safe
2026-04-28 12:38:15 UTC,24,26,3.9,0.68,32.2,57.9,Safe
2026-04-28 12:38:25 UTC,23,25,3.82,0.67,32.2,57.7,Safe
2026-04-28 12:38:35 UTC,23,25,3.9,0.67,32.3,57.6,Safe
2026-04-28 12:38:45 UTC,22,26,3.89,0.67,32.2,57.4,Safe
2026-04-28 12:38:55 UTC,24,26,3.89,0.67,32.2,57.4,Safe
2026-04-28 12:39:05 UTC,26,27,3.89,0.68,32.2,57.3,Safe
2026-04-28 12:39:15 UTC,26,26,3.84,0.67,32.2,57.3,Safe
2026-04-28 12:39:25 UTC,26,26,3.9,0.68,32.2,57.3,Safe
2026-04-28 12:39:35 UTC,24,25,3.83,0.67,32.2,57.2,Safe
2026-04-28 12:39:45 UTC,24,25,3.9,0.68,32.2,57.1,Safe
2026-04-28 12:39:55 UTC,23,24,3.85,0.67,32.2,57,Safe
2026-04-28 12:40:05 UTC,24,25,3.91,0.68,32.2,57,Safe
2026-04-28 12:40:15 UTC,25,26,3.84,0.66,32.2,57.1,Safe
2026-04-28 12:40:25 UTC,26,27,3.9,0.68,32.3,56.8,Safe
2026-04-28 12:40:35 UTC,27,28,3.84,0.67,32.3,56.8,Safe
2026-04-28 12:40:45 UTC,27,29,3.82,0.66,32.3,56.8,Safe
2026-04-28 12:40:55 UTC,27,30,3.9,0.68,32.3,56.7,Safe
2026-04-28 12:41:05 UTC,26,32,3.83,0.67,32.3,57,Safe
2026-04-28 12:41:15 UTC,25,29,3.9,0.68,32.4,57,Safe
2026-04-28 12:41:25 UTC,25,28,3.82,0.67,32.4,57.2,Safe
2026-04-28 12:41:35 UTC,25,27,3.91,0.68,32.4,57.1,Safe
2026-04-28 12:41:45 UTC,26,28,3.84,0.67,32.4,57,Safe
2026-04-28 12:41:55 UTC,26,26,3.9,0.68,32.4,56.9,Safe
2026-04-28 12:42:05 UTC,25,27,3.83,0.67,32.4,56.9,Safe
2026-04-28 12:42:15 UTC,25,26,3.9,0.68,32.4,56.9,Safe
2026-04-28 12:42:25 UTC,26,26,3.92,0.68,32.4,56.9,Safe
2026-04-28 12:42:35 UTC,24,25,3.8,0.66,32.4,56.6,Safe
2026-04-28 12:42:45 UTC,24,27,3.9,0.68,32.4,56.7,Safe
2026-04-28 12:42:55 UTC,24,27,3.84,0.67,32.4,56.5,Safe
2026-04-28 12:43:05 UTC,25,28,3.89,0.67,32.4,56.4,Safe
2026-04-28 12:43:15 UTC,24,27,3.83,0.66,32.4,56.3,Safe
2026-04-28 12:43:25 UTC,23,26,3.89,0.68,32.4,56.1,Safe
2026-04-28 12:43:35 UTC,23,25,3.84,0.67,32.5,56.1,Safe
2026-04-28 12:43:45 UTC,23,26,3.92,0.68,32.5,56.1,Safe
2026-04-28 12:43:55 UTC,23,27,3.91,0.68,32.5,56.1,Safe
2026-04-28 12:44:05 UTC,23,26,3.9,0.68,32.5,56.2,Safe
2026-04-28 12:44:15 UTC,23,27,3.84,0.67,32.5,56.2,Safe
2026-04-28 12:44:25 UTC,23,26,3.83,0.66,32.5,56.4,Safe
2026-04-28 12:44:35 UTC,23,27,3.9,0.68,32.5,56.5,Safe
2026-04-28 12:44:45 UTC,24,27,3.8,0.66,32.5,56.6,Safe
2026-04-28 12:44:55 UTC,24,28,3.9,0.67,32.5,56.5,Safe
2026-04-28 12:45:05 UTC,23,29,3.84,0.67,32.5,56.6,Safe
2026-04-28 12:45:15 UTC,23,28,3.89,0.67,32.5,56.6,Safe
2026-04-28 12:45:25 UTC,23,28,3.82,0.67,32.5,56.6,Safe
2026-04-28 12:45:35 UTC,22,29,3.89,0.68,32.5,56.3,Safe
2026-04-28 12:45:45 UTC,21,26,3.8,0.66,32.4,55.9,Safe
2026-04-28 12:45:55 UTC,22,25,3.88,0.67,32.3,56,Safe
2026-04-28 12:46:05 UTC,23,27,3.9,0.68,32.3,56.4,Safe
2026-04-28 12:46:15 UTC,23,26,3.84,0.67,32.3,56.3,Safe
2026-04-28 12:46:25 UTC,24,27,3.89,0.67,32.2,56.3,Safe
2026-04-28 12:46:35 UTC,24,26,3.8,0.66,32.2,56.5,Safe
2026-04-28 12:46:45 UTC,24,25,3.9,0.68,32.2,56.7,Safe
2026-04-28 12:46:55 UTC,23,25,3.82,0.66,32.2,57,Safe
2026-04-28 12:47:05 UTC,23,24,3.91,0.67,32.2,57.1,Safe
2026-04-28 12:47:15 UTC,24,27,3.83,0.67,32.2,57.3,Safe
2026-04-28 12:47:25 UTC,23,27,3.92,0.68,32.2,57.2,Safe
2026-04-28 12:47:35 UTC,23,27,3.89,0.68,32.2,57.1,Safe
2026-04-28 12:47:45 UTC,23,29,3.92,0.68,32.3,57,Safe
2026-04-28 12:47:55 UTC,23,29,3.85,0.67,32.3,56.9,Safe
2026-04-28 12:48:05 UTC,24,28,3.82,0.66,32.3,56.6,Safe
2026-04-28 12:48:15 UTC,24,27,3.89,0.68,32.2,56.4,Safe
2026-04-28 12:48:25 UTC,25,27,3.81,0.66,32.2,56.5,Safe
2026-04-28 12:48:35 UTC,25,27,3.9,0.67,32.2,56.7,Safe
2026-04-28 12:48:45 UTC,25,27,3.83,0.67,32.2,56.8,Safe
2026-04-28 12:48:55 UTC,25,26,3.9,0.68,32.2,57.1,Safe
2026-04-28 12:49:05 UTC,24,24,3.8,0.66,32.2,57.2,Safe
2026-04-28 12:49:15 UTC,24,25,3.9,0.68,32.2,57.7,Safe
2026-04-28 12:49:25 UTC,24,26,3.81,0.66,32.2,57.8,Safe
2026-04-28 12:49:35 UTC,24,26,3.9,0.68,32.2,57.6,Safe
2026-04-28 12:49:45 UTC,25,27,3.91,0.68,32.2,57.3,Safe
2026-04-28 12:49:55 UTC,23,24,3.82,0.67,32.2,57.5,Safe
2026-04-28 12:50:05 UTC,22,25,3.9,0.68,32.2,57.5,Safe
2026-04-28 12:50:15 UTC,23,26,3.83,0.67,32.2,57.3,Safe
2026-04-28 12:50:25 UTC,24,26,3.92,0.68,32.2,57.1,Safe
2026-04-28 12:50:35 UTC,26,28,3.8,0.66,32.2,56.9,Safe
2026-04-28 12:50:45 UTC,25,27,3.89,0.68,32.3,56.8,Safe
2026-04-28 12:50:55 UTC,24,29,3.79,0.66,32.3,56.9,Safe
2026-04-28 12:51:05 UTC,24,27,3.91,0.68,32.3,57.1,Safe
2026-04-28 12:51:15 UTC,25,28,3.9,0.68,32.3,57.2,Safe
2026-04-28 12:51:25 UTC,25,28,3.79,0.66,32.3,57.5,Safe
2026-04-28 12:51:35 UTC,26,28,3.9,0.67,32.3,57.4,Safe
2026-04-28 12:51:45 UTC,26,27,3.82,0.67,32.4,57.2,Safe
2026-04-28 12:51:55 UTC,25,27,3.91,0.68,32.4,56.9,Safe
2026-04-28 12:52:05 UTC,25,28,3.83,0.67,32.4,56.6,Safe
2026-04-28 12:52:15 UTC,25,28,3.91,0.68,32.4,56.5,Safe
2026-04-28 12:52:25 UTC,25,27,3.83,0.67,32.4,56.4,Safe
2026-04-28 12:52:35 UTC,26,27,3.9,0.68,32.4,56.2,Safe
2026-04-28 12:52:45 UTC,24,28,3.9,0.68,32.4,56.4,Safe
2026-04-28 12:52:55 UTC,23,27,4.18,0.71,32.4,56.5,Safe
2026-04-28 12:53:05 UTC,24,27,3.93,0.68,32.3,56.6,Safe
2026-04-28 12:53:15 UTC,26,29,3.93,0.68,32.3,56.9,Safe
2026-04-28 12:53:25 UTC,27,30,3.99,0.69,32.3,57.2,Safe
2026-04-28 12:53:35 UTC,28,34,3.93,0.68,32.2,57.2,Safe
2026-04-28 12:53:45 UTC,27,32,4.01,0.69,32.2,57.5,Safe
2026-04-28 12:53:55 UTC,28,32,3.93,0.68,32.2,57.6,Safe
2026-04-28 12:54:05 UTC,28,33,4.02,0.69,32.2,57.6,Safe
2026-04-28 12:54:15 UTC,27,31,3.93,0.68,32.2,57.5,Safe
2026-04-28 12:54:25 UTC,26,29,3.96,0.68,32.2,57.2,Safe
2026-04-28 12:54:35 UTC,26,27,3.93,0.68,32.2,57.1,Safe
2026-04-28 12:54:45 UTC,27,29,4.01,0.69,32.2,57.1,Safe
2026-04-28 12:54:55 UTC,27,29,4,0.69,32.2,57.1,Safe
2026-04-28 12:55:05 UTC,25,27,3.93,0.68,32.2,57.2,Safe
2026-04-28 12:55:15 UTC,25,28,4.01,0.69,32.2,57.6,Safe
2026-04-28 12:55:25 UTC,27,30,3.9,0.67,32.2,57.8,Safe
2026-04-28 12:55:35 UTC,26,28,4,0.69,32.2,57.6,Safe
2026-04-28 12:55:45 UTC,24,25,3.92,0.68,32.2,57.5,Safe
2026-04-28 12:55:55 UTC,27,28,4,0.69,32.2,57.3,Safe
2026-04-28 12:56:05 UTC,26,29,3.91,0.67,32.2,57.2,Safe
2026-04-28 12:56:15 UTC,27,30,3.96,0.68,32.2,57.1,Safe
2026-04-28 12:56:25 UTC,26,29,3.99,0.69,32.1,57.4,Safe
2026-04-28 12:56:35 UTC,25,27,3.89,0.67,32.2,57.5,Safe
2026-04-28 12:56:45 UTC,25,26,3.99,0.69,32.2,57.5,Safe
2026-04-28 12:56:55 UTC,24,26,3.88,0.67,32.2,57.5,Safe
2026-04-28 12:57:05 UTC,25,26,3.97,0.68,32.2,57.7,Safe
2026-04-28 12:57:15 UTC,26,26,3.9,0.68,32.2,57.8,Safe
2026-04-28 12:57:25 UTC,26,26,3.96,0.68,32.2,57.8,Safe
2026-04-28 12:57:35 UTC,26,26,3.91,0.68,32.3,57.6,Safe
2026-04-28 12:57:45 UTC,25,28,3.99,0.69,32.3,57.6,Safe
2026-04-28 12:57:55 UTC,25,28,3.99,0.69,32.3,57.9,Safe
2026-04-28 12:58:05 UTC,25,27,3.99,0.69,32.3,58,Safe
2026-04-28 12:58:15 UTC,24,27,3.99,0.69,32.3,57.7,Safe
2026-04-28 12:58:25 UTC,26,28,3.91,0.67,32.3,57.5,Safe
2026-04-28 12:58:35 UTC,24,27,3.98,0.68,32.3,57.8,Safe
2026-04-28 12:58:45 UTC,23,28,3.9,0.67,32.3,57.1,Safe
2026-04-28 12:58:55 UTC,23,26,3.98,0.69,32.2,57,Safe
2026-04-28 12:59:05 UTC,25,27,3.93,0.67,32.2,57,Safe
2026-04-28 12:59:15 UTC,24,27,3.97,0.68,32.2,56.9,Safe
2026-04-28 12:59:25 UTC,24,26,3.9,0.68,32.2,56.6,Safe
2026-04-28 12:59:35 UTC,24,28,3.99,0.69,32.1,56.5,Safe
2026-04-28 12:59:45 UTC,25,28,3.91,0.67,32,56.7,Safe
2026-04-28 12:59:55 UTC,25,28,4,0.69,32,57.1,Safe
2026-04-28 13:00:05 UTC,25,28,3.99,0.69,32,57.3,Safe
2026-04-28 13:00:15 UTC,24,26,3.9,0.68,32.1,57.6,Safe
2026-04-28 13:00:25 UTC,24,25,4,0.69,32.1,57.6,Safe
2026-04-28 13:00:35 UTC,24,24,3.89,0.67,32.1,57.6,Safe
2026-04-28 13:00:45 UTC,24,26,4,0.68,32.2,57.5,Safe
2026-04-28 13:00:55 UTC,25,27,3.91,0.67,32.2,57.3,Safe
2026-04-28 13:01:05 UTC,26,28,3.98,0.69,32.2,57.5,Safe
2026-04-28 13:01:15 UTC,26,28,3.89,0.67,32.2,57.4,Safe
2026-04-28 13:01:25 UTC,25,27,4,0.68,32.3,57.2,Safe
2026-04-28 13:01:35 UTC,24,28,3.95,0.68,32.3,57.4,Safe
2026-04-28 13:01:45 UTC,23,26,3.92,0.67,32.3,57.7,Safe
2026-04-28 13:01:55 UTC,23,25,3.99,0.68,32.4,57.8,Safe
2026-04-28 13:02:05 UTC,22,24,3.89,0.67,32.4,57.6,Safe
2026-04-28 13:02:15 UTC,24,26,3.98,0.69,32.4,57.4,Safe
2026-04-28 13:02:25 UTC,24,25,3.9,0.67,32.4,57,Safe
2026-04-28 13:02:35 UTC,23,25,3.96,0.68,32.5,57,Safe
2026-04-28 13:02:45 UTC,22,25,3.91,0.67,32.5,57,Safe
2026-04-28 13:02:55 UTC,22,28,3.99,0.68,32.5,56.5,Safe
2026-04-28 13:03:05 UTC,23,28,3.94,0.68,32.4,56.5,Safe
2026-04-28 13:03:15 UTC,23,28,3.98,0.69,32.4,56.3,Safe
2026-04-28 13:03:25 UTC,24,28,3.94,0.68,32.3,56.1,Safe
2026-04-28 13:03:35 UTC,23,27,3.9,0.68,32.2,56.1,Safe
2026-04-28 13:03:45 UTC,23,28,3.98,0.69,32.2,56.3,Safe
2026-04-28 13:03:55 UTC,24,30,3.87,0.67,32.1,56.5,Safe
2026-04-28 13:04:05 UTC,24,30,3.99,0.69,32.1,56.6,Safe
2026-04-28 13:04:15 UTC,24,28,3.91,0.67,32.1,56.5,Safe
2026-04-28 13:04:25 UTC,24,27,3.99,0.68,32.1,56.6,Safe
2026-04-28 13:04:35 UTC,25,26,3.89,0.67,32.1,57.1,Safe
2026-04-28 13:04:45 UTC,25,25,3.96,0.68,32.2,57.1,Safe
2026-04-28 13:04:55 UTC,24,25,3.9,0.67,32.2,57.2,Safe
2026-04-28 13:05:05 UTC,24,26,4,0.69,32.3,57.3,Safe
2026-04-28 13:05:15 UTC,24,26,3.95,0.68,32.3,57.2,Safe
2026-04-28 13:05:25 UTC,24,27,3.87,0.67,32.4,57.4,Safe
2026-04-28 13:05:35 UTC,26,31,3.98,0.69,32.4,57.2,Safe
2026-04-28 13:05:45 UTC,26,30,3.9,0.67,32.4,56.9,Safe
2026-04-28 13:05:55 UTC,28,29,4,0.68,32.5,56.6,Safe
2026-04-28 13:06:05 UTC,27,30,3.9,0.67,32.5,56.6,Safe
2026-04-28 13:06:15 UTC,26,31,4,0.69,32.5,56.5,Safe
2026-04-28 13:06:25 UTC,27,31,3.92,0.67,32.6,56.9,Safe
2026-04-28 13:06:35 UTC,25,31,4,0.69,32.6,56.7,Safe
2026-04-28 13:06:45 UTC,25,32,3.99,0.69,32.7,56.8,Safe
2026-04-28 13:06:55 UTC,25,29,3.9,0.67,32.7,56.7,Safe
2026-04-28 13:07:05 UTC,26,30,3.98,0.69,32.8,56.5,Safe
2026-04-28 13:07:15 UTC,28,30,3.91,0.67,32.8,56.4,Safe
2026-04-28 13:07:25 UTC,26,27,3.99,0.68,32.8,56.3,Safe
2026-04-28 13:07:35 UTC,25,28,3.93,0.67,32.9,56.3,Safe
2026-04-28 13:07:45 UTC,25,29,3.97,0.68,32.9,56.2,Safe
2026-04-28 13:07:55 UTC,25,29,3.9,0.67,32.9,55.6,Safe
2026-04-28 13:08:05 UTC,25,27,3.98,0.69,32.9,55.3,Safe
2026-04-28 13:08:15 UTC,25,27,3.98,0.68,32.8,55.1,Safe
2026-04-28 13:08:25 UTC,26,29,3.98,0.68,32.8,55.2,Safe
2026-04-28 13:08:35 UTC,29,32,3.99,0.68,32.8,55.3,Safe
2026-04-28 13:08:45 UTC,25,31,3.89,0.67,32.9,55.3,Safe
2026-04-28 13:08:55 UTC,25,28,3.95,0.68,32.9,55.3,Safe
2026-04-28 13:09:05 UTC,25,29,3.93,0.67,32.9,55.4,Safe
2026-04-28 13:09:15 UTC,25,27,3.96,0.68,32.9,55.5,Safe
2026-04-28 13:09:25 UTC,25,25,3.88,0.67,32.9,55.6,Safe
2026-04-28 13:09:35 UTC,25,25,3.99,0.68,33,55.6,Safe
2026-04-28 13:09:45 UTC,26,27,3.89,0.67,33,55.6,Safe
2026-04-28 13:09:55 UTC,25,28,4,0.68,33,55.7,Safe
2026-04-28 13:10:05 UTC,27,30,3.91,0.67,33,55.6,Safe
2026-04-28 13:10:15 UTC,26,30,3.96,0.68,33,55.3,Safe
2026-04-28 13:10:25 UTC,27,28,3.98,0.68,33,55.3,Safe
2026-04-28 13:10:35 UTC,27,27,3.89,0.67,33,55.2,Safe
2026-04-28 13:10:45 UTC,26,28,3.98,0.68,33,55.4,Safe
2026-04-28 13:10:55 UTC,28,30,3.87,0.67,32.9,55.4,Safe
2026-04-28 13:11:05 UTC,28,28,4,0.69,32.9,55.3,Safe
2026-04-28 13:11:15 UTC,27,27,3.9,0.67,32.9,55.4,Safe
2026-04-28 13:11:25 UTC,27,28,3.98,0.68,32.8,55.4,Safe
2026-04-28 13:11:35 UTC,27,27,3.86,0.67,32.8,55.6,Safe
2026-04-28 13:11:45 UTC,28,29,3.97,0.69,32.8,55.7,Safe
2026-04-28 13:11:55 UTC,28,30,3.99,0.69,32.8,55.8,Safe
2026-04-28 13:12:05 UTC,28,31,3.9,0.68,32.8,56.3,Safe
2026-04-28 13:12:15 UTC,27,31,3.98,0.68,32.8,56.4,Safe
2026-04-28 13:12:25 UTC,27,31,3.89,0.67,32.8,56.4,Safe
2026-04-28 13:12:35 UTC,26,30,3.98,0.68,32.7,56.4,Safe
2026-04-28 13:12:45 UTC,27,29,3.9,0.67,32.7,56.3,Safe
2026-04-28 13:12:55 UTC,26,29,3.95,0.68,32.7,56.4,Safe
2026-04-28 13:13:05 UTC,25,28,3.9,0.68,32.7,56,Safe
2026-04-28 13:13:15 UTC,25,26,3.98,0.69,32.7,56,Safe
2026-04-28 13:13:25 UTC,25,26,3.99,0.69,32.7,56.1,Safe
2026-04-28 13:13:35 UTC,26,27,3.97,0.68,32.7,56.2,Safe
2026-04-28 13:13:45 UTC,26,27,3.96,0.68,32.7,56.3,Safe
2026-04-28 13:13:55 UTC,27,29,3.89,0.67,32.7,56.2,Safe
2026-04-28 13:14:05 UTC,27,29,3.99,0.69,32.8,56.2,Safe
2026-04-28 13:14:15 UTC,27,31,3.9,0.67,32.8,56.1,Safe
2026-04-28 13:14:25 UTC,27,31,3.98,0.69,32.7,55.9,Safe
2026-04-28 13:14:35 UTC,27,31,3.9,0.67,32.8,56.1,Safe
2026-04-28 13:14:45 UTC,28,31,4,0.69,32.8,56.2,Safe
2026-04-28 13:14:55 UTC,30,34,3.9,0.67,32.8,56.4,Safe
2026-04-28 13:15:05 UTC,34,42,3.98,0.69,32.8,56.4,Safe
2026-04-28 13:15:15 UTC,43,54,3.9,0.67,32.8,56.4,Safe
2026-04-28 13:15:25 UTC,47,60,3.95,0.68,32.9,56.3,Safe
2026-04-28 13:15:35 UTC,49,63,3.99,0.69,32.9,55.9,Safe
2026-04-28 13:15:45 UTC,50,64,3.9,0.67,32.8,55.8,Safe
2026-04-28 13:15:55 UTC,47,61,3.93,0.68,32.7,55.6,Safe
2026-04-28 13:16:05 UTC,44,55,3.9,0.67,32.6,55.6,Safe
2026-04-28 13:16:15 UTC,39,48,3.99,0.69,32.6,55.9,Safe
2026-04-28 13:16:25 UTC,33,41,3.9,0.67,32.5,55.9,Safe
2026-04-28 13:16:35 UTC,32,40,3.94,0.68,32.4,55.9,Safe
2026-04-28 13:16:45 UTC,31,35,3.89,0.67,32.3,56.1,Safe
2026-04-28 13:16:55 UTC,30,36,3.97,0.69,32.3,56.4,Safe
2026-04-28 13:17:05 UTC,30,35,3.98,0.69,32.3,56.6,Safe
2026-04-28 13:17:15 UTC,30,33,3.89,0.67,32.2,56.4,Safe
2026-04-28 13:17:25 UTC,28,32,3.99,0.68,32.2,56.5,Safe
2026-04-28 13:17:35 UTC,28,29,3.89,0.67,32.2,56.7,Safe
2026-04-28 13:17:45 UTC,26,27,3.95,0.68,32.2,57,Safe
2026-04-28 13:17:55 UTC,26,27,3.87,0.67,32.2,57.1,Safe
2026-04-28 13:18:05 UTC,26,28,3.99,0.69,32.3,57.2,Safe
2026-04-28 13:18:15 UTC,26,29,3.91,0.67,32.3,57,Safe
2026-04-28 13:18:25 UTC,26,30,3.99,0.69,32.3,56.9,Safe
2026-04-28 13:18:35 UTC,26,31,3.98,0.68,32.4,56.7,Safe
2026-04-28 13:18:45 UTC,28,31,4,0.68,32.4,56.7,Safe
2026-04-28 13:18:55 UTC,29,33,3.99,0.69,32.4,56.8,Safe
2026-04-28 13:19:05 UTC,29,30,3.91,0.67,32.4,56.6,Safe
2026-04-28 13:19:15 UTC,26,28,3.95,0.68,32.4,56.3,Safe
2026-04-28 13:19:25 UTC,25,29,3.9,0.67,32.3,56.5,Safe
2026-04-28 13:19:35 UTC,26,30,3.99,0.68,32.3,56.6,Safe
2026-04-28 13:19:45 UTC,27,30,3.89,0.67,32.4,56.7,Safe
2026-04-28 13:19:55 UTC,27,30,3.96,0.69,32.4,56.6,Safe
2026-04-28 13:20:05 UTC,28,29,3.89,0.67,32.4,56.4,Safe
2026-04-28 13:20:15 UTC,28,30,3.95,0.68,32.3,56.4,Safe
2026-04-28 13:20:25 UTC,29,33,3.9,0.67,32.3,56.3,Safe
2026-04-28 13:20:35 UTC,30,35,3.98,0.68,32.3,56.4,Safe
2026-04-28 13:20:45 UTC,30,35,3.95,0.68,32.3,56.6,Safe
2026-04-28 13:20:55 UTC,28,31,3.88,0.67,32.3,56.6,Safe
2026-04-28 13:21:05 UTC,28,29,3.97,0.69,32.3,56.6,Safe
2026-04-28 13:21:15 UTC,28,29,3.9,0.67,32.3,56.6,Safe
2026-04-28 13:21:25 UTC,27,28,3.97,0.68,32.3,56.5,Safe
2026-04-28 13:21:35 UTC,26,28,3.89,0.67,32.3,56.5,Safe
2026-04-28 13:21:45 UTC,27,30,3.98,0.68,32.4,56.4,Safe
2026-04-28 13:21:55 UTC,27,28,3.89,0.67,32.4,56.6,Safe
2026-04-28 13:22:05 UTC,28,29,3.97,0.68,32.3,56.3,Safe
2026-04-28 13:22:15 UTC,30,32,3.97,0.69,32.4,56.2,Safe
2026-04-28 13:22:25 UTC,29,31,3.89,0.67,32.3,56.1,Safe
2026-04-28 13:22:35 UTC,27,30,4.01,0.68,32.4,56.1,Safe
2026-04-28 13:22:45 UTC,25,28,3.86,0.67,32.4,56.2,Safe
2026-04-28 13:22:55 UTC,22,25,3.97,0.68,32.4,56.1,Safe
2026-04-28 13:23:05 UTC,22,24,3.89,0.67,32.4,56.1,Safe
2026-04-28 13:23:15 UTC,22,24,3.98,0.68,32.4,56.3,Safe
2026-04-28 13:23:25 UTC,23,24,3.89,0.67,32.4,56.3,Safe
2026-04-28 13:23:35 UTC,25,28,3.98,0.68,32.4,56.5,Safe
2026-04-28 13:23:45 UTC,25,30,3.98,0.68,32.3,56.3,Safe
2026-04-28 13:23:55 UTC,25,28,3.98,0.68,32.4,56.2,Safe
2026-04-28 13:24:05 UTC,25,27,3.93,0.68,32.3,56.1,Safe
2026-04-28 13:24:15 UTC,25,26,3.89,0.67,32.3,56.3,Safe
2026-04-28 13:24:25 UTC,24,25,3.98,0.68,32.3,56.3,Safe
2026-04-28 13:24:35 UTC,24,26,3.84,0.67,32.3,56.3,Safe
2026-04-28 13:24:45 UTC,24,26,3.97,0.68,32.3,56.6,Safe
2026-04-28 13:24:55 UTC,22,25,3.88,0.67,32.3,56.9,Safe
2026-04-28 13:25:05 UTC,23,26,3.93,0.68,32.3,56.9,Safe
2026-04-28 13:25:15 UTC,24,27,3.87,0.67,32.3,56.9,Safe
2026-04-28 13:25:25 UTC,26,30,3.94,0.68,32.3,57.1,Safe
2026-04-28 13:25:35 UTC,28,29,3.84,0.67,32.4,57,Safe
2026-04-28 13:25:45 UTC,27,28,3.98,0.68,32.4,56.6,Safe
2026-04-28 13:25:55 UTC,27,30,3.97,0.68,32.4,56.3,Safe
2026-04-28 13:26:05 UTC,26,28,3.89,0.67,32.4,56.1,Safe
2026-04-28 13:26:15 UTC,25,27,3.98,0.68,32.4,56.3,Safe
2026-04-28 13:26:25 UTC,26,30,3.9,0.67,32.4,56.4,Safe
2026-04-28 13:26:35 UTC,26,29,3.97,0.68,32.4,56.2,Safe
2026-04-28 13:26:45 UTC,26,30,3.89,0.67,32.5,56,Safe
2026-04-28 13:26:55 UTC,24,28,3.94,0.68,32.5,56,Safe
2026-04-28 13:27:05 UTC,24,28,3.89,0.67,32.5,55.8,Safe
2026-04-28 13:27:15 UTC,24,26,3.95,0.68,32.5,55.8,Safe
2026-04-28 13:27:25 UTC,24,26,3.98,0.68,32.5,55.7,Safe
2026-04-28 13:27:35 UTC,24,27,3.84,0.65,32.4,55.8,Safe
2026-04-28 13:27:45 UTC,24,27,3.97,0.68,32.5,55.8,Safe
2026-04-28 13:27:55 UTC,24,27,3.89,0.67,32.5,55.8,Safe
2026-04-28 13:28:05 UTC,24,29,3.97,0.68,32.5,55.8,Safe
2026-04-28 13:28:15 UTC,23,27,3.9,0.67,32.5,55.7,Safe
2026-04-28 13:28:25 UTC,24,28,3.95,0.68,32.5,55.8,Safe
2026-04-28 13:28:35 UTC,23,27,3.87,0.67,32.5,55.9,Safe
2026-04-28 13:28:45 UTC,24,28,3.97,0.68,32.5,55.8,Safe
2026-04-28 13:28:55 UTC,26,27,3.97,0.69,32.5,55.9,Safe
2026-04-28 13:29:05 UTC,25,26,3.97,0.68,32.5,55.8,Safe
2026-04-28 13:29:15 UTC,24,24,3.95,0.68,32.5,55.7,Safe
2026-04-28 13:29:25 UTC,24,26,3.89,0.67,32.5,55.8,Safe
2026-04-28 13:29:35 UTC,23,26,3.97,0.68,32.5,55.9,Safe
2026-04-28 13:29:45 UTC,23,25,3.87,0.67,32.5,55.9,Safe
2026-04-28 13:29:55 UTC,23,25,3.98,0.68,32.5,56,Safe
2026-04-28 13:30:05 UTC,22,25,3.89,0.67,32.5,56.1,Safe
2026-04-28 13:30:15 UTC,22,26,3.98,0.68,32.5,56.2,Safe
2026-04-28 13:30:25 UTC,21,24,3.88,0.67,32.5,56,Safe
2026-04-28 13:30:35 UTC,22,24,3.97,0.68,32.4,55.9,Safe
2026-04-28 13:30:45 UTC,22,25,3.87,0.67,32.5,56,Safe
2026-04-28 13:30:55 UTC,22,27,3.95,0.68,32.5,56,Safe
2026-04-28 13:31:05 UTC,23,27,3.98,0.68,32.6,56,Safe
2026-04-28 13:31:15 UTC,22,25,3.86,0.67,32.6,55.8,Safe
2026-04-28 13:31:25 UTC,24,27,3.94,0.68,32.6,55.8,Safe
2026-04-28 13:31:35 UTC,26,29,3.9,0.67,32.6,55.8,Safe
2026-04-28 13:31:45 UTC,27,29,3.98,0.68,32.6,55.8,Safe
2026-04-28 13:31:55 UTC,27,28,3.89,0.67,32.6,55.9,Safe
2026-04-28 13:32:05 UTC,27,28,3.97,0.68,32.6,56,Safe
2026-04-28 13:32:15 UTC,28,32,3.88,0.67,32.6,55.9,Safe
2026-04-28 13:32:25 UTC,28,34,3.97,0.68,32.6,56.1,Safe
2026-04-28 13:32:35 UTC,30,35,3.99,0.68,32.7,56,Safe
2026-04-28 13:32:45 UTC,30,35,3.9,0.67,32.6,56.4,Safe
2026-04-28 13:32:55 UTC,30,36,3.96,0.68,32.6,56.4,Safe
2026-04-28 13:33:05 UTC,30,35,3.86,0.67,32.6,56.4,Safe
2026-04-28 13:33:15 UTC,28,32,3.98,0.68,32.7,56.3,Safe
2026-04-28 13:33:25 UTC,29,34,3.91,0.67,32.7,56.3,Safe
2026-04-28 13:33:35 UTC,29,35,3.98,0.68,32.7,56.1,Safe
2026-04-28 13:33:45 UTC,29,33,3.9,0.67,32.7,55.9,Safe
2026-04-28 13:33:55 UTC,29,32,3.95,0.68,32.7,55.9,Safe
2026-04-28 13:34:05 UTC,28,31,3.97,0.68,32.7,56,Safe
2026-04-28 13:34:15 UTC,31,34,3.99,0.68,32.7,56.3,Safe
2026-04-28 13:34:25 UTC,44,53,3.91,0.67,32.8,56.2,Safe
2026-04-28 13:34:35 UTC,51,63,3.9,0.67,32.8,56.2,Caution
2026-04-28 13:34:45 UTC,51,65,3.96,0.68,32.8,56.2,Caution
2026-04-28 13:34:55 UTC,51,65,3.86,0.67,32.8,55.7,Caution
2026-04-28 13:35:05 UTC,50,64,3.95,0.68,32.7,55.5,Safe
2026-04-28 13:35:15 UTC,46,60,3.89,0.67,32.8,55.6,Safe
2026-04-28 13:35:25 UTC,41,52,3.94,0.68,32.7,55.6,Safe
2026-04-28 13:35:35 UTC,38,47,3.85,0.67,32.8,55.7,Safe
2026-04-28 13:35:45 UTC,33,42,3.97,0.68,32.8,55.8,Safe
2026-04-28 13:35:55 UTC,33,39,3.89,0.67,32.8,55.9,Safe
2026-04-28 13:36:05 UTC,33,38,3.97,0.68,32.9,56.3,Safe
2026-04-28 13:36:15 UTC,36,46,3.97,0.68,32.9,56,Safe
2026-04-28 13:36:25 UTC,42,51,3.86,0.67,32.8,55.7,Safe
2026-04-28 13:36:35 UTC,44,54,3.98,0.68,32.9,55.7,Safe
2026-04-28 13:36:45 UTC,47,57,3.89,0.67,32.9,55.7,Safe
2026-04-28 13:36:55 UTC,51,63,3.95,0.68,33,55.7,Caution
2026-04-28 13:37:05 UTC,50,63,3.9,0.67,33,55.6,Safe
2026-04-28 13:37:15 UTC,49,64,3.97,0.68,33,55.6,Safe
2026-04-28 13:37:25 UTC,47,59,3.91,0.67,33.1,55.6,Safe
2026-04-28 13:37:35 UTC,43,54,3.97,0.69,33.1,55.2,Safe
2026-04-28 13:37:45 UTC,41,51,3.94,0.68,33,54.7,Safe
2026-04-28 13:37:55 UTC,38,45,3.89,0.67,33,54.9,Safe
2026-04-28 13:38:05 UTC,34,41,3.97,0.68,33,55.1,Safe
2026-04-28 13:38:15 UTC,33,36,3.9,0.67,33,54.9,Safe
2026-04-28 13:38:25 UTC,30,32,3.98,0.68,33.1,54.9,Safe
2026-04-28 13:38:35 UTC,30,33,3.87,0.67,33.1,54.9,Safe
2026-04-28 13:38:45 UTC,30,33,3.98,0.68,33.1,55.1,Safe
2026-04-28 13:38:55 UTC,29,33,3.88,0.67,33.2,55.3,Safe
2026-04-28 13:39:05 UTC,29,32,3.98,0.68,33.2,55.2,Safe
2026-04-28 13:39:15 UTC,29,31,3.97,0.69,33.3,55,Safe
2026-04-28 13:39:25 UTC,29,31,3.97,0.68,33.3,54.7,Safe
2026-04-28 13:39:35 UTC,28,31,3.86,0.67,33.2,54.7,Safe
2026-04-28 13:39:45 UTC,30,31,3.89,0.67,33.3,54.8,Safe
2026-04-28 13:39:55 UTC,31,33,3.99,0.68,33.3,54.8,Safe
2026-04-28 13:40:05 UTC,29,31,3.9,0.67,33.4,54.7,Safe
2026-04-28 13:40:15 UTC,28,33,4,0.69,33.4,54.7,Safe
2026-04-28 13:40:25 UTC,33,42,3.9,0.67,33.4,54.7,Safe
2026-04-28 13:40:35 UTC,44,54,4,0.69,33.5,54.7,Safe
2026-04-28 13:40:45 UTC,50,63,3.89,0.67,33.5,54.8,Safe
2026-04-28 13:40:55 UTC,55,68,3.98,0.69,33.5,54.8,Caution
2026-04-28 13:41:05 UTC,52,66,3.9,0.67,33.5,54.7,Caution
2026-04-28 13:41:15 UTC,48,60,3.98,0.69,33.5,54.8,Safe
2026-04-28 13:41:25 UTC,43,52,3.98,0.69,33.6,54.8,Safe
2026-04-28 13:41:35 UTC,38,47,3.91,0.67,33.6,54.9,Safe
2026-04-28 13:41:45 UTC,33,42,3.99,0.69,33.6,54.7,Safe
2026-04-28 13:41:55 UTC,32,38,3.86,0.67,33.6,54.8,Safe
2026-04-28 13:42:05 UTC,30,36,3.98,0.68,33.6,54.7,Safe
2026-04-28 13:42:15 UTC,30,34,3.9,0.67,33.6,54.4,Safe
2026-04-28 13:42:25 UTC,29,33,3.98,0.68,33.6,54.5,Safe
2026-04-28 13:42:35 UTC,29,33,3.88,0.67,33.6,54.3,Safe
2026-04-28 13:42:45 UTC,29,33,3.98,0.69,33.6,54.5,Safe
2026-04-28 13:42:55 UTC,30,33,3.98,0.69,33.6,54.3,Safe
2026-04-28 13:43:05 UTC,30,32,3.96,0.68,33.7,54.3,Safe
2026-04-28 13:43:15 UTC,31,34,3.95,0.68,33.7,54.3,Safe
2026-04-28 13:43:25 UTC,32,36,3.91,0.67,33.7,54.2,Safe
2026-04-28 13:43:35 UTC,32,37,3.97,0.68,33.7,54.1,Safe
2026-04-28 13:43:45 UTC,31,34,3.89,0.67,33.7,54.2,Safe
2026-04-28 13:43:55 UTC,33,37,3.97,0.68,33.8,54.3,Safe
2026-04-28 13:44:05 UTC,35,41,3.9,0.67,33.8,54.3,Safe
2026-04-28 13:44:15 UTC,35,42,3.99,0.68,33.8,54.1,Safe
2026-04-28 13:44:25 UTC,35,40,3.98,0.68,33.9,54,Safe
2026-04-28 13:44:35 UTC,32,37,3.98,0.68,33.9,54.2,Safe
2026-04-28 13:44:45 UTC,30,36,3.9,0.67,33.9,54.2,Safe
2026-04-28 13:44:55 UTC,30,34,3.9,0.67,34,54.4,Safe
2026-04-28 13:45:05 UTC,30,35,4,0.69,34,54.4,Safe
2026-04-28 13:45:15 UTC,32,38,3.9,0.67,34,54.4,Safe
2026-04-28 13:45:25 UTC,33,39,3.98,0.69,34.1,54.2,Safe
2026-04-28 13:45:35 UTC,33,39,3.9,0.67,34.1,54,Safe
2026-04-28 13:45:45 UTC,32,36,3.97,0.68,34.1,53.9,Safe
2026-04-28 13:45:55 UTC,32,36,3.89,0.67,34.1,54.4,Safe
2026-04-28 13:46:05 UTC,32,35,3.99,0.69,34.1,54.7,Safe
2026-04-28 13:46:15 UTC,31,36,3.9,0.67,34.1,54.5,Safe
2026-04-28 13:46:25 UTC,29,34,3.97,0.68,34.1,54.1,Safe
2026-04-28 13:46:35 UTC,28,33,3.95,0.68,34.2,54.1,Safe
2026-04-28 13:46:45 UTC,28,30,3.9,0.67,34.2,53.9,Safe
2026-04-28 13:46:55 UTC,28,32,4,0.68,34.2,53.9,Safe
2026-04-28 13:47:05 UTC,27,31,3.9,0.67,34.2,53.9,Safe
2026-04-28 13:47:15 UTC,27,29,3.98,0.68,34.2,54.2,Safe
2026-04-28 13:47:25 UTC,27,28,3.92,0.67,34.2,54.2,Safe
2026-04-28 13:47:35 UTC,28,28,3.99,0.69,34.2,53.9,Safe
2026-04-28 13:47:45 UTC,30,31,3.91,0.67,34.3,53.9,Safe
2026-04-28 13:47:55 UTC,31,33,3.98,0.68,34.2,53.9,Safe
2026-04-28 13:48:05 UTC,30,31,3.94,0.68,34.3,53.6,Safe
2026-04-28 13:48:15 UTC,31,33,3.9,0.67,34.3,53.6,Safe
2026-04-28 13:48:25 UTC,30,32,3.99,0.69,34.3,53.5,Safe
2026-04-28 13:48:35 UTC,30,33,3.86,0.67,34.3,53.5,Safe
2026-04-28 13:48:45 UTC,32,34,3.97,0.68,34.3,53.5,Safe
2026-04-28 13:48:55 UTC,32,36,3.93,0.67,34.2,53.5,Safe
2026-04-28 13:49:05 UTC,32,34,3.98,0.69,34.3,53.4,Safe
2026-04-28 13:49:15 UTC,30,33,3.89,0.67,34.2,53.3,Safe
2026-04-28 13:49:25 UTC,30,32,3.97,0.68,34.2,53.4,Safe
2026-04-28 13:49:35 UTC,28,29,3.99,0.68,34.2,53.6,Safe
2026-04-28 13:49:45 UTC,28,29,3.98,0.68,34.2,53.7,Safe
2026-04-28 13:49:55 UTC,27,30,3.97,0.68,34.2,53.8,Safe
2026-04-28 13:50:05 UTC,27,29,3.9,0.67,34.2,53.6,Safe
2026-04-28 13:50:15 UTC,28,29,3.99,0.68,34.2,53.6,Safe
2026-04-28 13:50:25 UTC,28,29,3.91,0.67,34.2,53.4,Safe
2026-04-28 13:50:35 UTC,29,29,3.96,0.69,34.2,53.1,Safe
2026-04-28 13:50:45 UTC,27,27,3.9,0.67,34.2,53.2,Safe
2026-04-28 13:50:55 UTC,27,29,3.98,0.69,34.2,53.4,Safe
2026-04-28 13:51:05 UTC,27,28,3.89,0.67,34.2,53.4,Safe
2026-04-28 13:51:15 UTC,27,28,3.98,0.68,34.1,53.3,Safe
2026-04-28 13:51:25 UTC,28,29,3.88,0.67,34.1,53.2,Safe
2026-04-28 13:51:35 UTC,26,28,3.98,0.69,34,53.3,Safe
2026-04-28 13:51:45 UTC,27,31,3.98,0.68,34,53.3,Safe
2026-04-28 13:51:55 UTC,27,30,3.84,0.67,33.9,53.4,Safe
2026-04-28 13:52:05 UTC,26,28,3.94,0.68,33.9,53.4,Safe
2026-04-28 13:52:15 UTC,24,26,3.9,0.67,33.9,53.9,Safe
2026-04-28 13:52:25 UTC,24,28,3.98,0.68,33.9,53.9,Safe
2026-04-28 13:52:35 UTC,25,29,3.9,0.67,33.9,53.9,Safe
2026-04-28 13:52:45 UTC,25,30,3.98,0.68,33.9,54.1,Safe
2026-04-28 13:52:55 UTC,25,28,3.87,0.67,33.9,54.1,Safe
2026-04-28 13:53:05 UTC,25,28,4,0.68,33.8,54,Safe
2026-04-28 13:53:15 UTC,25,28,3.99,0.69,33.8,54,Safe
2026-04-28 13:53:25 UTC,25,28,3.87,0.67,33.8,54,Safe
2026-04-28 13:53:35 UTC,26,28,3.98,0.69,33.8,54,Safe
2026-04-28 13:53:45 UTC,26,28,3.9,0.67,33.8,54.1,Safe
2026-04-28 13:53:55 UTC,26,28,3.97,0.68,33.8,54.2,Safe
2026-04-28 13:54:05 UTC,26,29,3.9,0.67,33.8,54.4,Safe
2026-04-28 13:54:15 UTC,29,35,3.95,0.68,33.9,54.5,Safe
2026-04-28 13:54:25 UTC,32,38,3.88,0.67,33.9,54.9,Safe
2026-04-28 13:54:35 UTC,33,39,3.99,0.69,33.9,54.9,Safe
2026-04-28 13:54:45 UTC,35,46,3.89,0.67,34,55.1,Safe
2026-04-28 13:54:55 UTC,35,45,3.98,0.69,33.9,55.3,Safe
2026-04-28 13:55:05 UTC,36,45,3.87,0.67,33.9,55.3,Safe
2026-04-28 13:55:15 UTC,36,44,3.89,0.67,34,55.4,Safe
2026-04-28 13:55:25 UTC,36,42,3.93,0.68,34,55,Safe
2026-04-28 13:55:35 UTC,35,40,3.89,0.67,34,54.5,Safe
2026-04-28 13:55:45 UTC,33,37,3.97,0.69,33.9,54.2,Safe
2026-04-28 13:55:55 UTC,30,31,3.91,0.67,33.9,54,Safe
2026-04-28 13:56:05 UTC,28,31,3.98,0.69,33.9,53.9,Safe
2026-04-28 13:56:15 UTC,28,33,3.89,0.67,33.9,53.8,Safe
2026-04-28 13:56:25 UTC,28,31,3.97,0.68,33.9,53.9,Safe
2026-04-28 13:56:35 UTC,26,29,3.89,0.67,33.8,54,Safe
2026-04-28 13:56:45 UTC,25,28,3.96,0.68,33.8,54,Safe
2026-04-28 13:56:55 UTC,24,26,3.97,0.68,33.8,54,Safe
2026-04-28 13:57:05 UTC,25,27,3.87,0.67,33.8,54.2,Safe
2026-04-28 13:57:15 UTC,26,28,3.98,0.68,33.8,54.7,Safe
2026-04-28 13:57:25 UTC,25,27,3.89,0.67,33.9,54.6,Safe
2026-04-28 13:57:35 UTC,25,26,3.97,0.68,33.9,54.5,Safe
2026-04-28 13:57:45 UTC,24,25,3.9,0.67,33.9,54.3,Safe
2026-04-28 13:57:55 UTC,26,28,3.96,0.68,33.9,54.1,Safe
2026-04-28 13:58:05 UTC,26,29,3.89,0.67,33.9,54,Safe
2026-04-28 13:58:15 UTC,25,26,3.98,0.68,33.9,54,Safe
2026-04-28 13:58:25 UTC,25,27,3.98,0.68,33.9,54,Safe
2026-04-28 13:58:35 UTC,27,28,3.97,0.68,33.9,54.4,Safe
2026-04-28 13:58:45 UTC,28,28,3.98,0.69,34,54.3,Safe
2026-04-28 13:58:55 UTC,30,32,3.87,0.67,34,54.4,Safe
2026-04-28 13:59:05 UTC,30,32,3.94,0.68,34,54.2,Safe
2026-04-28 13:59:15 UTC,30,30,3.9,0.67,34,54,Safe
2026-04-28 13:59:25 UTC,30,30,3.98,0.69,34,53.7,Safe
2026-04-28 13:59:35 UTC,30,32,3.85,0.67,34,54.1,Safe
2026-04-28 13:59:45 UTC,30,32,3.98,0.68,33.9,53.8,Safe
2026-04-28 13:59:55 UTC,29,30,3.89,0.67,33.9,54.1,Safe
2026-04-28 14:00:05 UTC,27,31,3.98,0.68,33.9,54.1,Safe
2026-04-28 14:00:15 UTC,28,32,3.89,0.67,33.9,54.1,Safe
2026-04-28 14:00:25 UTC,29,35,3.89,0.67,33.9,54.2,Safe
2026-04-28 14:00:35 UTC,28,34,3.96,0.68,34,54.3,Safe
2026-04-28 14:00:45 UTC,29,34,3.89,0.67,33.9,54.2,Safe
2026-04-28 14:00:55 UTC,30,34,3.97,0.68,33.9,54.4,Safe
2026-04-28 14:01:05 UTC,30,32,3.86,0.67,34,54.7,Safe
2026-04-28 14:01:15 UTC,29,31,3.99,0.68,33.9,54.4,Safe
2026-04-28 14:01:25 UTC,28,29,3.87,0.67,33.9,54.1,Safe
2026-04-28 14:01:35 UTC,27,30,3.94,0.68,34,54,Safe
2026-04-28 14:01:45 UTC,26,29,3.87,0.67,34,54,Safe
2026-04-28 14:01:55 UTC,26,29,3.93,0.68,33.9,53.7,Safe
2026-04-28 14:02:05 UTC,26,30,3.98,0.68,33.9,53.5,Safe
2026-04-28 14:02:15 UTC,27,30,3.85,0.67,33.9,53.6,Safe
2026-04-28 14:02:25 UTC,27,30,3.98,0.68,33.9,53.6,Safe
2026-04-28 14:02:35 UTC,27,30,3.86,0.67,33.8,53.4,Safe
2026-04-28 14:02:45 UTC,25,28,3.98,0.68,33.8,53.3,Safe
2026-04-28 14:02:55 UTC,26,29,3.9,0.67,33.8,53.5,Safe
2026-04-28 14:03:05 UTC,25,30,3.98,0.68,33.8,53.5,Safe
2026-04-28 14:03:15 UTC,25,27,3.88,0.67,33.8,53.6,Safe
2026-04-28 14:03:25 UTC,25,26,3.96,0.68,33.8,53.5,Safe
2026-04-28 14:03:35 UTC,27,28,3.97,0.68,33.7,53.5,Safe
2026-04-28 14:03:45 UTC,27,29,3.97,0.68,33.7,53.5,Safe
2026-04-28 14:03:55 UTC,25,27,3.97,0.68,33.7,53.4,Safe
2026-04-28 14:04:05 UTC,24,25,3.9,0.67,33.7,53.5,Safe
2026-04-28 14:04:15 UTC,25,29,3.97,0.68,33.6,53.7,Safe
2026-04-28 14:04:25 UTC,25,30,3.88,0.67,33.7,54,Safe
2026-04-28 14:04:35 UTC,25,30,3.98,0.68,33.6,54.1,Safe
2026-04-28 14:04:45 UTC,25,28,3.86,0.67,33.6,54.3,Safe
2026-04-28 14:04:55 UTC,24,28,3.97,0.68,33.6,54.1,Safe
2026-04-28 14:05:05 UTC,24,29,3.88,0.67,33.6,54.1,Safe
2026-04-28 14:05:15 UTC,24,28,3.97,0.68,33.5,54.1,Safe
2026-04-28 14:05:25 UTC,24,27,3.86,0.67,33.6,54.1,Safe
2026-04-28 14:05:35 UTC,24,27,3.88,0.67,33.6,54.1,Safe
2026-04-28 14:05:45 UTC,25,27,3.97,0.68,33.6,54.1,Safe
2026-04-28 14:05:55 UTC,25,28,3.88,0.67,33.6,54.1,Safe
2026-04-28 14:06:05 UTC,25,27,3.97,0.68,33.6,54.1,Safe
2026-04-28 14:06:15 UTC,26,26,3.88,0.67,33.6,54,Safe
2026-04-28 14:06:25 UTC,25,25,3.97,0.68,33.6,54.1,Safe
2026-04-28 14:06:35 UTC,25,25,3.86,0.67,33.5,54,Safe
2026-04-28 14:06:45 UTC,25,26,3.97,0.68,33.5,54.4,Safe
2026-04-28 14:06:55 UTC,25,27,3.87,0.67,33.5,54.3,Safe
2026-04-28 14:07:05 UTC,25,27,3.95,0.68,33.5,54.3,Safe
2026-04-28 14:07:15 UTC,24,26,3.96,0.68,33.5,54.3,Safe
2026-04-28 14:07:25 UTC,24,26,3.9,0.67,33.4,54.2,Safe
2026-04-28 14:07:35 UTC,23,25,3.97,0.68,33.4,54.1,Safe
2026-04-28 14:07:45 UTC,23,26,3.88,0.67,33.4,54.1,Safe
2026-04-28 14:07:55 UTC,22,25,3.98,0.68,33.4,54.1,Safe
2026-04-28 14:08:05 UTC,23,26,3.89,0.67,33.4,54.2,Safe
2026-04-28 14:08:15 UTC,23,25,3.98,0.68,33.4,54.3,Safe
2026-04-28 14:08:25 UTC,21,23,3.86,0.67,33.4,54.5,Safe
2026-04-28 14:08:35 UTC,21,22,3.96,0.68,33.3,54.7,Safe
2026-04-28 14:08:45 UTC,22,22,3.98,0.68,33.3,54.7,Safe
2026-04-28 14:08:55 UTC,23,25,3.98,0.68,33.3,54.8,Safe
2026-04-28 14:09:05 UTC,23,25,3.99,0.68,33.3,54.9,Safe
2026-04-28 14:09:15 UTC,24,26,3.89,0.67,33.3,54.9,Safe
2026-04-28 14:09:25 UTC,25,28,3.98,0.68,33.4,54.9,Safe
2026-04-28 14:09:35 UTC,26,28,3.89,0.67,33.4,54.8,Safe
2026-04-28 14:09:45 UTC,27,28,3.95,0.68,33.4,55,Safe
2026-04-28 14:09:55 UTC,26,27,3.89,0.67,33.5,55.3,Safe
2026-04-28 14:10:05 UTC,26,26,3.98,0.68,33.5,55.3,Safe
2026-04-28 14:10:15 UTC,27,29,3.89,0.67,33.6,55.3,Safe
2026-04-28 14:10:25 UTC,29,32,3.95,0.68,33.6,55.3,Safe
2026-04-28 14:10:35 UTC,31,36,3.9,0.67,33.6,55.4,Safe
2026-04-28 14:10:45 UTC,35,42,3.89,0.67,33.6,55.5,Safe
2026-04-28 14:10:55 UTC,38,47,3.98,0.68,33.7,55.6,Safe
2026-04-28 14:11:05 UTC,42,53,3.89,0.67,33.7,55.6,Safe
2026-04-28 14:11:15 UTC,46,58,3.97,0.68,33.7,54.7,Safe
2026-04-28 14:11:25 UTC,48,60,3.89,0.67,33.6,54.2,Safe
2026-04-28 14:11:35 UTC,47,59,3.97,0.69,33.5,54.1,Safe
2026-04-28 14:11:45 UTC,44,57,3.89,0.67,33.4,53.8,Safe
2026-04-28 14:11:55 UTC,39,49,3.95,0.68,33.4,54,Safe
2026-04-28 14:12:05 UTC,33,41,3.88,0.67,33.4,54,Safe
2026-04-28 14:12:15 UTC,32,37,3.97,0.68,33.4,54.1,Safe
2026-04-28 14:12:25 UTC,30,35,3.97,0.68,33.4,54.2,Safe
2026-04-28 14:12:35 UTC,26,32,3.89,0.67,33.4,54.3,Safe
2026-04-28 14:12:45 UTC,25,29,3.97,0.68,33.4,54.5,Safe
2026-04-28 14:12:55 UTC,25,28,3.89,0.67,33.4,54.5,Safe
2026-04-28 14:13:05 UTC,26,30,3.94,0.68,33.5,54.5,Safe
2026-04-28 14:13:15 UTC,26,28,3.88,0.67,33.5,54.3,Safe
2026-04-28 14:13:25 UTC,26,27,3.98,0.68,33.5,54,Safe
2026-04-28 14:13:35 UTC,25,27,3.89,0.67,33.5,53.8,Safe
2026-04-28 14:13:45 UTC,23,26,3.98,0.68,33.4,53.7,Safe
2026-04-28 14:13:55 UTC,24,25,3.96,0.68,33.4,53.8,Safe
2026-04-28 14:14:05 UTC,25,27,3.97,0.68,33.4,53.9,Safe
2026-04-28 14:14:15 UTC,25,28,3.98,0.68,33.5,54,Safe
2026-04-28 14:14:25 UTC,25,27,3.89,0.67,33.4,53.9,Safe
2026-04-28 14:14:35 UTC,25,26,3.97,0.68,33.4,53.8,Safe
2026-04-28 14:14:45 UTC,24,26,3.89,0.67,33.4,53.7,Safe
2026-04-28 14:14:55 UTC,23,26,3.94,0.68,33.4,53.9,Safe
2026-04-28 14:15:05 UTC,23,26,3.86,0.67,33.4,53.9,Safe
2026-04-28 14:15:15 UTC,21,25,3.98,0.68,33.4,53.9,Safe
2026-04-28 14:15:25 UTC,21,25,3.89,0.67,33.4,53.9,Safe
2026-04-28 14:15:35 UTC,20,24,3.98,0.68,33.5,53.8,Safe
2026-04-28 14:15:45 UTC,20,23,3.89,0.67,33.5,54,Safe
2026-04-28 14:15:55 UTC,20,24,3.95,0.68,33.5,53.9,Safe
2026-04-28 14:16:05 UTC,20,23,3.95,0.68,33.5,53.9,Safe
2026-04-28 14:16:15 UTC,22,25,3.88,0.67,33.5,53.7,Safe
2026-04-28 14:16:25 UTC,25,28,3.94,0.68,33.6,53.6,Safe
2026-04-28 14:16:35 UTC,26,31,3.89,0.67,33.5,53.5,Safe
2026-04-28 14:16:45 UTC,26,28,3.98,0.69,33.6,53.5,Safe
2026-04-28 14:16:55 UTC,26,31,3.89,0.67,33.6,53.4,Safe
2026-04-28 14:17:05 UTC,24,29,3.98,0.68,33.6,53.3,Safe
2026-04-28 14:17:15 UTC,23,25,3.9,0.67,33.6,53.2,Safe
2026-04-28 14:17:25 UTC,22,23,3.94,0.68,33.6,53.3,Safe
2026-04-28 14:17:35 UTC,22,24,3.98,0.68,33.6,53.3,Safe
2026-04-28 14:17:45 UTC,22,24,3.88,0.67,33.6,53.4,Safe
2026-04-28 14:17:55 UTC,23,25,3.98,0.68,33.6,53.5,Safe
2026-04-28 14:18:05 UTC,23,24,3.84,0.67,33.6,53.6,Safe
2026-04-28 14:18:15 UTC,22,24,3.96,0.68,33.6,53.8,Safe
2026-04-28 14:18:25 UTC,27,30,3.89,0.67,33.6,53.8,Safe
2026-04-28 14:18:35 UTC,31,35,3.97,0.68,33.7,53.8,Safe
2026-04-28 14:18:45 UTC,35,42,3.89,0.67,33.8,53.8,Safe
2026-04-28 14:18:55 UTC,39,49,3.97,0.68,33.8,53.8,Safe
2026-04-28 14:19:05 UTC,37,47,3.96,0.68,33.8,53.7,Safe
2026-04-28 14:19:15 UTC,35,42,3.95,0.68,33.9,53.7,Safe
2026-04-28 14:19:25 UTC,31,37,3.95,0.68,33.9,53.9,Safe
2026-04-28 14:19:35 UTC,30,35,3.91,0.67,34,53.7,Safe
2026-04-28 14:19:45 UTC,27,29,3.95,0.68,34,53.5,Safe
2026-04-28 14:19:55 UTC,25,26,3.89,0.67,34,53.4,Safe
2026-04-28 14:20:05 UTC,23,25,3.98,0.68,34,53.3,Safe
2026-04-28 14:20:15 UTC,21,24,3.9,0.67,33.9,53.3,Safe
2026-04-28 14:20:25 UTC,22,24,3.95,0.68,33.9,53.5,Safe
2026-04-28 14:20:35 UTC,24,25,3.89,0.67,33.9,53.6,Safe
2026-04-28 14:20:45 UTC,22,25,3.98,0.68,33.8,53.6,Safe
2026-04-28 14:20:55 UTC,22,25,3.89,0.67,33.9,53.5,Safe
2026-04-28 14:21:05 UTC,20,22,3.87,0.67,34.1,53.5,Safe
2026-04-28 14:21:15 UTC,21,22,3.99,0.68,34.1,53.3,Safe
2026-04-28 14:21:25 UTC,22,23,3.9,0.67,34.3,53.2,Safe
2026-04-28 14:21:35 UTC,23,24,3.98,0.68,34.4,53.1,Safe
2026-04-28 14:21:45 UTC,21,23,3.89,0.67,34.5,53.1,Safe
2026-04-28 14:21:55 UTC,21,22,3.97,0.68,34.7,52.8,Safe
2026-04-28 14:22:05 UTC,22,23,3.9,0.67,34.8,52.9,Safe
2026-04-28 14:22:15 UTC,22,24,3.97,0.68,35,52.8,Safe
2026-04-28 14:22:25 UTC,23,26,3.89,0.67,35,52.6,Safe
2026-04-28 14:22:35 UTC,24,25,3.98,0.68,34.9,52.4,Safe
2026-04-28 14:22:45 UTC,25,26,3.98,0.68,34.8,52.2,Safe
2026-04-28 14:22:55 UTC,24,25,3.9,0.67,34.7,52.2,Safe
2026-04-28 14:23:05 UTC,24,25,3.98,0.68,34.6,52.3,Safe
2026-04-28 14:23:15 UTC,23,25,3.89,0.67,34.6,52.4,Safe
2026-04-28 14:23:25 UTC,20,26,3.97,0.68,34.5,52.4,Safe
2026-04-28 14:23:35 UTC,21,26,3.88,0.67,34.3,52.4,Safe
2026-04-28 14:23:45 UTC,23,25,3.98,0.68,34.1,52.9,Safe
2026-04-28 14:23:55 UTC,21,25,3.87,0.67,34.1,53.2,Safe
2026-04-28 14:24:05 UTC,21,24,3.95,0.68,34,53.5,Safe
2026-04-28 14:24:15 UTC,23,24,3.99,0.68,33.9,53.4,Safe
2026-04-28 14:24:25 UTC,24,26,3.98,0.68,34,53.6,Safe
2026-04-28 14:24:35 UTC,24,26,3.98,0.68,34,53.8,Safe
2026-04-28 14:24:45 UTC,22,25,3.9,0.67,34,53.9,Safe
2026-04-28 14:24:55 UTC,20,23,3.98,0.68,34,53.7,Safe
2026-04-28 14:25:05 UTC,21,26,3.89,0.67,33.9,53.5,Safe
2026-04-28 14:25:15 UTC,23,26,3.98,0.68,33.8,53.4,Safe
2026-04-28 14:25:25 UTC,22,25,3.89,0.67,33.7,53.8,Safe
2026-04-28 14:25:35 UTC,23,24,3.99,0.68,33.7,53.9,Safe
2026-04-28 14:25:45 UTC,23,26,3.88,0.67,33.7,53.9,Safe
2026-04-28 14:25:55 UTC,26,29,3.97,0.68,33.7,54.2,Safe
2026-04-28 14:26:05 UTC,28,32,3.89,0.67,33.7,54.3,Safe
2026-04-28 14:26:15 UTC,30,35,3.97,0.68,33.7,54.3,Safe
2026-04-28 14:26:25 UTC,32,39,3.98,0.68,33.8,54.4,Safe
2026-04-28 14:26:35 UTC,32,40,3.89,0.67,33.9,54.3,Safe
2026-04-28 14:26:45 UTC,32,39,4,0.68,33.9,54.3,Safe
2026-04-28 14:26:55 UTC,31,36,3.9,0.67,33.9,54.4,Safe
2026-04-28 14:27:05 UTC,31,36,3.99,0.69,34,54.3,Safe
2026-04-28 14:27:15 UTC,30,36,3.89,0.67,34,54.2,Safe
2026-04-28 14:27:25 UTC,29,35,3.99,0.69,34,54.2,Safe
2026-04-28 14:27:35 UTC,28,33,3.91,0.67,34.1,54,Safe
2026-04-28 14:27:45 UTC,27,32,3.98,0.69,34,53.4,Safe
2026-04-28 14:27:55 UTC,27,33,3.98,0.68,33.9,53.3,Safe
2026-04-28 14:28:05 UTC,27,32,3.92,0.67,33.9,53.8,Safe
2026-04-28 14:28:15 UTC,27,29,3.97,0.68,33.9,54,Safe
2026-04-28 14:28:25 UTC,26,27,3.9,0.67,34,54.1,Safe
2026-04-28 14:28:35 UTC,27,28,3.99,0.69,34,54.3,Safe
2026-04-28 14:28:45 UTC,29,31,3.9,0.67,34,54.1,Safe
2026-04-28 14:28:55 UTC,32,36,3.99,0.69,34.1,54,Safe
2026-04-28 14:29:05 UTC,33,38,3.9,0.67,34.1,53.9,Safe
2026-04-28 14:29:15 UTC,35,42,3.98,0.69,34.2,53.7,Safe
2026-04-28 14:29:25 UTC,37,45,3.98,0.69,34.2,53.7,Safe
2026-04-28 14:29:35 UTC,38,46,3.99,0.69,34.2,53.7,Safe
2026-04-28 14:29:45 UTC,40,49,3.9,0.67,34.3,53.9,Safe
2026-04-28 14:29:55 UTC,41,50,3.87,0.67,34.3,54.1,Safe
2026-04-28 14:30:05 UTC,40,51,3.95,0.68,34.3,54,Safe
2026-04-28 14:30:15 UTC,39,49,3.89,0.67,34.4,53.7,Safe
2026-04-28 14:30:25 UTC,42,50,3.97,0.68,34.4,53.7,Safe
2026-04-28 14:30:35 UTC,41,50,3.9,0.67,34.3,53.2,Safe
2026-04-28 14:30:45 UTC,37,45,3.98,0.68,34.3,53.2,Safe
2026-04-28 14:30:55 UTC,34,43,3.89,0.67,34.2,53.5,Safe
2026-04-28 14:31:05 UTC,32,39,3.98,0.69,34.3,53.6,Safe
2026-04-28 14:31:15 UTC,33,41,3.91,0.67,34.3,53.4,Safe
2026-04-28 14:31:25 UTC,32,38,3.99,0.69,34.4,53.3,Safe
2026-04-28 14:31:35 UTC,32,39,3.97,0.69,34.6,53,Safe
2026-04-28 14:31:45 UTC,34,43,3.91,0.67,34.9,52.7,Safe
2026-04-28 14:31:55 UTC,37,45,3.99,0.68,35,52.4,Safe
2026-04-28 14:32:05 UTC,35,42,3.89,0.67,35,52.2,Safe
2026-04-28 14:32:15 UTC,35,44,4.01,0.68,35.1,52.2,Safe
2026-04-28 14:32:25 UTC,35,41,3.88,0.67,35.2,52.2,Safe
2026-04-28 14:32:35 UTC,35,43,4,0.69,35.2,52,Safe
2026-04-28 14:32:45 UTC,33,39,3.9,0.68,35.2,52.1,Safe
2026-04-28 14:32:55 UTC,31,34,3.95,0.68,35.2,51.9,Safe
2026-04-28 14:33:05 UTC,28,31,3.99,0.69,35.2,51.6,Safe
2026-04-28 14:33:15 UTC,27,29,3.91,0.67,35.2,51.5,Safe
2026-04-28 14:33:25 UTC,26,28,3.99,0.68,35.2,51.5,Safe
2026-04-28 14:33:35 UTC,25,28,3.91,0.67,35.1,51.4,Safe
2026-04-28 14:33:45 UTC,27,29,4,0.69,35.1,51.8,Safe
2026-04-28 14:33:55 UTC,28,28,3.9,0.67,35.1,51.8,Safe
2026-04-28 14:34:05 UTC,29,33,3.96,0.68,35.1,52,Safe
2026-04-28 14:34:15 UTC,30,36,3.88,0.67,35.1,51.9,Safe
2026-04-28 14:34:25 UTC,29,33,3.99,0.68,35.1,51.9,Safe
2026-04-28 14:34:35 UTC,30,35,4,0.69,35.1,51.9,Safe
2026-04-28 14:34:45 UTC,31,36,3.96,0.68,35.1,51.9,Safe
2026-04-28 14:34:55 UTC,30,34,3.89,0.67,35.1,52,Safe
2026-04-28 14:35:05 UTC,30,34,3.87,0.67,35.1,51.9,Safe
2026-04-28 14:35:15 UTC,30,35,3.99,0.69,34.9,51.5,Safe
2026-04-28 14:35:25 UTC,29,33,3.9,0.67,34.8,51.3,Safe
2026-04-28 14:35:35 UTC,27,33,3.98,0.69,34.6,51.2,Safe
2026-04-28 14:35:45 UTC,26,32,3.89,0.67,34.4,51.5,Safe
2026-04-28 14:35:55 UTC,24,28,3.97,0.69,34.4,52,Safe
2026-04-28 14:36:05 UTC,23,28,3.89,0.67,34.2,52.6,Safe
2026-04-28 14:36:15 UTC,24,26,4.05,0.7,34.3,52.8,Safe
2026-04-28 14:36:25 UTC,24,26,3.93,0.68,34.4,53.1,Safe
2026-04-28 14:36:35 UTC,23,24,4.05,0.69,34.4,53.3,Safe
2026-04-28 14:36:45 UTC,23,24,4.03,0.69,34.4,53.5,Safe
2026-04-28 14:36:55 UTC,23,25,3.95,0.68,34.4,53.6,Safe
2026-04-28 14:37:05 UTC,22,24,4.03,0.69,34.4,53.6,Safe
2026-04-28 14:37:15 UTC,22,26,4.02,0.69,34.6,53.5,Safe
2026-04-28 14:37:25 UTC,23,27,4.15,0.71,34.6,53.7,Safe
2026-04-28 14:37:35 UTC,23,26,4.04,0.69,34.6,53.5,Safe
2026-04-28 14:37:45 UTC,24,25,4.03,0.69,34.5,53.7,Safe
2026-04-28 14:37:55 UTC,22,24,3.93,0.68,34.5,54,Safe
2026-04-28 14:38:05 UTC,50,95,4.03,0.69,34.5,54.4,Safe
2026-04-28 14:38:15 UTC,110,258,4.03,0.69,34.5,53.9,Hazardous
2026-04-28 14:38:25 UTC,85,184,3.93,0.67,34.4,53.5,Caution
2026-04-28 14:38:35 UTC,62,126,4.03,0.69,34.4,53.2,Caution
2026-04-28 14:38:45 UTC,48,81,3.93,0.68,34.4,53.1,Safe
2026-04-28 14:38:55 UTC,44,70,4.03,0.69,34.4,53.2,Safe
2026-04-28 14:39:05 UTC,42,66,3.93,0.68,34.4,53,Safe
2026-04-28 14:39:15 UTC,39,59,4.02,0.69,34.3,53,Safe
2026-04-28 14:39:25 UTC,38,55,3.94,0.68,34.3,53.1,Safe
2026-04-28 14:39:35 UTC,34,52,4.04,0.69,34.3,53.1,Safe
2026-04-28 14:39:45 UTC,34,48,4.03,0.69,34.3,53.2,Safe
2026-04-28 14:39:55 UTC,33,48,4.02,0.69,34.3,53.1,Safe
2026-04-28 14:40:05 UTC,31,43,4.01,0.69,34.3,52.9,Safe
2026-04-28 14:40:15 UTC,30,42,3.92,0.67,34.2,52.8,Safe
2026-04-28 14:40:25 UTC,28,37,3.99,0.69,34.2,52.9,Safe
2026-04-28 14:40:35 UTC,27,34,3.94,0.68,34.2,53.1,Safe
2026-04-28 14:40:45 UTC,25,31,4.03,0.69,34.1,53.1,Safe
2026-04-28 14:40:55 UTC,23,30,3.93,0.68,34.1,53,Safe
2026-04-28 14:41:05 UTC,23,28,4.03,0.69,34.1,53,Safe
2026-04-28 14:41:15 UTC,23,27,3.93,0.68,34.1,53.1,Safe
2026-04-28 14:41:25 UTC,22,28,4,0.69,34,53.2,Safe
2026-04-28 14:41:35 UTC,21,27,3.94,0.68,34,53.3,Safe
2026-04-28 14:41:45 UTC,20,25,4.03,0.69,34,53.5,Safe
2026-04-28 14:41:55 UTC,21,25,4.03,0.69,34,53.7,Safe
2026-04-28 14:42:05 UTC,22,24,3.93,0.68,34,54,Safe
2026-04-28 14:42:15 UTC,23,25,4.03,0.69,34,54.2,Safe
2026-04-28 14:42:25 UTC,24,26,3.94,0.68,34,54.3,Safe
2026-04-28 14:42:35 UTC,25,29,4.02,0.69,34,54.3,Safe
2026-04-28 14:42:45 UTC,23,27,3.93,0.68,34,54.3,Safe
2026-04-28 14:42:55 UTC,22,24,4.04,0.69,34,54.3,Safe
2026-04-28 14:43:05 UTC,22,25,3.95,0.68,34,54.6,Safe
2026-04-28 14:43:15 UTC,23,27,4.03,0.69,34,54.6,Safe
2026-04-28 14:43:25 UTC,23,27,4.03,0.69,34,54.8,Safe
2026-04-28 14:43:35 UTC,23,26,3.92,0.67,34.1,54.9,Safe
2026-04-28 14:43:45 UTC,23,25,4.03,0.69,34.1,54.9,Safe
2026-04-28 14:43:55 UTC,24,25,3.95,0.68,34,54.8,Safe
2026-04-28 14:44:05 UTC,24,26,4.05,0.69,34,54.7,Safe
2026-04-28 14:44:15 UTC,24,27,3.91,0.67,34.1,54.7,Safe
2026-04-28 14:44:25 UTC,24,25,4.03,0.69,34,54.6,Safe
2026-04-28 14:44:35 UTC,24,26,3.93,0.67,34,54.4,Safe
2026-04-28 14:44:45 UTC,23,23,4.03,0.69,34.1,54.2,Safe
2026-04-28 14:44:55 UTC,23,24,4.04,0.69,34,54.1,Safe
2026-04-28 14:45:05 UTC,23,25,4.03,0.69,34.1,54.1,Safe
2026-04-28 14:45:15 UTC,22,23,3.9,0.67,34.1,54.2,Safe
2026-04-28 14:45:25 UTC,23,24,3.89,0.67,34.1,54.1,Safe
2026-04-28 14:45:35 UTC,23,25,4.03,0.69,34.1,54.1,Safe
2026-04-28 14:45:45 UTC,24,25,3.94,0.68,34.1,54,Safe
2026-04-28 14:45:55 UTC,24,26,4.03,0.69,34.1,54,Safe
2026-04-28 14:46:05 UTC,22,26,3.96,0.68,34.1,53.9,Safe
2026-04-28 14:46:15 UTC,21,25,4.03,0.69,34.1,53.9,Safe
2026-04-28 14:46:25 UTC,20,26,3.99,0.68,34.1,54.2,Safe
2026-04-28 14:46:35 UTC,20,25,4,0.68,34.1,54.2,Safe
2026-04-28 14:46:45 UTC,21,23,3.94,0.68,34,54.1,Safe
2026-04-28 14:46:55 UTC,21,23,4.05,0.69,34.1,54.1,Safe
2026-04-28 14:47:05 UTC,23,24,4.03,0.69,34,54.2,Safe
2026-04-28 14:47:15 UTC,25,27,3.95,0.68,34.1,54.3,Safe
2026-04-28 14:47:25 UTC,26,27,4.03,0.69,34.1,54.4,Safe
2026-04-28 14:47:35 UTC,28,29,3.95,0.68,34.1,54.6,Safe
2026-04-28 14:47:45 UTC,31,37,4.03,0.69,34.1,54.5,Safe
2026-04-28 14:47:55 UTC,32,39,3.94,0.68,34.1,54.5,Safe
2026-04-28 14:48:05 UTC,30,35,4.04,0.69,34,54.5,Safe
2026-04-28 14:48:15 UTC,31,36,3.95,0.68,34.1,54.7,Safe
2026-04-28 14:48:25 UTC,33,37,4.01,0.69,34.1,54.7,Safe
2026-04-28 14:48:35 UTC,32,37,4.04,0.69,34.1,54.7,Safe
2026-04-28 14:48:45 UTC,33,37,4.03,0.69,34.1,55,Safe
2026-04-28 14:48:55 UTC,32,36,4.03,0.69,34.1,55.2,Safe
2026-04-28 14:49:05 UTC,31,34,3.93,0.68,34,55.5,Safe
2026-04-28 14:49:15 UTC,30,35,4.01,0.69,34,55.4,Safe
2026-04-28 14:49:25 UTC,31,40,3.93,0.67,34,55.5,Safe
2026-04-28 14:49:35 UTC,33,42,4.03,0.69,34,55.6,Safe
2026-04-28 14:49:45 UTC,33,45,3.93,0.68,34,55.7,Safe
2026-04-28 14:49:55 UTC,32,44,4.03,0.69,34,55.2,Safe
2026-04-28 14:50:05 UTC,32,41,3.97,0.68,34,54.8,Safe
2026-04-28 14:50:15 UTC,33,40,4.01,0.68,34,54.7,Safe
2026-04-28 14:50:25 UTC,33,39,3.93,0.68,34,54.6,Safe
2026-04-28 14:50:35 UTC,33,39,3.94,0.68,34,54.6,Safe
2026-04-28 14:50:45 UTC,34,39,4.04,0.69,34,54.5,Safe
2026-04-28 14:50:55 UTC,34,37,3.95,0.68,34,54.4,Safe
2026-04-28 14:51:05 UTC,32,34,4.03,0.69,34,54.4,Safe
2026-04-28 14:51:15 UTC,29,32,3.95,0.68,34,54.4,Safe
2026-04-28 14:51:25 UTC,27,31,4.03,0.69,34,54.3,Safe
2026-04-28 14:51:35 UTC,26,30,3.94,0.68,34,54.3,Safe
2026-04-28 14:51:45 UTC,26,28,4.03,0.69,34,54.5,Safe
2026-04-28 14:51:55 UTC,26,29,3.93,0.68,34,54.5,Safe
2026-04-28 14:52:05 UTC,25,27,4.05,0.69,34,54.7,Safe
2026-04-28 14:52:15 UTC,24,24,4.04,0.69,33.9,54.8,Safe
2026-04-28 14:52:25 UTC,23,27,3.94,0.68,34,54.7,Safe
2026-04-28 14:52:35 UTC,23,26,4.02,0.69,33.9,55,Safe
2026-04-28 14:52:45 UTC,23,27,3.94,0.68,33.9,54.9,Safe
2026-04-28 14:52:55 UTC,22,25,4.03,0.69,33.9,54.9,Safe
2026-04-28 14:53:05 UTC,22,25,3.94,0.68,33.9,54.6,Safe
2026-04-28 14:53:15 UTC,21,25,4.03,0.69,33.8,54.7,Safe
2026-04-28 14:53:25 UTC,21,25,3.93,0.68,33.8,54.7,Safe
2026-04-28 14:53:35 UTC,21,24,4,0.68,33.8,54.8,Safe
2026-04-28 14:53:45 UTC,21,23,4.03,0.69,33.8,54.8,Safe
2026-04-28 14:53:55 UTC,23,25,4.03,0.69,33.8,54.9,Safe
2026-04-28 14:54:05 UTC,24,27,4.03,0.69,33.8,54.8,Safe
2026-04-28 14:54:15 UTC,32,48,3.93,0.68,33.8,54.8,Safe
2026-04-28 14:54:25 UTC,30,44,4.03,0.69,33.8,54.8,Safe
2026-04-28 14:54:35 UTC,27,36,3.9,0.67,33.8,54.9,Safe
2026-04-28 14:54:45 UTC,26,34,4.01,0.69,33.8,54.8,Safe
2026-04-28 14:54:55 UTC,26,31,3.95,0.68,33.8,54.8,Safe
2026-04-28 14:55:05 UTC,23,30,4.03,0.69,33.8,54.9,Safe
2026-04-28 14:55:15 UTC,23,28,3.93,0.68,33.8,54.8,Safe
2026-04-28 14:55:25 UTC,25,30,4.03,0.69,33.8,54.6,Safe
2026-04-28 14:55:35 UTC,24,29,3.93,0.68,33.8,54.5,Safe
2026-04-28 14:55:45 UTC,24,29,3.92,0.67,33.7,54.4,Safe
2026-04-28 14:55:55 UTC,23,28,4.01,0.69,33.7,54.3,Safe
2026-04-28 14:56:05 UTC,24,27,3.93,0.68,33.6,54.3,Safe
2026-04-28 14:56:15 UTC,22,26,3.98,0.68,33.6,54.4,Safe
2026-04-28 14:56:25 UTC,22,30,3.93,0.68,33.5,54.5,Safe
2026-04-28 14:56:35 UTC,20,29,4.03,0.69,33.5,54.5,Safe
2026-04-28 14:56:45 UTC,20,25,3.94,0.68,33.5,54.6,Safe
2026-04-28 14:56:55 UTC,20,22,4.03,0.69,33.5,54.7,Safe
2026-04-28 14:57:05 UTC,19,23,3.89,0.67,33.5,54.6,Safe
2026-04-28 14:57:15 UTC,19,22,4.01,0.69,33.6,54.5,Safe
2026-04-28 14:57:25 UTC,21,23,4.03,0.69,33.5,54.5,Safe
2026-04-28 14:57:35 UTC,21,25,3.94,0.68,33.6,54.6,Safe
2026-04-28 14:57:45 UTC,24,27,4.03,0.69,33.5,54.7,Safe
2026-04-28 14:57:55 UTC,22,23,3.93,0.68,33.6,54.8,Safe
2026-04-28 14:58:05 UTC,22,23,4.03,0.69,33.6,54.9,Safe
2026-04-28 14:58:15 UTC,21,24,3.91,0.67,33.6,55,Safe
2026-04-28 14:58:25 UTC,21,24,4.03,0.69,33.6,55.1,Safe
2026-04-28 14:58:35 UTC,21,25,3.91,0.67,33.6,55.4,Safe
2026-04-28 14:58:45 UTC,21,24,4,0.68,33.6,55.4,Safe
2026-04-28 14:58:55 UTC,22,26,4.03,0.69,33.6,55.4,Safe
2026-04-28 14:59:05 UTC,23,26,4.03,0.69,33.6,55.4,Safe
2026-04-28 14:59:15 UTC,23,26,4.03,0.69,33.6,55.5,Safe
2026-04-28 14:59:25 UTC,23,28,3.94,0.68,33.6,55.6,Safe
2026-04-28 14:59:35 UTC,23,26,4.03,0.69,33.6,55.6,Safe
2026-04-28 14:59:45 UTC,22,26,3.91,0.67,33.6,55.7,Safe
2026-04-28 14:59:55 UTC,24,28,4.03,0.69,33.7,55.8,Safe
2026-04-28 15:00:05 UTC,25,29,3.92,0.67,33.7,55.9,Safe
2026-04-28 15:00:15 UTC,26,28,4.03,0.69,33.7,55.8,Safe
2026-04-28 15:00:25 UTC,25,26,3.95,0.68,33.7,55.6,Safe
2026-04-28 15:00:35 UTC,24,24,4.03,0.69,33.7,55.3,Safe
2026-04-28 15:00:45 UTC,22,23,3.94,0.68,33.7,55.1,Safe
2026-04-28 15:00:55 UTC,22,23,4.03,0.69,33.7,55,Safe
2026-04-28 15:01:05 UTC,21,22,4.04,0.69,33.7,55,Safe
2026-04-28 15:01:15 UTC,20,22,3.94,0.68,33.8,55.1,Safe
2026-04-28 15:01:25 UTC,21,23,4.03,0.69,33.7,55,Safe
2026-04-28 15:01:35 UTC,22,24,3.91,0.67,33.8,54.9,Safe
2026-04-28 15:01:45 UTC,22,25,4.02,0.69,33.7,54.6,Safe
2026-04-28 15:01:55 UTC,22,24,3.94,0.68,33.8,54.4,Safe
2026-04-28 15:02:05 UTC,23,26,4.03,0.69,33.7,54.5,Safe
2026-04-28 15:02:15 UTC,24,25,3.91,0.67,33.7,54.6,Safe
2026-04-28 15:02:25 UTC,24,28,4.03,0.69,33.7,54.8,Safe
2026-04-28 15:02:35 UTC,25,29,4.03,0.69,33.7,54.8,Safe
2026-04-28 15:02:45 UTC,26,30,3.96,0.68,33.7,54.8,Safe
2026-04-28 15:02:55 UTC,24,28,4.03,0.69,33.7,54.8,Safe
2026-04-28 15:03:05 UTC,24,27,3.94,0.68,33.7,54.4,Safe
2026-04-28 15:03:15 UTC,24,29,4.02,0.69,33.7,54.4,Safe
2026-04-28 15:03:25 UTC,26,30,3.95,0.68,33.6,54.6,Safe
2026-04-28 15:03:35 UTC,27,31,3.98,0.68,33.6,54.5,Safe
2026-04-28 15:03:45 UTC,29,34,3.93,0.68,33.6,54.5,Safe
2026-04-28 15:03:55 UTC,33,39,3.98,0.68,33.6,54.5,Safe
2026-04-28 15:04:05 UTC,34,42,3.92,0.67,33.6,54.4,Safe
2026-04-28 15:04:15 UTC,36,47,4.03,0.69,33.5,54.5,Safe
2026-04-28 15:04:25 UTC,39,48,3.91,0.67,33.5,54.7,Safe
2026-04-28 15:04:35 UTC,39,48,3.94,0.68,33.5,54.7,Safe
2026-04-28 15:04:45 UTC,37,46,4.03,0.69,33.5,54.6,Safe
2026-04-28 15:04:55 UTC,37,44,3.93,0.68,33.5,54.6,Safe
2026-04-28 15:05:05 UTC,37,46,4.02,0.69,33.5,54.8,Safe
2026-04-28 15:05:15 UTC,36,46,3.93,0.68,33.5,54.9,Safe
2026-04-28 15:05:25 UTC,37,46,4.02,0.69,33.5,55,Safe
2026-04-28 15:05:35 UTC,36,44,3.93,0.68,33.5,55,Safe
2026-04-28 15:05:45 UTC,37,44,4.03,0.69,33.5,55.1,Safe
2026-04-28 15:05:55 UTC,35,45,3.93,0.68,33.5,55.2,Safe
2026-04-28 15:06:05 UTC,36,46,4.03,0.69,33.6,55.4,Safe
2026-04-28 15:06:15 UTC,36,44,4.03,0.69,33.5,55.6,Safe
2026-04-28 15:06:25 UTC,36,43,3.94,0.68,33.5,55.7,Safe
2026-04-28 15:06:35 UTC,38,46,4.03,0.69,33.5,55.7,Safe
2026-04-28 15:06:45 UTC,40,47,3.93,0.68,33.6,55.8,Safe
2026-04-28 15:06:55 UTC,39,47,4.03,0.69,33.5,55.7,Safe
2026-04-28 15:07:05 UTC,40,48,3.93,0.67,33.6,55.6,Safe
2026-04-28 15:07:15 UTC,40,48,4.01,0.68,33.6,55.5,Safe
2026-04-28 15:07:25 UTC,41,48,3.91,0.67,33.6,55.6,Safe
2026-04-28 15:07:35 UTC,41,50,4.02,0.69,33.6,55.5,Safe
2026-04-28 15:07:45 UTC,40,48,4.02,0.68,33.6,55.3,Safe
2026-04-28 15:07:55 UTC,39,49,4.02,0.69,33.6,55.2,Safe
2026-04-28 15:08:05 UTC,41,51,4.03,0.69,33.6,55.2,Safe
2026-04-28 15:08:15 UTC,41,50,3.93,0.68,33.6,55.2,Safe
2026-04-28 15:08:25 UTC,40,50,4.02,0.69,33.6,55,Safe
2026-04-28 15:08:35 UTC,38,48,3.93,0.68,33.6,54.9,Safe
2026-04-28 15:08:45 UTC,37,48,4.03,0.69,33.6,54.8,Safe
2026-04-28 15:08:55 UTC,36,48,3.91,0.67,33.6,54.7,Safe
2026-04-28 15:09:05 UTC,36,45,4.03,0.69,33.6,54.9,Safe
2026-04-28 15:09:15 UTC,34,41,4.02,0.69,33.6,54.8,Safe
2026-04-28 15:09:25 UTC,33,39,4.02,0.69,33.5,54.8,Safe
2026-04-28 15:09:35 UTC,34,41,3.94,0.68,33.5,54.8,Safe
2026-04-28 15:09:45 UTC,34,39,3.94,0.68,33.5,54.7,Safe
2026-04-28 15:09:55 UTC,33,36,4.04,0.69,33.5,54.8,Safe
2026-04-28 15:10:05 UTC,33,39,3.93,0.68,33.5,54.6,Safe
2026-04-28 15:10:15 UTC,34,41,4.03,0.69,33.5,54.3,Safe
2026-04-28 15:10:25 UTC,34,42,3.93,0.68,33.5,54.2,Safe
2026-04-28 15:10:35 UTC,33,39,4.03,0.69,33.5,54.1,Safe
2026-04-28 15:10:45 UTC,32,38,3.93,0.67,33.5,54.3,Safe
2026-04-28 15:10:55 UTC,31,38,4.03,0.69,33.5,54.5,Safe
2026-04-28 15:11:05 UTC,30,35,3.93,0.68,33.5,54.5,Safe
2026-04-28 15:11:15 UTC,28,29,4.03,0.69,33.5,54.6,Safe
2026-04-28 15:11:25 UTC,27,30,4.03,0.69,33.4,54.5,Safe
2026-04-28 15:11:35 UTC,28,31,3.94,0.68,33.4,54.7,Safe
2026-04-28 15:11:45 UTC,27,31,4.03,0.69,33.5,54.9,Safe
2026-04-28 15:11:55 UTC,27,29,3.94,0.67,33.5,54.8,Safe
2026-04-28 15:12:05 UTC,26,30,4.03,0.69,33.5,54.9,Safe
2026-04-28 15:12:15 UTC,27,29,3.93,0.67,33.5,54.9,Safe
2026-04-28 15:12:25 UTC,24,26,4.02,0.69,33.5,54.8,Safe
2026-04-28 15:12:35 UTC,26,27,3.93,0.67,33.5,54.9,Safe
2026-04-28 15:12:45 UTC,25,27,4.02,0.69,33.5,54.7,Safe
2026-04-28 15:12:55 UTC,26,28,4.03,0.69,33.5,54.6,Safe
2026-04-28 15:13:05 UTC,27,29,4.02,0.69,33.5,54.5,Safe
2026-04-28 15:13:15 UTC,25,29,4.03,0.69,33.6,54.3,Safe
2026-04-28 15:13:25 UTC,24,25,3.93,0.68,33.6,54.3,Safe
2026-04-28 15:13:35 UTC,23,24,4.01,0.69,33.5,54.3,Safe
2026-04-28 15:13:45 UTC,22,23,3.93,0.68,33.5,54.3,Safe
2026-04-28 15:13:55 UTC,22,24,4.03,0.69,33.5,54.3,Safe
2026-04-28 15:14:05 UTC,21,24,3.93,0.67,33.5,54.4,Safe
2026-04-28 15:14:15 UTC,22,26,4.03,0.69,33.6,54.4,Safe
2026-04-28 15:14:25 UTC,23,24,3.93,0.67,33.5,54.5,Safe
2026-04-28 15:14:35 UTC,22,23,4.02,0.69,33.6,54.6,Safe
2026-04-28 15:14:45 UTC,22,23,3.93,0.68,33.6,54.8,Safe
2026-04-28 15:14:55 UTC,25,25,4.03,0.69,33.6,55,Safe
2026-04-28 15:15:05 UTC,25,28,4.03,0.69,33.6,55,Safe
2026-04-28 15:15:15 UTC,24,28,3.94,0.68,33.6,55,Safe
2026-04-28 15:15:25 UTC,23,28,4.03,0.69,33.6,54.8,Safe
2026-04-28 15:15:35 UTC,23,29,3.94,0.68,33.6,54.9,Safe
2026-04-28 15:15:45 UTC,23,26,4.03,0.69,33.6,54.8,Safe
2026-04-28 15:15:55 UTC,22,26,3.94,0.67,33.7,55,Safe
2026-04-28 15:16:05 UTC,21,23,4.04,0.69,33.7,54.8,Safe
2026-04-28 15:16:15 UTC,21,24,3.93,0.68,33.7,54.5,Safe
2026-04-28 15:16:25 UTC,23,28,4.03,0.69,33.7,54.4,Safe
2026-04-28 15:16:35 UTC,21,26,4.03,0.69,33.7,54.3,Safe
2026-04-28 15:16:45 UTC,20,25,3.93,0.68,33.7,54.1,Safe
2026-04-28 15:16:55 UTC,20,25,4.03,0.69,33.7,54.2,Safe
2026-04-28 15:17:05 UTC,21,28,3.94,0.68,33.6,54,Safe
2026-04-28 15:17:15 UTC,21,25,4.03,0.69,33.7,54,Safe
2026-04-28 15:17:25 UTC,22,26,3.93,0.68,33.6,54,Safe
2026-04-28 15:17:35 UTC,22,27,4.04,0.69,33.6,53.9,Safe
2026-04-28 15:17:45 UTC,23,26,3.94,0.68,33.6,53.9,Safe
2026-04-28 15:17:55 UTC,22,25,4.01,0.69,33.6,54.2,Safe
2026-04-28 15:18:05 UTC,24,27,4.04,0.69,33.6,54.4,Safe
2026-04-28 15:18:15 UTC,23,24,4.03,0.69,33.6,54.8,Safe
2026-04-28 15:18:25 UTC,22,23,3.94,0.68,33.6,54.9,Safe
2026-04-28 15:18:35 UTC,22,23,3.94,0.68,33.5,55.1,Safe
2026-04-28 15:18:45 UTC,21,23,4.03,0.69,33.6,55.2,Safe
2026-04-28 15:18:55 UTC,21,25,3.95,0.68,33.5,55.3,Safe
2026-04-28 15:19:05 UTC,22,25,4.04,0.69,33.5,54.9,Safe
2026-04-28 15:19:15 UTC,23,27,3.93,0.67,33.5,54.6,Safe
2026-04-28 15:19:25 UTC,21,25,4.03,0.69,33.5,54.5,Safe
2026-04-28 15:19:35 UTC,21,24,3.92,0.67,33.5,54.8,Safe
2026-04-28 15:19:45 UTC,21,26,3.99,0.68,33.5,55,Safe
2026-04-28 15:19:55 UTC,22,29,3.93,0.67,33.4,55,Safe
2026-04-28 15:20:05 UTC,22,27,4.03,0.69,33.4,55.1,Safe
2026-04-28 15:20:15 UTC,25,28,4.03,0.69,33.4,54.9,Safe
2026-04-28 15:20:25 UTC,24,27,3.93,0.68,33.4,54.8,Safe
2026-04-28 15:20:35 UTC,25,28,4.03,0.69,33.4,54.9,Safe
2026-04-28 15:20:45 UTC,25,30,3.94,0.68,33.5,55,Safe
2026-04-28 15:20:55 UTC,24,29,4.03,0.69,33.4,55.1,Safe
2026-04-28 15:21:05 UTC,25,26,3.93,0.68,33.4,55.1,Safe
2026-04-28 15:21:15 UTC,25,28,4.04,0.69,33.4,55,Safe
2026-04-28 15:21:25 UTC,26,31,3.94,0.67,33.4,54.7,Safe
2026-04-28 15:21:35 UTC,23,27,4.03,0.69,33.4,54.8,Safe
2026-04-28 15:21:45 UTC,23,29,3.99,0.68,33.4,55.1,Safe
2026-04-28 15:21:55 UTC,25,28,4.04,0.69,33.4,55,Safe
2026-04-28 15:22:05 UTC,26,28,4.03,0.69,33.4,55,Safe
2026-04-28 15:22:15 UTC,24,26,3.94,0.68,33.5,55.2,Safe
2026-04-28 15:22:25 UTC,24,27,4.03,0.69,33.5,55.2,Safe
2026-04-28 15:22:35 UTC,25,27,3.94,0.68,33.5,55.3,Safe
2026-04-28 15:22:45 UTC,24,27,4.05,0.69,33.5,55.4,Safe
2026-04-28 15:22:55 UTC,23,28,3.93,0.68,33.6,55.5,Safe
2026-04-28 15:23:05 UTC,23,27,4.03,0.68,33.6,55.3,Safe
2026-04-28 15:23:15 UTC,23,27,3.93,0.68,33.6,55.2,Safe
2026-04-28 15:23:25 UTC,25,29,4.04,0.69,33.6,55.2,Safe
2026-04-28 15:23:35 UTC,27,29,3.94,0.68,33.6,55.1,Safe
2026-04-28 15:23:45 UTC,25,28,3.95,0.68,33.7,55,Safe
2026-04-28 15:23:55 UTC,26,31,4.03,0.69,33.7,55,Safe
2026-04-28 15:24:05 UTC,24,28,3.94,0.68,33.7,54.8,Safe
2026-04-28 15:24:15 UTC,24,27,4.03,0.69,33.7,54.6,Safe
2026-04-28 15:24:25 UTC,24,27,3.94,0.68,33.7,54.6,Safe
2026-04-28 15:24:35 UTC,24,26,4.03,0.69,33.7,54.6,Safe
2026-04-28 15:24:45 UTC,24,28,3.94,0.68,33.7,54.3,Safe
2026-04-28 15:24:55 UTC,25,29,4.01,0.69,33.7,54.2,Safe
2026-04-28 15:25:05 UTC,25,29,3.93,0.68,33.7,54.1,Safe
2026-04-28 15:25:15 UTC,26,30,4.03,0.69,33.7,54,Safe
2026-04-28 15:25:25 UTC,27,30,4.03,0.69,33.7,53.8,Safe
2026-04-28 15:25:35 UTC,25,27,3.94,0.68,33.7,53.5,Safe
2026-04-28 15:25:45 UTC,25,25,4,0.68,33.6,53.9,Safe
2026-04-28 15:25:55 UTC,25,25,3.94,0.68,33.6,53.6,Safe
2026-04-28 15:26:05 UTC,25,25,4.03,0.69,33.6,53.6,Safe
2026-04-28 15:26:15 UTC,24,24,3.94,0.68,33.6,53.4,Safe
2026-04-28 15:26:25 UTC,24,27,4.01,0.69,33.6,53.3,Safe
2026-04-28 15:26:35 UTC,26,31,3.93,0.67,33.5,53.5,Safe
2026-04-28 15:26:45 UTC,28,35,4.02,0.69,33.5,53.7,Safe
2026-04-28 15:26:55 UTC,26,33,4.03,0.69,33.5,54,Safe
2026-04-28 15:27:05 UTC,28,34,4.01,0.69,33.5,54.3,Safe
2026-04-28 15:27:15 UTC,29,32,3.93,0.68,33.5,54.5,Safe
2026-04-28 15:27:25 UTC,28,30,3.93,0.68,33.5,54.6,Safe
2026-04-28 15:27:35 UTC,28,31,4.03,0.69,33.5,54.5,Safe
2026-04-28 15:27:45 UTC,27,29,3.9,0.67,33.5,54.6,Safe
2026-04-28 15:27:55 UTC,26,30,3.99,0.69,33.5,54.8,Safe
2026-04-28 15:28:05 UTC,27,31,3.92,0.68,33.5,54.5,Safe
2026-04-28 15:28:15 UTC,26,29,4.01,0.69,33.4,54.1,Safe
2026-04-28 15:28:25 UTC,25,28,3.91,0.67,33.4,53.9,Safe
2026-04-28 15:28:35 UTC,24,26,4.01,0.69,33.4,53.9,Safe
2026-04-28 15:28:45 UTC,22,27,3.93,0.68,33.4,53.8,Safe
2026-04-28 15:28:55 UTC,24,27,4.01,0.69,33.3,53.9,Safe
2026-04-28 15:29:05 UTC,25,27,3.99,0.68,33.3,53.9,Safe
2026-04-28 15:29:15 UTC,24,26,3.93,0.68,33.3,53.8,Safe
2026-04-28 15:29:25 UTC,24,24,4,0.69,33.3,53.8,Safe
2026-04-28 15:29:35 UTC,24,25,3.89,0.67,33.3,53.8,Safe
2026-04-28 15:29:45 UTC,23,25,4.02,0.69,33.3,53.9,Safe
2026-04-28 15:29:55 UTC,24,27,3.93,0.68,33.3,54,Safe
2026-04-28 15:30:05 UTC,23,25,4.03,0.69,33.3,54.1,Safe
2026-04-28 15:30:15 UTC,23,25,3.9,0.67,33.3,54.3,Safe
2026-04-28 15:30:25 UTC,22,26,4.02,0.69,33.3,54.4,Safe
2026-04-28 15:30:35 UTC,23,26,4.03,0.69,33.3,54.3,Safe
2026-04-28 15:30:45 UTC,25,27,4.03,0.69,33.3,54.2,Safe
2026-04-28 15:30:55 UTC,25,26,4.03,0.69,33.3,54.1,Safe
2026-04-28 15:31:05 UTC,24,27,3.93,0.67,33.3,54.1,Safe
2026-04-28 15:31:15 UTC,23,26,4.02,0.69,33.3,54.2,Safe
2026-04-28 15:31:25 UTC,22,26,3.94,0.68,33.3,54.4,Safe
2026-04-28 15:31:35 UTC,23,26,4.02,0.69,33.3,54.4,Safe
2026-04-28 15:31:45 UTC,23,27,3.94,0.67,33.3,54.5,Safe
2026-04-28 15:31:55 UTC,22,25,4.03,0.69,33.4,54.6,Safe
2026-04-28 15:32:05 UTC,22,25,3.94,0.68,33.4,54.6,Safe
2026-04-28 15:32:15 UTC,22,25,4,0.68,33.4,54.7,Safe
2026-04-28 15:32:25 UTC,22,24,3.94,0.68,33.3,54.7,Safe
2026-04-28 15:32:35 UTC,22,26,3.92,0.67,33.3,54.9,Safe
2026-04-28 15:32:45 UTC,23,26,4.03,0.69,33.4,54.9,Safe
2026-04-28 15:32:55 UTC,23,26,3.94,0.68,33.4,55,Safe
2026-04-28 15:33:05 UTC,23,28,3.98,0.68,33.4,55.1,Safe
2026-04-28 15:33:15 UTC,24,27,3.93,0.67,33.3,55.2,Safe
2026-04-28 15:33:25 UTC,26,29,4.02,0.69,33.3,55.5,Safe
2026-04-28 15:33:35 UTC,25,28,3.93,0.67,33.3,55.6,Safe
2026-04-28 15:33:45 UTC,24,28,4.03,0.69,33.3,55.3,Safe
2026-04-28 15:33:55 UTC,23,29,3.94,0.68,33.3,55.1,Safe
2026-04-28 15:34:05 UTC,22,28,4,0.68,33.3,55.3,Safe
2026-04-28 15:34:15 UTC,22,25,4.03,0.69,33.3,55.3,Safe
2026-04-28 15:34:25 UTC,22,25,3.93,0.68,33.3,55.3,Safe
2026-04-28 15:34:35 UTC,24,26,4.03,0.69,33.3,55.3,Safe
2026-04-28 15:34:45 UTC,24,26,3.94,0.68,33.3,55.3,Safe
2026-04-28 15:34:55 UTC,26,33,4.03,0.69,33.3,55.4,Safe
2026-04-28 15:35:05 UTC,26,34,3.95,0.68,33.3,55.3,Safe
2026-04-28 15:35:15 UTC,25,31,4.03,0.69,33.3,55.2,Safe
2026-04-28 15:35:25 UTC,23,29,3.93,0.67,33.3,55.3,Safe
2026-04-28 15:35:35 UTC,23,27,4.03,0.69,33.4,55.2,Safe
2026-04-28 15:35:45 UTC,22,26,4.03,0.69,33.4,55.3,Safe
2026-04-28 15:35:55 UTC,22,28,4,0.68,33.4,55.4,Safe
2026-04-28 15:36:05 UTC,22,29,4.03,0.69,33.3,55.3,Safe
2026-04-28 15:36:15 UTC,24,29,3.91,0.67,33.3,55.2,Safe
2026-04-28 15:36:25 UTC,24,27,4.03,0.69,33.3,55.1,Safe
2026-04-28 15:36:35 UTC,24,28,3.93,0.67,33.3,55.2,Safe
2026-04-28 15:36:45 UTC,26,29,4,0.69,33.3,55.3,Safe
2026-04-28 15:36:55 UTC,24,27,3.93,0.68,33.3,55.3,Safe
2026-04-28 15:37:05 UTC,23,28,4.03,0.69,33.3,55.2,Safe
2026-04-28 15:37:15 UTC,22,26,3.93,0.68,33.3,55.4,Safe
2026-04-28 15:37:25 UTC,22,23,4.03,0.69,33.3,55.5,Safe
2026-04-28 15:37:35 UTC,23,27,3.91,0.67,33.2,55.6,Safe
2026-04-28 15:37:45 UTC,23,25,3.9,0.67,33.2,55.5,Safe
2026-04-28 15:37:55 UTC,22,29,4.03,0.69,33.2,55.4,Safe
2026-04-28 15:38:05 UTC,23,27,3.93,0.68,33.2,55.4,Safe
2026-04-28 15:38:15 UTC,24,27,4.03,0.69,33.2,55.4,Safe
2026-04-28 15:38:25 UTC,24,27,3.93,0.68,33.2,55.5,Safe
2026-04-28 15:38:35 UTC,23,26,4.03,0.69,33.2,55.6,Safe
2026-04-28 15:38:45 UTC,23,25,3.93,0.68,33.2,55.7,Safe
2026-04-28 15:38:55 UTC,21,26,4.03,0.69,33.2,55.6,Safe
2026-04-28 15:39:05 UTC,21,27,3.94,0.67,33.2,55.6,Safe
2026-04-28 15:39:15 UTC,20,26,4.04,0.69,33.2,55.5,Safe
2026-04-28 15:39:25 UTC,21,26,4.02,0.68,33.2,55.5,Safe
2026-04-28 15:39:35 UTC,20,23,3.94,0.68,33.2,55.4,Safe
2026-04-28 15:39:45 UTC,20,23,4.03,0.69,33.2,55.5,Safe
2026-04-28 15:39:55 UTC,20,25,3.93,0.68,33.2,55.5,Safe
2026-04-28 15:40:05 UTC,21,25,4.02,0.69,33.2,55.5,Safe
2026-04-28 15:40:15 UTC,21,24,3.93,0.67,33.2,55.6,Safe
2026-04-28 15:40:25 UTC,21,24,4.03,0.69,33.2,55.5,Safe
2026-04-28 15:40:35 UTC,21,22,3.93,0.67,33.2,55.5,Safe
2026-04-28 15:40:45 UTC,21,24,4.03,0.69,33.2,55.5,Safe
2026-04-28 15:40:55 UTC,22,24,4.03,0.69,33.2,55.5,Safe
2026-04-28 15:41:05 UTC,22,22,4.03,0.69,33.2,55.7,Safe
2026-04-28 15:41:15 UTC,20,22,3.92,0.67,33.2,55.6,Safe
2026-04-28 15:41:25 UTC,19,22,3.93,0.68,33.2,55.6,Safe
2026-04-28 15:41:35 UTC,21,23,4.03,0.69,33.2,55.4,Safe
2026-04-28 15:41:45 UTC,20,22,3.94,0.68,33.2,55.5,Safe
2026-04-28 15:41:55 UTC,19,21,4,0.69,33.2,55.6,Safe
2026-04-28 15:42:05 UTC,20,22,3.93,0.68,33.2,55.7,Safe
2026-04-28 15:42:15 UTC,20,22,4.03,0.69,33.1,55.6,Safe
2026-04-28 15:42:25 UTC,23,27,3.93,0.68,33.1,55.7,Safe
2026-04-28 15:42:35 UTC,25,31,4.03,0.69,33.1,55.7,Safe
2026-04-28 15:42:45 UTC,24,27,3.94,0.68,33.1,55.9,Safe
2026-04-28 15:42:55 UTC,21,22,4,0.69,33.1,56,Safe
2026-04-28 15:43:05 UTC,21,24,4.03,0.69,33.1,56.2,Safe
2026-04-28 15:43:15 UTC,21,24,3.93,0.67,33.1,56.3,Safe
2026-04-28 15:43:25 UTC,21,25,4.01,0.69,33.1,56.5,Safe
2026-04-28 15:43:35 UTC,23,26,3.94,0.68,33.1,56.6,Safe
2026-04-28 15:43:45 UTC,23,27,4.03,0.69,33.1,56.3,Safe
2026-04-28 15:43:55 UTC,21,25,3.95,0.68,33,56.2,Safe
2026-04-28 15:44:05 UTC,21,25,4.03,0.69,33,56.2,Safe
2026-04-28 15:44:15 UTC,21,24,3.92,0.67,33,56.3,Safe
2026-04-28 15:44:25 UTC,21,24,4.01,0.69,33,56.4,Safe
2026-04-28 15:44:35 UTC,22,24,4.03,0.69,33,56.6,Safe
2026-04-28 15:44:45 UTC,24,26,3.95,0.68,33,56.7,Safe
2026-04-28 15:44:55 UTC,21,25,4.03,0.69,33,56.7,Safe
2026-04-28 15:45:05 UTC,21,24,3.94,0.68,33.1,56.9,Safe
2026-04-28 15:45:15 UTC,21,23,4.01,0.69,33,56.8,Safe
2026-04-28 15:45:25 UTC,21,25,3.93,0.67,33.1,56.8,Safe
2026-04-28 15:45:35 UTC,21,25,4.03,0.69,33.1,56.5,Safe
2026-04-28 15:45:45 UTC,22,25,3.93,0.68,33.1,56.4,Safe
2026-04-28 15:45:55 UTC,21,28,4.01,0.69,33.1,56.2,Safe
2026-04-28 15:46:05 UTC,25,30,3.93,0.67,33,56,Safe
2026-04-28 15:46:15 UTC,25,31,3.99,0.68,33,56,Safe
2026-04-28 15:46:25 UTC,26,29,3.93,0.68,32.9,56,Safe
2026-04-28 15:46:35 UTC,26,30,3.93,0.68,32.9,56.3,Safe
2026-04-28 15:46:45 UTC,27,30,4.02,0.69,32.9,56.3,Safe
2026-04-28 15:46:55 UTC,27,28,3.94,0.68,32.9,56.3,Safe
2026-04-28 15:47:05 UTC,26,27,4.03,0.69,33,56.2,Safe
2026-04-28 15:47:15 UTC,26,27,3.92,0.67,33,56.2,Safe
2026-04-28 15:47:25 UTC,25,29,4.03,0.69,33.1,56.1,Safe
2026-04-28 15:47:35 UTC,25,30,3.93,0.68,33.1,56,Safe
2026-04-28 15:47:45 UTC,24,32,4,0.68,33.1,55.9,Safe
2026-04-28 15:47:55 UTC,23,31,3.94,0.68,33.1,55.7,Safe
2026-04-28 15:48:05 UTC,25,31,3.98,0.68,33.1,55.6,Safe
2026-04-28 15:48:15 UTC,25,30,4.03,0.69,33.1,55.6,Safe
2026-04-28 15:48:25 UTC,24,31,3.93,0.68,33.1,55.6,Safe
2026-04-28 15:48:35 UTC,23,32,3.99,0.69,33.1,55.6,Safe
2026-04-28 15:48:45 UTC,27,30,3.93,0.68,33.1,55.7,Safe
2026-04-28 15:48:55 UTC,27,30,4.03,0.69,33.1,55.7,Safe
2026-04-28 15:49:05 UTC,26,31,3.94,0.68,33.1,55.8,Safe
2026-04-28 15:49:15 UTC,26,30,4.03,0.69,33.1,55.9,Safe
2026-04-28 15:49:25 UTC,27,31,3.93,0.68,33.1,55.9,Safe
2026-04-28 15:49:35 UTC,26,31,3.99,0.68,33.2,56.1,Safe
2026-04-28 15:49:45 UTC,27,30,4.01,0.69,33.2,56.4,Safe
2026-04-28 15:49:55 UTC,27,30,4,0.69,33.1,56.8,Safe
2026-04-28 15:50:05 UTC,26,28,4.03,0.69,33.1,57,Safe
2026-04-28 15:50:15 UTC,27,29,3.93,0.68,33.1,56.9,Safe
2026-04-28 15:50:25 UTC,29,33,4.01,0.69,33.1,56.9,Safe
2026-04-28 15:50:35 UTC,30,31,3.93,0.68,33.1,56.9,Safe
2026-04-28 15:50:45 UTC,28,31,4.03,0.69,33,56.9,Safe
2026-04-28 15:50:55 UTC,28,30,3.93,0.68,33,57.1,Safe
2026-04-28 15:51:05 UTC,28,28,4.03,0.69,33,57.3,Safe
2026-04-28 15:51:15 UTC,28,30,3.93,0.68,33,57.3,Safe
2026-04-28 15:51:25 UTC,29,32,4.03,0.69,33,57.3,Safe
2026-04-28 15:51:35 UTC,27,31,3.9,0.67,33,57.3,Safe
2026-04-28 15:51:45 UTC,26,31,4.01,0.69,33,57,Safe
2026-04-28 15:51:55 UTC,27,33,4.03,0.69,32.9,57.1,Safe
2026-04-28 15:52:05 UTC,28,34,3.91,0.67,32.9,57,Safe
2026-04-28 15:52:15 UTC,30,34,4.01,0.69,33,56.9,Safe
2026-04-28 15:52:25 UTC,29,32,3.93,0.68,32.9,56.8,Safe
2026-04-28 15:52:35 UTC,30,32,4.02,0.69,32.9,56.9,Safe
2026-04-28 15:52:45 UTC,29,32,3.91,0.67,32.9,57,Safe
2026-04-28 15:52:55 UTC,27,31,4.03,0.69,32.9,57.1,Safe
2026-04-28 15:53:05 UTC,26,29,3.9,0.67,32.9,57.2,Safe
2026-04-28 15:53:15 UTC,27,30,3.99,0.69,32.9,57.3,Safe
2026-04-28 15:53:25 UTC,27,31,4.02,0.69,32.9,57.1,Safe
2026-04-28 15:53:35 UTC,27,30,4.03,0.69,32.9,57,Safe
2026-04-28 15:53:45 UTC,28,30,4,0.69,32.9,57,Safe
2026-04-28 15:53:55 UTC,28,30,3.89,0.67,32.9,57.1,Safe
2026-04-28 15:54:05 UTC,26,29,4.01,0.69,32.9,56.9,Safe
2026-04-28 15:54:15 UTC,25,28,3.93,0.68,32.9,56.9,Safe
2026-04-28 15:54:25 UTC,26,27,4.02,0.69,32.9,56.8,Safe
2026-04-28 15:54:35 UTC,26,27,3.93,0.68,32.9,57,Safe
2026-04-28 15:54:45 UTC,25,27,4.01,0.69,32.9,57.3,Safe
2026-04-28 15:54:55 UTC,26,29,3.93,0.68,32.9,57.3,Safe
2026-04-28 15:55:05 UTC,26,31,4,0.68,33,57.2,Safe
2026-04-28 15:55:15 UTC,26,29,3.89,0.67,33,57,Safe
2026-04-28 15:55:25 UTC,26,32,3.93,0.68,33,56.7,Safe
2026-04-28 15:55:35 UTC,29,31,3.99,0.69,32.9,56.5,Safe
2026-04-28 15:55:45 UTC,27,30,3.93,0.68,32.9,56.4,Safe
2026-04-28 15:55:55 UTC,26,30,3.99,0.69,32.9,56.5,Safe
2026-04-28 15:56:05 UTC,26,29,3.9,0.67,32.9,56.4,Safe
2026-04-28 15:56:15 UTC,23,28,4.02,0.69,32.9,56.5,Safe
2026-04-28 15:56:25 UTC,23,27,3.93,0.68,32.9,56.4,Safe
2026-04-28 15:56:35 UTC,24,26,4,0.68,32.9,56.2,Safe
2026-04-28 15:56:45 UTC,25,30,3.93,0.68,32.9,56.2,Safe
2026-04-28 15:56:55 UTC,26,33,4.01,0.69,32.9,56.1,Safe
2026-04-28 15:57:05 UTC,26,35,4,0.69,33,56,Safe
2026-04-28 15:57:15 UTC,27,34,3.91,0.67,33,56,Safe
2026-04-28 15:57:25 UTC,27,33,4.01,0.69,33,56,Safe
2026-04-28 15:57:35 UTC,26,37,3.93,0.68,32.9,56.2,Safe
2026-04-28 15:57:45 UTC,29,39,3.99,0.68,32.9,56.1,Safe
2026-04-28 15:57:55 UTC,29,39,3.92,0.67,32.9,55.8,Safe
2026-04-28 15:58:05 UTC,28,37,4.02,0.69,32.9,55.7,Safe
2026-04-28 15:58:15 UTC,28,36,3.89,0.67,32.9,56,Safe
2026-04-28 15:58:25 UTC,28,35,3.98,0.68,32.9,56,Safe
2026-04-28 15:58:35 UTC,27,33,4.02,0.69,32.9,56,Safe
2026-04-28 15:58:45 UTC,27,33,4.01,0.69,32.9,55.9,Safe
2026-04-28 15:58:55 UTC,28,32,4.01,0.69,32.9,55.8,Safe
2026-04-28 15:59:05 UTC,26,29,3.93,0.67,32.9,55.8,Safe
2026-04-28 15:59:15 UTC,27,31,3.99,0.68,32.9,55.9,Safe
2026-04-28 15:59:25 UTC,27,30,3.93,0.68,32.9,55.9,Safe
2026-04-28 15:59:35 UTC,28,31,4.01,0.69,32.9,56,Safe
2026-04-28 15:59:45 UTC,28,29,3.93,0.68,32.8,56,Safe
2026-04-28 15:59:55 UTC,28,29,3.98,0.69,32.8,56,Safe
2026-04-28 16:00:05 UTC,28,31,3.92,0.67,32.8,56.1,Safe
2026-04-28 16:00:15 UTC,28,32,3.99,0.69,32.8,56.3,Safe
2026-04-28 16:00:25 UTC,27,32,3.92,0.68,32.8,56.4,Safe
2026-04-28 16:00:35 UTC,28,33,3.93,0.68,32.9,56.5,Safe
2026-04-28 16:00:45 UTC,26,32,3.98,0.68,32.9,56.6,Safe
2026-04-28 16:00:55 UTC,27,34,3.93,0.68,32.9,56.8,Safe
2026-04-28 16:01:05 UTC,28,35,4.03,0.69,33,56.6,Safe
2026-04-28 16:01:15 UTC,26,34,3.93,0.67,33,56.3,Safe
2026-04-28 16:01:25 UTC,27,31,4.03,0.69,33,56.2,Safe
2026-04-28 16:01:35 UTC,28,32,3.92,0.67,33,56.2,Safe
2026-04-28 16:01:45 UTC,28,32,4.03,0.69,33,56,Safe
2026-04-28 16:01:55 UTC,27,30,3.93,0.68,33,55.9,Safe
2026-04-28 16:02:05 UTC,29,30,4.01,0.69,33,56,Safe
2026-04-28 16:02:15 UTC,26,30,4,0.68,33,56.1,Safe
2026-04-28 16:02:25 UTC,25,31,3.94,0.68,33.1,56,Safe
2026-04-28 16:02:35 UTC,23,24,4.03,0.69,33.1,56,Safe
2026-04-28 16:02:45 UTC,25,25,3.93,0.68,33.1,56,Safe
2026-04-28 16:02:55 UTC,23,25,4.02,0.69,33.1,56,Safe
2026-04-28 16:03:05 UTC,22,27,3.94,0.68,33.1,55.9,Safe
2026-04-28 16:03:15 UTC,24,28,3.98,0.68,33.1,55.8,Safe
2026-04-28 16:03:25 UTC,24,28,3.94,0.68,33.1,55.8,Safe
2026-04-28 16:03:35 UTC,24,29,3.98,0.68,33.1,55.8,Safe
2026-04-28 16:03:45 UTC,23,28,4.01,0.69,33.1,55.8,Safe
2026-04-28 16:03:55 UTC,23,28,4.03,0.69,33.1,55.8,Safe
2026-04-28 16:04:05 UTC,24,26,4.02,0.69,33.2,55.9,Safe
2026-04-28 16:04:15 UTC,23,26,3.95,0.68,33.2,56,Safe
2026-04-28 16:04:25 UTC,24,26,4.03,0.69,33.2,55.9,Safe
2026-04-28 16:04:35 UTC,24,26,3.94,0.68,33.2,55.9,Safe
2026-04-28 16:04:45 UTC,23,24,3.99,0.69,33.2,56.1,Safe
2026-04-28 16:04:55 UTC,25,26,3.94,0.68,33.2,56.2,Safe
2026-04-28 16:05:05 UTC,24,26,4.03,0.69,33.2,56.4,Safe
2026-04-28 16:05:15 UTC,25,28,3.94,0.68,33.3,56.4,Safe
2026-04-28 16:05:25 UTC,26,28,4.03,0.69,33.3,56.5,Safe
2026-04-28 16:05:35 UTC,25,27,3.94,0.68,33.3,56.3,Safe
2026-04-28 16:05:45 UTC,26,28,3.94,0.68,33.3,56.3,Safe
2026-04-28 16:05:55 UTC,26,29,4.02,0.68,33.3,56.4,Safe
2026-04-28 16:06:05 UTC,24,29,3.94,0.68,33.4,56.2,Safe
2026-04-28 16:06:15 UTC,24,29,4.03,0.69,33.3,56.1,Safe
2026-04-28 16:06:25 UTC,27,34,3.94,0.68,33.3,56.1,Safe
2026-04-28 16:06:35 UTC,33,47,4,0.69,33.3,56.1,Safe
2026-04-28 16:06:45 UTC,31,46,3.94,0.68,33.3,56.1,Safe
2026-04-28 16:06:55 UTC,33,44,4.03,0.69,33.3,56.1,Safe
2026-04-28 16:07:05 UTC,31,39,3.93,0.68,33.3,55.9,Safe
2026-04-28 16:07:15 UTC,31,40,4.03,0.69,33.3,55.9,Safe
2026-04-28 16:07:25 UTC,32,44,4.03,0.69,33.3,56.1,Safe
2026-04-28 16:07:35 UTC,32,44,3.94,0.68,33.3,56.1,Safe
2026-04-28 16:07:45 UTC,33,47,4.03,0.69,33.3,56.3,Safe
2026-04-28 16:07:55 UTC,32,43,3.93,0.68,33.2,56.4,Safe
2026-04-28 16:08:05 UTC,31,40,4.03,0.69,33.2,56.4,Safe
2026-04-28 16:08:15 UTC,30,39,3.94,0.68,33.2,56.3,Safe
2026-04-28 16:08:25 UTC,33,39,4.03,0.69,33.3,56.2,Safe
2026-04-28 16:08:35 UTC,34,42,3.95,0.68,33.3,56.3,Safe
2026-04-28 16:08:45 UTC,36,47,4.03,0.69,33.3,56.4,Safe
2026-04-28 16:08:55 UTC,39,50,4.04,0.69,33.3,56.6,Safe
2026-04-28 16:09:05 UTC,41,51,4.05,0.69,33.3,56.6,Safe
2026-04-28 16:09:15 UTC,41,52,3.96,0.68,33.4,56.6,Safe
2026-04-28 16:09:25 UTC,40,51,3.96,0.68,33.4,56.4,Safe
2026-04-28 16:09:35 UTC,40,50,4,0.69,33.4,56.4,Safe
2026-04-28 16:09:45 UTC,38,47,3.93,0.68,33.4,56.3,Safe
2026-04-28 16:09:55 UTC,36,47,4.03,0.69,33.4,56.2,Safe
2026-04-28 16:10:05 UTC,38,47,3.94,0.68,33.4,56.1,Safe
2026-04-28 16:10:15 UTC,36,46,4.04,0.69,33.4,56,Safe
2026-04-28 16:10:25 UTC,36,44,3.95,0.68,33.4,55.8,Safe
2026-04-28 16:10:35 UTC,36,44,4.04,0.69,33.4,55.8,Safe
2026-04-28 16:10:45 UTC,34,41,3.97,0.68,33.4,55.6,Safe
2026-04-28 16:10:55 UTC,33,38,4.03,0.69,33.4,55.5,Safe
2026-04-28 16:11:05 UTC,32,37,3.99,0.68,33.4,55.4,Safe
2026-04-28 16:11:15 UTC,31,38,3.94,0.68,33.4,55.5,Safe
2026-04-28 16:11:25 UTC,30,36,4.04,0.69,33.4,55.4,Safe
2026-04-28 16:11:35 UTC,29,36,3.93,0.68,33.3,55.4,Safe
2026-04-28 16:11:45 UTC,28,35,4.03,0.69,33.3,55.7,Safe
2026-04-28 16:11:55 UTC,27,34,3.94,0.68,33.3,55.8,Safe
2026-04-28 16:12:05 UTC,27,35,4.03,0.69,33.3,55.5,Safe
2026-04-28 16:12:15 UTC,27,34,3.93,0.68,33.3,55.5,Safe
2026-04-28 16:12:25 UTC,27,31,4.02,0.69,33.2,55.6,Safe
2026-04-28 16:12:35 UTC,27,29,4.03,0.69,33.2,55.8,Safe
2026-04-28 16:12:45 UTC,24,27,3.94,0.68,33.2,55.8,Safe
2026-04-28 16:12:55 UTC,22,25,4.03,0.69,33.2,55.8,Safe
2026-04-28 16:13:05 UTC,22,23,3.94,0.68,33.1,55.8,Safe
2026-04-28 16:13:15 UTC,22,22,4,0.69,33.1,55.9,Safe
2026-04-28 16:13:25 UTC,21,22,3.94,0.68,33.1,55.9,Safe
2026-04-28 16:13:35 UTC,21,24,4.02,0.69,33.1,56,Safe
2026-04-28 16:13:45 UTC,22,25,3.9,0.67,33.1,56,Safe
2026-04-28 16:13:55 UTC,22,26,4.03,0.69,33.1,56.1,Safe
2026-04-28 16:14:05 UTC,22,27,3.93,0.68,33,56.3,Safe
2026-04-28 16:14:15 UTC,23,27,3.96,0.68,33,56.2,Safe
2026-04-28 16:14:25 UTC,23,27,3.93,0.68,33,56.2,Safe
2026-04-28 16:14:35 UTC,23,27,3.93,0.68,32.9,56.3,Safe
2026-04-28 16:14:45 UTC,23,28,3.98,0.68,32.9,56.4,Safe
2026-04-28 16:14:55 UTC,25,28,3.93,0.68,32.9,56.5,Safe
2026-04-28 16:15:05 UTC,25,27,4.03,0.69,32.9,56.5,Safe
2026-04-28 16:15:15 UTC,25,27,3.88,0.67,32.9,56.7,Safe
2026-04-28 16:15:25 UTC,24,27,4.03,0.69,32.9,56.6,Safe
2026-04-28 16:15:35 UTC,24,27,3.94,0.68,32.9,56.7,Safe
2026-04-28 16:15:45 UTC,25,27,3.99,0.68,32.9,56.9,Safe
2026-04-28 16:15:55 UTC,25,29,3.94,0.68,32.9,56.9,Safe
2026-04-28 16:16:05 UTC,25,30,4.03,0.69,32.9,56.9,Safe
2026-04-28 16:16:15 UTC,23,29,4.03,0.68,32.9,56.8,Safe
2026-04-28 16:16:25 UTC,24,28,3.94,0.68,33,56.7,Safe
2026-04-28 16:16:35 UTC,22,28,4.04,0.69,33,56.5,Safe
2026-04-28 16:16:45 UTC,25,28,3.93,0.68,33,56.5,Safe
2026-04-28 16:16:55 UTC,25,30,4.03,0.69,33,56.7,Safe
2026-04-28 16:17:05 UTC,25,33,3.94,0.68,33,56.9,Safe
2026-04-28 16:17:15 UTC,27,33,4.03,0.69,33,56.8,Safe
2026-04-28 16:17:25 UTC,25,32,3.93,0.68,33,56.5,Safe
2026-04-28 16:17:35 UTC,26,30,4.03,0.69,33,56.4,Safe
2026-04-28 16:17:45 UTC,25,29,4.04,0.69,33,56.4,Safe
2026-04-28 16:17:55 UTC,26,28,3.92,0.67,33,56.4,Safe
2026-04-28 16:18:05 UTC,26,27,4.03,0.69,33,56.4,Safe
2026-04-28 16:18:15 UTC,25,27,3.94,0.68,33.1,56.4,Safe
2026-04-28 16:18:25 UTC,23,26,4.03,0.69,33,56.4,Safe
2026-04-28 16:18:35 UTC,23,26,3.94,0.68,33,56.4,Safe
2026-04-28 16:18:45 UTC,24,26,4.03,0.69,33,56.4,Safe
2026-04-28 16:18:55 UTC,25,29,3.94,0.68,33,56.4,Safe
2026-04-28 16:19:05 UTC,25,28,4.02,0.69,33,56.7,Safe
2026-04-28 16:19:15 UTC,23,28,4.03,0.69,32.9,56.5,Safe
2026-04-28 16:19:25 UTC,22,28,4.03,0.69,32.9,56.5,Safe
2026-04-28 16:19:35 UTC,23,27,3.94,0.68,32.9,56.5,Safe
2026-04-28 16:19:45 UTC,22,27,3.93,0.68,32.9,56.6,Safe
2026-04-28 16:19:55 UTC,23,25,4.02,0.69,32.9,56.6,Safe
2026-04-28 16:20:05 UTC,24,24,3.95,0.68,32.8,56.7,Safe
2026-04-28 16:20:15 UTC,24,28,4.03,0.69,32.9,56.9,Safe
2026-04-28 16:20:25 UTC,23,29,3.95,0.68,32.9,57,Safe
2026-04-28 16:20:35 UTC,24,28,4.03,0.69,32.9,57.3,Safe
2026-04-28 16:20:45 UTC,25,27,3.93,0.68,32.9,56.1,Safe
2026-04-28 16:20:55 UTC,28,34,4.03,0.69,32.8,52.2,Safe
