Timestamp,PM2.5,PM10,Gas,CO,Temp,Hum,Status
2026-04-30 07:34:50 UTC,16,18,3.97,0.67,30.4,67.1,Safe
2026-04-30 07:35:00 UTC,14,16,3.97,0.67,30.3,66.3,Safe
2026-04-30 07:35:10 UTC,15,18,3.97,0.67,30.3,65.8,Safe
2026-04-30 07:35:20 UTC,14,20,3.97,0.67,30.4,65.3,Safe
2026-04-30 07:35:30 UTC,15,20,3.89,0.66,30.4,65.8,Safe
2026-04-30 07:35:40 UTC,16,21,3.96,0.67,30.4,66.2,Safe
2026-04-30 07:35:50 UTC,16,19,3.9,0.66,30.4,66.4,Safe
2026-04-30 07:36:00 UTC,14,18,3.98,0.67,30.4,66.6,Safe
2026-04-30 07:36:10 UTC,16,18,3.92,0.66,30.4,66.7,Safe
2026-04-30 07:36:20 UTC,16,20,3.96,0.67,30.4,66.8,Safe
2026-04-30 07:36:30 UTC,16,21,3.89,0.66,30.4,66.9,Safe
2026-04-30 07:36:40 UTC,15,18,3.98,0.67,30.5,67,Safe
2026-04-30 07:36:50 UTC,14,19,3.9,0.66,30.5,67,Safe
2026-04-30 07:37:00 UTC,15,19,3.98,0.67,30.5,67.1,Safe
2026-04-30 07:37:10 UTC,13,17,3.98,0.67,30.5,67.3,Safe
2026-04-30 07:37:20 UTC,13,17,3.9,0.66,30.5,67.2,Safe
2026-04-30 07:37:30 UTC,14,18,3.93,0.67,30.5,67.4,Safe
2026-04-30 07:37:40 UTC,15,19,4.43,0.72,30.5,67.6,Caution
2026-04-30 07:37:50 UTC,16,21,4.69,0.76,30.5,64.9,Caution
2026-04-30 07:38:00 UTC,15,20,4.63,0.74,30.5,62.9,Caution
2026-04-30 07:38:10 UTC,17,21,4.78,0.75,30.5,61.7,Caution
2026-04-30 07:38:20 UTC,16,21,4.66,0.73,30.5,60.7,Caution
2026-04-30 07:38:30 UTC,17,21,4.7,0.74,30.4,60.5,Caution
2026-04-30 07:38:40 UTC,18,20,4.55,0.72,30.4,60.2,Caution
2026-04-30 07:38:50 UTC,17,23,4.48,0.72,30.4,60.1,Caution
2026-04-30 07:39:00 UTC,18,25,4.55,0.73,30.4,60.6,Caution
2026-04-30 07:39:10 UTC,19,25,4.43,0.72,30.5,60.2,Safe
2026-04-30 07:39:20 UTC,19,26,4.52,0.73,30.4,59.9,Caution
2026-04-30 07:39:30 UTC,20,25,4.44,0.72,30.5,60,Safe
2026-04-30 07:39:40 UTC,20,25,4.58,0.73,30.5,59.9,Caution
2026-04-30 07:39:50 UTC,19,24,4.49,0.72,30.5,60,Safe
2026-04-30 07:40:00 UTC,20,23,4.63,0.74,30.5,60.2,Caution
2026-04-30 07:40:10 UTC,19,22,4.42,0.71,30.5,60.2,Safe
2026-04-30 07:40:20 UTC,19,22,4.57,0.73,30.5,60,Caution
2026-04-30 07:40:30 UTC,19,23,4.49,0.72,30.5,60.2,Safe
2026-04-30 07:40:40 UTC,20,23,4.52,0.72,30.6,60.4,Safe
2026-04-30 07:40:50 UTC,21,23,4.59,0.73,30.6,60.4,Caution
2026-04-30 07:41:00 UTC,21,22,4.48,0.72,30.6,60.2,Safe
2026-04-30 07:41:10 UTC,19,21,4.61,0.73,30.6,60.1,Caution
2026-04-30 07:41:20 UTC,19,21,4.48,0.72,30.6,60.3,Safe
2026-04-30 07:41:30 UTC,19,22,4.59,0.73,30.6,60.7,Caution
2026-04-30 07:41:40 UTC,19,22,4.43,0.71,30.6,60.4,Safe
2026-04-30 07:41:50 UTC,20,21,4.57,0.73,30.6,60,Caution
2026-04-30 07:42:00 UTC,21,22,4.48,0.72,30.6,59.9,Safe
2026-04-30 07:42:10 UTC,20,22,4.59,0.73,30.6,59.9,Caution
2026-04-30 07:42:20 UTC,17,23,4.53,0.73,30.6,60,Caution
2026-04-30 07:42:30 UTC,19,23,4.41,0.71,30.7,59.9,Safe
2026-04-30 07:42:40 UTC,19,23,4.55,0.73,30.7,59.8,Caution
2026-04-30 07:42:50 UTC,19,23,4.4,0.71,30.7,59.7,Safe
2026-04-30 07:43:00 UTC,20,22,4.52,0.72,30.7,59.4,Caution
2026-04-30 07:43:10 UTC,21,22,4.43,0.71,30.6,59.1,Safe
2026-04-30 07:43:20 UTC,21,23,4.54,0.73,30.7,59.2,Caution
2026-04-30 07:43:30 UTC,19,22,4.44,0.71,30.7,59.2,Safe
2026-04-30 07:43:40 UTC,20,24,4.54,0.73,30.7,59.2,Caution
2026-04-30 07:43:50 UTC,21,24,4.38,0.7,30.6,59.1,Safe
2026-04-30 07:44:00 UTC,21,24,4.5,0.72,30.7,59.3,Caution
2026-04-30 07:44:10 UTC,19,22,4.43,0.71,30.7,59.3,Safe
2026-04-30 07:44:20 UTC,17,22,4.41,0.71,30.7,59,Safe
2026-04-30 07:44:30 UTC,16,22,4.54,0.73,30.7,58.6,Caution
2026-04-30 07:44:40 UTC,16,24,4.37,0.71,30.7,58.4,Safe
2026-04-30 07:44:50 UTC,16,22,4.5,0.72,30.7,58.4,Caution
2026-04-30 07:45:00 UTC,18,23,4.43,0.71,30.6,58.3,Safe
2026-04-30 07:45:10 UTC,16,21,4.53,0.73,30.6,58.3,Caution
2026-04-30 07:45:20 UTC,16,22,4.4,0.71,30.5,58.1,Safe
2026-04-30 07:45:30 UTC,16,23,4.49,0.72,30.5,58.2,Caution
2026-04-30 07:45:40 UTC,16,22,4.41,0.71,30.5,58.2,Safe
2026-04-30 07:45:50 UTC,16,21,4.53,0.73,30.4,58.3,Caution
2026-04-30 07:46:00 UTC,16,20,4.51,0.73,30.4,58.4,Caution
2026-04-30 07:46:10 UTC,16,20,4.35,0.71,30.4,58.5,Safe
2026-04-30 07:46:20 UTC,15,19,4.51,0.73,30.4,58.4,Caution
2026-04-30 07:46:30 UTC,15,18,4.41,0.71,30.3,58.5,Safe
2026-04-30 07:46:40 UTC,15,19,4.5,0.73,30.3,58.7,Caution
2026-04-30 07:46:50 UTC,14,19,4.36,0.71,30.3,58.9,Safe
2026-04-30 07:47:00 UTC,13,19,4.53,0.73,30.4,59,Caution
2026-04-30 07:47:10 UTC,14,22,4.38,0.71,30.4,59.1,Safe
2026-04-30 07:47:20 UTC,15,21,4.52,0.73,30.5,59.3,Caution
2026-04-30 07:47:30 UTC,16,21,4.35,0.71,30.5,59.4,Safe
2026-04-30 07:47:40 UTC,16,20,4.52,0.73,30.5,59.4,Caution
2026-04-30 07:47:50 UTC,16,20,4.4,0.71,30.6,59.6,Safe
2026-04-30 07:48:00 UTC,18,21,4.36,0.7,30.6,59.6,Safe
2026-04-30 07:48:10 UTC,17,22,4.5,0.73,30.6,59.3,Caution
2026-04-30 07:48:20 UTC,17,22,4.38,0.71,30.6,58.9,Safe
2026-04-30 07:48:30 UTC,19,22,4.51,0.73,30.7,58.8,Caution
2026-04-30 07:48:40 UTC,18,23,4.39,0.71,30.7,58.9,Safe
2026-04-30 07:48:50 UTC,19,22,4.49,0.73,30.7,58.5,Caution
2026-04-30 07:49:00 UTC,18,19,4.37,0.71,30.7,58.3,Safe
2026-04-30 07:49:10 UTC,19,21,4.52,0.73,30.7,58.1,Caution
2026-04-30 07:49:20 UTC,18,23,4.36,0.7,30.6,58.2,Safe
2026-04-30 07:49:30 UTC,19,23,4.48,0.73,30.7,58.6,Caution
2026-04-30 07:49:40 UTC,20,24,4.49,0.73,30.7,58.5,Caution
2026-04-30 07:49:50 UTC,20,22,4.38,0.71,30.7,58.5,Safe
2026-04-30 07:50:00 UTC,21,26,4.49,0.72,30.8,58.6,Caution
2026-04-30 07:50:10 UTC,21,26,4.38,0.71,30.8,58.8,Safe
2026-04-30 07:50:20 UTC,20,26,4.49,0.73,30.8,59,Caution
2026-04-30 07:50:30 UTC,22,25,4.37,0.71,30.9,58.9,Safe
2026-04-30 07:50:40 UTC,22,23,4.52,0.73,30.9,58.9,Caution
2026-04-30 07:50:50 UTC,23,23,4.33,0.7,30.9,58.8,Safe
2026-04-30 07:51:00 UTC,23,25,4.49,0.73,30.9,58.3,Caution
2026-04-30 07:51:10 UTC,23,25,4.39,0.71,30.9,58.2,Safe
2026-04-30 07:51:20 UTC,23,25,4.51,0.73,30.9,58.3,Caution
2026-04-30 07:51:30 UTC,23,26,4.35,0.7,30.9,58.5,Safe
2026-04-30 07:51:40 UTC,23,27,4.49,0.73,30.9,58.6,Caution
2026-04-30 07:51:50 UTC,22,27,4.44,0.72,31,58.7,Safe
2026-04-30 07:52:00 UTC,22,26,4.38,0.71,31,58.8,Safe
2026-04-30 07:52:10 UTC,22,26,4.46,0.72,31,58.8,Safe
2026-04-30 07:52:20 UTC,24,26,4.34,0.71,31,58.7,Safe
2026-04-30 07:52:30 UTC,27,29,4.49,0.73,31,58.7,Caution
2026-04-30 07:52:40 UTC,26,27,4.37,0.71,31,58.6,Safe
2026-04-30 07:52:50 UTC,25,27,4.44,0.72,31.1,58.3,Caution
2026-04-30 07:53:00 UTC,23,25,4.37,0.71,31.1,58.2,Safe
2026-04-30 07:53:10 UTC,23,25,4.49,0.73,31.1,58.1,Caution
2026-04-30 07:53:20 UTC,24,26,4.48,0.73,31.1,57.8,Caution
2026-04-30 07:53:30 UTC,24,27,4.49,0.72,31.1,57.7,Caution
2026-04-30 07:53:40 UTC,25,28,4.49,0.72,31.1,57.9,Caution
2026-04-30 07:53:50 UTC,24,27,4.33,0.7,31.2,57.8,Safe
2026-04-30 07:54:00 UTC,24,29,4.46,0.73,31.2,57.3,Caution
2026-04-30 07:54:10 UTC,24,30,4.33,0.7,31.2,57.2,Safe
2026-04-30 07:54:20 UTC,25,28,4.51,0.73,31.2,57.1,Caution
2026-04-30 07:54:30 UTC,23,26,4.4,0.71,31.2,57.1,Safe
2026-04-30 07:54:40 UTC,21,25,4.49,0.73,31.2,57.1,Caution
2026-04-30 07:54:50 UTC,21,26,4.33,0.7,31.2,57.2,Safe
2026-04-30 07:55:00 UTC,20,26,4.5,0.72,31.2,57.2,Caution
2026-04-30 07:55:10 UTC,22,28,4.37,0.71,31.3,57.4,Safe
2026-04-30 07:55:20 UTC,22,25,4.46,0.72,31.3,57.3,Caution
2026-04-30 07:55:30 UTC,22,24,4.48,0.72,31.3,57.3,Caution
2026-04-30 07:55:40 UTC,22,24,4.34,0.7,31.3,57.2,Safe
2026-04-30 07:55:50 UTC,22,24,4.49,0.73,31.3,57.3,Caution
2026-04-30 07:56:00 UTC,22,26,4.33,0.71,31.3,57.2,Safe
2026-04-30 07:56:10 UTC,21,25,4.49,0.72,31.3,57,Caution
2026-04-30 07:56:20 UTC,19,24,4.33,0.7,31.3,56.9,Safe
2026-04-30 07:56:30 UTC,21,24,4.49,0.73,31.3,56.9,Caution
2026-04-30 07:56:40 UTC,22,24,4.31,0.7,31.4,56.7,Safe
2026-04-30 07:56:50 UTC,23,27,4.46,0.72,31.3,56.8,Caution
2026-04-30 07:57:00 UTC,23,27,4.49,0.73,31.4,56.7,Caution
2026-04-30 07:57:10 UTC,24,28,4.48,0.73,31.4,56.7,Caution
2026-04-30 07:57:20 UTC,24,28,4.49,0.73,31.4,56.6,Caution
2026-04-30 07:57:30 UTC,23,27,4.36,0.71,31.4,56.7,Safe
2026-04-30 07:57:40 UTC,24,26,4.48,0.72,31.5,56.9,Caution
2026-04-30 07:57:50 UTC,23,26,4.36,0.71,31.4,57,Safe
2026-04-30 07:58:00 UTC,22,26,4.47,0.72,31.5,57.1,Caution
2026-04-30 07:58:10 UTC,23,27,4.34,0.71,31.5,57.2,Safe
2026-04-30 07:58:20 UTC,24,29,4.48,0.73,31.5,57.4,Caution
2026-04-30 07:58:30 UTC,24,28,4.33,0.71,31.5,57.4,Safe
2026-04-30 07:58:40 UTC,23,28,4.44,0.72,31.6,57.3,Caution
2026-04-30 07:58:50 UTC,22,27,4.37,0.71,31.6,57.3,Safe
2026-04-30 07:59:00 UTC,23,26,4.48,0.72,31.6,57.3,Caution
2026-04-30 07:59:10 UTC,23,26,4.48,0.73,31.7,57.2,Caution
2026-04-30 07:59:20 UTC,23,27,4.37,0.71,31.7,57.2,Safe
2026-04-30 07:59:30 UTC,24,26,4.48,0.73,31.7,56.8,Caution
2026-04-30 07:59:40 UTC,24,27,4.37,0.71,31.7,56.6,Safe
2026-04-30 07:59:50 UTC,25,27,4.48,0.73,31.7,56.6,Caution
2026-04-30 08:00:00 UTC,25,27,4.36,0.71,31.7,56.4,Safe
2026-04-30 08:00:10 UTC,23,24,4.49,0.72,31.8,56.9,Caution
2026-04-30 08:00:20 UTC,22,24,4.33,0.7,31.8,57,Safe
2026-04-30 08:00:30 UTC,23,25,4.45,0.72,31.8,57,Caution
2026-04-30 08:00:40 UTC,23,25,4.49,0.73,31.8,57.1,Caution
2026-04-30 08:00:50 UTC,20,26,4.38,0.71,31.9,57.1,Safe
2026-04-30 08:01:00 UTC,22,30,4.48,0.72,31.9,56.9,Caution
2026-04-30 08:01:10 UTC,23,29,4.33,0.7,31.9,56.6,Safe
2026-04-30 08:01:20 UTC,24,29,4.46,0.72,31.9,56.4,Caution
2026-04-30 08:01:30 UTC,24,27,4.33,0.7,31.9,56.3,Safe
2026-04-30 08:01:40 UTC,24,27,4.49,0.73,31.9,56.5,Caution
2026-04-30 08:01:50 UTC,24,27,4.31,0.7,32,56.5,Safe
2026-04-30 08:02:00 UTC,24,26,4.49,0.72,32,56.5,Caution
2026-04-30 08:02:10 UTC,22,25,4.37,0.71,32,56.4,Safe
2026-04-30 08:02:20 UTC,23,27,4.47,0.72,32,56.4,Caution
2026-04-30 08:02:30 UTC,24,25,4.35,0.71,32,56.4,Safe
2026-04-30 08:02:40 UTC,23,26,4.35,0.7,32,56.4,Safe
2026-04-30 08:02:50 UTC,24,26,4.49,0.73,32,56.5,Caution
2026-04-30 08:03:00 UTC,23,27,4.37,0.71,32.1,56.5,Safe
2026-04-30 08:03:10 UTC,23,28,4.49,0.73,32.1,56.4,Caution
2026-04-30 08:03:20 UTC,21,29,4.32,0.7,32.1,56.2,Safe
2026-04-30 08:03:30 UTC,22,26,4.49,0.72,32.1,56,Caution
2026-04-30 08:03:40 UTC,23,25,4.33,0.7,32.1,55.4,Safe
2026-04-30 08:03:50 UTC,23,25,4.45,0.72,32.1,55.3,Caution
2026-04-30 08:04:00 UTC,20,21,4.33,0.7,32.1,55.4,Safe
2026-04-30 08:04:10 UTC,20,21,4.49,0.73,32.1,55.8,Caution
2026-04-30 08:04:20 UTC,22,25,4.48,0.72,32.1,55.9,Caution
2026-04-30 08:04:30 UTC,21,28,4.38,0.71,32.1,55.9,Safe
2026-04-30 08:04:40 UTC,22,29,4.43,0.72,32.1,55.9,Safe
2026-04-30 08:04:50 UTC,22,29,4.36,0.71,32.1,56,Safe
2026-04-30 08:05:00 UTC,21,27,4.48,0.72,32.1,55.9,Caution
2026-04-30 08:05:10 UTC,21,26,4.36,0.71,32.1,56.1,Safe
2026-04-30 08:05:20 UTC,20,25,4.44,0.72,32.1,56.2,Safe
2026-04-30 08:05:30 UTC,19,23,4.33,0.71,32.1,56.4,Safe
2026-04-30 08:05:40 UTC,19,25,4.47,0.73,32.2,56.5,Caution
2026-04-30 08:05:50 UTC,19,26,4.36,0.71,32.2,56.3,Safe
2026-04-30 08:06:00 UTC,20,26,4.46,0.72,32.2,56.4,Caution
2026-04-30 08:06:10 UTC,21,25,4.29,0.7,32.2,56.2,Safe
2026-04-30 08:06:20 UTC,21,25,4.36,0.71,32.2,56,Safe
2026-04-30 08:06:30 UTC,23,25,4.43,0.72,32.2,55.9,Safe
2026-04-30 08:06:40 UTC,23,25,4.36,0.71,32.2,55.3,Safe
2026-04-30 08:06:50 UTC,20,26,4.48,0.72,32.2,55.1,Caution
2026-04-30 08:07:00 UTC,20,26,4.35,0.71,32.1,55.1,Safe
2026-04-30 08:07:10 UTC,22,27,4.47,0.73,32.1,55.1,Caution
2026-04-30 08:07:20 UTC,22,27,4.33,0.71,32.1,55.1,Safe
2026-04-30 08:07:30 UTC,21,26,4.47,0.72,32.1,55.3,Caution
2026-04-30 08:07:40 UTC,22,27,4.34,0.71,32.1,55.4,Safe
2026-04-30 08:07:50 UTC,21,27,4.46,0.73,32.2,55.2,Caution
2026-04-30 08:08:00 UTC,20,25,4.48,0.72,32.2,55.2,Caution
2026-04-30 08:08:10 UTC,20,22,4.35,0.71,32.2,55.4,Safe
2026-04-30 08:08:20 UTC,20,26,4.47,0.72,32.2,55.5,Caution
2026-04-30 08:08:30 UTC,21,27,4.3,0.7,32.2,55.7,Safe
2026-04-30 08:08:40 UTC,21,23,4.46,0.72,32.2,55.9,Caution
2026-04-30 08:08:50 UTC,21,21,4.32,0.7,32.3,56.2,Safe
2026-04-30 08:09:00 UTC,22,22,4.47,0.72,32.3,56.1,Caution
2026-04-30 08:09:10 UTC,21,22,4.36,0.71,32.3,55.9,Safe
2026-04-30 08:09:20 UTC,21,22,4.48,0.73,32.3,55.5,Caution
2026-04-30 08:09:30 UTC,21,24,4.35,0.71,32.4,55.2,Safe
2026-04-30 08:09:40 UTC,22,25,4.48,0.72,32.4,55,Caution
2026-04-30 08:09:50 UTC,24,25,4.36,0.71,32.4,55,Safe
2026-04-30 08:10:00 UTC,24,24,4.33,0.71,32.3,55.2,Safe
2026-04-30 08:10:10 UTC,24,26,4.48,0.72,32.4,55.6,Caution
2026-04-30 08:10:20 UTC,25,27,4.36,0.71,32.4,55.6,Safe
2026-04-30 08:10:30 UTC,25,27,4.46,0.72,32.5,55.6,Caution
2026-04-30 08:10:40 UTC,25,27,4.36,0.71,32.5,55.7,Safe
2026-04-30 08:10:50 UTC,25,27,4.47,0.72,32.5,55.6,Caution
2026-04-30 08:11:00 UTC,26,30,4.35,0.71,32.5,55.3,Safe
2026-04-30 08:11:10 UTC,27,29,4.45,0.73,32.5,54.7,Caution
2026-04-30 08:11:20 UTC,26,27,4.33,0.7,32.5,54.2,Safe
2026-04-30 08:11:30 UTC,27,28,4.48,0.72,32.5,54,Caution
2026-04-30 08:11:40 UTC,26,31,4.42,0.72,32.5,54.2,Safe
2026-04-30 08:11:50 UTC,26,30,4.36,0.71,32.6,54.2,Safe
2026-04-30 08:12:00 UTC,25,29,4.49,0.73,32.6,54.1,Caution
2026-04-30 08:12:10 UTC,25,28,4.3,0.7,32.6,54.4,Safe
2026-04-30 08:12:20 UTC,24,27,4.47,0.72,32.6,54.6,Caution
2026-04-30 08:12:30 UTC,25,28,4.33,0.71,32.6,54.6,Safe
2026-04-30 08:12:40 UTC,26,29,4.48,0.72,32.6,54.8,Caution
2026-04-30 08:12:50 UTC,27,30,4.34,0.71,32.6,55.2,Safe
2026-04-30 08:13:00 UTC,26,28,4.44,0.72,32.6,55.1,Caution
2026-04-30 08:13:10 UTC,25,28,4.48,0.72,32.6,54.4,Caution
2026-04-30 08:13:20 UTC,22,25,4.48,0.72,32.7,54,Caution
2026-04-30 08:13:30 UTC,22,25,4.34,0.71,32.7,53.9,Safe
2026-04-30 08:13:40 UTC,21,24,4.31,0.7,32.7,53.3,Safe
2026-04-30 08:13:50 UTC,19,24,4.48,0.72,32.7,53.3,Caution
2026-04-30 08:14:00 UTC,18,24,4.36,0.71,32.7,53.4,Safe
2026-04-30 08:14:10 UTC,18,21,4.49,0.72,32.7,53.1,Caution
2026-04-30 08:14:20 UTC,17,20,4.35,0.71,32.7,51.3,Safe
2026-04-30 08:14:30 UTC,14,18,4.49,0.72,32.7,50.9,Caution
2026-04-30 08:14:40 UTC,13,18,4.32,0.7,32.7,51.2,Safe
2026-04-30 08:14:50 UTC,15,21,4.46,0.72,32.7,51.3,Caution
2026-04-30 08:15:00 UTC,16,21,4.33,0.7,32.7,51.3,Safe
2026-04-30 08:15:10 UTC,18,20,4.48,0.72,32.7,51.7,Caution
2026-04-30 08:15:20 UTC,18,19,4.46,0.72,32.7,52.2,Caution
2026-04-30 08:15:30 UTC,17,19,4.35,0.7,32.7,52.2,Safe
2026-04-30 08:15:40 UTC,17,19,4.46,0.72,32.7,52.2,Caution
2026-04-30 08:15:50 UTC,17,22,4.35,0.71,32.7,51.9,Safe
2026-04-30 08:16:00 UTC,16,20,4.47,0.72,32.7,51.5,Caution
2026-04-30 08:16:10 UTC,19,23,4.31,0.7,32.7,51.4,Safe
2026-04-30 08:16:20 UTC,20,23,4.47,0.72,32.7,51.7,Caution
2026-04-30 08:16:30 UTC,21,23,4.34,0.71,32.7,51.7,Safe
2026-04-30 08:16:40 UTC,19,24,4.44,0.72,32.7,51.9,Caution
2026-04-30 08:16:50 UTC,19,22,4.48,0.73,32.8,52,Caution
2026-04-30 08:17:00 UTC,19,22,4.47,0.72,32.8,52.1,Caution
2026-04-30 08:17:10 UTC,18,20,4.37,0.71,32.8,52.2,Safe
2026-04-30 08:17:20 UTC,18,20,4.38,0.71,32.8,52.8,Safe
2026-04-30 08:17:30 UTC,19,25,4.46,0.72,32.8,53.2,Caution
2026-04-30 08:17:40 UTC,21,26,4.35,0.7,32.9,53.3,Safe
2026-04-30 08:17:50 UTC,20,26,4.47,0.72,32.9,53.4,Caution
2026-04-30 08:18:00 UTC,20,25,4.34,0.7,32.9,53.5,Safe
2026-04-30 08:18:10 UTC,21,27,4.51,0.73,32.9,53.6,Caution
2026-04-30 08:18:20 UTC,22,26,4.35,0.7,32.9,53.8,Safe
2026-04-30 08:18:30 UTC,22,25,4.49,0.73,32.9,53.9,Caution
2026-04-30 08:18:40 UTC,22,26,4.23,0.69,32.9,53.9,Safe
2026-04-30 08:18:50 UTC,20,22,4.46,0.72,32.9,52.3,Caution
2026-04-30 08:19:00 UTC,19,22,4.48,0.72,32.8,50.3,Caution
2026-04-30 08:19:10 UTC,16,19,4.31,0.7,32.7,49.7,Safe
2026-04-30 08:19:20 UTC,15,18,4.45,0.72,32.5,49.6,Caution
2026-04-30 08:19:30 UTC,16,18,4.34,0.71,32.4,50.1,Safe
2026-04-30 08:19:40 UTC,15,19,4.57,0.73,32.4,50.4,Caution
2026-04-30 08:19:50 UTC,14,20,4.35,0.7,32.4,50.7,Safe
2026-04-30 08:20:00 UTC,15,20,4.47,0.72,32.4,51,Caution
2026-04-30 08:20:10 UTC,13,18,4.29,0.7,32.4,50.7,Safe
2026-04-30 08:20:20 UTC,14,18,4.48,0.72,32.5,50.5,Caution
2026-04-30 08:20:30 UTC,14,17,4.43,0.72,32.5,50.8,Caution
2026-04-30 08:20:40 UTC,13,17,4.43,0.72,32.5,51,Safe
2026-04-30 08:20:50 UTC,13,16,4.45,0.72,32.5,51.2,Caution
2026-04-30 08:21:00 UTC,12,16,4.35,0.71,32.6,51.3,Safe
2026-04-30 08:21:10 UTC,13,16,4.49,0.72,32.6,51.4,Caution
2026-04-30 08:21:20 UTC,14,17,4.34,0.71,32.7,51.5,Safe
2026-04-30 08:21:30 UTC,14,17,4.48,0.73,32.7,51.5,Caution
2026-04-30 08:21:40 UTC,14,19,4.33,0.7,32.7,51,Safe
2026-04-30 08:21:50 UTC,12,20,4.43,0.72,32.6,51.4,Safe
2026-04-30 08:22:00 UTC,13,19,4.34,0.71,32.6,51.9,Safe
2026-04-30 08:22:10 UTC,11,18,4.45,0.72,32.7,52.1,Caution
2026-04-30 08:22:20 UTC,14,19,4.33,0.7,32.7,52.2,Safe
2026-04-30 08:22:30 UTC,14,19,4.47,0.73,32.7,52.1,Caution
2026-04-30 08:22:40 UTC,14,20,4.44,0.72,32.7,52.1,Caution
2026-04-30 08:22:50 UTC,15,21,4.36,0.71,32.7,52.2,Safe
2026-04-30 08:23:00 UTC,13,20,4.43,0.72,32.8,52.3,Safe
2026-04-30 08:23:10 UTC,13,19,4.31,0.7,32.8,51.8,Safe
2026-04-30 08:23:20 UTC,15,20,4.48,0.72,32.8,51.5,Caution
2026-04-30 08:23:30 UTC,14,20,4.34,0.71,32.8,51.4,Safe
2026-04-30 08:23:40 UTC,13,20,4.45,0.72,32.8,51.3,Caution
2026-04-30 08:23:50 UTC,14,21,4.33,0.71,32.8,51.2,Safe
2026-04-30 08:24:00 UTC,14,20,4.46,0.72,32.8,51.1,Caution
2026-04-30 08:24:10 UTC,12,19,4.38,0.68,32.7,51,Safe
2026-04-30 08:24:20 UTC,9,16,4.47,0.72,32.6,50.2,Caution
2026-04-30 08:24:30 UTC,8,14,4.42,0.72,32.6,50.9,Safe
2026-04-30 08:24:40 UTC,9,14,4.25,0.7,32.6,51.1,Safe
2026-04-30 08:24:50 UTC,10,15,4.47,0.73,32.6,51.1,Caution
2026-04-30 08:25:00 UTC,10,15,4.33,0.71,32.6,51.2,Safe
2026-04-30 08:25:10 UTC,10,14,4.46,0.72,32.6,51.4,Caution
2026-04-30 08:25:20 UTC,9,11,4.28,0.7,32.6,51.5,Safe
2026-04-30 08:25:30 UTC,9,11,4.45,0.72,32.7,51.5,Caution
2026-04-30 08:25:40 UTC,9,13,4.33,0.7,32.7,50.6,Safe
2026-04-30 08:25:50 UTC,9,12,4.43,0.72,32.7,50.9,Caution
2026-04-30 08:26:00 UTC,10,12,4.36,0.7,32.7,50.8,Safe
2026-04-30 08:26:10 UTC,9,11,4.34,0.71,32.7,51.1,Safe
2026-04-30 08:26:20 UTC,11,14,4.44,0.72,32.7,51.3,Caution
2026-04-30 08:26:30 UTC,10,13,4.34,0.71,32.7,51.4,Safe
2026-04-30 08:26:40 UTC,9,12,4.45,0.72,32.8,51.4,Caution
2026-04-30 08:26:50 UTC,9,10,4.31,0.7,32.8,51.2,Safe
2026-04-30 08:27:00 UTC,10,10,4.43,0.72,32.9,51.2,Safe
2026-04-30 08:27:10 UTC,10,10,4.29,0.7,32.9,51.1,Safe
2026-04-30 08:27:20 UTC,9,11,4.48,0.72,32.9,50.6,Caution
2026-04-30 08:27:30 UTC,10,14,4.29,0.7,32.9,50.4,Safe
2026-04-30 08:27:40 UTC,11,13,4.5,0.72,32.9,50.2,Caution
2026-04-30 08:27:50 UTC,13,16,4.49,0.72,32.9,50.2,Caution
2026-04-30 08:28:00 UTC,14,21,4.34,0.7,33,50.5,Safe
2026-04-30 08:28:10 UTC,18,26,4.49,0.73,33,50.1,Caution
2026-04-30 08:28:20 UTC,19,22,4.33,0.7,32.9,49.6,Safe
2026-04-30 08:28:30 UTC,20,26,4.49,0.72,32.8,49.6,Caution
2026-04-30 08:28:40 UTC,18,25,4.36,0.71,32.8,49.9,Safe
2026-04-30 08:28:50 UTC,18,21,4.48,0.73,32.7,49.9,Caution
2026-04-30 08:29:00 UTC,16,20,4.35,0.71,32.7,50.2,Safe
2026-04-30 08:29:10 UTC,17,21,4.46,0.72,32.8,50.1,Caution
2026-04-30 08:29:20 UTC,17,21,4.31,0.7,32.8,49.9,Safe
2026-04-30 08:29:30 UTC,17,21,4.49,0.72,32.8,49.9,Caution
2026-04-30 08:29:40 UTC,18,21,4.34,0.71,32.8,49.5,Safe
2026-04-30 08:29:50 UTC,18,24,4.33,0.7,32.8,48.9,Safe
2026-04-30 08:30:00 UTC,17,23,4.45,0.72,32.8,48.3,Caution
2026-04-30 08:30:10 UTC,15,20,4.36,0.71,32.8,48,Safe
2026-04-30 08:30:20 UTC,11,17,4.48,0.73,32.7,47.8,Caution
2026-04-30 08:30:30 UTC,10,18,4.37,0.71,32.7,48.1,Safe
2026-04-30 08:30:40 UTC,9,18,4.48,0.72,32.7,48.6,Caution
2026-04-30 08:30:50 UTC,9,15,4.37,0.71,32.7,49,Safe
2026-04-30 08:31:00 UTC,7,11,4.48,0.72,32.7,49.3,Caution
2026-04-30 08:31:10 UTC,8,13,4.36,0.71,32.7,49.6,Safe
2026-04-30 08:31:20 UTC,8,14,4.45,0.72,32.8,49.8,Caution
2026-04-30 08:31:30 UTC,8,13,4.48,0.72,32.8,49.9,Caution
2026-04-30 08:31:40 UTC,7,10,4.34,0.71,32.8,50.6,Safe
2026-04-30 08:31:50 UTC,8,12,4.47,0.72,32.8,51,Caution
2026-04-30 08:32:00 UTC,8,15,4.33,0.71,32.8,50.8,Safe
2026-04-30 08:32:10 UTC,7,14,4.46,0.72,32.8,50.7,Caution
2026-04-30 08:32:20 UTC,7,11,4.35,0.71,32.9,50.1,Safe
2026-04-30 08:32:30 UTC,7,13,4.48,0.72,32.8,49.6,Caution
2026-04-30 08:32:40 UTC,7,12,4.32,0.7,32.8,50.2,Safe
2026-04-30 08:32:50 UTC,7,13,4.48,0.73,32.9,50.1,Caution
2026-04-30 08:33:00 UTC,6,11,4.46,0.72,32.9,50,Caution
2026-04-30 08:33:10 UTC,6,9,4.47,0.72,33,49.9,Caution
2026-04-30 08:33:20 UTC,6,8,4.34,0.71,33,49.5,Safe
2026-04-30 08:33:30 UTC,9,13,4.33,0.71,33,49.5,Safe
2026-04-30 08:33:40 UTC,7,9,4.48,0.72,33,49.5,Caution
2026-04-30 08:33:50 UTC,6,8,4.29,0.7,33,49.3,Safe
2026-04-30 08:34:00 UTC,6,8,4.44,0.72,32.9,49.6,Caution
2026-04-30 08:34:10 UTC,5,5,4.33,0.71,32.9,49.5,Safe
2026-04-30 08:34:20 UTC,5,7,4.46,0.72,32.9,49.7,Caution
2026-04-30 08:34:30 UTC,5,8,4.35,0.71,32.9,49.7,Safe
2026-04-30 08:34:40 UTC,6,9,4.44,0.72,32.9,49.7,Caution
2026-04-30 08:34:50 UTC,6,10,4.33,0.7,32.9,49.1,Safe
2026-04-30 08:35:00 UTC,7,13,4.46,0.72,32.9,49.2,Caution
2026-04-30 08:35:10 UTC,8,16,4.46,0.72,32.9,48.5,Caution
2026-04-30 08:35:20 UTC,6,11,4.33,0.7,32.7,48.3,Safe
2026-04-30 08:35:30 UTC,6,9,4.46,0.72,32.7,48.5,Caution
2026-04-30 08:35:40 UTC,6,10,4.34,0.71,32.7,48.8,Safe
2026-04-30 08:35:50 UTC,7,13,4.42,0.72,32.6,49.2,Safe
2026-04-30 08:36:00 UTC,9,17,4.33,0.71,32.6,49.5,Safe
2026-04-30 08:36:10 UTC,12,20,4.44,0.72,32.6,49.2,Caution
2026-04-30 08:36:20 UTC,10,19,4.33,0.71,32.6,48.6,Safe
2026-04-30 08:36:30 UTC,7,17,4.45,0.72,32.6,48.8,Caution
2026-04-30 08:36:40 UTC,7,16,4.46,0.72,32.6,49,Caution
2026-04-30 08:36:50 UTC,7,13,4.44,0.72,32.7,49.1,Caution
2026-04-30 08:37:00 UTC,4,8,4.46,0.72,32.6,48.7,Caution
2026-04-30 08:37:10 UTC,4,4,4.31,0.7,32.5,49,Safe
2026-04-30 08:37:20 UTC,5,5,4.45,0.73,32.5,49.2,Caution
2026-04-30 08:37:30 UTC,6,7,4.29,0.7,32.5,50.3,Safe
2026-04-30 08:37:40 UTC,6,7,4.44,0.72,32.5,49.8,Caution
2026-04-30 08:37:50 UTC,6,6,4.32,0.71,32.4,49,Safe
2026-04-30 08:38:00 UTC,6,9,4.46,0.72,32.4,48.5,Caution
2026-04-30 08:38:10 UTC,7,10,4.34,0.71,32.4,49,Safe
2026-04-30 08:38:20 UTC,6,8,4.45,0.72,32.5,49.4,Caution
2026-04-30 08:38:30 UTC,7,9,4.33,0.71,32.5,49.7,Safe
2026-04-30 08:38:40 UTC,7,9,4.46,0.72,32.5,49.8,Caution
2026-04-30 08:38:50 UTC,8,9,4.42,0.72,32.6,49.7,Safe
2026-04-30 08:39:00 UTC,8,9,4.34,0.7,32.7,49.7,Safe
2026-04-30 08:39:10 UTC,9,10,4.46,0.73,32.7,49.6,Caution
2026-04-30 08:39:20 UTC,7,10,4.35,0.71,32.8,49.5,Safe
2026-04-30 08:39:30 UTC,9,12,4.45,0.72,32.8,49.4,Caution
2026-04-30 08:39:40 UTC,9,12,4.34,0.7,32.8,49.2,Safe
2026-04-30 08:39:50 UTC,11,20,4.44,0.72,32.9,49,Caution
2026-04-30 08:40:00 UTC,23,46,4.33,0.7,32.9,48.9,Safe
2026-04-30 08:40:10 UTC,20,39,4.43,0.72,33,49,Safe
2026-04-30 08:40:20 UTC,18,31,4.46,0.72,33,49,Caution
2026-04-30 08:40:30 UTC,18,33,4.43,0.72,33,49.4,Safe
2026-04-30 08:40:40 UTC,18,30,4.46,0.72,33,49.4,Caution
2026-04-30 08:40:50 UTC,17,24,4.36,0.71,33,49.5,Safe
2026-04-30 08:41:00 UTC,16,22,4.48,0.72,33.1,49.9,Caution
2026-04-30 08:41:10 UTC,17,22,4.36,0.71,33.1,50,Safe
2026-04-30 08:41:20 UTC,18,26,4.48,0.72,33.1,50,Caution
2026-04-30 08:41:30 UTC,18,25,4.34,0.71,33.1,50.1,Safe
2026-04-30 08:41:40 UTC,14,22,4.42,0.72,33.2,50.4,Safe
2026-04-30 08:41:50 UTC,11,22,4.36,0.71,33.2,50.3,Safe
2026-04-30 08:42:00 UTC,9,20,4.47,0.72,33.2,50.1,Caution
2026-04-30 08:42:10 UTC,9,18,4.35,0.71,33.2,49.9,Safe
2026-04-30 08:42:20 UTC,13,22,4.36,0.71,33.3,49.7,Safe
2026-04-30 08:42:30 UTC,16,28,4.43,0.72,33.3,49.7,Caution
2026-04-30 08:42:40 UTC,15,23,4.35,0.71,33.3,49.5,Safe
2026-04-30 08:42:50 UTC,12,18,4.48,0.72,33.4,49.3,Caution
2026-04-30 08:43:00 UTC,11,20,4.33,0.7,33.4,49.4,Safe
2026-04-30 08:43:10 UTC,15,20,4.48,0.72,33.4,49.4,Caution
2026-04-30 08:43:20 UTC,16,22,4.33,0.71,33.4,49.5,Safe
2026-04-30 08:43:30 UTC,16,29,4.45,0.72,33.5,48.8,Caution
2026-04-30 08:43:40 UTC,16,29,4.35,0.71,33.5,48.5,Safe
2026-04-30 08:43:50 UTC,15,25,4.48,0.72,33.5,49,Caution
2026-04-30 08:44:00 UTC,11,24,4.46,0.72,33.5,49,Caution
2026-04-30 08:44:10 UTC,10,22,4.35,0.71,33.5,49,Safe
2026-04-30 08:44:20 UTC,11,22,4.48,0.72,33.5,49.3,Caution
2026-04-30 08:44:30 UTC,12,24,4.33,0.7,33.6,49.5,Safe
2026-04-30 08:44:40 UTC,14,28,4.47,0.72,33.6,49.1,Caution
2026-04-30 08:44:50 UTC,15,28,4.36,0.71,33.6,49.1,Safe
2026-04-30 08:45:00 UTC,17,28,4.43,0.72,33.7,48.8,Safe
2026-04-30 08:45:10 UTC,18,28,4.35,0.71,33.6,48,Safe
2026-04-30 08:45:20 UTC,18,24,4.43,0.72,33.7,47.9,Safe
2026-04-30 08:45:30 UTC,18,23,4.36,0.71,33.7,47.7,Safe
2026-04-30 08:45:40 UTC,16,22,4.45,0.72,33.7,47.7,Caution
2026-04-30 08:45:50 UTC,14,24,4.34,0.71,33.7,47.4,Safe
2026-04-30 08:46:00 UTC,14,22,4.34,0.71,33.7,47.2,Safe
2026-04-30 08:46:10 UTC,17,28,4.43,0.72,33.7,47.1,Safe
2026-04-30 08:46:20 UTC,13,22,4.33,0.71,33.7,47.7,Safe
2026-04-30 08:46:30 UTC,11,21,4.43,0.72,33.7,48.3,Safe
2026-04-30 08:46:40 UTC,10,21,4.33,0.71,33.8,48.3,Safe
2026-04-30 08:46:50 UTC,10,20,4.45,0.72,33.7,47.8,Caution
2026-04-30 08:47:00 UTC,8,18,4.3,0.7,33.7,47.2,Safe
2026-04-30 08:47:10 UTC,7,16,4.43,0.72,33.7,46.5,Safe
2026-04-30 08:47:20 UTC,7,12,4.34,0.71,33.7,46.3,Safe
2026-04-30 08:47:30 UTC,6,8,4.45,0.72,33.6,46.5,Caution
2026-04-30 08:47:40 UTC,7,8,4.42,0.72,33.6,47.1,Safe
2026-04-30 08:47:50 UTC,8,9,4.33,0.71,33.6,47.1,Safe
2026-04-30 08:48:00 UTC,7,10,4.44,0.72,33.6,46.5,Caution
2026-04-30 08:48:10 UTC,6,11,4.33,0.71,33.7,46.5,Safe
2026-04-30 08:48:20 UTC,6,11,4.43,0.72,33.7,46.9,Safe
2026-04-30 08:48:30 UTC,6,13,4.33,0.71,33.7,46.8,Safe
2026-04-30 08:48:40 UTC,8,12,4.43,0.72,33.7,47.1,Safe
2026-04-30 08:48:50 UTC,7,10,4.34,0.71,33.7,47.6,Safe
2026-04-30 08:49:00 UTC,7,11,4.45,0.72,33.7,47.5,Safe
2026-04-30 08:49:10 UTC,8,10,4.43,0.72,33.7,47.4,Safe
2026-04-30 08:49:20 UTC,6,7,4.45,0.72,33.7,47.7,Caution
2026-04-30 08:49:30 UTC,7,11,4.36,0.71,33.7,48,Safe
2026-04-30 08:49:40 UTC,8,12,4.35,0.71,33.7,48,Safe
2026-04-30 08:49:50 UTC,8,13,4.46,0.72,33.8,48.1,Caution
2026-04-30 08:50:00 UTC,8,16,4.33,0.7,33.8,48.5,Safe
2026-04-30 08:50:10 UTC,8,17,4.46,0.72,33.7,48.6,Caution
2026-04-30 08:50:20 UTC,7,14,4.34,0.7,33.8,48.7,Safe
2026-04-30 08:50:30 UTC,7,10,4.44,0.72,33.8,48.4,Caution
2026-04-30 08:50:40 UTC,11,11,4.33,0.7,33.8,48.4,Safe
2026-04-30 08:50:50 UTC,10,11,4.44,0.72,33.8,48.4,Caution
2026-04-30 08:51:00 UTC,8,13,4.33,0.7,33.9,48.4,Safe
2026-04-30 08:51:10 UTC,7,12,4.46,0.72,33.9,48.4,Caution
2026-04-30 08:51:20 UTC,8,10,4.43,0.72,33.9,48.2,Safe
2026-04-30 08:51:30 UTC,8,8,4.35,0.71,34,48,Safe
2026-04-30 08:51:40 UTC,7,8,4.46,0.72,34,47.4,Caution
2026-04-30 08:51:50 UTC,7,10,4.33,0.7,34,47.7,Safe
2026-04-30 08:52:00 UTC,8,8,4.44,0.72,34,47.9,Caution
2026-04-30 08:52:10 UTC,8,8,4.35,0.71,34,48.3,Safe
2026-04-30 08:52:20 UTC,9,10,4.41,0.72,34,47.8,Safe
2026-04-30 08:52:30 UTC,8,11,4.33,0.7,34,48,Safe
2026-04-30 08:52:40 UTC,8,9,4.48,0.72,34.1,48.2,Caution
2026-04-30 08:52:50 UTC,8,8,4.43,0.72,34.1,48.1,Safe
2026-04-30 08:53:00 UTC,9,9,4.48,0.72,34.1,48.2,Caution
2026-04-30 08:53:10 UTC,7,8,4.43,0.72,34.2,48.1,Safe
2026-04-30 08:53:20 UTC,8,9,4.34,0.71,34.1,48.2,Safe
2026-04-30 08:53:30 UTC,8,9,4.45,0.72,34.2,48.2,Caution
2026-04-30 08:53:40 UTC,7,9,4.31,0.7,34.2,48.2,Safe
2026-04-30 08:53:50 UTC,7,10,4.46,0.72,34.2,48.4,Caution
2026-04-30 08:54:00 UTC,6,9,4.34,0.7,34.2,48.6,Safe
2026-04-30 08:54:10 UTC,6,6,4.44,0.72,34.2,48.6,Caution
2026-04-30 08:54:20 UTC,7,9,4.33,0.7,34.2,47.9,Safe
2026-04-30 08:54:30 UTC,7,8,4.48,0.72,34.2,47.5,Caution
2026-04-30 08:54:40 UTC,6,6,4.36,0.71,34.2,47.8,Safe
2026-04-30 08:54:50 UTC,6,7,4.48,0.72,34.2,48,Caution
2026-04-30 08:55:00 UTC,4,5,4.44,0.72,34.2,48.6,Caution
2026-04-30 08:55:10 UTC,5,7,4.32,0.7,34.2,48.4,Safe
2026-04-30 08:55:20 UTC,5,6,4.46,0.72,34.1,47.9,Caution
2026-04-30 08:55:30 UTC,6,6,4.34,0.71,34.1,47.9,Safe
2026-04-30 08:55:40 UTC,7,7,4.46,0.72,34.1,47.4,Caution
2026-04-30 08:55:50 UTC,6,6,4.33,0.7,34,47.5,Safe
2026-04-30 08:56:00 UTC,6,7,4.48,0.72,33.8,47.8,Caution
2026-04-30 08:56:10 UTC,5,6,4.35,0.71,33.7,48.1,Safe
2026-04-30 08:56:20 UTC,4,7,4.43,0.72,33.7,48.6,Safe
2026-04-30 08:56:30 UTC,7,9,4.43,0.72,33.7,49,Safe
2026-04-30 08:56:40 UTC,6,7,4.47,0.72,33.7,49.3,Caution
2026-04-30 08:56:50 UTC,6,7,4.48,0.72,33.7,49.1,Caution
2026-04-30 08:57:00 UTC,7,9,4.35,0.7,33.7,49.3,Safe
2026-04-30 08:57:10 UTC,8,12,4.48,0.72,33.8,49,Caution
2026-04-30 08:57:20 UTC,10,17,4.35,0.71,33.8,48.4,Safe
2026-04-30 08:57:30 UTC,20,40,4.49,0.72,33.9,48.4,Caution
2026-04-30 08:57:40 UTC,33,66,4.36,0.71,33.9,48.5,Safe
2026-04-30 08:57:50 UTC,36,70,4.46,0.72,33.9,47.8,Caution
2026-04-30 08:58:00 UTC,35,65,4.35,0.71,33.9,47.6,Safe
2026-04-30 08:58:10 UTC,39,72,4.48,0.72,34,47.7,Caution
2026-04-30 08:58:20 UTC,40,76,4.33,0.71,34,47.6,Safe
2026-04-30 08:58:30 UTC,36,77,4.48,0.72,34,47.1,Caution
2026-04-30 08:58:40 UTC,30,66,4.47,0.72,34,46.8,Caution
2026-04-30 08:58:50 UTC,23,58,4.36,0.71,34,46.9,Safe
2026-04-30 08:59:00 UTC,22,51,4.49,0.72,34,47.3,Caution
2026-04-30 08:59:10 UTC,23,42,4.36,0.71,34.1,47.6,Safe
2026-04-30 08:59:20 UTC,20,34,4.46,0.72,34.1,47.9,Caution
2026-04-30 08:59:30 UTC,20,33,4.38,0.71,34.1,47.7,Safe
2026-04-30 08:59:40 UTC,16,26,4.49,0.72,34.1,47.1,Caution
2026-04-30 08:59:50 UTC,10,20,4.33,0.7,34.1,46.9,Safe
2026-04-30 09:00:00 UTC,8,17,4.49,0.73,34.1,46.9,Caution
2026-04-30 09:00:10 UTC,9,20,4.48,0.72,34.1,47.1,Caution
2026-04-30 09:00:20 UTC,9,19,4.43,0.72,34.2,47.3,Safe
2026-04-30 09:00:30 UTC,8,16,4.48,0.72,34.2,46.9,Caution
2026-04-30 09:00:40 UTC,8,14,4.32,0.7,34.1,46.7,Safe
2026-04-30 09:00:50 UTC,6,9,4.48,0.72,34.2,46.7,Caution
2026-04-30 09:01:00 UTC,5,8,4.35,0.7,34.1,46.7,Safe
2026-04-30 09:01:10 UTC,6,7,4.49,0.72,34.1,46.7,Caution
2026-04-30 09:01:20 UTC,6,7,4.33,0.7,34.2,46.9,Safe
2026-04-30 09:01:30 UTC,7,8,4.48,0.72,34.2,47.3,Caution
2026-04-30 09:01:40 UTC,7,9,4.37,0.71,34.2,47.7,Safe
2026-04-30 09:01:50 UTC,8,10,4.43,0.72,34.3,47.6,Safe
2026-04-30 09:02:00 UTC,7,9,4.37,0.71,34.3,47.4,Safe
2026-04-30 09:02:10 UTC,9,10,4.34,0.71,34.4,47.4,Safe
2026-04-30 09:02:20 UTC,8,9,4.49,0.72,34.4,47.2,Caution
2026-04-30 09:02:30 UTC,7,9,4.35,0.71,34.4,47.3,Safe
2026-04-30 09:02:40 UTC,8,10,4.45,0.72,34.4,47.1,Safe
2026-04-30 09:02:50 UTC,7,9,4.33,0.7,34.5,47.1,Safe
2026-04-30 09:03:00 UTC,6,8,4.44,0.72,34.5,47.5,Safe
2026-04-30 09:03:10 UTC,6,8,4.31,0.7,34.5,47.6,Safe
2026-04-30 09:03:20 UTC,7,7,4.48,0.72,34.5,47.6,Caution
2026-04-30 09:03:30 UTC,7,9,4.37,0.71,34.5,47.6,Safe
2026-04-30 09:03:40 UTC,8,11,4.44,0.72,34.5,47.6,Safe
2026-04-30 09:03:50 UTC,8,9,4.49,0.72,34.6,47.7,Caution
2026-04-30 09:04:00 UTC,7,8,4.34,0.7,34.6,47.9,Safe
2026-04-30 09:04:10 UTC,7,10,4.47,0.72,34.6,47.7,Caution
2026-04-30 09:04:20 UTC,7,10,4.33,0.7,34.6,47.8,Safe
2026-04-30 09:04:30 UTC,8,12,4.49,0.72,34.6,47.9,Caution
2026-04-30 09:04:40 UTC,6,11,4.36,0.71,34.6,47.9,Safe
2026-04-30 09:04:50 UTC,8,10,4.48,0.72,34.6,47.9,Caution
2026-04-30 09:05:00 UTC,8,10,4.33,0.7,34.7,47.8,Safe
2026-04-30 09:05:10 UTC,8,12,4.47,0.72,34.7,47.6,Caution
2026-04-30 09:05:20 UTC,8,15,4.34,0.71,34.7,47.6,Safe
2026-04-30 09:05:30 UTC,9,17,4.43,0.72,34.7,47.7,Safe
2026-04-30 09:05:40 UTC,9,18,4.38,0.71,34.7,47.7,Safe
2026-04-30 09:05:50 UTC,9,19,4.34,0.71,34.8,47.5,Safe
2026-04-30 09:06:00 UTC,8,18,4.43,0.72,34.7,47,Safe
2026-04-30 09:06:10 UTC,10,19,4.33,0.7,34.7,46.8,Safe
2026-04-30 09:06:20 UTC,8,17,4.43,0.72,34.7,46.8,Safe
2026-04-30 09:06:30 UTC,8,12,4.34,0.71,34.7,46.9,Safe
2026-04-30 09:06:40 UTC,8,13,4.48,0.72,34.8,47,Caution
2026-04-30 09:06:50 UTC,7,11,4.37,0.7,34.8,47.3,Safe
2026-04-30 09:07:00 UTC,8,11,4.48,0.72,34.8,47.3,Caution
2026-04-30 09:07:10 UTC,9,16,4.31,0.7,34.8,47.2,Safe
2026-04-30 09:07:20 UTC,8,15,4.47,0.72,34.8,47.1,Caution
2026-04-30 09:07:30 UTC,7,13,4.48,0.72,34.7,46.5,Caution
2026-04-30 09:07:40 UTC,7,11,4.33,0.7,34.6,45.9,Safe
2026-04-30 09:07:50 UTC,6,10,4.43,0.72,34.5,46.4,Safe
2026-04-30 09:08:00 UTC,6,9,4.33,0.7,34.5,47.6,Safe
2026-04-30 09:08:10 UTC,7,9,4.49,0.72,34.5,47.2,Caution
2026-04-30 09:08:20 UTC,7,9,4.35,0.71,34.5,46.8,Safe
2026-04-30 09:08:30 UTC,6,7,4.46,0.72,34.5,46.9,Caution
2026-04-30 09:08:40 UTC,6,6,4.34,0.71,34.5,46.9,Safe
2026-04-30 09:08:50 UTC,5,7,4.43,0.72,34.5,46.6,Safe
2026-04-30 09:09:00 UTC,6,6,4.43,0.72,34.5,46.4,Safe
2026-04-30 09:09:10 UTC,6,7,4.43,0.72,34.5,46.6,Safe
2026-04-30 09:09:20 UTC,5,9,4.34,0.71,34.6,46.6,Safe
2026-04-30 09:09:30 UTC,4,8,4.33,0.71,34.5,46.3,Safe
2026-04-30 09:09:40 UTC,6,7,4.48,0.73,34.5,46.4,Caution
2026-04-30 09:09:50 UTC,5,7,4.3,0.7,34.5,46.6,Safe
2026-04-30 09:10:00 UTC,7,9,4.47,0.72,34.5,46.2,Caution
2026-04-30 09:10:10 UTC,6,9,4.33,0.7,34.5,46.5,Safe
2026-04-30 09:10:20 UTC,6,9,4.47,0.72,34.5,46.8,Caution
2026-04-30 09:10:30 UTC,7,10,4.33,0.7,34.5,47.1,Safe
2026-04-30 09:10:40 UTC,6,9,4.45,0.73,34.6,47.2,Caution
2026-04-30 09:10:50 UTC,5,10,4.34,0.7,34.6,47.2,Safe
2026-04-30 09:11:00 UTC,5,7,4.49,0.72,34.6,47.2,Caution
2026-04-30 09:11:10 UTC,8,10,4.49,0.72,34.7,47.2,Caution
2026-04-30 09:11:20 UTC,8,10,4.34,0.71,34.7,47.3,Safe
2026-04-30 09:11:30 UTC,6,9,4.47,0.73,34.8,47.1,Caution
2026-04-30 09:11:40 UTC,6,8,4.35,0.71,34.8,47.4,Safe
2026-04-30 09:11:50 UTC,6,8,4.44,0.73,34.8,47.2,Caution
2026-04-30 09:12:00 UTC,6,8,4.36,0.71,34.8,47.2,Safe
2026-04-30 09:12:10 UTC,6,9,4.45,0.72,34.9,47.4,Safe
2026-04-30 09:12:20 UTC,7,14,4.31,0.7,34.9,47.5,Safe
2026-04-30 09:12:30 UTC,8,14,4.47,0.72,34.9,47.2,Caution
2026-04-30 09:12:40 UTC,6,14,4.47,0.72,34.9,47,Caution
2026-04-30 09:12:50 UTC,6,10,4.47,0.72,34.9,47,Caution
2026-04-30 09:13:00 UTC,6,7,4.48,0.72,35,46.8,Caution
2026-04-30 09:13:10 UTC,6,7,4.35,0.71,35,46.8,Safe
2026-04-30 09:13:20 UTC,5,7,4.49,0.72,35,47.6,Caution
2026-04-30 09:13:30 UTC,7,8,4.36,0.71,35,47.2,Safe
2026-04-30 09:13:40 UTC,8,10,4.43,0.72,35,47.2,Safe
2026-04-30 09:13:50 UTC,7,10,4.36,0.71,35,47.3,Safe
2026-04-30 09:14:00 UTC,7,9,4.49,0.72,35,47.2,Caution
2026-04-30 09:14:10 UTC,6,8,4.33,0.7,35,47.3,Safe
2026-04-30 09:14:20 UTC,6,8,4.49,0.73,35.1,47.3,Caution
2026-04-30 09:14:30 UTC,5,5,4.35,0.71,35.1,47.3,Safe
2026-04-30 09:14:40 UTC,7,7,4.45,0.72,35,47,Caution
2026-04-30 09:14:50 UTC,7,7,4.44,0.72,35,47.1,Caution
2026-04-30 09:15:00 UTC,6,7,4.37,0.71,35,47,Safe
2026-04-30 09:15:10 UTC,8,10,4.46,0.72,35,47,Caution
2026-04-30 09:15:20 UTC,8,9,4.35,0.7,35,46.8,Safe
2026-04-30 09:15:30 UTC,15,17,4.43,0.72,35,46.7,Safe
2026-04-30 09:15:40 UTC,28,32,4.37,0.71,35.1,46.6,Safe
2026-04-30 09:15:50 UTC,36,46,4.47,0.72,35.1,46.7,Caution
2026-04-30 09:16:00 UTC,38,46,4.37,0.71,35.1,46.8,Safe
2026-04-30 09:16:10 UTC,40,49,4.49,0.72,35.1,46.7,Caution
2026-04-30 09:16:20 UTC,37,47,4.49,0.73,35.1,46.4,Caution
2026-04-30 09:16:30 UTC,33,38,4.46,0.72,35.1,46.7,Caution
2026-04-30 09:16:40 UTC,25,31,4.47,0.72,35,46.7,Caution
2026-04-30 09:16:50 UTC,23,28,4.32,0.7,34.9,46.4,Safe
2026-04-30 09:17:00 UTC,21,25,4.49,0.72,34.9,46.9,Caution
2026-04-30 09:17:10 UTC,21,22,4.34,0.71,34.9,47,Safe
2026-04-30 09:17:20 UTC,18,22,4.48,0.72,35,46.7,Caution
2026-04-30 09:17:30 UTC,19,21,4.36,0.71,35,46.8,Safe
2026-04-30 09:17:40 UTC,18,21,4.48,0.72,35,46.7,Caution
2026-04-30 09:17:50 UTC,15,19,4.33,0.7,35,47,Safe
2026-04-30 09:18:00 UTC,11,15,4.48,0.72,35.1,46.9,Caution
2026-04-30 09:18:10 UTC,10,16,4.35,0.71,35.1,46.7,Safe
2026-04-30 09:18:20 UTC,10,17,4.48,0.73,35.1,46.9,Caution
2026-04-30 09:18:30 UTC,8,15,4.44,0.72,35.1,46.9,Safe
2026-04-30 09:18:40 UTC,7,11,4.37,0.71,35.1,46.3,Safe
2026-04-30 09:18:50 UTC,7,9,4.47,0.73,35.1,46.4,Caution
2026-04-30 09:19:00 UTC,6,8,4.37,0.71,35.1,46.4,Safe
2026-04-30 09:19:10 UTC,7,10,4.49,0.73,35.1,46.5,Caution
2026-04-30 09:19:20 UTC,6,10,4.37,0.71,35.1,46.3,Safe
2026-04-30 09:19:30 UTC,6,7,4.49,0.73,35.2,46.2,Caution
2026-04-30 09:19:40 UTC,5,6,4.33,0.7,35.1,45.7,Safe
2026-04-30 09:19:50 UTC,6,7,4.46,0.72,35.1,45.8,Caution
2026-04-30 09:20:00 UTC,6,7,4.48,0.73,35.2,46,Caution
2026-04-30 09:20:10 UTC,7,7,4.48,0.72,35.2,45.8,Caution
2026-04-30 09:20:20 UTC,5,6,4.45,0.73,35.2,45.3,Caution
2026-04-30 09:20:30 UTC,5,8,4.35,0.71,35.1,44.9,Safe
2026-04-30 09:20:40 UTC,4,7,4.46,0.72,35.1,44.8,Caution
2026-04-30 09:20:50 UTC,5,6,4.33,0.71,35,45.2,Safe
2026-04-30 09:21:00 UTC,6,7,4.47,0.72,34.9,45.4,Caution
2026-04-30 09:21:10 UTC,8,10,4.33,0.71,34.9,45.7,Safe
2026-04-30 09:21:20 UTC,11,14,4.45,0.72,34.9,45.8,Caution
2026-04-30 09:21:30 UTC,9,17,4.33,0.71,34.9,45.8,Safe
2026-04-30 09:21:40 UTC,9,20,4.49,0.72,35,46.2,Caution
2026-04-30 09:21:50 UTC,8,17,4.33,0.71,35,46.5,Safe
2026-04-30 09:22:00 UTC,7,17,4.35,0.71,35,46.7,Safe
2026-04-30 09:22:10 UTC,10,19,4.5,0.72,35.1,46.8,Caution
2026-04-30 09:22:20 UTC,8,16,4.34,0.7,35.1,46.9,Safe
2026-04-30 09:22:30 UTC,6,14,4.46,0.72,35.1,46.8,Caution
2026-04-30 09:22:40 UTC,7,11,4.36,0.71,35.1,46.7,Safe
2026-04-30 09:22:50 UTC,8,10,4.43,0.72,35.1,46.5,Safe
2026-04-30 09:23:00 UTC,6,7,4.35,0.71,35.1,46.5,Safe
2026-04-30 09:23:10 UTC,5,6,4.48,0.73,35.1,46.6,Caution
2026-04-30 09:23:20 UTC,5,7,4.35,0.71,35.2,46.7,Safe
2026-04-30 09:23:30 UTC,6,9,4.48,0.73,35.2,46.8,Caution
2026-04-30 09:23:40 UTC,6,8,4.47,0.72,35.2,46.5,Caution
2026-04-30 09:23:50 UTC,6,6,4.33,0.7,35.2,46,Safe
2026-04-30 09:24:00 UTC,5,7,4.43,0.72,35.2,45,Caution
2026-04-30 09:24:10 UTC,4,6,4.35,0.71,35.1,44.7,Safe
2026-04-30 09:24:20 UTC,5,5,4.46,0.72,35,45,Caution
2026-04-30 09:24:30 UTC,5,5,4.34,0.71,35,45.2,Safe
2026-04-30 09:24:40 UTC,5,5,4.46,0.72,35,45.4,Caution
2026-04-30 09:24:50 UTC,5,5,4.35,0.71,35,45.6,Safe
2026-04-30 09:25:00 UTC,5,5,4.43,0.72,35,45.9,Safe
2026-04-30 09:25:10 UTC,4,5,4.46,0.72,35,46.1,Caution
2026-04-30 09:25:20 UTC,5,5,4.49,0.72,35.1,46.4,Caution
2026-04-30 09:25:30 UTC,6,7,4.47,0.72,35.1,46.5,Caution
2026-04-30 09:25:40 UTC,5,6,4.35,0.71,35.1,45.8,Safe
2026-04-30 09:25:50 UTC,4,5,4.47,0.73,35.1,45.5,Caution
2026-04-30 09:26:00 UTC,5,5,4.36,0.71,35.1,45.8,Safe
2026-04-30 09:26:10 UTC,5,6,4.46,0.72,35.1,46,Caution
2026-04-30 09:26:20 UTC,6,10,4.36,0.71,35,46.1,Safe
2026-04-30 09:26:30 UTC,6,11,4.45,0.72,35.1,46.2,Caution
2026-04-30 09:26:40 UTC,6,10,4.34,0.71,35.1,46.2,Safe
2026-04-30 09:26:50 UTC,5,6,4.49,0.72,35.1,46.1,Caution
2026-04-30 09:27:00 UTC,6,8,4.35,0.71,35.2,46.1,Safe
2026-04-30 09:27:10 UTC,6,6,4.43,0.72,35.2,45.9,Safe
2026-04-30 09:27:20 UTC,6,8,4.48,0.72,35.2,45.8,Caution
2026-04-30 09:27:30 UTC,6,7,4.35,0.71,35.2,45.8,Safe
2026-04-30 09:27:40 UTC,5,6,4.44,0.72,35.3,45.7,Caution
2026-04-30 09:27:50 UTC,6,7,4.32,0.7,35.2,45.8,Safe
2026-04-30 09:28:00 UTC,6,7,4.48,0.72,35.3,45.8,Caution
2026-04-30 09:28:10 UTC,7,8,4.34,0.71,35.3,45.6,Safe
2026-04-30 09:28:20 UTC,7,7,4.48,0.72,35.4,45.5,Caution
2026-04-30 09:28:30 UTC,7,9,4.35,0.71,35.4,45.3,Safe
2026-04-30 09:28:40 UTC,5,8,4.44,0.72,35.4,45.4,Safe
2026-04-30 09:28:50 UTC,6,9,4.43,0.72,35.4,45.3,Safe
2026-04-30 09:29:00 UTC,4,5,4.49,0.73,35.5,45.3,Caution
2026-04-30 09:29:10 UTC,4,6,4.48,0.72,35.5,45.6,Caution
2026-04-30 09:29:20 UTC,4,7,4.33,0.7,35.5,45.7,Safe
2026-04-30 09:29:30 UTC,4,7,4.47,0.72,35.5,45.6,Caution
2026-04-30 09:29:40 UTC,4,6,4.35,0.71,35.5,45.7,Safe
2026-04-30 09:29:50 UTC,5,7,4.48,0.73,35.3,45.2,Caution
2026-04-30 09:30:00 UTC,5,5,4.33,0.71,35.3,45.4,Safe
2026-04-30 09:30:10 UTC,4,5,4.48,0.73,35.2,45.7,Caution
2026-04-30 09:30:20 UTC,5,5,4.32,0.7,35.2,45.8,Safe
2026-04-30 09:30:30 UTC,4,5,4.49,0.73,35.3,45.7,Caution
2026-04-30 09:30:40 UTC,4,5,4.36,0.71,35.2,45.2,Safe
2026-04-30 09:30:50 UTC,5,6,4.35,0.71,35.3,45.4,Safe
2026-04-30 09:31:00 UTC,6,7,4.46,0.72,35.3,45.8,Caution
2026-04-30 09:31:10 UTC,6,8,4.34,0.71,35.3,45.9,Safe
2026-04-30 09:31:20 UTC,7,8,4.45,0.72,35.2,46.2,Safe
2026-04-30 09:31:30 UTC,6,6,4.36,0.71,35.2,46.2,Safe
2026-04-30 09:31:40 UTC,6,7,4.45,0.72,35.2,46.2,Caution
2026-04-30 09:31:50 UTC,7,10,4.34,0.71,35.1,46.4,Safe
2026-04-30 09:32:00 UTC,6,9,4.44,0.72,35.1,46.5,Caution
2026-04-30 09:32:10 UTC,4,6,4.37,0.71,35.2,46.5,Safe
2026-04-30 09:32:20 UTC,5,6,4.47,0.72,35.1,46.9,Caution
2026-04-30 09:32:30 UTC,5,5,4.43,0.72,35.2,46.5,Safe
2026-04-30 09:32:40 UTC,5,6,4.36,0.71,35.2,46.4,Safe
2026-04-30 09:32:50 UTC,5,6,4.44,0.72,35.2,46.3,Caution
2026-04-30 09:33:00 UTC,5,6,4.35,0.71,35.2,46.4,Safe
2026-04-30 09:33:10 UTC,6,7,4.46,0.72,35.2,46.2,Caution
2026-04-30 09:33:20 UTC,5,6,4.35,0.71,35.2,46.3,Safe
2026-04-30 09:33:30 UTC,5,7,4.47,0.73,35.2,46.7,Caution
2026-04-30 09:33:40 UTC,5,7,4.35,0.71,35.2,46.8,Safe
2026-04-30 09:33:50 UTC,7,8,4.43,0.72,35.2,46.7,Safe
2026-04-30 09:34:00 UTC,7,9,4.47,0.72,35.2,46.7,Caution
2026-04-30 09:34:10 UTC,5,6,4.46,0.73,35.2,46.6,Caution
2026-04-30 09:34:20 UTC,5,5,4.35,0.71,35.2,45.7,Safe
2026-04-30 09:34:30 UTC,6,6,4.36,0.71,35.1,45.1,Safe
2026-04-30 09:34:40 UTC,7,7,4.46,0.72,35,45.4,Caution
2026-04-30 09:34:50 UTC,7,7,4.29,0.7,35,45.8,Safe
2026-04-30 09:35:00 UTC,6,7,4.48,0.72,35.1,46.2,Caution
2026-04-30 09:35:10 UTC,5,7,4.36,0.71,35.1,46.3,Safe
2026-04-30 09:35:20 UTC,7,7,4.49,0.73,35.1,46,Caution
2026-04-30 09:35:30 UTC,7,8,4.33,0.71,35.2,45.8,Safe
2026-04-30 09:35:40 UTC,6,8,4.46,0.72,35.2,45.6,Caution
2026-04-30 09:35:50 UTC,6,6,4.33,0.7,35.2,45.4,Safe
2026-04-30 09:36:00 UTC,5,6,4.43,0.72,35.2,45.7,Safe
2026-04-30 09:36:10 UTC,4,5,4.47,0.73,35.2,45.9,Caution
2026-04-30 09:36:20 UTC,5,5,4.32,0.7,35.2,45.9,Safe
2026-04-30 09:36:30 UTC,5,5,4.48,0.73,35.2,46,Caution
2026-04-30 09:36:40 UTC,5,6,4.35,0.71,35.3,45.9,Safe
2026-04-30 09:36:50 UTC,5,5,4.43,0.72,35.3,45.7,Caution
2026-04-30 09:37:00 UTC,4,6,4.37,0.71,35.4,45.6,Safe
2026-04-30 09:37:10 UTC,5,7,4.48,0.73,35.3,45.8,Caution
2026-04-30 09:37:20 UTC,5,6,4.37,0.71,35.3,45.8,Safe
2026-04-30 09:37:30 UTC,4,5,4.47,0.72,35.3,45.6,Caution
2026-04-30 09:37:40 UTC,4,5,4.51,0.73,35.3,45.2,Caution
2026-04-30 09:37:50 UTC,5,6,4.33,0.71,35.2,45.3,Safe
2026-04-30 09:38:00 UTC,6,6,4.48,0.73,35.2,46,Caution
2026-04-30 09:38:10 UTC,6,7,4.33,0.7,35.1,46.1,Safe
2026-04-30 09:38:20 UTC,6,6,4.49,0.72,35,46.3,Caution
2026-04-30 09:38:30 UTC,4,5,4.35,0.71,35,46.6,Safe
2026-04-30 09:38:40 UTC,5,5,4.49,0.72,34.9,46.5,Caution
2026-04-30 09:38:50 UTC,6,7,4.34,0.71,34.9,46.5,Safe
2026-04-30 09:39:00 UTC,4,5,4.48,0.73,34.9,46.7,Caution
2026-04-30 09:39:10 UTC,4,5,4.49,0.73,34.9,46.8,Caution
2026-04-30 09:39:20 UTC,4,4,4.49,0.73,34.9,46.6,Caution
2026-04-30 09:39:30 UTC,6,6,4.37,0.71,35,46.7,Safe
2026-04-30 09:39:40 UTC,6,7,4.37,0.71,35,46.7,Safe
2026-04-30 09:39:50 UTC,5,7,4.49,0.73,35,46.7,Caution
2026-04-30 09:40:00 UTC,5,7,4.37,0.71,35,46.7,Safe
2026-04-30 09:40:10 UTC,6,7,4.49,0.73,35,46.6,Caution
2026-04-30 09:40:20 UTC,8,8,4.37,0.71,35,46.5,Safe
2026-04-30 09:40:30 UTC,7,7,4.51,0.73,35.1,46.5,Caution
2026-04-30 09:40:40 UTC,6,6,4.39,0.71,35.1,46.3,Safe
2026-04-30 09:40:50 UTC,9,10,4.5,0.73,35.1,46.5,Caution
2026-04-30 09:41:00 UTC,8,10,4.4,0.71,35.1,46.3,Safe
2026-04-30 09:41:10 UTC,7,9,4.51,0.73,35.1,46.4,Caution
2026-04-30 09:41:20 UTC,7,8,4.48,0.73,35.1,46.8,Caution
2026-04-30 09:41:30 UTC,5,7,4.38,0.71,35.1,46.9,Safe
2026-04-30 09:41:40 UTC,6,8,4.47,0.72,35.1,46.9,Caution
2026-04-30 09:41:50 UTC,8,9,4.31,0.7,35,47.1,Safe
2026-04-30 09:42:00 UTC,8,10,4.48,0.73,34.9,46.5,Caution
2026-04-30 09:42:10 UTC,10,13,4.36,0.71,34.8,46.2,Safe
2026-04-30 09:42:20 UTC,12,17,4.48,0.73,34.7,46.3,Caution
2026-04-30 09:42:30 UTC,13,18,4.38,0.71,34.7,46.5,Safe
2026-04-30 09:42:40 UTC,12,19,4.49,0.72,34.7,46.6,Caution
2026-04-30 09:42:50 UTC,12,19,4.46,0.73,34.7,46.8,Caution
2026-04-30 09:43:00 UTC,11,18,4.37,0.71,34.8,47.1,Safe
2026-04-30 09:43:10 UTC,10,17,4.48,0.73,34.8,47.2,Caution
2026-04-30 09:43:20 UTC,10,16,4.37,0.71,34.8,47.1,Safe
2026-04-30 09:43:30 UTC,8,15,4.46,0.72,34.8,47.1,Caution
2026-04-30 09:43:40 UTC,9,17,4.37,0.71,34.8,47.2,Safe
2026-04-30 09:43:50 UTC,8,15,4.49,0.73,34.9,47.2,Caution
2026-04-30 09:44:00 UTC,7,12,4.36,0.71,34.9,47.3,Safe
2026-04-30 09:44:10 UTC,8,9,4.48,0.73,34.9,47.2,Caution
2026-04-30 09:44:20 UTC,8,8,4.33,0.71,34.9,46.6,Safe
2026-04-30 09:44:30 UTC,6,8,4.47,0.72,34.9,46.3,Caution
2026-04-30 09:44:40 UTC,7,8,4.34,0.71,34.8,46.5,Safe
2026-04-30 09:44:50 UTC,7,9,4.3,0.7,34.8,46.8,Safe
2026-04-30 09:45:00 UTC,7,10,4.49,0.73,34.7,47.3,Caution
2026-04-30 09:45:10 UTC,7,9,4.33,0.71,34.8,47.5,Safe
2026-04-30 09:45:20 UTC,8,11,4.48,0.72,34.8,47.6,Caution
2026-04-30 09:45:30 UTC,8,10,4.34,0.71,34.7,47.4,Safe
2026-04-30 09:45:40 UTC,9,11,4.48,0.73,34.8,47.5,Caution
2026-04-30 09:45:50 UTC,8,10,4.34,0.7,34.8,47.2,Safe
2026-04-30 09:46:00 UTC,8,10,4.48,0.72,34.8,47.3,Caution
2026-04-30 09:46:10 UTC,6,7,4.34,0.7,34.8,47.2,Safe
2026-04-30 09:46:20 UTC,7,8,4.48,0.72,34.8,47,Caution
2026-04-30 09:46:30 UTC,9,9,4.47,0.72,34.8,47.1,Caution
2026-04-30 09:46:40 UTC,9,9,4.34,0.71,34.9,47.2,Safe
2026-04-30 09:46:50 UTC,8,9,4.47,0.72,34.9,47.1,Caution
2026-04-30 09:47:00 UTC,6,10,4.37,0.71,35,46.9,Safe
2026-04-30 09:47:10 UTC,6,6,4.49,0.73,35,46.6,Caution
2026-04-30 09:47:20 UTC,6,8,4.34,0.71,35,46.5,Safe
2026-04-30 09:47:30 UTC,6,8,4.44,0.72,35,46.1,Caution
2026-04-30 09:47:40 UTC,6,8,4.34,0.71,35.1,46,Safe
2026-04-30 09:47:50 UTC,9,10,4.44,0.72,35.1,46.2,Caution
2026-04-30 09:48:00 UTC,9,11,4.42,0.72,35.1,46.4,Safe
2026-04-30 09:48:10 UTC,8,10,4.52,0.73,35.1,46.5,Caution
2026-04-30 09:48:20 UTC,9,9,4.52,0.73,35.2,46.5,Caution
2026-04-30 09:48:30 UTC,8,9,4.29,0.7,35.2,46.7,Safe
2026-04-30 09:48:40 UTC,9,10,4.49,0.73,35.2,46.8,Caution
2026-04-30 09:48:50 UTC,10,13,4.37,0.71,35.3,46.7,Safe
2026-04-30 09:49:00 UTC,9,10,4.49,0.72,35.3,46.6,Caution
2026-04-30 09:49:10 UTC,8,10,4.37,0.71,35.3,46.4,Safe
2026-04-30 09:49:20 UTC,8,10,4.48,0.73,35.4,46.4,Caution
2026-04-30 09:49:30 UTC,8,10,4.33,0.7,35.5,46.3,Safe
2026-04-30 09:49:40 UTC,9,10,4.49,0.73,35.5,46.2,Caution
2026-04-30 09:49:50 UTC,9,9,4.34,0.71,35.6,46,Safe
2026-04-30 09:50:00 UTC,10,10,4.49,0.72,35.6,46,Caution
2026-04-30 09:50:10 UTC,8,8,4.49,0.73,35.6,45.5,Caution
2026-04-30 09:50:20 UTC,8,8,4.38,0.71,35.6,45.1,Safe
2026-04-30 09:50:30 UTC,8,8,4.49,0.72,35.6,45.3,Caution
2026-04-30 09:50:40 UTC,9,9,4.33,0.71,35.6,45.4,Safe
2026-04-30 09:50:50 UTC,11,12,4.49,0.73,35.6,45.6,Caution
2026-04-30 09:51:00 UTC,12,14,4.37,0.71,35.7,45.6,Safe
2026-04-30 09:51:10 UTC,11,14,4.49,0.73,35.7,45.5,Caution
2026-04-30 09:51:20 UTC,11,15,4.38,0.71,35.8,45.5,Safe
2026-04-30 09:51:30 UTC,14,21,4.48,0.73,35.9,45.6,Caution
2026-04-30 09:51:40 UTC,33,43,4.5,0.73,35.9,45.4,Caution
2026-04-30 09:51:50 UTC,38,49,4.38,0.71,35.9,45.3,Safe
2026-04-30 09:52:00 UTC,40,49,4.49,0.73,36,45.2,Caution
2026-04-30 09:52:10 UTC,41,51,4.33,0.7,36,45,Safe
2026-04-30 09:52:20 UTC,46,58,4.49,0.73,36,45,Caution
2026-04-30 09:52:30 UTC,47,58,4.35,0.71,36.1,45,Safe
2026-04-30 09:52:40 UTC,47,61,4.45,0.72,36.1,45.1,Caution
2026-04-30 09:52:50 UTC,45,58,4.37,0.71,36.1,45,Safe
2026-04-30 09:53:00 UTC,42,52,4.51,0.73,36.1,45,Caution
2026-04-30 09:53:10 UTC,39,49,4.49,0.73,36.2,44.9,Caution
2026-04-30 09:53:20 UTC,38,50,4.49,0.73,36.2,45,Caution
2026-04-30 09:53:30 UTC,35,46,4.35,0.71,36.2,45,Safe
2026-04-30 09:53:40 UTC,33,40,4.38,0.71,36.3,45,Safe
2026-04-30 09:53:50 UTC,29,33,4.5,0.73,36.3,44.9,Caution
2026-04-30 09:54:00 UTC,27,30,4.35,0.71,36.3,45.2,Safe
2026-04-30 09:54:10 UTC,26,29,4.51,0.73,36.3,45,Caution
2026-04-30 09:54:20 UTC,27,31,4.39,0.71,36.4,45,Safe
2026-04-30 09:54:30 UTC,23,27,4.46,0.72,36.4,44.9,Caution
2026-04-30 09:54:40 UTC,21,27,4.36,0.71,36.4,44.7,Safe
2026-04-30 09:54:50 UTC,22,25,4.45,0.72,36.4,44.7,Caution
2026-04-30 09:55:00 UTC,19,20,4.38,0.71,36.5,44.6,Safe
2026-04-30 09:55:10 UTC,17,18,4.48,0.73,36.5,44.6,Caution
2026-04-30 09:55:20 UTC,17,18,4.49,0.73,36.5,44.5,Caution
2026-04-30 09:55:30 UTC,18,19,4.39,0.71,36.5,43.9,Safe
2026-04-30 09:55:40 UTC,17,21,4.49,0.73,36.5,44,Caution
2026-04-30 09:55:50 UTC,15,19,4.36,0.71,36.5,44.1,Safe
2026-04-30 09:56:00 UTC,13,18,4.49,0.73,36.5,44.2,Caution
2026-04-30 09:56:10 UTC,11,16,4.37,0.71,36.5,43.9,Safe
2026-04-30 09:56:20 UTC,11,15,4.49,0.73,36.5,43.8,Caution
2026-04-30 09:56:30 UTC,13,18,4.36,0.71,36.5,44.3,Safe
2026-04-30 09:56:40 UTC,12,16,4.49,0.73,36.6,44.4,Caution
2026-04-30 09:56:50 UTC,10,14,4.5,0.73,36.5,44.4,Caution
2026-04-30 09:57:00 UTC,10,13,4.33,0.7,36.6,44.2,Safe
2026-04-30 09:57:10 UTC,9,13,4.47,0.72,36.6,44.3,Caution
2026-04-30 09:57:20 UTC,10,12,4.34,0.71,36.6,44.4,Safe
2026-04-30 09:57:30 UTC,9,9,4.49,0.73,36.6,44.3,Caution
2026-04-30 09:57:40 UTC,9,10,4.34,0.71,36.6,44.2,Safe
2026-04-30 09:57:50 UTC,9,11,4.49,0.73,36.7,44.3,Caution
2026-04-30 09:58:00 UTC,8,13,4.39,0.71,36.7,44,Safe
2026-04-30 09:58:10 UTC,8,14,4.46,0.72,36.7,43.9,Safe
2026-04-30 09:58:20 UTC,9,14,4.49,0.73,36.8,44,Caution
2026-04-30 09:58:30 UTC,7,12,4.46,0.72,36.8,44,Caution
2026-04-30 09:58:40 UTC,7,11,4.38,0.71,36.8,43.9,Safe
2026-04-30 09:58:50 UTC,7,10,4.33,0.71,36.8,43.9,Safe
2026-04-30 09:59:00 UTC,6,8,4.49,0.73,36.8,43.6,Caution
2026-04-30 09:59:10 UTC,7,10,4.38,0.71,36.7,44.2,Safe
2026-04-30 09:59:20 UTC,7,8,4.49,0.73,36.7,44.1,Caution
2026-04-30 09:59:30 UTC,8,8,4.35,0.71,36.5,44,Safe
2026-04-30 09:59:40 UTC,8,8,4.49,0.73,36.5,44.5,Caution
2026-04-30 09:59:50 UTC,7,9,4.36,0.71,36.4,44.8,Safe
2026-04-30 10:00:00 UTC,6,8,4.5,0.73,36.4,45,Caution
2026-04-30 10:00:10 UTC,6,8,4.38,0.71,36.4,45,Safe
2026-04-30 10:00:20 UTC,7,7,4.49,0.73,36.4,45,Caution
2026-04-30 10:00:30 UTC,7,8,4.48,0.73,36.4,45.1,Caution
2026-04-30 10:00:40 UTC,7,9,4.36,0.71,36.4,45.2,Safe
2026-04-30 10:00:50 UTC,8,9,4.48,0.73,36.4,44.8,Caution
2026-04-30 10:01:00 UTC,8,8,4.35,0.71,36.3,43.8,Safe
2026-04-30 10:01:10 UTC,7,7,4.49,0.73,36.2,43.7,Caution
2026-04-30 10:01:20 UTC,7,7,4.38,0.71,36.1,44,Safe
2026-04-30 10:01:30 UTC,6,6,4.49,0.73,36.1,44.3,Caution
2026-04-30 10:01:40 UTC,6,6,4.36,0.71,36.1,44.7,Safe
2026-04-30 10:01:50 UTC,6,8,4.49,0.73,36.2,45.1,Caution
2026-04-30 10:02:00 UTC,6,9,4.49,0.73,36.2,45.1,Caution
2026-04-30 10:02:10 UTC,6,9,4.49,0.73,36.2,45.2,Caution
2026-04-30 10:02:20 UTC,8,9,4.51,0.73,36.2,44.8,Caution
2026-04-30 10:02:30 UTC,9,9,4.33,0.7,36.3,44.8,Safe
2026-04-30 10:02:40 UTC,8,8,4.49,0.73,36.3,45.2,Caution
2026-04-30 10:02:50 UTC,7,7,4.36,0.71,36.3,45,Safe
2026-04-30 10:03:00 UTC,7,9,4.49,0.72,36.3,44.7,Caution
2026-04-30 10:03:10 UTC,7,8,4.38,0.71,36.3,45.2,Safe
2026-04-30 10:03:20 UTC,7,9,4.48,0.73,36.3,45.3,Caution
2026-04-30 10:03:30 UTC,7,10,4.36,0.71,36.3,45.1,Safe
2026-04-30 10:03:40 UTC,10,12,4.49,0.73,36.3,45.4,Caution
2026-04-30 10:03:50 UTC,13,14,4.38,0.71,36.3,45.6,Safe
2026-04-30 10:04:00 UTC,18,21,4.37,0.71,36.3,45.6,Safe
2026-04-30 10:04:10 UTC,21,24,4.47,0.72,36.4,45.8,Caution
2026-04-30 10:04:20 UTC,22,27,4.37,0.71,36.4,46.2,Safe
2026-04-30 10:04:30 UTC,25,29,4.48,0.73,36.4,46.3,Caution
2026-04-30 10:04:40 UTC,27,31,4.37,0.71,36.3,46.3,Safe
2026-04-30 10:04:50 UTC,29,34,4.5,0.73,36.3,46.5,Caution
2026-04-30 10:05:00 UTC,31,34,4.39,0.71,36.3,46.5,Safe
2026-04-30 10:05:10 UTC,29,32,4.46,0.73,36.3,46.6,Caution
2026-04-30 10:05:20 UTC,29,32,4.37,0.71,36.3,46.6,Safe
2026-04-30 10:05:30 UTC,28,33,4.48,0.73,36.2,47,Caution
2026-04-30 10:05:40 UTC,30,32,4.51,0.73,36,47.2,Caution
2026-04-30 10:05:50 UTC,30,34,4.38,0.71,35.9,47.4,Safe
2026-04-30 10:06:00 UTC,30,36,4.47,0.73,35.8,47.7,Caution
2026-04-30 10:06:10 UTC,32,36,4.37,0.71,35.6,47.9,Safe
2026-04-30 10:06:20 UTC,33,36,4.44,0.72,35.5,48.2,Caution
2026-04-30 10:06:30 UTC,34,36,4.36,0.71,35.4,48.4,Safe
2026-04-30 10:06:40 UTC,35,38,4.48,0.73,35.4,48.6,Caution
2026-04-30 10:06:50 UTC,35,40,4.35,0.71,35.3,48.8,Safe
2026-04-30 10:07:00 UTC,33,40,4.49,0.73,35.3,49,Caution
2026-04-30 10:07:10 UTC,34,40,4.49,0.73,35.3,49.3,Caution
2026-04-30 10:07:20 UTC,33,39,4.45,0.72,35.3,49.7,Caution
2026-04-30 10:07:30 UTC,33,38,4.48,0.73,35.2,49.7,Caution
2026-04-30 10:07:40 UTC,33,39,4.37,0.71,35.2,49.5,Safe
2026-04-30 10:07:50 UTC,32,38,4.48,0.73,35.2,49.4,Caution
2026-04-30 10:08:00 UTC,31,36,4.37,0.71,35.2,49.4,Safe
2026-04-30 10:08:10 UTC,33,35,4.48,0.72,35.2,49.5,Caution
2026-04-30 10:08:20 UTC,33,36,4.38,0.71,35.3,49.6,Safe
2026-04-30 10:08:30 UTC,33,36,4.44,0.72,35.3,49.3,Caution
2026-04-30 10:08:40 UTC,34,37,4.36,0.71,35.3,49.1,Safe
2026-04-30 10:08:50 UTC,33,36,4.49,0.73,35.3,49.1,Caution
2026-04-30 10:09:00 UTC,34,37,4.39,0.71,35.3,49.3,Safe
2026-04-30 10:09:10 UTC,34,41,4.37,0.71,35.4,49.3,Safe
2026-04-30 10:09:20 UTC,31,38,4.48,0.73,35.4,49.4,Caution
2026-04-30 10:09:30 UTC,32,38,4.37,0.71,35.4,49.6,Safe
2026-04-30 10:09:40 UTC,31,38,4.45,0.72,35.5,49.9,Caution
2026-04-30 10:09:50 UTC,34,40,4.38,0.71,35.4,49.9,Safe
2026-04-30 10:10:00 UTC,34,38,4.49,0.72,35.5,49.8,Caution
2026-04-30 10:10:10 UTC,33,37,4.38,0.71,35.5,49.6,Safe
2026-04-30 10:10:20 UTC,33,36,4.45,0.72,35.5,49.3,Caution
2026-04-30 10:10:30 UTC,33,35,4.33,0.7,35.4,48.9,Safe
2026-04-30 10:10:40 UTC,34,35,4.49,0.73,35.3,48.9,Caution
2026-04-30 10:10:50 UTC,34,37,4.49,0.73,35.3,49.1,Caution
2026-04-30 10:11:00 UTC,34,41,4.37,0.71,35.3,49.2,Safe
2026-04-30 10:11:10 UTC,34,40,4.43,0.72,35.3,49.2,Safe
2026-04-30 10:11:20 UTC,31,39,4.39,0.71,35.2,49.2,Safe
2026-04-30 10:11:30 UTC,32,39,4.49,0.73,35.3,49.3,Caution
2026-04-30 10:11:40 UTC,31,38,4.36,0.71,35.3,49.5,Safe
2026-04-30 10:11:50 UTC,31,37,4.49,0.73,35.3,49.2,Caution
2026-04-30 10:12:00 UTC,31,36,4.35,0.71,35.2,49.1,Safe
2026-04-30 10:12:10 UTC,31,37,4.48,0.73,35.2,49.2,Caution
2026-04-30 10:12:20 UTC,29,34,4.5,0.73,35.2,49.4,Caution
2026-04-30 10:12:30 UTC,31,32,4.49,0.73,35.2,49.4,Caution
2026-04-30 10:12:40 UTC,30,31,4.5,0.73,35.2,49.3,Caution
2026-04-30 10:12:50 UTC,32,33,4.38,0.71,35.2,49.2,Safe
2026-04-30 10:13:00 UTC,33,37,4.49,0.73,35.2,49.1,Caution
2026-04-30 10:13:10 UTC,32,39,4.36,0.71,35.2,49.2,Safe
2026-04-30 10:13:20 UTC,33,37,4.48,0.73,35.2,49.2,Caution
2026-04-30 10:13:30 UTC,32,37,4.32,0.7,35.2,49.2,Safe
2026-04-30 10:13:40 UTC,32,36,4.49,0.73,35.2,49.3,Caution
2026-04-30 10:13:50 UTC,31,37,4.38,0.71,35.2,49.4,Safe
2026-04-30 10:14:00 UTC,33,38,4.49,0.73,35.2,49.3,Caution
2026-04-30 10:14:10 UTC,32,36,4.37,0.71,35.2,49.3,Safe
2026-04-30 10:14:20 UTC,34,36,4.39,0.71,35.2,49.4,Safe
2026-04-30 10:14:30 UTC,34,36,4.49,0.73,35.2,49.4,Caution
2026-04-30 10:14:40 UTC,32,36,4.38,0.71,35.2,49.4,Safe
2026-04-30 10:14:50 UTC,31,36,4.48,0.73,35.2,49.4,Caution
2026-04-30 10:15:00 UTC,31,35,4.37,0.71,35.2,49.2,Safe
2026-04-30 10:15:10 UTC,31,33,4.49,0.73,35.2,49.2,Caution
2026-04-30 10:15:20 UTC,34,35,4.38,0.71,35.2,49.2,Safe
2026-04-30 10:15:30 UTC,34,37,4.49,0.73,35.2,49.2,Caution
2026-04-30 10:15:40 UTC,34,36,4.34,0.7,35.2,49.3,Safe
2026-04-30 10:15:50 UTC,33,36,4.49,0.73,35.1,49.3,Caution
2026-04-30 10:16:00 UTC,32,35,4.5,0.73,35.1,49.2,Caution
2026-04-30 10:16:10 UTC,32,33,4.38,0.71,35.2,49.3,Safe
2026-04-30 10:16:20 UTC,32,35,4.48,0.73,35.2,49.4,Caution
2026-04-30 10:16:30 UTC,31,34,4.39,0.71,35.2,49.3,Safe
2026-04-30 10:16:40 UTC,30,34,4.49,0.73,35.2,49.6,Caution
2026-04-30 10:16:50 UTC,30,35,4.33,0.7,35.2,49.4,Safe
2026-04-30 10:17:00 UTC,28,34,4.49,0.73,35.2,48.9,Caution
2026-04-30 10:17:10 UTC,28,33,4.38,0.71,35.2,48.9,Safe
2026-04-30 10:17:20 UTC,28,32,4.49,0.73,35.1,48.8,Caution
2026-04-30 10:17:30 UTC,27,31,4.5,0.73,35.2,48.8,Caution
2026-04-30 10:17:40 UTC,27,30,4.49,0.73,35.1,48.8,Caution
2026-04-30 10:17:50 UTC,28,29,4.44,0.72,35.1,48.7,Caution
2026-04-30 10:18:00 UTC,27,27,4.35,0.71,35.2,48.8,Safe
2026-04-30 10:18:10 UTC,26,31,4.49,0.73,35.1,48.5,Caution
2026-04-30 10:18:20 UTC,25,32,4.37,0.71,35.1,48.4,Safe
2026-04-30 10:18:30 UTC,26,30,4.44,0.72,35.1,48.5,Caution
2026-04-30 10:18:40 UTC,27,30,4.33,0.7,35.1,48.6,Safe
2026-04-30 10:18:50 UTC,28,31,4.49,0.73,35.1,48.6,Caution
2026-04-30 10:19:00 UTC,27,29,4.38,0.71,35.1,48.6,Safe
2026-04-30 10:19:10 UTC,26,29,4.48,0.72,35.2,48.6,Caution
2026-04-30 10:19:20 UTC,28,33,4.35,0.7,35.2,48.6,Safe
2026-04-30 10:19:30 UTC,26,29,4.36,0.71,35.2,48.5,Safe
2026-04-30 10:19:40 UTC,26,28,4.44,0.72,35.2,48.5,Caution
2026-04-30 10:19:50 UTC,26,28,4.36,0.71,35.2,48.6,Safe
2026-04-30 10:20:00 UTC,27,27,4.48,0.73,35.2,48.6,Caution
2026-04-30 10:20:10 UTC,29,30,4.36,0.71,35.2,48.6,Safe
2026-04-30 10:20:20 UTC,28,31,4.47,0.72,35.1,48.5,Caution
2026-04-30 10:20:30 UTC,29,33,4.37,0.71,35.1,48.6,Safe
2026-04-30 10:20:40 UTC,30,34,4.48,0.73,35.1,48.3,Caution
2026-04-30 10:20:50 UTC,29,35,4.39,0.71,35.1,48.4,Safe
2026-04-30 10:21:00 UTC,28,32,4.49,0.73,35.1,48.4,Caution
2026-04-30 10:21:10 UTC,27,31,4.48,0.73,35,48.4,Caution
2026-04-30 10:21:20 UTC,28,30,4.36,0.71,35,48.5,Safe
2026-04-30 10:21:30 UTC,28,29,4.48,0.73,35,48.6,Caution
2026-04-30 10:21:40 UTC,29,31,4.36,0.71,35,48.7,Safe
2026-04-30 10:21:50 UTC,30,32,4.48,0.73,35,48.7,Caution
2026-04-30 10:22:00 UTC,32,32,4.35,0.71,35,48.8,Safe
2026-04-30 10:22:10 UTC,32,34,4.48,0.73,35,48.7,Caution
2026-04-30 10:22:20 UTC,31,33,4.38,0.71,34.9,48.8,Safe
2026-04-30 10:22:30 UTC,29,30,4.48,0.73,34.9,49,Caution
2026-04-30 10:22:40 UTC,28,32,4.44,0.72,34.9,49,Caution
2026-04-30 10:22:50 UTC,29,34,4.46,0.73,34.8,49,Caution
2026-04-30 10:23:00 UTC,27,32,4.36,0.71,34.8,49,Safe
2026-04-30 10:23:10 UTC,27,31,4.33,0.7,34.7,49,Safe
2026-04-30 10:23:20 UTC,29,31,4.48,0.72,34.7,49.1,Caution
2026-04-30 10:23:30 UTC,29,30,4.33,0.71,34.6,49.3,Safe
2026-04-30 10:23:40 UTC,28,31,4.45,0.72,34.6,49.4,Caution
2026-04-30 10:23:50 UTC,29,31,4.36,0.71,34.7,49.5,Safe
2026-04-30 10:24:00 UTC,27,30,4.44,0.72,34.6,49.5,Caution
2026-04-30 10:24:10 UTC,28,34,4.29,0.7,34.6,49.4,Safe
2026-04-30 10:24:20 UTC,31,34,4.47,0.73,34.6,49.4,Caution
2026-04-30 10:24:30 UTC,30,34,4.36,0.71,34.6,49.5,Safe
2026-04-30 10:24:40 UTC,29,35,4.45,0.72,34.7,49.6,Caution
2026-04-30 10:24:50 UTC,29,37,4.47,0.72,34.7,49.5,Caution
2026-04-30 10:25:00 UTC,30,34,4.35,0.71,34.7,49.6,Safe
2026-04-30 10:25:10 UTC,27,31,4.47,0.72,34.7,49.9,Caution
2026-04-30 10:25:20 UTC,28,34,4.35,0.71,34.7,50,Safe
2026-04-30 10:25:30 UTC,27,32,4.48,0.72,34.7,50,Caution
2026-04-30 10:25:40 UTC,26,30,4.35,0.71,34.7,50,Safe
2026-04-30 10:25:50 UTC,25,30,4.48,0.72,34.7,50,Caution
2026-04-30 10:26:00 UTC,25,29,4.34,0.71,34.7,50,Safe
2026-04-30 10:26:10 UTC,28,34,4.48,0.72,34.7,50,Caution
2026-04-30 10:26:20 UTC,32,36,4.48,0.72,34.8,50,Caution
2026-04-30 10:26:30 UTC,30,35,4.34,0.71,34.8,50.1,Safe
2026-04-30 10:26:40 UTC,29,33,4.47,0.72,34.8,50.2,Caution
2026-04-30 10:26:50 UTC,31,31,4.35,0.71,34.8,50.2,Safe
2026-04-30 10:27:00 UTC,32,36,4.48,0.73,34.8,50.1,Caution
2026-04-30 10:27:10 UTC,31,34,4.36,0.71,34.8,50.1,Safe
2026-04-30 10:27:20 UTC,31,36,4.49,0.72,34.8,50,Caution
2026-04-30 10:27:30 UTC,33,37,4.36,0.71,34.8,49.9,Safe
2026-04-30 10:27:40 UTC,31,37,4.47,0.73,34.8,49.8,Caution
2026-04-30 10:27:50 UTC,31,36,4.48,0.73,34.8,49.9,Caution
2026-04-30 10:28:00 UTC,31,37,4.49,0.72,34.8,50.2,Caution
2026-04-30 10:28:10 UTC,32,37,4.32,0.7,34.8,50.3,Safe
2026-04-30 10:28:20 UTC,30,35,4.33,0.71,34.7,50.1,Safe
2026-04-30 10:28:30 UTC,29,35,4.45,0.73,34.7,49.9,Caution
2026-04-30 10:28:40 UTC,30,32,4.35,0.71,34.6,49.8,Safe
2026-04-30 10:28:50 UTC,28,31,4.48,0.72,34.6,49.9,Caution
2026-04-30 10:29:00 UTC,28,31,4.33,0.71,34.6,50.1,Safe
2026-04-30 10:29:10 UTC,29,33,4.48,0.73,34.6,50.1,Caution
2026-04-30 10:29:20 UTC,28,34,4.34,0.71,34.6,50.1,Safe
2026-04-30 10:29:30 UTC,28,30,4.47,0.73,34.6,49.7,Caution
2026-04-30 10:29:40 UTC,28,29,4.36,0.71,34.6,49.7,Safe
2026-04-30 10:29:50 UTC,27,29,4.43,0.72,34.6,49.8,Safe
2026-04-30 10:30:00 UTC,27,29,4.46,0.73,34.6,49.8,Caution
2026-04-30 10:30:10 UTC,26,29,4.33,0.71,34.6,49.8,Safe
2026-04-30 10:30:20 UTC,25,29,4.47,0.73,34.6,49.6,Caution
2026-04-30 10:30:30 UTC,25,30,4.35,0.71,34.6,49.7,Safe
2026-04-30 10:30:40 UTC,26,27,4.48,0.73,34.6,49.6,Caution
2026-04-30 10:30:50 UTC,27,28,4.36,0.71,34.6,49.7,Safe
2026-04-30 10:31:00 UTC,27,27,4.42,0.72,34.6,49.6,Safe
2026-04-30 10:31:10 UTC,26,27,4.32,0.7,34.6,49.4,Safe
2026-04-30 10:31:20 UTC,25,26,4.48,0.73,34.6,49.4,Caution
2026-04-30 10:31:30 UTC,26,28,4.49,0.73,34.5,49.6,Caution
2026-04-30 10:31:40 UTC,27,32,4.46,0.73,34.5,49.7,Caution
2026-04-30 10:31:50 UTC,28,32,4.46,0.73,34.5,50.1,Caution
2026-04-30 10:32:00 UTC,27,34,4.33,0.71,34.5,50.3,Safe
2026-04-30 10:32:10 UTC,27,37,4.44,0.72,34.5,51,Caution
2026-04-30 10:32:20 UTC,29,37,4.34,0.71,34.5,52,Safe
2026-04-30 10:32:30 UTC,31,36,4.47,0.73,34.5,51.9,Caution
2026-04-30 10:32:40 UTC,30,36,4.33,0.7,34.5,51.7,Safe
2026-04-30 10:32:50 UTC,30,35,4.48,0.72,34.5,51.9,Caution
2026-04-30 10:33:00 UTC,29,33,4.34,0.71,34.5,52,Safe
2026-04-30 10:33:10 UTC,30,35,4.48,0.73,34.5,51.6,Caution
2026-04-30 10:33:20 UTC,28,35,4.37,0.71,34.4,51.1,Safe
2026-04-30 10:33:30 UTC,29,35,4.36,0.71,34.4,52,Safe
2026-04-30 10:33:40 UTC,29,34,4.49,0.73,34.4,52.3,Caution
2026-04-30 10:33:50 UTC,28,34,4.37,0.71,34.4,52.2,Safe
2026-04-30 10:34:00 UTC,30,33,4.48,0.73,34.4,52.9,Caution
2026-04-30 10:34:10 UTC,29,33,4.37,0.71,34.4,53.1,Safe
2026-04-30 10:34:20 UTC,29,33,4.49,0.73,34.5,53.2,Caution
2026-04-30 10:34:30 UTC,28,34,4.32,0.7,34.4,52.5,Safe
2026-04-30 10:34:40 UTC,29,34,4.48,0.73,34.4,53.2,Caution
2026-04-30 10:34:50 UTC,28,36,4.37,0.71,34.4,53.4,Safe
2026-04-30 10:35:00 UTC,28,39,4.48,0.73,34.4,53.1,Caution
2026-04-30 10:35:10 UTC,28,36,4.45,0.72,34.5,52.6,Caution
2026-04-30 10:35:20 UTC,29,37,4.33,0.71,34.5,51.5,Safe
2026-04-30 10:35:30 UTC,30,35,4.49,0.73,34.5,51.4,Caution
2026-04-30 10:35:40 UTC,30,33,4.34,0.71,34.5,51.5,Safe
2026-04-30 10:35:50 UTC,30,34,4.46,0.73,34.5,51.3,Caution
2026-04-30 10:36:00 UTC,28,31,4.33,0.71,34.5,50.9,Safe
2026-04-30 10:36:10 UTC,24,27,4.48,0.73,34.3,50.3,Caution
2026-04-30 10:36:20 UTC,25,29,4.32,0.7,34,50.3,Safe
2026-04-30 10:36:30 UTC,28,32,4.44,0.72,33.9,50.6,Caution
2026-04-30 10:36:40 UTC,28,34,4.48,0.73,33.9,50.9,Caution
2026-04-30 10:36:50 UTC,28,32,4.43,0.72,33.8,51.2,Safe
2026-04-30 10:37:00 UTC,30,32,4.46,0.73,33.8,51.4,Caution
2026-04-30 10:37:10 UTC,29,33,4.37,0.71,33.8,52.2,Safe
2026-04-30 10:37:20 UTC,30,34,4.46,0.73,33.8,54.8,Caution
2026-04-30 10:37:30 UTC,29,32,4.36,0.71,33.8,54.8,Safe
2026-04-30 10:37:40 UTC,29,32,4.49,0.73,33.9,55.6,Caution
2026-04-30 10:37:50 UTC,29,32,4.33,0.7,33.9,56.1,Safe
2026-04-30 10:38:00 UTC,28,29,4.5,0.73,34,55.1,Caution
2026-04-30 10:38:10 UTC,27,30,4.36,0.71,34,55.4,Safe
2026-04-30 10:38:20 UTC,27,30,4.48,0.73,34,53.1,Caution
2026-04-30 10:38:30 UTC,27,32,4.37,0.71,34,52.5,Safe
2026-04-30 10:38:40 UTC,27,31,4.48,0.73,34,53.1,Caution
2026-04-30 10:38:50 UTC,27,31,4.5,0.73,34.1,53.6,Caution
2026-04-30 10:39:00 UTC,27,32,4.38,0.71,34,53.1,Safe
2026-04-30 10:39:10 UTC,28,31,4.45,0.72,34.1,53.2,Caution
2026-04-30 10:39:20 UTC,29,32,4.32,0.7,34.1,53.4,Safe
2026-04-30 10:39:30 UTC,29,31,4.49,0.73,34.1,53.4,Caution
2026-04-30 10:39:40 UTC,29,30,4.41,0.72,34.2,52.9,Safe
2026-04-30 10:39:50 UTC,30,33,4.49,0.73,34.2,53.2,Caution
2026-04-30 10:40:00 UTC,28,32,4.38,0.71,34.2,53.1,Safe
2026-04-30 10:40:10 UTC,27,33,4.5,0.73,34.2,52.1,Caution
2026-04-30 10:40:20 UTC,26,31,4.5,0.73,34.2,51.5,Caution
2026-04-30 10:40:30 UTC,27,32,4.36,0.71,34.3,51.7,Safe
2026-04-30 10:40:40 UTC,27,30,4.51,0.73,34.3,51.2,Caution
2026-04-30 10:40:50 UTC,24,28,4.39,0.71,34.2,51,Safe
2026-04-30 10:41:00 UTC,24,28,4.49,0.73,34.2,51.2,Caution
2026-04-30 10:41:10 UTC,25,28,4.38,0.71,34.2,51.4,Safe
2026-04-30 10:41:20 UTC,25,28,4.48,0.73,34.3,51.8,Caution
2026-04-30 10:41:30 UTC,25,30,4.39,0.71,34.3,51.6,Safe
2026-04-30 10:41:40 UTC,26,29,4.52,0.73,34.3,51.7,Caution
2026-04-30 10:41:50 UTC,26,29,4.52,0.73,34.3,51.7,Caution
2026-04-30 10:42:00 UTC,25,29,4.51,0.73,34.4,52.1,Caution
2026-04-30 10:42:10 UTC,27,30,4.36,0.71,34.4,52,Safe
2026-04-30 10:42:20 UTC,28,28,4.39,0.71,34.4,51.8,Safe
2026-04-30 10:42:30 UTC,28,29,4.47,0.72,34.4,51.6,Caution
2026-04-30 10:42:40 UTC,29,32,4.37,0.71,34.4,51.6,Safe
2026-04-30 10:42:50 UTC,29,35,4.47,0.72,34.5,51.3,Caution
2026-04-30 10:43:00 UTC,29,36,4.38,0.71,34.5,51.4,Safe
2026-04-30 10:43:10 UTC,29,35,4.51,0.73,34.5,50.9,Caution
2026-04-30 10:43:20 UTC,29,32,4.37,0.71,34.5,50.9,Safe
2026-04-30 10:43:30 UTC,29,34,4.52,0.73,34.5,50.7,Caution
2026-04-30 10:43:40 UTC,29,33,4.32,0.7,34.5,50.6,Safe
2026-04-30 10:43:50 UTC,28,30,4.52,0.73,34.5,50.5,Caution
2026-04-30 10:44:00 UTC,27,30,4.49,0.73,34.5,50.3,Caution
2026-04-30 10:44:10 UTC,25,29,4.38,0.71,34.5,50.3,Safe
2026-04-30 10:44:20 UTC,26,29,4.45,0.72,34.5,50.7,Caution
2026-04-30 10:44:30 UTC,26,31,4.36,0.71,34.5,50.6,Safe
2026-04-30 10:44:40 UTC,26,31,4.49,0.73,34.5,50.4,Caution
2026-04-30 10:44:50 UTC,26,32,4.34,0.71,34.5,50.1,Safe
2026-04-30 10:45:00 UTC,24,29,4.48,0.73,34.4,49.8,Caution
2026-04-30 10:45:10 UTC,23,27,4.33,0.71,34.3,50.1,Safe
2026-04-30 10:45:20 UTC,23,24,4.49,0.73,34.3,50.3,Caution
2026-04-30 10:45:30 UTC,23,26,4.48,0.73,34.2,50.9,Caution
2026-04-30 10:45:40 UTC,23,24,4.49,0.72,34.2,50.6,Caution
2026-04-30 10:45:50 UTC,25,27,4.49,0.73,34.2,50.6,Caution
2026-04-30 10:46:00 UTC,23,28,4.37,0.71,34.2,51,Safe
2026-04-30 10:46:10 UTC,24,29,4.49,0.73,34.2,51.2,Caution
2026-04-30 10:46:20 UTC,25,30,4.38,0.71,34.2,51.2,Safe
2026-04-30 10:46:30 UTC,23,27,4.49,0.73,34.2,50.9,Caution
2026-04-30 10:46:40 UTC,23,31,4.39,0.71,34.3,50.9,Safe
2026-04-30 10:46:50 UTC,25,30,4.51,0.73,34.3,51.2,Caution
2026-04-30 10:47:00 UTC,25,27,4.33,0.7,34.3,51.1,Safe
2026-04-30 10:47:10 UTC,25,26,4.46,0.72,34.3,50.6,Caution
2026-04-30 10:47:20 UTC,27,29,4.38,0.71,34.2,49.9,Safe
2026-04-30 10:47:30 UTC,28,31,4.49,0.73,34.2,50,Caution
2026-04-30 10:47:40 UTC,28,29,4.49,0.73,34.1,50,Caution
2026-04-30 10:47:50 UTC,27,29,4.37,0.71,34.1,50.4,Safe
2026-04-30 10:48:00 UTC,25,30,4.45,0.72,34.1,50.4,Caution
2026-04-30 10:48:10 UTC,26,28,4.33,0.71,34.1,50.4,Safe
2026-04-30 10:48:20 UTC,25,28,4.48,0.73,34,50.4,Caution
2026-04-30 10:48:30 UTC,24,28,4.38,0.71,34,50.5,Safe
2026-04-30 10:48:40 UTC,25,29,4.46,0.72,33.9,50.6,Caution
2026-04-30 10:48:50 UTC,24,30,4.37,0.71,33.8,50.8,Safe
2026-04-30 10:49:00 UTC,25,28,4.5,0.73,33.8,51.1,Caution
2026-04-30 10:49:10 UTC,26,29,4.49,0.73,33.8,51.3,Caution
2026-04-30 10:49:20 UTC,26,28,4.49,0.73,33.8,51.5,Caution
2026-04-30 10:49:30 UTC,26,29,4.49,0.73,33.8,51.4,Caution
2026-04-30 10:49:40 UTC,27,30,4.36,0.71,33.8,51.7,Safe
2026-04-30 10:49:50 UTC,26,28,4.49,0.73,33.8,51.2,Caution
2026-04-30 10:50:00 UTC,25,28,4.38,0.71,33.8,51.3,Safe
2026-04-30 10:50:10 UTC,26,33,4.48,0.73,33.8,51.4,Caution
2026-04-30 10:50:20 UTC,25,31,4.35,0.71,33.8,51.4,Safe
2026-04-30 10:50:30 UTC,26,30,4.49,0.73,33.8,51.5,Caution
2026-04-30 10:50:40 UTC,24,28,4.36,0.71,33.8,51.5,Safe
2026-04-30 10:50:50 UTC,24,26,4.49,0.73,33.8,51.9,Caution
2026-04-30 10:51:00 UTC,23,25,4.39,0.71,33.9,52.3,Safe
2026-04-30 10:51:10 UTC,25,27,4.38,0.71,33.9,52.2,Safe
2026-04-30 10:51:20 UTC,24,27,4.5,0.73,33.9,52.2,Caution
2026-04-30 10:51:30 UTC,27,29,4.32,0.7,34,53.1,Safe
2026-04-30 10:51:40 UTC,26,28,4.48,0.73,34,52.9,Caution
2026-04-30 10:51:50 UTC,26,27,4.37,0.71,33.9,52.6,Safe
2026-04-30 10:52:00 UTC,26,28,4.49,0.73,33.9,52.2,Caution
2026-04-30 10:52:10 UTC,27,27,4.38,0.71,33.9,52.3,Safe
2026-04-30 10:52:20 UTC,26,26,4.5,0.73,33.9,52.5,Caution
2026-04-30 10:52:30 UTC,26,26,4.34,0.71,33.9,52.5,Safe
2026-04-30 10:52:40 UTC,26,26,4.49,0.73,33.9,52.2,Caution
2026-04-30 10:52:50 UTC,26,28,4.49,0.73,34,52.1,Caution
2026-04-30 10:53:00 UTC,27,29,4.35,0.71,34,51.6,Safe
2026-04-30 10:53:10 UTC,27,28,4.49,0.73,34,51,Caution
2026-04-30 10:53:20 UTC,26,28,4.35,0.71,34,51.2,Safe
2026-04-30 10:53:30 UTC,27,31,4.49,0.73,34,51.7,Caution
2026-04-30 10:53:40 UTC,27,31,4.34,0.7,34,51.9,Safe
2026-04-30 10:53:50 UTC,25,29,4.48,0.73,34.1,51.8,Caution
2026-04-30 10:54:00 UTC,25,29,4.35,0.71,34.1,51.3,Safe
2026-04-30 10:54:10 UTC,24,29,4.48,0.73,34.1,51,Caution
2026-04-30 10:54:20 UTC,23,26,4.48,0.72,34,50.7,Caution
2026-04-30 10:54:30 UTC,23,30,4.49,0.73,33.9,50.5,Caution
2026-04-30 10:54:40 UTC,25,31,4.38,0.71,33.8,50.6,Safe
2026-04-30 10:54:50 UTC,24,28,4.37,0.71,33.8,50.8,Safe
2026-04-30 10:55:00 UTC,25,27,4.48,0.73,33.8,51.1,Caution
2026-04-30 10:55:10 UTC,25,28,4.33,0.7,33.8,50.9,Safe
2026-04-30 10:55:20 UTC,24,29,4.45,0.72,33.8,51,Caution
2026-04-30 10:55:30 UTC,24,29,4.36,0.71,33.9,50.8,Safe
2026-04-30 10:55:40 UTC,25,27,4.49,0.73,33.8,50.6,Caution
2026-04-30 10:55:50 UTC,25,25,4.36,0.71,33.8,50.7,Safe
2026-04-30 10:56:00 UTC,25,27,4.49,0.73,33.8,51,Caution
2026-04-30 10:56:10 UTC,24,26,4.35,0.71,33.8,51.2,Safe
2026-04-30 10:56:20 UTC,23,26,4.46,0.72,33.8,50.8,Caution
2026-04-30 10:56:30 UTC,23,25,4.48,0.73,33.7,50.9,Caution
2026-04-30 10:56:40 UTC,23,26,4.36,0.71,33.7,51.3,Safe
2026-04-30 10:56:50 UTC,23,26,4.43,0.72,33.7,51.5,Caution
2026-04-30 10:57:00 UTC,24,27,4.36,0.71,33.7,51.2,Safe
2026-04-30 10:57:10 UTC,24,28,4.48,0.73,33.7,51.4,Caution
2026-04-30 10:57:20 UTC,24,29,4.34,0.71,33.7,51.6,Safe
2026-04-30 10:57:30 UTC,24,29,4.49,0.73,33.8,51.4,Caution
2026-04-30 10:57:40 UTC,24,30,4.34,0.71,33.9,51.6,Safe
2026-04-30 10:57:50 UTC,25,30,4.48,0.73,33.9,51.5,Caution
2026-04-30 10:58:00 UTC,26,27,4.45,0.72,34,51.3,Caution
2026-04-30 10:58:10 UTC,25,26,4.37,0.71,34,51.1,Safe
2026-04-30 10:58:20 UTC,24,26,4.49,0.73,34.1,51,Caution
2026-04-30 10:58:30 UTC,24,26,4.38,0.71,34.1,50.9,Safe
2026-04-30 10:58:40 UTC,24,25,4.49,0.73,34.2,50.8,Caution
2026-04-30 10:58:50 UTC,23,24,4.35,0.71,34.2,50.5,Safe
2026-04-30 10:59:00 UTC,23,25,4.44,0.72,34.2,50.2,Caution
2026-04-30 10:59:10 UTC,25,28,4.37,0.71,34.2,50.4,Safe
2026-04-30 10:59:20 UTC,25,29,4.48,0.73,34.2,50.7,Caution
2026-04-30 10:59:30 UTC,25,27,4.34,0.71,34.3,50.5,Safe
2026-04-30 10:59:40 UTC,24,27,4.43,0.72,34.3,50.6,Caution
2026-04-30 10:59:50 UTC,24,26,4.36,0.71,34.2,50.3,Safe
2026-04-30 11:00:00 UTC,25,26,4.31,0.71,34.2,50.4,Safe
2026-04-30 11:00:10 UTC,25,26,4.46,0.73,34.1,50.5,Caution
2026-04-30 11:00:20 UTC,25,26,4.36,0.71,34.2,50.7,Safe
2026-04-30 11:00:30 UTC,25,26,4.48,0.73,34.2,50.9,Caution
2026-04-30 11:00:40 UTC,24,26,4.37,0.71,34.2,51.1,Safe
2026-04-30 11:00:50 UTC,27,30,4.48,0.73,34.3,51.2,Caution
2026-04-30 11:01:00 UTC,28,31,4.37,0.71,34.3,50.9,Safe
2026-04-30 11:01:10 UTC,25,29,4.49,0.73,34.4,50.5,Caution
2026-04-30 11:01:20 UTC,25,28,4.36,0.71,34.4,50.6,Safe
2026-04-30 11:01:30 UTC,24,27,4.48,0.73,34.4,50.7,Caution
2026-04-30 11:01:40 UTC,24,27,4.49,0.73,34.4,50.6,Caution
2026-04-30 11:01:50 UTC,25,27,4.36,0.71,34.5,50.9,Safe
2026-04-30 11:02:00 UTC,26,27,4.49,0.73,34.5,51,Caution
2026-04-30 11:02:10 UTC,25,27,4.38,0.71,34.5,51,Safe
2026-04-30 11:02:20 UTC,25,27,4.44,0.72,34.6,51,Caution
2026-04-30 11:02:30 UTC,26,27,4.37,0.71,34.6,50.9,Safe
2026-04-30 11:02:40 UTC,26,28,4.46,0.72,34.6,50.6,Caution
2026-04-30 11:02:50 UTC,26,28,4.35,0.71,34.6,50.5,Safe
2026-04-30 11:03:00 UTC,24,29,4.49,0.73,34.6,50.5,Caution
2026-04-30 11:03:10 UTC,25,28,4.49,0.73,34.7,50.6,Caution
2026-04-30 11:03:20 UTC,24,27,4.52,0.73,34.7,50.4,Caution
2026-04-30 11:03:30 UTC,23,28,4.46,0.72,34.7,50.3,Caution
2026-04-30 11:03:40 UTC,24,28,4.33,0.71,34.7,49.9,Safe
2026-04-30 11:03:50 UTC,25,27,4.49,0.73,34.7,49.6,Caution
2026-04-30 11:04:00 UTC,25,27,4.35,0.71,34.6,49.5,Safe
2026-04-30 11:04:10 UTC,26,29,4.48,0.73,34.6,49.5,Caution
2026-04-30 11:04:20 UTC,26,32,4.36,0.71,34.6,49.6,Safe
2026-04-30 11:04:30 UTC,25,29,4.45,0.72,34.5,49.8,Caution
2026-04-30 11:04:40 UTC,26,29,4.36,0.71,34.5,50.4,Safe
2026-04-30 11:04:50 UTC,26,28,4.49,0.73,34.6,50.4,Caution
2026-04-30 11:05:00 UTC,25,31,4.38,0.71,34.6,50.4,Safe
2026-04-30 11:05:10 UTC,25,33,4.49,0.73,34.6,50.9,Caution
2026-04-30 11:05:20 UTC,24,31,4.49,0.73,34.6,50.4,Caution
2026-04-30 11:05:30 UTC,25,30,4.33,0.7,34.6,50.5,Safe
2026-04-30 11:05:40 UTC,24,29,4.47,0.73,34.6,50.9,Caution
2026-04-30 11:05:50 UTC,25,30,4.38,0.71,34.6,51,Safe
2026-04-30 11:06:00 UTC,25,27,4.51,0.73,34.6,51,Caution
2026-04-30 11:06:10 UTC,25,28,4.37,0.71,34.7,50.8,Safe
2026-04-30 11:06:20 UTC,26,30,4.5,0.73,34.7,50.9,Caution
2026-04-30 11:06:30 UTC,27,31,4.36,0.71,34.7,50.7,Safe
2026-04-30 11:06:40 UTC,29,31,4.49,0.73,34.8,50.5,Caution
2026-04-30 11:06:50 UTC,29,31,4.49,0.73,34.8,50.5,Caution
2026-04-30 11:07:00 UTC,27,29,4.38,0.71,34.8,50.5,Safe
2026-04-30 11:07:10 UTC,27,29,4.49,0.73,34.8,50.4,Caution
2026-04-30 11:07:20 UTC,26,30,4.39,0.71,34.9,50.3,Safe
2026-04-30 11:07:30 UTC,26,30,4.49,0.73,34.9,50.5,Caution
2026-04-30 11:07:40 UTC,27,30,4.36,0.71,34.9,50.6,Safe
2026-04-30 11:07:50 UTC,27,30,4.49,0.73,35,50.1,Caution
2026-04-30 11:08:00 UTC,28,31,4.38,0.71,35,49.8,Safe
2026-04-30 11:08:10 UTC,30,34,4.49,0.73,35,49.6,Caution
2026-04-30 11:08:20 UTC,29,31,4.33,0.7,35,49.8,Safe
2026-04-30 11:08:30 UTC,29,31,4.48,0.73,35,49.7,Caution
2026-04-30 11:08:40 UTC,29,30,4.38,0.71,35,49.5,Safe
2026-04-30 11:08:50 UTC,28,29,4.38,0.7,35,49.5,Safe
2026-04-30 11:09:00 UTC,27,29,4.49,0.73,35.1,49.3,Caution
2026-04-30 11:09:10 UTC,26,28,4.38,0.71,35.1,49.6,Safe
2026-04-30 11:09:20 UTC,26,29,4.49,0.73,35.1,49.5,Caution
2026-04-30 11:09:30 UTC,25,30,4.38,0.71,35.1,49.5,Safe
2026-04-30 11:09:40 UTC,26,32,4.5,0.73,35.1,49.6,Caution
2026-04-30 11:09:50 UTC,27,31,4.38,0.71,35.1,49.6,Safe
2026-04-30 11:10:00 UTC,27,31,4.49,0.73,35.1,49.7,Caution
2026-04-30 11:10:10 UTC,28,34,4.39,0.71,35.1,49.9,Safe
2026-04-30 11:10:20 UTC,29,34,4.48,0.73,35.2,49.9,Caution
2026-04-30 11:10:30 UTC,28,32,4.5,0.73,35.2,49.9,Caution
2026-04-30 11:10:40 UTC,30,31,4.38,0.71,35.2,49.5,Safe
2026-04-30 11:10:50 UTC,29,30,4.49,0.73,35.2,49.1,Caution
2026-04-30 11:11:00 UTC,30,32,4.36,0.71,35.1,48.9,Safe
2026-04-30 11:11:10 UTC,29,31,4.49,0.73,35.2,49,Caution
2026-04-30 11:11:20 UTC,28,30,4.38,0.71,35.1,48.9,Safe
2026-04-30 11:11:30 UTC,28,31,4.49,0.73,35.1,49,Caution
2026-04-30 11:11:40 UTC,29,34,4.37,0.71,35.1,48.6,Safe
2026-04-30 11:11:50 UTC,29,32,4.49,0.73,35,48.5,Caution
2026-04-30 11:12:00 UTC,27,31,4.48,0.73,34.9,48.3,Caution
2026-04-30 11:12:10 UTC,27,31,4.48,0.73,34.9,48.6,Caution
2026-04-30 11:12:20 UTC,26,28,4.35,0.71,34.8,48.8,Safe
2026-04-30 11:12:30 UTC,26,27,4.34,0.71,34.7,48.7,Safe
2026-04-30 11:12:40 UTC,25,28,4.49,0.73,34.7,49,Caution
2026-04-30 11:12:50 UTC,23,25,4.32,0.7,34.6,49.1,Safe
2026-04-30 11:13:00 UTC,24,26,4.51,0.73,34.6,49.3,Caution
2026-04-30 11:13:10 UTC,25,28,4.33,0.7,34.6,49.5,Safe
2026-04-30 11:13:20 UTC,25,28,4.39,0.72,34.6,49.6,Safe
2026-04-30 11:13:30 UTC,25,30,4.36,0.71,34.6,49.5,Safe
2026-04-30 11:13:40 UTC,24,30,4.48,0.73,34.6,49.7,Caution
2026-04-30 11:13:50 UTC,24,29,4.36,0.71,34.5,49.8,Safe
2026-04-30 11:14:00 UTC,24,29,4.49,0.73,34.5,49.7,Caution
2026-04-30 11:14:10 UTC,24,27,4.49,0.73,34.6,49.8,Caution
2026-04-30 11:14:20 UTC,26,28,4.32,0.7,34.5,49.8,Safe
2026-04-30 11:14:30 UTC,25,26,4.51,0.73,34.6,50.2,Caution
2026-04-30 11:14:40 UTC,25,25,4.35,0.71,34.6,50.4,Safe
2026-04-30 11:14:50 UTC,25,25,4.49,0.73,34.6,50.4,Caution
2026-04-30 11:15:00 UTC,26,27,4.38,0.71,34.6,50.3,Safe
2026-04-30 11:15:10 UTC,26,27,4.49,0.73,34.6,50.2,Caution
2026-04-30 11:15:20 UTC,25,27,4.31,0.7,34.6,50.2,Safe
2026-04-30 11:15:30 UTC,25,26,4.51,0.73,34.7,50.1,Caution
2026-04-30 11:15:40 UTC,25,28,4.51,0.73,34.7,50.1,Caution
2026-04-30 11:15:50 UTC,26,29,4.48,0.73,34.7,50.3,Caution
2026-04-30 11:16:00 UTC,25,28,4.49,0.73,34.7,50.1,Caution
2026-04-30 11:16:10 UTC,25,27,4.36,0.71,34.7,50,Safe
2026-04-30 11:16:20 UTC,27,30,4.49,0.73,34.8,50,Caution
2026-04-30 11:16:30 UTC,26,28,4.35,0.71,34.8,49.8,Safe
2026-04-30 11:16:40 UTC,26,28,4.49,0.73,34.7,49.7,Caution
2026-04-30 11:16:50 UTC,26,28,4.37,0.71,34.8,49.7,Safe
2026-04-30 11:17:00 UTC,26,26,4.49,0.73,34.8,49.6,Caution
2026-04-30 11:17:10 UTC,27,28,4.38,0.71,34.8,49.4,Safe
2026-04-30 11:17:20 UTC,25,31,4.49,0.73,34.8,49.3,Caution
2026-04-30 11:17:30 UTC,25,30,4.35,0.71,34.8,49.2,Safe
2026-04-30 11:17:40 UTC,25,29,4.37,0.71,34.8,49.4,Safe
2026-04-30 11:17:50 UTC,24,27,4.49,0.73,34.8,49.4,Caution
2026-04-30 11:18:00 UTC,25,28,4.35,0.71,34.8,49.6,Safe
2026-04-30 11:18:10 UTC,24,28,4.44,0.72,34.7,49.5,Caution
2026-04-30 11:18:20 UTC,25,29,4.34,0.7,34.7,49.6,Safe
2026-04-30 11:18:30 UTC,24,29,4.44,0.72,34.7,49.7,Caution
2026-04-30 11:18:40 UTC,24,28,4.37,0.71,34.6,49.8,Safe
2026-04-30 11:18:50 UTC,23,27,4.49,0.73,34.6,49.5,Caution
2026-04-30 11:19:00 UTC,22,26,4.34,0.7,34.6,49.6,Safe
2026-04-30 11:19:10 UTC,22,25,4.5,0.73,34.6,49.8,Caution
2026-04-30 11:19:20 UTC,22,24,4.49,0.73,34.6,49.9,Caution
2026-04-30 11:19:30 UTC,21,24,4.32,0.7,34.6,50,Safe
2026-04-30 11:19:40 UTC,22,25,4.46,0.72,34.6,49.7,Caution
2026-04-30 11:19:50 UTC,24,27,4.36,0.71,34.5,49.3,Safe
2026-04-30 11:20:00 UTC,25,27,4.46,0.73,34.5,49.3,Caution
2026-04-30 11:20:10 UTC,25,25,4.33,0.7,34.4,49.3,Safe
2026-04-30 11:20:20 UTC,23,23,4.52,0.73,34.4,49.5,Caution
2026-04-30 11:20:30 UTC,23,24,4.33,0.7,34.4,49.7,Safe
2026-04-30 11:20:40 UTC,24,24,4.49,0.73,34.4,49.9,Caution
2026-04-30 11:20:50 UTC,23,25,4.48,0.73,34.4,50,Caution
2026-04-30 11:21:00 UTC,22,25,4.49,0.73,34.4,50,Caution
2026-04-30 11:21:10 UTC,22,23,4.36,0.71,34.5,50,Safe
2026-04-30 11:21:20 UTC,21,22,4.35,0.71,34.5,50.1,Safe
2026-04-30 11:21:30 UTC,22,23,4.48,0.73,34.5,50.2,Caution
2026-04-30 11:21:40 UTC,22,24,4.32,0.71,34.5,50.2,Safe
2026-04-30 11:21:50 UTC,23,26,4.48,0.73,34.5,50.3,Caution
2026-04-30 11:22:00 UTC,22,27,4.36,0.71,34.5,50.3,Safe
2026-04-30 11:22:10 UTC,22,25,4.46,0.72,34.6,50.2,Caution
2026-04-30 11:22:20 UTC,21,25,4.32,0.7,34.5,49.9,Safe
2026-04-30 11:22:30 UTC,23,24,4.49,0.73,34.5,49.8,Caution
2026-04-30 11:22:40 UTC,22,24,4.36,0.71,34.5,49.9,Safe
2026-04-30 11:22:50 UTC,21,23,4.45,0.72,34.5,49.9,Caution
2026-04-30 11:23:00 UTC,20,25,4.43,0.72,34.4,49.9,Safe
2026-04-30 11:23:10 UTC,20,25,4.37,0.71,34.4,49.9,Safe
2026-04-30 11:23:20 UTC,21,24,4.49,0.73,34.4,50,Caution
2026-04-30 11:23:30 UTC,20,23,4.35,0.71,34.4,50.1,Safe
2026-04-30 11:23:40 UTC,21,22,4.49,0.73,34.4,50.2,Caution
2026-04-30 11:23:50 UTC,21,22,4.33,0.7,34.4,50.2,Safe
2026-04-30 11:24:00 UTC,22,24,4.46,0.72,34.5,50.4,Safe
2026-04-30 11:24:10 UTC,23,25,4.36,0.71,34.5,50.6,Safe
2026-04-30 11:24:20 UTC,25,28,4.46,0.72,34.5,50.6,Caution
2026-04-30 11:24:30 UTC,23,26,4.48,0.73,34.5,50,Caution
2026-04-30 11:24:40 UTC,22,25,4.47,0.73,34.4,49.6,Caution
2026-04-30 11:24:50 UTC,22,26,4.49,0.73,34.2,49.5,Caution
2026-04-30 11:25:00 UTC,23,27,4.37,0.71,34.1,49.7,Safe
2026-04-30 11:25:10 UTC,23,27,4.49,0.73,34,50.4,Caution
2026-04-30 11:25:20 UTC,22,25,4.37,0.71,34,50.7,Safe
2026-04-30 11:25:30 UTC,23,26,4.48,0.73,34.1,50.7,Caution
2026-04-30 11:25:40 UTC,23,25,4.36,0.71,34.1,50.6,Safe
2026-04-30 11:25:50 UTC,24,25,4.49,0.72,34.1,50.7,Caution
2026-04-30 11:26:00 UTC,24,28,4.35,0.71,34.1,51.1,Safe
2026-04-30 11:26:10 UTC,23,26,4.49,0.73,34.1,51.1,Caution
2026-04-30 11:26:20 UTC,22,24,4.36,0.71,34.2,51.1,Safe
2026-04-30 11:26:30 UTC,22,24,4.49,0.73,34.2,50.9,Caution
2026-04-30 11:26:40 UTC,21,24,4.49,0.73,34.2,50.8,Caution
2026-04-30 11:26:50 UTC,22,26,4.34,0.71,34.2,50.7,Safe
2026-04-30 11:27:00 UTC,22,25,4.48,0.73,34.2,50.7,Caution
2026-04-30 11:27:10 UTC,21,24,4.36,0.71,34.3,50.7,Safe
2026-04-30 11:27:20 UTC,21,26,4.49,0.73,34.3,50.5,Caution
2026-04-30 11:27:30 UTC,21,26,4.35,0.71,34.2,50.5,Safe
2026-04-30 11:27:40 UTC,21,26,4.49,0.73,34.2,50.1,Caution
2026-04-30 11:27:50 UTC,21,27,4.36,0.71,34.2,50.1,Safe
2026-04-30 11:28:00 UTC,21,26,4.48,0.73,34.2,50.2,Caution
2026-04-30 11:28:10 UTC,21,24,4.45,0.72,34.2,50.4,Caution
2026-04-30 11:28:20 UTC,20,24,4.49,0.72,34.2,50.5,Caution
2026-04-30 11:28:30 UTC,20,24,4.47,0.72,34.3,50.7,Caution
2026-04-30 11:28:40 UTC,20,23,4.33,0.7,34.3,51,Safe
2026-04-30 11:28:50 UTC,20,24,4.49,0.73,34.3,51.2,Caution
2026-04-30 11:29:00 UTC,21,24,4.38,0.71,34.3,51.3,Safe
2026-04-30 11:29:10 UTC,20,23,4.43,0.72,34.3,51.3,Safe
2026-04-30 11:29:20 UTC,21,24,4.36,0.71,34.3,51.4,Safe
2026-04-30 11:29:30 UTC,21,26,4.43,0.72,34.2,51.5,Caution
2026-04-30 11:29:40 UTC,21,26,4.33,0.71,34.2,51.8,Safe
2026-04-30 11:29:50 UTC,21,26,4.47,0.73,34.2,51.9,Caution
2026-04-30 11:30:00 UTC,20,25,4.33,0.71,34.2,51.9,Safe
2026-04-30 11:30:10 UTC,21,25,4.32,0.7,34.3,51.7,Safe
2026-04-30 11:30:20 UTC,22,25,4.49,0.73,34.2,51.4,Caution
2026-04-30 11:30:30 UTC,21,25,4.33,0.7,34.3,51.2,Safe
2026-04-30 11:30:40 UTC,22,26,4.46,0.72,34.2,50.8,Caution
2026-04-30 11:30:50 UTC,23,27,4.36,0.71,34.2,50.7,Safe
2026-04-30 11:31:00 UTC,23,26,4.48,0.73,34.2,50.8,Caution
2026-04-30 11:31:10 UTC,24,27,4.35,0.71,34.3,50.8,Safe
2026-04-30 11:31:20 UTC,22,28,4.45,0.72,34.2,51,Caution
2026-04-30 11:31:30 UTC,23,26,4.35,0.71,34.3,51.1,Safe
2026-04-30 11:31:40 UTC,25,26,4.48,0.73,34.3,51.1,Caution
2026-04-30 11:31:50 UTC,26,28,4.49,0.73,34.3,50.8,Caution
2026-04-30 11:32:00 UTC,25,27,4.33,0.71,34.4,50.6,Safe
2026-04-30 11:32:10 UTC,24,26,4.49,0.73,34.4,50.4,Caution
2026-04-30 11:32:20 UTC,22,26,4.38,0.71,34.4,50.4,Safe
2026-04-30 11:32:30 UTC,22,26,4.44,0.72,34.4,50.6,Caution
2026-04-30 11:32:40 UTC,23,27,4.37,0.71,34.4,50.6,Safe
2026-04-30 11:32:50 UTC,24,29,4.47,0.73,34.5,51.1,Caution
2026-04-30 11:33:00 UTC,24,29,4.36,0.71,34.5,51.1,Safe
2026-04-30 11:33:10 UTC,24,27,4.49,0.73,34.5,50.7,Caution
2026-04-30 11:33:20 UTC,25,27,4.49,0.73,34.5,50.7,Caution
2026-04-30 11:33:30 UTC,26,29,4.5,0.73,34.5,50.6,Caution
2026-04-30 11:33:40 UTC,25,31,4.46,0.72,34.5,50.7,Caution
2026-04-30 11:33:50 UTC,25,31,4.37,0.71,34.6,50.9,Safe
2026-04-30 11:34:00 UTC,25,31,4.49,0.73,34.6,50.8,Caution
2026-04-30 11:34:10 UTC,27,29,4.38,0.71,34.7,50.7,Safe
2026-04-30 11:34:20 UTC,27,29,4.49,0.73,34.7,50.4,Caution
2026-04-30 11:34:30 UTC,27,30,4.38,0.71,34.8,50.5,Safe
2026-04-30 11:34:40 UTC,27,29,4.5,0.73,34.8,50.5,Caution
2026-04-30 11:34:50 UTC,25,27,4.37,0.71,34.9,50.4,Safe
2026-04-30 11:35:00 UTC,24,26,4.49,0.73,34.9,50.3,Caution
2026-04-30 11:35:10 UTC,24,24,4.36,0.71,35,50,Safe
2026-04-30 11:35:20 UTC,24,24,4.48,0.72,35,49.7,Caution
2026-04-30 11:35:30 UTC,23,25,4.49,0.73,35,49.7,Caution
2026-04-30 11:35:40 UTC,22,23,4.36,0.71,35.1,49.6,Safe
2026-04-30 11:35:50 UTC,20,20,4.46,0.72,35,49.8,Caution
2026-04-30 11:36:00 UTC,20,20,4.34,0.71,35,49.6,Safe
2026-04-30 11:36:10 UTC,20,22,4.49,0.73,35,49.9,Caution
2026-04-30 11:36:20 UTC,18,22,4.33,0.7,35,49.8,Safe
2026-04-30 11:36:30 UTC,18,19,4.49,0.73,35.1,49.6,Caution
2026-04-30 11:36:40 UTC,20,20,4.37,0.71,35.1,49.7,Safe
2026-04-30 11:36:50 UTC,21,22,4.51,0.73,35.2,49.8,Caution
2026-04-30 11:37:00 UTC,20,22,4.5,0.73,35.3,49.7,Caution
2026-04-30 11:37:10 UTC,21,22,4.5,0.73,35.3,49.6,Caution
2026-04-30 11:37:20 UTC,21,22,4.52,0.73,35.4,49.5,Caution
2026-04-30 11:37:30 UTC,19,23,4.39,0.71,35.4,49.3,Safe
2026-04-30 11:37:40 UTC,20,23,4.51,0.73,35.5,49.2,Caution
2026-04-30 11:37:50 UTC,19,25,4.38,0.71,35.6,49.1,Safe
2026-04-30 11:38:00 UTC,19,25,4.5,0.73,35.6,49,Caution
2026-04-30 11:38:10 UTC,20,25,4.37,0.71,35.7,49,Safe
2026-04-30 11:38:20 UTC,20,25,4.49,0.73,35.7,49,Caution
2026-04-30 11:38:30 UTC,21,25,4.35,0.71,35.8,49,Safe
2026-04-30 11:38:40 UTC,20,21,4.51,0.73,35.8,48.9,Caution
2026-04-30 11:38:50 UTC,19,21,4.33,0.7,35.9,48.7,Safe
2026-04-30 11:39:00 UTC,20,21,4.36,0.71,35.9,48.2,Safe
2026-04-30 11:39:10 UTC,20,21,4.49,0.72,36,47.5,Caution
2026-04-30 11:39:20 UTC,22,24,4.37,0.71,36,47.6,Safe
2026-04-30 11:39:30 UTC,21,23,4.46,0.72,36,47.6,Caution
2026-04-30 11:39:40 UTC,20,23,4.37,0.71,36.1,47.4,Safe
2026-04-30 11:39:50 UTC,19,22,4.49,0.73,36.1,47.2,Caution
2026-04-30 11:40:00 UTC,19,22,4.41,0.71,36.1,47.5,Safe
2026-04-30 11:40:10 UTC,20,23,4.52,0.73,36.2,47.5,Caution
2026-04-30 11:40:20 UTC,21,26,4.36,0.71,36.2,47.7,Safe
2026-04-30 11:40:30 UTC,23,25,4.49,0.73,36.3,47.7,Caution
2026-04-30 11:40:40 UTC,24,27,4.52,0.73,36.4,48,Caution
2026-04-30 11:40:50 UTC,24,25,4.38,0.71,36.4,47.9,Safe
2026-04-30 11:41:00 UTC,26,27,4.5,0.73,36.5,47.9,Caution
2026-04-30 11:41:10 UTC,25,26,4.38,0.71,36.5,47.9,Safe
2026-04-30 11:41:20 UTC,25,26,4.51,0.73,36.6,47.6,Caution
2026-04-30 11:41:30 UTC,24,27,4.37,0.71,36.6,47.3,Safe
2026-04-30 11:41:40 UTC,24,28,4.48,0.73,36.7,47.1,Caution
2026-04-30 11:41:50 UTC,24,27,4.35,0.71,36.7,46.7,Safe
2026-04-30 11:42:00 UTC,24,27,4.49,0.73,36.7,46.5,Caution
2026-04-30 11:42:10 UTC,26,29,4.51,0.73,36.8,46.5,Caution
2026-04-30 11:42:20 UTC,29,31,4.51,0.73,36.8,46.3,Caution
2026-04-30 11:42:30 UTC,29,32,4.47,0.73,36.9,46.4,Caution
2026-04-30 11:42:40 UTC,28,32,4.35,0.7,36.8,46.4,Safe
2026-04-30 11:42:50 UTC,27,28,4.5,0.73,36.9,46.2,Caution
2026-04-30 11:43:00 UTC,28,29,4.38,0.71,36.9,46.3,Safe
2026-04-30 11:43:10 UTC,27,29,4.47,0.72,36.9,46.2,Caution
2026-04-30 11:43:20 UTC,27,30,4.39,0.71,37,46.2,Safe
2026-04-30 11:43:30 UTC,26,28,4.49,0.73,37,46.5,Caution
2026-04-30 11:43:40 UTC,25,27,4.36,0.71,37.1,46.7,Safe
2026-04-30 11:43:50 UTC,22,23,4.51,0.73,37.2,46.9,Caution
2026-04-30 11:44:00 UTC,21,24,4.36,0.71,37.2,46.6,Safe
2026-04-30 11:44:10 UTC,22,25,4.49,0.73,37.1,46,Caution
2026-04-30 11:44:20 UTC,21,23,4.5,0.73,37,46.4,Caution
2026-04-30 11:44:30 UTC,21,23,4.37,0.71,36.9,46.2,Safe
2026-04-30 11:44:40 UTC,21,24,4.49,0.73,36.8,46,Caution
2026-04-30 11:44:50 UTC,21,24,4.32,0.7,36.6,46.3,Safe
2026-04-30 11:45:00 UTC,20,23,4.51,0.73,36.6,46.7,Caution
2026-04-30 11:45:10 UTC,20,26,4.36,0.71,36.6,46.6,Safe
2026-04-30 11:45:20 UTC,20,26,4.49,0.73,36.6,46.5,Caution
2026-04-30 11:45:30 UTC,20,25,4.38,0.71,36.6,46.3,Safe
2026-04-30 11:45:40 UTC,19,22,4.46,0.72,36.7,46.3,Caution
2026-04-30 11:45:50 UTC,19,22,4.49,0.73,36.8,46.1,Caution
2026-04-30 11:46:00 UTC,20,22,4.37,0.71,36.8,46,Safe
2026-04-30 11:46:10 UTC,19,21,4.5,0.73,36.9,46.3,Caution
2026-04-30 11:46:20 UTC,20,21,4.37,0.71,37,46.7,Safe
2026-04-30 11:46:30 UTC,18,19,4.49,0.73,37.1,46.8,Caution
2026-04-30 11:46:40 UTC,18,18,4.38,0.71,37,46.9,Safe
2026-04-30 11:46:50 UTC,18,19,4.51,0.73,37,47.1,Caution
2026-04-30 11:47:00 UTC,18,20,4.36,0.71,36.9,46.8,Safe
2026-04-30 11:47:10 UTC,18,20,4.5,0.73,37,46.8,Caution
2026-04-30 11:47:20 UTC,18,19,4.49,0.73,37.1,46.6,Caution
2026-04-30 11:47:30 UTC,19,19,4.49,0.73,37.1,46.4,Caution
2026-04-30 11:47:40 UTC,18,20,4.38,0.71,37.2,46.5,Safe
2026-04-30 11:47:50 UTC,18,22,4.39,0.71,37.3,46.4,Safe
2026-04-30 11:48:00 UTC,18,22,4.5,0.73,37.4,46.3,Caution
2026-04-30 11:48:10 UTC,19,20,4.39,0.71,37.4,45.9,Safe
2026-04-30 11:48:20 UTC,20,20,4.49,0.73,37.5,45.8,Caution
2026-04-30 11:48:30 UTC,19,20,4.38,0.71,37.6,45.6,Safe
2026-04-30 11:48:40 UTC,19,20,4.5,0.73,37.7,45.2,Caution
2026-04-30 11:48:50 UTC,18,19,4.38,0.71,37.8,45,Safe
2026-04-30 11:49:00 UTC,18,19,4.52,0.73,37.8,45,Caution
2026-04-30 11:49:10 UTC,17,18,4.35,0.71,37.8,44.2,Safe
2026-04-30 11:49:20 UTC,16,18,4.49,0.73,37.7,43.7,Caution
2026-04-30 11:49:30 UTC,15,17,4.49,0.73,37.7,43.8,Caution
2026-04-30 11:49:40 UTC,13,16,4.39,0.71,37.7,44.2,Safe
2026-04-30 11:49:50 UTC,10,17,4.49,0.73,37.7,44.6,Caution
2026-04-30 11:50:00 UTC,9,17,4.38,0.71,37.8,44.9,Safe
2026-04-30 11:50:10 UTC,10,15,4.49,0.73,37.9,45.1,Caution
2026-04-30 11:50:20 UTC,9,13,4.4,0.71,38,44.9,Safe
2026-04-30 11:50:30 UTC,10,13,4.54,0.73,38.1,44.8,Caution
2026-04-30 11:50:40 UTC,12,15,4.41,0.7,38.2,44.9,Safe
2026-04-30 11:50:50 UTC,14,20,4.47,0.73,38.3,44.8,Caution
2026-04-30 11:51:00 UTC,14,19,4.53,0.73,38.4,44.5,Caution
2026-04-30 11:51:10 UTC,15,20,4.54,0.73,38.5,44.4,Caution
2026-04-30 11:51:20 UTC,16,22,4.52,0.73,38.6,44.1,Caution
2026-04-30 11:51:30 UTC,17,21,4.37,0.71,38.6,43.9,Safe
2026-04-30 11:51:40 UTC,18,21,4.53,0.73,38.6,43.5,Caution
2026-04-30 11:51:50 UTC,18,21,4.37,0.71,38.7,43.5,Safe
2026-04-30 11:52:00 UTC,20,22,4.57,0.74,38.7,43.4,Caution
2026-04-30 11:52:10 UTC,20,22,4.4,0.71,38.8,43.4,Safe
2026-04-30 11:52:20 UTC,19,22,4.49,0.73,38.8,43.6,Caution
2026-04-30 11:52:30 UTC,19,21,4.36,0.71,38.9,43.8,Safe
2026-04-30 11:52:40 UTC,19,20,4.48,0.73,38.9,43.6,Caution
2026-04-30 11:52:50 UTC,18,20,4.36,0.71,38.9,43.4,Safe
2026-04-30 11:53:00 UTC,15,17,4.37,0.71,38.8,42.2,Safe
2026-04-30 11:53:10 UTC,16,17,4.48,0.73,38.6,42.7,Caution
2026-04-30 11:53:20 UTC,16,18,4.34,0.71,38.4,42.7,Safe
2026-04-30 11:53:30 UTC,16,19,4.49,0.73,38.4,43.4,Caution
2026-04-30 11:53:40 UTC,15,19,4.38,0.71,38.4,43.5,Safe
2026-04-30 11:53:50 UTC,13,17,4.49,0.73,38.4,43.4,Caution
2026-04-30 11:54:00 UTC,13,15,4.38,0.71,38.5,43.6,Safe
2026-04-30 11:54:10 UTC,10,12,4.51,0.73,38.5,43.5,Caution
2026-04-30 11:54:20 UTC,9,12,4.37,0.71,38.6,43.4,Safe
2026-04-30 11:54:30 UTC,9,10,4.49,0.73,38.7,43.2,Caution
2026-04-30 11:54:40 UTC,10,11,4.49,0.73,38.8,43.1,Caution
2026-04-30 11:54:50 UTC,8,9,4.35,0.71,38.8,43.1,Safe
2026-04-30 11:55:00 UTC,7,9,4.48,0.72,38.7,42.8,Caution
2026-04-30 11:55:10 UTC,8,9,4.36,0.71,38.7,43.1,Safe
2026-04-30 11:55:20 UTC,7,11,4.49,0.73,38.8,43.5,Caution
2026-04-30 11:55:30 UTC,6,8,4.36,0.71,38.8,43.4,Safe
2026-04-30 11:55:40 UTC,5,6,4.5,0.73,38.8,43.2,Caution
2026-04-30 11:55:50 UTC,5,6,4.38,0.71,38.8,43.4,Safe
2026-04-30 11:56:00 UTC,6,7,4.51,0.73,38.9,43.7,Caution
2026-04-30 11:56:10 UTC,6,7,4.49,0.72,39,43.4,Caution
2026-04-30 11:56:20 UTC,6,7,4.51,0.73,39,42.9,Caution
2026-04-30 11:56:30 UTC,6,8,4.52,0.73,39.1,42.6,Caution
2026-04-30 11:56:40 UTC,7,8,4.38,0.71,39.2,42.1,Safe
2026-04-30 11:56:50 UTC,7,7,4.47,0.72,39.1,41.9,Caution
2026-04-30 11:57:00 UTC,7,7,4.34,0.71,39.1,42.3,Safe
2026-04-30 11:57:10 UTC,6,8,4.52,0.73,39.2,42.3,Caution
2026-04-30 11:57:20 UTC,6,7,4.36,0.71,39.1,41.8,Safe
2026-04-30 11:57:30 UTC,5,8,4.49,0.73,39,41.7,Caution
2026-04-30 11:57:40 UTC,5,8,4.38,0.71,39,41.9,Safe
2026-04-30 11:57:50 UTC,5,9,4.52,0.73,39.1,42.4,Caution
2026-04-30 11:58:00 UTC,5,7,4.38,0.71,39.1,42.5,Safe
2026-04-30 11:58:10 UTC,4,7,4.39,0.71,39.2,42.3,Safe
2026-04-30 11:58:20 UTC,5,7,4.52,0.73,39.1,42.4,Caution
2026-04-30 11:58:30 UTC,7,8,4.38,0.72,39.1,42.5,Safe
2026-04-30 11:58:40 UTC,8,12,4.51,0.73,39.2,42.9,Caution
2026-04-30 11:58:50 UTC,7,13,4.38,0.71,39.2,43.3,Safe
2026-04-30 11:59:00 UTC,7,11,4.5,0.73,39.2,43.3,Caution
2026-04-30 11:59:10 UTC,6,10,4.36,0.71,39.3,43.1,Safe
2026-04-30 11:59:20 UTC,6,8,4.5,0.73,39.3,43.1,Caution
2026-04-30 11:59:30 UTC,6,7,4.38,0.71,39.3,43,Safe
2026-04-30 11:59:40 UTC,4,6,4.49,0.73,39.2,41.9,Caution
2026-04-30 11:59:50 UTC,4,8,4.49,0.73,39.1,41.5,Caution
2026-04-30 12:00:00 UTC,4,5,4.33,0.71,39,42,Safe
2026-04-30 12:00:10 UTC,4,6,4.53,0.73,39,42.5,Caution
2026-04-30 12:00:20 UTC,4,6,4.38,0.71,39.1,42.7,Safe
2026-04-30 12:00:30 UTC,3,4,4.52,0.73,39.1,42.9,Caution
2026-04-30 12:00:40 UTC,3,5,4.39,0.71,39.1,42.9,Safe
2026-04-30 12:00:50 UTC,3,4,4.54,0.73,39.2,42.7,Caution
2026-04-30 12:01:00 UTC,3,5,4.39,0.71,39.3,42.9,Safe
2026-04-30 12:01:10 UTC,4,6,4.53,0.73,39.4,42.5,Caution
2026-04-30 12:01:20 UTC,3,5,4.5,0.73,39.4,42.1,Caution
2026-04-30 12:01:30 UTC,3,5,4.4,0.71,39.5,41.9,Safe
2026-04-30 12:01:40 UTC,3,6,4.52,0.73,39.5,41.9,Caution
2026-04-30 12:01:50 UTC,3,5,4.39,0.71,39.6,41.7,Safe
2026-04-30 12:02:00 UTC,5,5,4.52,0.73,39.6,42.1,Caution
2026-04-30 12:02:10 UTC,9,10,4.39,0.71,39.5,42.3,Safe
2026-04-30 12:02:20 UTC,8,11,4.49,0.73,39.6,42.6,Caution
2026-04-30 12:02:30 UTC,7,12,4.36,0.71,39.7,42.5,Safe
2026-04-30 12:02:40 UTC,9,15,4.48,0.73,39.7,42.1,Caution
2026-04-30 12:02:50 UTC,8,14,4.52,0.73,39.8,41.9,Caution
2026-04-30 12:03:00 UTC,6,9,4.51,0.73,39.9,41.3,Caution
2026-04-30 12:03:10 UTC,4,6,4.49,0.73,39.9,40.7,Caution
2026-04-30 12:03:20 UTC,3,4,4.38,0.71,40,40.7,Safe
2026-04-30 12:03:30 UTC,3,4,4.52,0.73,39.9,40.8,Caution
2026-04-30 12:03:40 UTC,3,6,4.35,0.71,39.7,40,Safe
2026-04-30 12:03:50 UTC,3,5,4.51,0.73,39.7,40.7,Caution
2026-04-30 12:04:00 UTC,2,7,4.4,0.71,39.7,41.1,Safe
2026-04-30 12:04:10 UTC,2,5,4.5,0.73,39.8,41.4,Caution
2026-04-30 12:04:20 UTC,2,4,4.37,0.71,39.9,41.5,Safe
2026-04-30 12:04:30 UTC,4,8,4.51,0.73,40,41.7,Caution
2026-04-30 12:04:40 UTC,6,6,4.4,0.71,40.1,41.1,Safe
2026-04-30 12:04:50 UTC,5,6,4.52,0.73,40.1,40.4,Caution
2026-04-30 12:05:00 UTC,5,6,4.51,0.73,40.1,40,Caution
2026-04-30 12:05:10 UTC,3,7,4.39,0.72,40.1,39.9,Safe
2026-04-30 12:05:20 UTC,5,12,4.5,0.73,40,40.5,Caution
2026-04-30 12:05:30 UTC,3,7,4.38,0.71,39.9,40.2,Safe
2026-04-30 12:05:40 UTC,3,4,4.49,0.73,39.8,40.3,Caution
2026-04-30 12:05:50 UTC,3,4,4.35,0.71,39.8,40.9,Safe
2026-04-30 12:06:00 UTC,4,5,4.48,0.72,39.9,41.1,Caution
2026-04-30 12:06:10 UTC,2,4,4.38,0.71,39.9,41.2,Safe
2026-04-30 12:06:20 UTC,3,3,4.51,0.73,40,41.2,Caution
2026-04-30 12:06:30 UTC,3,3,4.52,0.73,40,41.2,Caution
2026-04-30 12:06:40 UTC,2,3,4.36,0.71,40.2,40.7,Safe
2026-04-30 12:06:50 UTC,1,2,4.51,0.73,40.3,40.4,Caution
2026-04-30 12:07:00 UTC,1,2,4.36,0.71,40.3,40.2,Safe
2026-04-30 12:07:10 UTC,1,1,4.49,0.73,40.2,39.8,Caution
2026-04-30 12:07:20 UTC,1,1,4.38,0.71,40.1,39.7,Safe
2026-04-30 12:07:30 UTC,2,2,4.52,0.73,40.1,39.9,Caution
2026-04-30 12:07:40 UTC,4,6,4.4,0.71,40.1,40.2,Safe
2026-04-30 12:07:50 UTC,3,6,4.49,0.73,40.2,40.3,Caution
2026-04-30 12:08:00 UTC,3,6,4.53,0.73,40.2,40.4,Caution
2026-04-30 12:08:10 UTC,1,5,4.48,0.72,40.3,40.1,Caution
2026-04-30 12:08:20 UTC,2,4,4.49,0.73,40.3,40,Caution
2026-04-30 12:08:30 UTC,2,3,4.38,0.71,40.3,40.1,Safe
2026-04-30 12:08:40 UTC,1,2,4.49,0.73,40.3,40.1,Caution
2026-04-30 12:08:50 UTC,1,1,4.39,0.71,40.3,40,Safe
2026-04-30 12:09:00 UTC,0,0,4.48,0.73,40.4,39.8,Caution
2026-04-30 12:09:10 UTC,0,2,4.39,0.71,40.3,40.1,Safe
2026-04-30 12:09:20 UTC,1,1,4.52,0.73,40.3,40,Caution
2026-04-30 12:09:30 UTC,1,1,4.38,0.71,40.3,39.5,Safe
2026-04-30 12:09:40 UTC,1,1,4.49,0.73,40.1,39.2,Caution
2026-04-30 12:09:50 UTC,1,1,4.37,0.71,39.9,39.4,Safe
2026-04-30 12:10:00 UTC,1,1,4.49,0.73,39.8,39.6,Caution
2026-04-30 12:10:10 UTC,1,1,4.49,0.73,39.6,39.5,Caution
2026-04-30 12:10:20 UTC,2,2,4.4,0.71,39.2,39.6,Safe
2026-04-30 12:10:30 UTC,2,3,4.52,0.73,39,40.5,Caution
2026-04-30 12:10:40 UTC,1,1,4.39,0.71,38.8,41.3,Safe
2026-04-30 12:10:50 UTC,1,1,4.52,0.73,38.6,41.7,Caution
2026-04-30 12:11:00 UTC,2,2,4.4,0.71,38.1,42,Safe
2026-04-30 12:11:10 UTC,2,3,4.52,0.73,37.8,42.6,Caution
2026-04-30 12:11:20 UTC,2,3,4.37,0.71,37.7,43.1,Safe
2026-04-30 12:11:30 UTC,2,2,4.49,0.72,37.7,43.6,Caution
2026-04-30 12:11:40 UTC,2,2,4.5,0.73,37.7,43.6,Caution
2026-04-30 12:11:50 UTC,2,2,4.37,0.71,37.8,43.9,Safe
2026-04-30 12:12:00 UTC,2,3,4.49,0.73,37.6,44.4,Caution
2026-04-30 12:12:10 UTC,3,3,4.39,0.71,37.6,44.6,Safe
2026-04-30 12:12:20 UTC,2,5,4.49,0.73,37.7,44.7,Caution
2026-04-30 12:12:30 UTC,1,3,4.38,0.71,37.8,44.7,Safe
2026-04-30 12:12:40 UTC,2,4,4.49,0.73,37.9,44,Caution
2026-04-30 12:12:50 UTC,3,5,4.39,0.71,38,44,Safe
2026-04-30 12:13:00 UTC,3,3,4.52,0.73,38.2,43.9,Caution
2026-04-30 12:13:10 UTC,3,5,4.39,0.71,38.3,43.9,Safe
2026-04-30 12:13:20 UTC,3,3,4.51,0.73,38.4,43.8,Caution
2026-04-30 12:13:30 UTC,2,2,4.38,0.71,38.6,43.5,Safe
2026-04-30 12:13:40 UTC,2,2,4.4,0.71,38.7,43.1,Safe
2026-04-30 12:13:50 UTC,2,2,4.54,0.73,38.9,43.1,Caution
2026-04-30 12:14:00 UTC,2,2,4.4,0.72,39,43,Safe
2026-04-30 12:14:10 UTC,3,3,4.53,0.73,39.1,42.8,Caution
2026-04-30 12:14:20 UTC,3,3,4.37,0.71,39.1,42.2,Safe
2026-04-30 12:14:30 UTC,2,2,4.54,0.73,39.1,42.2,Caution
2026-04-30 12:14:40 UTC,2,2,4.39,0.71,39,41.7,Safe
2026-04-30 12:14:50 UTC,4,4,4.52,0.73,38.8,41.4,Caution
2026-04-30 12:15:00 UTC,3,3,4.4,0.71,38.7,41.8,Safe
2026-04-30 12:15:10 UTC,3,4,4.51,0.73,38.7,42.3,Caution
2026-04-30 12:15:20 UTC,2,4,4.53,0.73,38.8,42.3,Caution
2026-04-30 12:15:30 UTC,1,1,4.4,0.71,38.8,42.2,Safe
2026-04-30 12:15:40 UTC,1,1,4.51,0.73,38.8,41.9,Caution
2026-04-30 12:15:50 UTC,2,2,4.36,0.71,38.7,42.1,Safe
2026-04-30 12:16:00 UTC,1,2,4.52,0.73,38.7,42.7,Caution
2026-04-30 12:16:10 UTC,2,2,4.39,0.71,38.6,42.6,Safe
2026-04-30 12:16:20 UTC,3,3,4.49,0.73,38.6,42.6,Caution
2026-04-30 12:16:30 UTC,2,3,4.38,0.71,38.6,42.7,Safe
2026-04-30 12:16:40 UTC,3,3,4.54,0.73,38.5,42.8,Caution
2026-04-30 12:16:50 UTC,3,3,4.51,0.73,38.4,42.9,Caution
2026-04-30 12:17:00 UTC,2,4,4.51,0.73,38.4,43.1,Caution
2026-04-30 12:17:10 UTC,4,4,4.5,0.73,38.3,43.2,Caution
2026-04-30 12:17:20 UTC,5,5,4.4,0.71,38.3,43.1,Safe
2026-04-30 12:17:30 UTC,4,4,4.51,0.73,38.3,43.2,Caution
2026-04-30 12:17:40 UTC,4,4,4.39,0.71,38.4,43.1,Safe
2026-04-30 12:17:50 UTC,3,3,4.52,0.73,38.4,42.9,Caution
2026-04-30 12:18:00 UTC,2,4,4.38,0.71,38.4,43,Safe
2026-04-30 12:18:10 UTC,1,2,4.51,0.73,38.3,42.4,Caution
2026-04-30 12:18:20 UTC,1,1,4.35,0.71,38.1,42.9,Safe
2026-04-30 12:18:30 UTC,1,2,4.48,0.73,38,43.2,Caution
2026-04-30 12:18:40 UTC,1,2,4.39,0.71,38,43.3,Safe
2026-04-30 12:18:50 UTC,1,3,4.38,0.71,38,43.3,Safe
2026-04-30 12:19:00 UTC,2,5,4.53,0.73,38,43.4,Caution
2026-04-30 12:19:10 UTC,3,5,4.41,0.71,38.1,43.4,Safe
2026-04-30 12:19:20 UTC,4,4,4.5,0.73,38.1,43.2,Caution
2026-04-30 12:19:30 UTC,4,5,4.33,0.71,38.2,43.1,Safe
2026-04-30 12:19:40 UTC,4,4,4.51,0.73,38.2,42.9,Caution
2026-04-30 12:19:50 UTC,3,3,4.35,0.71,38.2,43.1,Safe
2026-04-30 12:20:00 UTC,2,2,4.52,0.73,38.2,43,Caution
2026-04-30 12:20:10 UTC,2,3,4.38,0.71,38.1,42.7,Safe
2026-04-30 12:20:20 UTC,2,2,4.51,0.73,38.1,42.7,Caution
2026-04-30 12:20:30 UTC,2,5,4.5,0.73,38.1,42.7,Caution
2026-04-30 12:20:40 UTC,2,3,4.34,0.7,38,42.7,Safe
2026-04-30 12:20:50 UTC,2,4,4.46,0.72,37.8,42.5,Caution
2026-04-30 12:21:00 UTC,2,5,4.38,0.71,37.7,42.8,Safe
2026-04-30 12:21:10 UTC,3,4,4.52,0.73,37.5,43.1,Caution
2026-04-30 12:21:20 UTC,3,5,4.39,0.71,37.5,43.5,Safe
2026-04-30 12:21:30 UTC,2,3,4.51,0.73,37.5,43.4,Caution
2026-04-30 12:21:40 UTC,4,4,4.38,0.71,37.4,43.5,Safe
2026-04-30 12:21:50 UTC,2,2,4.51,0.73,37.3,43.7,Caution
2026-04-30 12:22:00 UTC,2,2,4.52,0.73,37.3,43.7,Caution
2026-04-30 12:22:10 UTC,3,3,4.51,0.73,37.2,43.8,Caution
2026-04-30 12:22:20 UTC,3,3,4.52,0.73,37.2,43.9,Caution
2026-04-30 12:22:30 UTC,2,3,4.38,0.71,37.2,44,Safe
2026-04-30 12:22:40 UTC,2,2,4.54,0.73,37.3,43.9,Caution
2026-04-30 12:22:50 UTC,2,2,4.4,0.71,37.3,44,Safe
2026-04-30 12:23:00 UTC,2,2,4.52,0.73,37.4,44,Caution
2026-04-30 12:23:10 UTC,3,4,4.38,0.71,37.4,43.8,Safe
2026-04-30 12:23:20 UTC,3,6,4.53,0.73,37.3,43.5,Caution
2026-04-30 12:23:30 UTC,3,6,4.35,0.71,37.3,43.5,Safe
2026-04-30 12:23:40 UTC,3,4,4.5,0.73,37.3,43.6,Caution
2026-04-30 12:23:50 UTC,2,2,4.36,0.71,37.2,43.8,Safe
2026-04-30 12:24:00 UTC,2,2,4.51,0.73,37.3,43.7,Caution
2026-04-30 12:24:10 UTC,2,3,4.49,0.73,37.2,43.8,Caution
2026-04-30 12:24:20 UTC,2,3,4.36,0.71,37.2,43.7,Safe
2026-04-30 12:24:30 UTC,2,3,4.48,0.73,37.2,43.8,Caution
2026-04-30 12:24:40 UTC,4,5,4.36,0.71,37.2,43.9,Safe
2026-04-30 12:24:50 UTC,6,6,4.5,0.73,37.3,44,Caution
2026-04-30 12:25:00 UTC,6,6,4.38,0.71,37.3,44.5,Safe
2026-04-30 12:25:10 UTC,5,5,4.48,0.73,37.3,44.9,Caution
2026-04-30 12:25:20 UTC,3,6,4.39,0.71,37.4,44.6,Safe
2026-04-30 12:25:30 UTC,3,6,4.49,0.73,37.4,44.8,Caution
2026-04-30 12:25:40 UTC,3,3,4.51,0.73,37.4,44.7,Caution
2026-04-30 12:25:50 UTC,3,4,4.41,0.71,37.4,44.7,Safe
2026-04-30 12:26:00 UTC,4,4,4.53,0.73,37.5,44.7,Caution
2026-04-30 12:26:10 UTC,4,5,4.38,0.71,37.6,44.5,Safe
2026-04-30 12:26:20 UTC,4,5,4.53,0.73,37.6,44.3,Caution
2026-04-30 12:26:30 UTC,3,4,4.4,0.71,37.6,44.3,Safe
2026-04-30 12:26:40 UTC,4,4,4.51,0.73,37.6,44,Caution
2026-04-30 12:26:50 UTC,4,5,4.39,0.71,37.6,44,Safe
2026-04-30 12:27:00 UTC,3,4,4.52,0.73,37.6,43.9,Caution
2026-04-30 12:27:10 UTC,5,5,4.53,0.73,37.6,43.9,Caution
2026-04-30 12:27:20 UTC,4,5,4.53,0.73,37.7,43.9,Caution
2026-04-30 12:27:30 UTC,4,4,4.53,0.73,37.7,44,Caution
2026-04-30 12:27:40 UTC,3,4,4.36,0.71,37.8,43.8,Safe
2026-04-30 12:27:50 UTC,4,5,4.52,0.73,37.8,43.9,Caution
2026-04-30 12:28:00 UTC,4,4,4.4,0.71,37.8,43.9,Safe
2026-04-30 12:28:10 UTC,4,4,4.53,0.73,37.8,43.4,Caution
2026-04-30 12:28:20 UTC,4,5,4.38,0.71,37.7,43.5,Safe
2026-04-30 12:28:30 UTC,2,2,4.53,0.73,37.7,43.6,Caution
2026-04-30 12:28:40 UTC,2,3,4.4,0.71,37.7,43.5,Safe
2026-04-30 12:28:50 UTC,3,4,4.47,0.72,37.7,43.6,Caution
2026-04-30 12:29:00 UTC,3,3,4.35,0.7,37.7,43.5,Safe
2026-04-30 12:29:10 UTC,3,3,4.51,0.73,37.8,43.4,Caution
2026-04-30 12:29:20 UTC,3,3,4.53,0.73,37.8,43.3,Caution
2026-04-30 12:29:30 UTC,3,3,4.38,0.71,37.8,43.3,Safe
2026-04-30 12:29:40 UTC,3,3,4.47,0.72,37.6,43.6,Caution
2026-04-30 12:29:50 UTC,4,4,4.37,0.71,37.3,44.3,Safe
2026-04-30 12:30:00 UTC,5,5,4.48,0.73,37.2,44.4,Caution
2026-04-30 12:30:10 UTC,5,6,4.36,0.71,37.1,44.6,Safe
2026-04-30 12:30:20 UTC,6,7,4.5,0.73,37.1,44.6,Caution
2026-04-30 12:30:30 UTC,5,8,4.4,0.71,37,44.6,Safe
2026-04-30 12:30:40 UTC,5,7,4.52,0.73,37.1,44.7,Caution
2026-04-30 12:30:50 UTC,5,7,4.51,0.73,37.1,44.7,Caution
2026-04-30 12:31:00 UTC,4,6,4.39,0.71,37.2,44.5,Safe
2026-04-30 12:31:10 UTC,4,5,4.51,0.73,37.3,44.3,Caution
2026-04-30 12:31:20 UTC,4,6,4.39,0.71,37.4,44.2,Safe
2026-04-30 12:31:30 UTC,4,4,4.52,0.73,37.5,44.2,Caution
2026-04-30 12:31:40 UTC,4,4,4.39,0.71,37.5,44.2,Safe
2026-04-30 12:31:50 UTC,5,6,4.52,0.73,37.5,44.3,Caution
2026-04-30 12:32:00 UTC,5,5,4.39,0.71,37.5,44.2,Safe
2026-04-30 12:32:10 UTC,4,5,4.49,0.75,37.5,44.3,Caution
2026-04-30 12:32:20 UTC,5,5,4.52,0.73,37.5,44.1,Caution
2026-04-30 12:32:30 UTC,4,5,4.51,0.73,37.5,43.6,Caution
2026-04-30 12:32:40 UTC,4,7,4.37,0.71,37.5,43.3,Safe
2026-04-30 12:32:50 UTC,5,7,4.38,0.71,37.4,43.2,Safe
2026-04-30 12:33:00 UTC,4,6,4.49,0.73,37.4,43.5,Caution
2026-04-30 12:33:10 UTC,4,5,4.38,0.71,37.3,43.8,Safe
2026-04-30 12:33:20 UTC,4,5,4.52,0.73,37.3,44,Caution
2026-04-30 12:33:30 UTC,4,6,4.4,0.71,37.4,44.2,Safe
2026-04-30 12:33:40 UTC,5,7,4.51,0.73,37.3,44.4,Caution
2026-04-30 12:33:50 UTC,5,6,4.38,0.71,37.3,44.6,Safe
2026-04-30 12:34:00 UTC,4,5,4.52,0.73,37.3,44.6,Caution
2026-04-30 12:34:10 UTC,5,5,4.38,0.71,37.3,44.6,Safe
2026-04-30 12:34:20 UTC,4,6,4.51,0.73,37.2,44.8,Caution
2026-04-30 12:34:30 UTC,4,6,4.52,0.73,37.2,44.9,Caution
2026-04-30 12:34:40 UTC,5,6,4.34,0.71,37.1,45.1,Safe
2026-04-30 12:34:50 UTC,3,4,4.5,0.73,37.1,45.1,Caution
2026-04-30 12:35:00 UTC,2,4,4.38,0.71,36.9,45.2,Safe
2026-04-30 12:35:10 UTC,3,3,4.47,0.73,36.9,45.3,Caution
2026-04-30 12:35:20 UTC,3,3,4.38,0.71,36.8,45.2,Safe
2026-04-30 12:35:30 UTC,3,3,4.49,0.73,36.8,45.3,Caution
2026-04-30 12:35:40 UTC,3,3,4.39,0.71,36.9,45.3,Safe
2026-04-30 12:35:50 UTC,3,3,4.49,0.73,36.9,45.2,Caution
2026-04-30 12:36:00 UTC,3,4,4.51,0.73,36.9,45.5,Caution
2026-04-30 12:36:10 UTC,3,5,4.35,0.71,36.9,45.4,Safe
2026-04-30 12:36:20 UTC,3,6,4.48,0.73,36.8,45.3,Caution
2026-04-30 12:36:30 UTC,4,6,4.35,0.71,36.8,45.4,Safe
2026-04-30 12:36:40 UTC,5,5,4.5,0.73,36.8,45.4,Caution
2026-04-30 12:36:50 UTC,5,6,4.37,0.71,36.9,45.5,Safe
2026-04-30 12:37:00 UTC,5,5,4.46,0.72,36.9,45.5,Caution
2026-04-30 12:37:10 UTC,4,5,4.32,0.7,36.9,45.4,Safe
2026-04-30 12:37:20 UTC,4,5,4.5,0.73,36.9,45.5,Caution
2026-04-30 12:37:30 UTC,3,5,4.36,0.71,36.7,45.6,Safe
2026-04-30 12:37:40 UTC,3,4,4.43,0.72,36.4,46.3,Safe
2026-04-30 12:37:50 UTC,4,5,4.36,0.71,36.3,46.7,Safe
2026-04-30 12:38:00 UTC,2,4,4.38,0.71,36.1,46.8,Safe
2026-04-30 12:38:10 UTC,2,3,4.4,0.72,36,46.8,Safe
2026-04-30 12:38:20 UTC,2,2,4.38,0.71,35.9,47,Safe
2026-04-30 12:38:30 UTC,2,3,4.5,0.73,35.9,47.1,Caution
2026-04-30 12:38:40 UTC,3,4,4.29,0.71,35.9,47.2,Safe
2026-04-30 12:38:50 UTC,3,4,4.49,0.73,36,47.2,Caution
2026-04-30 12:39:00 UTC,3,3,4.34,0.71,36,47,Safe
2026-04-30 12:39:10 UTC,3,3,4.46,0.73,36.1,46.8,Caution
2026-04-30 12:39:20 UTC,2,2,4.33,0.7,36.1,46.9,Safe
2026-04-30 12:39:30 UTC,2,2,4.46,0.72,36.1,46.9,Caution
2026-04-30 12:39:40 UTC,3,3,4.49,0.73,36.2,46.7,Caution
2026-04-30 12:39:50 UTC,3,3,4.39,0.71,36.2,46.8,Safe
2026-04-30 12:40:00 UTC,2,3,4.49,0.73,36.3,47,Caution
2026-04-30 12:40:10 UTC,2,4,4.4,0.71,36.3,47,Safe
2026-04-30 12:40:20 UTC,3,5,4.51,0.73,36.3,46.8,Caution
2026-04-30 12:40:30 UTC,3,5,4.39,0.71,36.3,46.7,Safe
2026-04-30 12:40:40 UTC,4,5,4.49,0.73,36.4,46.7,Caution
2026-04-30 12:40:50 UTC,3,5,4.33,0.7,36.4,46.6,Safe
2026-04-30 12:41:00 UTC,3,4,4.49,0.73,36.4,46.6,Caution
2026-04-30 12:41:10 UTC,3,4,4.46,0.72,36.3,46.6,Caution
2026-04-30 12:41:20 UTC,3,4,4.49,0.73,36.3,46.9,Caution
2026-04-30 12:41:30 UTC,3,3,4.49,0.73,36.2,47.1,Caution
2026-04-30 12:41:40 UTC,3,4,4.38,0.71,36.2,47.1,Safe
2026-04-30 12:41:50 UTC,3,4,4.49,0.73,36.1,47.1,Caution
2026-04-30 12:42:00 UTC,2,2,4.34,0.71,36.1,46.9,Safe
2026-04-30 12:42:10 UTC,2,3,4.5,0.73,36,47,Caution
2026-04-30 12:42:20 UTC,3,4,4.38,0.71,35.7,47.3,Safe
2026-04-30 12:42:30 UTC,2,4,4.51,0.73,35.6,47.6,Caution
2026-04-30 12:42:40 UTC,2,4,4.36,0.71,35.6,47.8,Safe
2026-04-30 12:42:50 UTC,3,4,4.5,0.73,35.6,48,Caution
2026-04-30 12:43:00 UTC,3,4,4.38,0.71,35.5,48,Safe
2026-04-30 12:43:10 UTC,4,5,4.5,0.73,35.5,48.1,Caution
2026-04-30 12:43:20 UTC,3,5,4.47,0.73,35.5,48.1,Caution
2026-04-30 12:43:30 UTC,2,5,4.34,0.7,35.5,48.1,Safe
2026-04-30 12:43:40 UTC,2,3,4.49,0.73,35.5,48.2,Caution
2026-04-30 12:43:50 UTC,1,2,4.37,0.71,35.5,48.2,Safe
2026-04-30 12:44:00 UTC,1,2,4.51,0.73,35.6,48.1,Caution
2026-04-30 12:44:10 UTC,2,2,4.37,0.71,35.6,48,Safe
2026-04-30 12:44:20 UTC,2,2,4.47,0.72,35.6,47.9,Caution
2026-04-30 12:44:30 UTC,0,0,4.34,0.7,35.7,47.8,Safe
2026-04-30 12:44:40 UTC,0,0,4.5,0.73,35.7,47.8,Caution
2026-04-30 12:44:50 UTC,0,0,4.47,0.73,35.7,47.8,Caution
2026-04-30 12:45:00 UTC,2,3,4.32,0.7,35.7,47.8,Safe
2026-04-30 12:45:10 UTC,2,2,4.49,0.73,35.7,47.9,Caution
2026-04-30 12:45:20 UTC,2,3,4.37,0.71,35.6,48,Safe
2026-04-30 12:45:30 UTC,3,4,4.48,0.73,35.6,48,Caution
2026-04-30 12:45:40 UTC,3,3,4.37,0.71,35.6,48,Safe
2026-04-30 12:45:50 UTC,3,3,4.46,0.72,35.6,48.2,Caution
2026-04-30 12:46:00 UTC,2,3,4.39,0.71,35.6,48.1,Safe
2026-04-30 12:46:10 UTC,1,1,4.49,0.73,35.6,48.2,Caution
2026-04-30 12:46:20 UTC,1,1,4.49,0.73,35.6,48.2,Caution
2026-04-30 12:46:30 UTC,1,3,4.48,0.72,35.6,48.1,Caution
2026-04-30 12:46:40 UTC,1,4,4.37,0.71,35.7,48.1,Safe
2026-04-30 12:46:50 UTC,1,4,4.38,0.71,35.7,48.2,Safe
2026-04-30 12:47:00 UTC,2,4,4.49,0.73,35.7,48.1,Caution
2026-04-30 12:47:10 UTC,2,4,4.37,0.71,35.6,47.9,Safe
2026-04-30 12:47:20 UTC,4,5,4.48,0.73,35.7,48,Caution
2026-04-30 12:47:30 UTC,4,7,4.33,0.71,35.6,48,Safe
2026-04-30 12:47:40 UTC,3,5,4.5,0.73,35.6,48.2,Caution
2026-04-30 12:47:50 UTC,4,7,4.38,0.71,35.5,48.4,Safe
2026-04-30 12:48:00 UTC,2,5,4.49,0.73,35.5,48.4,Caution
2026-04-30 12:48:10 UTC,3,5,4.37,0.71,35.5,48.3,Safe
2026-04-30 12:48:20 UTC,4,5,4.46,0.72,35.4,48.1,Caution
2026-04-30 12:48:30 UTC,3,5,4.51,0.73,35.4,48.2,Caution
2026-04-30 12:48:40 UTC,3,6,4.36,0.71,35.4,48.1,Safe
2026-04-30 12:48:50 UTC,2,5,4.49,0.73,35.5,48.1,Caution
2026-04-30 12:49:00 UTC,2,5,4.37,0.71,35.5,48.4,Safe
2026-04-30 12:49:10 UTC,3,5,4.51,0.73,35.6,48.7,Caution
2026-04-30 12:49:20 UTC,3,5,4.38,0.71,35.7,48.7,Safe
2026-04-30 12:49:30 UTC,3,3,4.49,0.73,35.8,48.9,Caution
2026-04-30 12:49:40 UTC,3,4,4.38,0.71,35.8,49.2,Safe
2026-04-30 12:49:50 UTC,3,4,4.52,0.73,35.9,48.9,Caution
2026-04-30 12:50:00 UTC,2,4,4.48,0.73,36,49.3,Caution
2026-04-30 12:50:10 UTC,2,2,4.49,0.73,35.9,47.8,Caution
2026-04-30 12:50:20 UTC,2,2,4.5,0.73,35.8,47.8,Caution
2026-04-30 12:50:30 UTC,2,2,4.36,0.71,35.8,48.1,Safe
2026-04-30 12:50:40 UTC,2,3,4.48,0.73,35.9,48.2,Caution
2026-04-30 12:50:50 UTC,3,3,4.37,0.71,36,48.1,Safe
2026-04-30 12:51:00 UTC,4,4,4.49,0.73,36,48,Caution
2026-04-30 12:51:10 UTC,4,4,4.38,0.71,36,47.9,Safe
2026-04-30 12:51:20 UTC,3,6,4.47,0.73,36,47.8,Caution
2026-04-30 12:51:30 UTC,4,5,4.36,0.71,36,47.8,Safe
2026-04-30 12:51:40 UTC,4,4,4.51,0.73,36,47.7,Caution
2026-04-30 12:51:50 UTC,4,6,4.37,0.71,36.1,47.7,Safe
2026-04-30 12:52:00 UTC,5,6,4.37,0.71,36.1,47.5,Safe
2026-04-30 12:52:10 UTC,4,5,4.51,0.73,36.2,47.4,Caution
2026-04-30 12:52:20 UTC,4,4,4.38,0.71,36.2,47.3,Safe
2026-04-30 12:52:30 UTC,3,4,4.49,0.73,36.2,47.4,Caution
2026-04-30 12:52:40 UTC,4,6,4.36,0.71,36.2,47.3,Safe
2026-04-30 12:52:50 UTC,5,6,4.52,0.73,36.2,47.6,Caution
2026-04-30 12:53:00 UTC,6,8,4.4,0.71,36.2,47.5,Safe
2026-04-30 12:53:10 UTC,7,9,4.49,0.73,36.3,47.3,Caution
2026-04-30 12:53:20 UTC,4,7,4.34,0.71,36.3,47.3,Safe
2026-04-30 12:53:30 UTC,4,5,4.5,0.73,36.3,47.2,Caution
2026-04-30 12:53:40 UTC,5,5,4.49,0.73,36.2,47,Caution
2026-04-30 12:53:50 UTC,4,5,4.38,0.71,36.1,46.9,Safe
2026-04-30 12:54:00 UTC,3,4,4.49,0.73,36,46.9,Caution
2026-04-30 12:54:10 UTC,6,8,4.33,0.71,36,47.1,Safe
2026-04-30 12:54:20 UTC,12,17,4.49,0.73,36,47.2,Caution
2026-04-30 12:54:30 UTC,15,21,4.4,0.71,36,47.3,Safe
2026-04-30 12:54:40 UTC,16,21,4.49,0.73,36.1,47.2,Caution
2026-04-30 12:54:50 UTC,14,17,4.38,0.71,36.1,47,Safe
2026-04-30 12:55:00 UTC,8,14,4.52,0.73,36.1,47,Caution
2026-04-30 12:55:10 UTC,6,10,4.45,0.72,36.1,46.8,Caution
2026-04-30 12:55:20 UTC,6,7,4.49,0.73,36.1,46.9,Caution
2026-04-30 12:55:30 UTC,5,9,4.37,0.71,36.1,46.9,Safe
2026-04-30 12:55:40 UTC,8,11,4.38,0.71,36.2,46.7,Safe
2026-04-30 12:55:50 UTC,8,11,4.5,0.73,36.3,46.6,Caution
2026-04-30 12:56:00 UTC,8,14,4.39,0.71,36.3,46.8,Safe
2026-04-30 12:56:10 UTC,9,15,4.5,0.73,36.4,46.8,Caution
2026-04-30 12:56:20 UTC,8,13,4.39,0.71,36.4,46.7,Safe
2026-04-30 12:56:30 UTC,8,14,4.5,0.73,36.4,46.8,Caution
2026-04-30 12:56:40 UTC,8,14,4.37,0.71,36.5,46.8,Safe
2026-04-30 12:56:50 UTC,6,12,4.51,0.73,36.6,46.8,Caution
2026-04-30 12:57:00 UTC,6,9,4.38,0.71,36.7,46.6,Safe
2026-04-30 12:57:10 UTC,5,8,4.53,0.73,36.7,46.7,Caution
2026-04-30 12:57:20 UTC,4,5,4.46,0.72,36.7,46.5,Caution
2026-04-30 12:57:30 UTC,4,4,4.37,0.71,36.7,46.5,Safe
2026-04-30 12:57:40 UTC,1,3,4.51,0.73,36.6,46.1,Caution
2026-04-30 12:57:50 UTC,2,6,4.33,0.71,36.6,46.3,Safe
2026-04-30 12:58:00 UTC,3,4,4.51,0.73,36.6,46.5,Caution
2026-04-30 12:58:10 UTC,3,4,4.34,0.7,36.6,46.5,Safe
2026-04-30 12:58:20 UTC,3,5,4.5,0.73,36.7,46.5,Caution
2026-04-30 12:58:30 UTC,5,5,4.37,0.71,36.7,46.4,Safe
2026-04-30 12:58:40 UTC,4,6,4.52,0.73,36.6,46.1,Caution
2026-04-30 12:58:50 UTC,4,5,4.49,0.73,36.6,46.1,Caution
2026-04-30 12:59:00 UTC,4,6,4.38,0.71,36.6,46.2,Safe
2026-04-30 12:59:10 UTC,3,5,4.51,0.73,36.6,46.6,Caution
2026-04-30 12:59:20 UTC,3,3,4.34,0.71,36.6,46.7,Safe
2026-04-30 12:59:30 UTC,4,4,4.49,0.73,36.6,46.8,Caution
2026-04-30 12:59:40 UTC,3,4,4.37,0.71,36.6,47,Safe
2026-04-30 12:59:50 UTC,4,5,4.51,0.73,36.6,46.8,Caution
2026-04-30 13:00:00 UTC,3,5,4.38,0.71,36.6,46.6,Safe
2026-04-30 13:00:10 UTC,2,3,4.51,0.73,36.6,46.5,Caution
2026-04-30 13:00:20 UTC,2,3,4.39,0.71,36.6,46.6,Safe
2026-04-30 13:00:30 UTC,2,3,4.48,0.73,36.6,46.6,Caution
2026-04-30 13:00:40 UTC,2,3,4.37,0.71,36.7,46.3,Safe
2026-04-30 13:00:50 UTC,2,3,4.39,0.71,36.6,46,Safe
2026-04-30 13:01:00 UTC,1,1,4.49,0.73,36.6,46,Caution
2026-04-30 13:01:10 UTC,1,1,4.39,0.71,36.6,46,Safe
2026-04-30 13:01:20 UTC,1,2,4.5,0.73,36.6,46,Caution
2026-04-30 13:01:30 UTC,2,4,4.35,0.71,36.5,45.8,Safe
2026-04-30 13:01:40 UTC,1,3,4.49,0.73,36.4,45.8,Caution
2026-04-30 13:01:50 UTC,1,3,4.37,0.71,36.3,45.9,Safe
2026-04-30 13:02:00 UTC,1,3,4.49,0.73,36.2,46.1,Caution
2026-04-30 13:02:10 UTC,2,3,4.38,0.71,36.2,46.5,Safe
2026-04-30 13:02:20 UTC,3,4,4.49,0.73,36.2,47,Caution
2026-04-30 13:02:30 UTC,2,3,4.49,0.73,36.1,47.4,Caution
2026-04-30 13:02:40 UTC,3,3,4.38,0.71,36.1,47.5,Safe
2026-04-30 13:02:50 UTC,3,4,4.49,0.73,36.1,47.7,Caution
2026-04-30 13:03:00 UTC,4,4,4.38,0.71,36,47.8,Safe
2026-04-30 13:03:10 UTC,5,5,4.46,0.72,36,47.4,Caution
2026-04-30 13:03:20 UTC,5,6,4.33,0.71,36.1,47.3,Safe
2026-04-30 13:03:30 UTC,4,5,4.5,0.73,36.1,47.3,Caution
2026-04-30 13:03:40 UTC,4,4,4.42,0.71,36.1,47.8,Safe
2026-04-30 13:03:50 UTC,4,4,4.54,0.73,36.1,47.7,Caution
2026-04-30 13:04:00 UTC,4,4,4.54,0.73,36.2,47.6,Caution
2026-04-30 13:04:10 UTC,5,5,4.49,0.73,36.2,47.4,Caution
2026-04-30 13:04:20 UTC,5,7,4.54,0.73,36.2,47.5,Caution
2026-04-30 13:04:30 UTC,7,8,4.43,0.72,36.3,47.3,Safe
2026-04-30 13:04:40 UTC,5,7,4.54,0.73,36.3,47.2,Caution
2026-04-30 13:04:50 UTC,5,9,4.42,0.72,36.3,47.1,Safe
2026-04-30 13:05:00 UTC,5,6,4.5,0.73,36.3,46.9,Caution
2026-04-30 13:05:10 UTC,5,5,4.36,0.71,36.4,47,Safe
2026-04-30 13:05:20 UTC,4,5,4.54,0.73,36.4,46.9,Caution
2026-04-30 13:05:30 UTC,5,5,4.4,0.72,36.4,46.8,Safe
2026-04-30 13:05:40 UTC,4,5,4.53,0.73,36.5,46.8,Caution
2026-04-30 13:05:50 UTC,4,6,4.38,0.72,36.4,46.7,Safe
2026-04-30 13:06:00 UTC,4,6,4.4,0.72,36.3,46.6,Safe
2026-04-30 13:06:10 UTC,5,7,4.49,0.73,36.2,46.6,Caution
2026-04-30 13:06:20 UTC,5,7,4.39,0.71,36.2,46.6,Safe
2026-04-30 13:06:30 UTC,5,7,4.48,0.73,36.2,46.6,Caution
2026-04-30 13:06:40 UTC,4,6,4.39,0.72,36.2,46.8,Safe
2026-04-30 13:06:50 UTC,3,4,4.51,0.73,36.2,47,Caution
2026-04-30 13:07:00 UTC,5,6,4.38,0.71,36.2,47,Safe
2026-04-30 13:07:10 UTC,9,13,4.53,0.73,36.2,47.1,Caution
2026-04-30 13:07:20 UTC,14,18,4.39,0.71,36.3,47,Safe
2026-04-30 13:07:30 UTC,13,20,4.49,0.73,36.2,46.9,Caution
2026-04-30 13:07:40 UTC,10,18,4.52,0.73,36.2,46.7,Caution
2026-04-30 13:07:50 UTC,7,13,4.39,0.71,36.2,46.9,Safe
2026-04-30 13:08:00 UTC,6,9,4.48,0.73,36.2,47.2,Caution
2026-04-30 13:08:10 UTC,7,9,4.4,0.71,36.1,47.9,Safe
2026-04-30 13:08:20 UTC,6,9,4.51,0.73,36.2,47.8,Caution
2026-04-30 13:08:30 UTC,5,7,4.38,0.71,36.2,47.5,Safe
2026-04-30 13:08:40 UTC,5,7,4.51,0.73,36.2,47.3,Caution
2026-04-30 13:08:50 UTC,4,5,4.37,0.71,36.3,47,Safe
2026-04-30 13:09:00 UTC,3,3,4.51,0.73,36.3,46.9,Caution
2026-04-30 13:09:10 UTC,2,3,4.5,0.73,36.3,46.7,Caution
2026-04-30 13:09:20 UTC,2,3,4.5,0.73,36.2,47,Caution
2026-04-30 13:09:30 UTC,3,4,4.5,0.73,36.2,47,Caution
2026-04-30 13:09:40 UTC,2,4,4.34,0.7,36.1,47,Safe
2026-04-30 13:09:50 UTC,2,4,4.49,0.73,36.2,47.1,Caution
2026-04-30 13:10:00 UTC,2,3,4.38,0.71,36.2,46.9,Safe
2026-04-30 13:10:10 UTC,3,4,4.47,0.73,36.1,47.1,Caution
2026-04-30 13:10:20 UTC,4,5,4.36,0.71,36.1,47.2,Safe
2026-04-30 13:10:30 UTC,4,5,4.49,0.73,36,47.4,Caution
2026-04-30 13:10:40 UTC,4,4,4.36,0.71,35.9,47.1,Safe
2026-04-30 13:10:50 UTC,3,3,4.49,0.73,36,47.1,Caution
2026-04-30 13:11:00 UTC,2,3,4.37,0.71,36,47.3,Safe
2026-04-30 13:11:10 UTC,3,4,4.44,0.72,36,47.4,Caution
2026-04-30 13:11:20 UTC,2,3,4.51,0.73,36,47.4,Caution
2026-04-30 13:11:30 UTC,3,4,4.4,0.71,36.1,47.2,Safe
2026-04-30 13:11:40 UTC,3,5,4.49,0.73,36.1,47.1,Caution
2026-04-30 13:11:50 UTC,3,5,4.36,0.7,36.1,47,Safe
2026-04-30 13:12:00 UTC,4,6,4.51,0.73,36.1,46.9,Caution
2026-04-30 13:12:10 UTC,8,9,4.38,0.71,36.1,46.8,Safe
2026-04-30 13:12:20 UTC,14,16,4.48,0.72,36.1,46.9,Caution
2026-04-30 13:12:30 UTC,18,21,4.33,0.7,36.1,47,Safe
2026-04-30 13:12:40 UTC,20,24,4.48,0.72,36.1,46.9,Caution
2026-04-30 13:12:50 UTC,22,23,4.51,0.73,36.1,46.9,Caution
2026-04-30 13:13:00 UTC,23,24,4.38,0.71,36.1,47,Safe
2026-04-30 13:13:10 UTC,24,25,4.51,0.73,36.2,47.2,Caution
2026-04-30 13:13:20 UTC,26,28,4.38,0.71,36.2,47.2,Safe
2026-04-30 13:13:30 UTC,25,28,4.51,0.73,36.3,47.3,Caution
2026-04-30 13:13:40 UTC,25,28,4.4,0.71,36.3,47.4,Safe
2026-04-30 13:13:50 UTC,27,30,4.49,0.73,36.3,47.3,Caution
2026-04-30 13:14:00 UTC,29,31,4.37,0.71,36.3,47.3,Safe
2026-04-30 13:14:10 UTC,28,30,4.53,0.73,36.4,47,Caution
2026-04-30 13:14:20 UTC,26,30,4.49,0.73,36.4,46.8,Caution
2026-04-30 13:14:30 UTC,23,27,4.51,0.73,36.3,46.6,Caution
2026-04-30 13:14:40 UTC,22,25,4.39,0.71,36.3,46.7,Safe
2026-04-30 13:14:50 UTC,21,21,4.38,0.71,36.3,46.8,Safe
2026-04-30 13:15:00 UTC,19,19,4.5,0.73,36.2,46.8,Caution
2026-04-30 13:15:10 UTC,17,20,4.41,0.71,36.2,46.9,Safe
2026-04-30 13:15:20 UTC,16,18,4.51,0.73,36.2,47,Caution
2026-04-30 13:15:30 UTC,13,16,4.36,0.71,36.1,47,Safe
2026-04-30 13:15:40 UTC,13,17,4.49,0.73,36.1,47.1,Caution
2026-04-30 13:15:50 UTC,14,19,4.39,0.71,36.1,47,Safe
2026-04-30 13:16:00 UTC,13,18,4.5,0.73,36.1,47,Caution
2026-04-30 13:16:10 UTC,14,17,4.38,0.71,36,47.1,Safe
2026-04-30 13:16:20 UTC,11,16,4.48,0.72,36,47.1,Caution
2026-04-30 13:16:30 UTC,9,15,4.5,0.73,36.1,47.2,Caution
2026-04-30 13:16:40 UTC,8,13,4.4,0.71,36.1,47.1,Safe
2026-04-30 13:16:50 UTC,8,12,4.5,0.73,36.1,47.5,Caution
2026-04-30 13:17:00 UTC,8,11,4.39,0.71,36.1,47.3,Safe
2026-04-30 13:17:10 UTC,8,9,4.53,0.73,36.1,47.2,Caution
2026-04-30 13:17:20 UTC,6,9,4.34,0.71,36.1,47.2,Safe
2026-04-30 13:17:30 UTC,6,11,4.52,0.73,36.1,47,Caution
2026-04-30 13:17:40 UTC,5,7,4.33,0.7,36,47.1,Safe
2026-04-30 13:17:50 UTC,5,5,4.5,0.73,36,47,Caution
2026-04-30 13:18:00 UTC,4,4,4.48,0.72,36,47.1,Caution
2026-04-30 13:18:10 UTC,4,7,4.51,0.73,36,47.3,Caution
2026-04-30 13:18:20 UTC,5,5,4.49,0.73,36,47.3,Caution
2026-04-30 13:18:30 UTC,4,4,4.39,0.71,36,47.5,Safe
2026-04-30 13:18:40 UTC,6,6,4.52,0.73,36.1,47.6,Caution
2026-04-30 13:18:50 UTC,7,10,4.37,0.71,36.1,47.7,Safe
2026-04-30 13:19:00 UTC,7,9,4.49,0.73,36,47.8,Caution
2026-04-30 13:19:10 UTC,7,11,4.34,0.71,36,47.7,Safe
2026-04-30 13:19:20 UTC,7,10,4.52,0.73,36,47.8,Caution
2026-04-30 13:19:30 UTC,7,8,4.38,0.71,36,47.6,Safe
2026-04-30 13:19:40 UTC,5,7,4.49,0.73,36,47.4,Caution
2026-04-30 13:19:50 UTC,3,5,4.38,0.71,36,47,Safe
2026-04-30 13:20:00 UTC,4,6,4.37,0.71,36,47.2,Safe
2026-04-30 13:20:10 UTC,3,4,4.47,0.72,36,47.2,Caution
2026-04-30 13:20:20 UTC,3,3,4.36,0.71,36,47.1,Safe
2026-04-30 13:20:30 UTC,4,4,4.51,0.73,36,47.2,Caution
2026-04-30 13:20:40 UTC,3,3,4.38,0.71,36,47.1,Safe
2026-04-30 13:20:50 UTC,3,4,4.51,0.73,36.1,47.1,Caution
2026-04-30 13:21:00 UTC,3,4,4.38,0.71,36.1,47.4,Safe
2026-04-30 13:21:10 UTC,3,4,4.45,0.72,36,47.5,Caution
2026-04-30 13:21:20 UTC,3,4,4.39,0.71,36,47.6,Safe
2026-04-30 13:21:30 UTC,3,5,4.51,0.73,36,47.7,Caution
2026-04-30 13:21:40 UTC,4,5,4.48,0.72,35.9,47.6,Caution
2026-04-30 13:21:50 UTC,4,4,4.39,0.71,36,47.4,Safe
2026-04-30 13:22:00 UTC,4,4,4.49,0.73,36,47.3,Caution
2026-04-30 13:22:10 UTC,4,4,4.38,0.71,36,47.3,Safe
2026-04-30 13:22:20 UTC,4,4,4.49,0.73,36,47.3,Caution
2026-04-30 13:22:30 UTC,3,3,4.36,0.71,36,47.4,Safe
2026-04-30 13:22:40 UTC,3,3,4.5,0.73,36,47.5,Caution
2026-04-30 13:22:50 UTC,3,3,4.34,0.7,36,47.4,Safe
2026-04-30 13:23:00 UTC,3,3,4.48,0.72,36,47.3,Caution
2026-04-30 13:23:10 UTC,2,4,4.45,0.73,36,47.4,Caution
2026-04-30 13:23:20 UTC,2,4,4.51,0.73,36,47.4,Caution
2026-04-30 13:23:30 UTC,3,3,4.49,0.73,35.9,47.1,Caution
2026-04-30 13:23:40 UTC,3,4,4.36,0.71,35.8,47.2,Safe
2026-04-30 13:23:50 UTC,3,4,4.49,0.73,35.7,47.4,Caution
2026-04-30 13:24:00 UTC,4,5,4.38,0.71,35.7,47.5,Safe
2026-04-30 13:24:10 UTC,3,3,4.49,0.73,35.7,47.3,Caution
2026-04-30 13:24:20 UTC,2,3,4.39,0.71,35.6,47.2,Safe
2026-04-30 13:24:30 UTC,2,5,4.5,0.73,35.6,47.5,Caution
2026-04-30 13:24:40 UTC,3,5,4.37,0.71,35.5,47.5,Safe
2026-04-30 13:24:50 UTC,3,3,4.5,0.73,35.6,47.5,Caution
2026-04-30 13:25:00 UTC,4,5,4.38,0.71,35.6,47.5,Safe
2026-04-30 13:25:10 UTC,4,4,4.51,0.73,35.6,47.4,Caution
2026-04-30 13:25:20 UTC,3,4,4.49,0.73,35.6,47.3,Caution
2026-04-30 13:25:30 UTC,4,4,4.36,0.71,35.6,47.3,Safe
2026-04-30 13:25:40 UTC,5,6,4.48,0.73,35.5,47.4,Caution
2026-04-30 13:25:50 UTC,4,4,4.35,0.71,35.5,47.5,Safe
2026-04-30 13:26:00 UTC,4,5,4.49,0.73,35.4,48.1,Caution
2026-04-30 13:26:10 UTC,4,4,4.33,0.7,35.3,48.1,Safe
2026-04-30 13:26:20 UTC,3,3,4.49,0.73,35.3,48.2,Caution
2026-04-30 13:26:30 UTC,5,6,4.38,0.71,35.3,48.5,Safe
2026-04-30 13:26:40 UTC,10,11,4.52,0.73,35.3,48.4,Caution
2026-04-30 13:26:50 UTC,13,17,4.46,0.72,35.4,48.6,Caution
2026-04-30 13:27:00 UTC,18,21,4.38,0.71,35.4,48.5,Safe
2026-04-30 13:27:10 UTC,24,27,4.49,0.73,35.4,48.7,Caution
2026-04-30 13:27:20 UTC,24,28,4.35,0.71,35.5,48.5,Safe
2026-04-30 13:27:30 UTC,23,27,4.52,0.73,35.5,48.4,Caution
2026-04-30 13:27:40 UTC,22,23,4.36,0.71,35.5,48.4,Safe
2026-04-30 13:27:50 UTC,23,24,4.51,0.73,35.5,48.8,Caution
2026-04-30 13:28:00 UTC,22,26,4.44,0.72,35.5,48.9,Safe
2026-04-30 13:28:10 UTC,21,25,4.47,0.72,35.5,48.7,Caution
2026-04-30 13:28:20 UTC,21,23,4.5,0.73,35.5,48.6,Caution
2026-04-30 13:28:30 UTC,20,21,4.49,0.73,35.5,48.4,Caution
2026-04-30 13:28:40 UTC,20,21,4.38,0.71,35.6,48.2,Safe
2026-04-30 13:28:50 UTC,19,21,4.38,0.71,35.6,48.1,Safe
2026-04-30 13:29:00 UTC,19,19,4.51,0.73,35.6,48,Caution
2026-04-30 13:29:10 UTC,18,18,4.36,0.71,35.6,47.9,Safe
2026-04-30 13:29:20 UTC,16,17,4.49,0.73,35.6,47.8,Caution
2026-04-30 13:29:30 UTC,18,19,4.35,0.7,35.6,47.8,Safe
2026-04-30 13:29:40 UTC,14,18,4.47,0.72,35.6,47.9,Caution
2026-04-30 13:29:50 UTC,11,15,4.39,0.71,35.6,48,Safe
2026-04-30 13:30:00 UTC,9,17,4.52,0.73,35.6,48,Caution
2026-04-30 13:30:10 UTC,8,16,4.36,0.71,35.6,47.9,Safe
2026-04-30 13:30:20 UTC,7,16,4.5,0.73,35.6,47.7,Caution
2026-04-30 13:30:30 UTC,6,13,4.49,0.73,35.5,47.9,Caution
2026-04-30 13:30:40 UTC,7,11,4.38,0.71,35.6,48.1,Safe
2026-04-30 13:30:50 UTC,7,10,4.49,0.73,35.6,48.4,Caution
2026-04-30 13:31:00 UTC,6,11,4.37,0.71,35.6,48.4,Safe
2026-04-30 13:31:10 UTC,5,11,4.48,0.72,35.6,48.5,Caution
2026-04-30 13:31:20 UTC,7,9,4.34,0.71,35.6,48.8,Safe
2026-04-30 13:31:30 UTC,7,9,4.49,0.73,35.6,48.2,Caution
2026-04-30 13:31:40 UTC,7,9,4.35,0.71,35.4,48.2,Safe
2026-04-30 13:31:50 UTC,5,7,4.51,0.73,35.3,48.2,Caution
2026-04-30 13:32:00 UTC,5,7,4.49,0.72,35.3,48.4,Caution
2026-04-30 13:32:10 UTC,5,6,4.37,0.71,35.3,48.7,Safe
2026-04-30 13:32:20 UTC,5,7,4.52,0.73,35.4,48.8,Caution
2026-04-30 13:32:30 UTC,5,7,4.33,0.71,35.4,48.8,Safe
2026-04-30 13:32:40 UTC,5,6,4.48,0.72,35.4,48.8,Caution
2026-04-30 13:32:50 UTC,4,7,4.34,0.71,35.4,48.8,Safe
2026-04-30 13:33:00 UTC,5,6,4.48,0.73,35.5,48.9,Caution
2026-04-30 13:33:10 UTC,5,5,4.39,0.71,35.4,48.8,Safe
2026-04-30 13:33:20 UTC,4,7,4.5,0.73,35.4,48.9,Caution
2026-04-30 13:33:30 UTC,4,7,4.49,0.73,35.4,49.1,Caution
2026-04-30 13:33:40 UTC,5,8,4.49,0.73,35.4,49,Caution
2026-04-30 13:33:50 UTC,4,7,4.39,0.71,35.4,48.7,Safe
2026-04-30 13:34:00 UTC,3,4,4.36,0.71,35.3,48.5,Safe
2026-04-30 13:34:10 UTC,3,4,4.46,0.72,35.4,48.6,Caution
2026-04-30 13:34:20 UTC,4,5,4.38,0.71,35.3,48.3,Safe
2026-04-30 13:34:30 UTC,5,6,4.48,0.73,35.3,48.4,Caution
2026-04-30 13:34:40 UTC,4,4,4.37,0.71,35.3,48.3,Safe
2026-04-30 13:34:50 UTC,3,3,4.5,0.73,35.2,48.3,Caution
2026-04-30 13:35:00 UTC,2,4,4.38,0.71,35.2,48.4,Safe
2026-04-30 13:35:10 UTC,3,4,4.49,0.73,35.2,48.5,Caution
2026-04-30 13:35:20 UTC,4,4,4.36,0.71,35.1,48.6,Safe
2026-04-30 13:35:30 UTC,4,4,4.49,0.73,35,48.8,Caution
2026-04-30 13:35:40 UTC,6,7,4.48,0.73,35,49,Caution
2026-04-30 13:35:50 UTC,5,6,4.36,0.71,35,48.9,Safe
2026-04-30 13:36:00 UTC,4,4,4.48,0.73,34.9,48.9,Caution
2026-04-30 13:36:10 UTC,4,5,4.35,0.71,34.8,48.9,Safe
2026-04-30 13:36:20 UTC,4,4,4.49,0.73,34.7,49.1,Caution
2026-04-30 13:36:30 UTC,4,5,4.34,0.71,34.6,49.4,Safe
2026-04-30 13:36:40 UTC,3,4,4.43,0.72,34.5,50.3,Caution
2026-04-30 13:36:50 UTC,4,5,4.33,0.71,34.5,50.3,Safe
2026-04-30 13:37:00 UTC,5,6,4.5,0.73,34.5,50.2,Caution
2026-04-30 13:37:10 UTC,5,9,4.49,0.73,34.6,50.2,Caution
2026-04-30 13:37:20 UTC,4,7,4.46,0.73,34.7,50,Caution
2026-04-30 13:37:30 UTC,5,7,4.5,0.73,34.8,49.9,Caution
2026-04-30 13:37:40 UTC,3,6,4.36,0.71,34.9,49.9,Safe
2026-04-30 13:37:50 UTC,3,4,4.48,0.73,34.9,50.2,Caution
2026-04-30 13:38:00 UTC,3,3,4.36,0.71,34.9,50.4,Safe
2026-04-30 13:38:10 UTC,4,8,4.49,0.73,34.9,50.2,Caution
2026-04-30 13:38:20 UTC,3,6,4.37,0.71,35,50.1,Safe
2026-04-30 13:38:30 UTC,4,5,4.45,0.73,35,49.8,Caution
2026-04-30 13:38:40 UTC,4,5,4.34,0.71,35.1,49.7,Safe
2026-04-30 13:38:50 UTC,5,6,4.44,0.72,35.2,49.7,Caution
2026-04-30 13:39:00 UTC,6,7,4.37,0.71,35.3,49.6,Safe
2026-04-30 13:39:10 UTC,6,7,4.38,0.71,35.4,49.5,Safe
2026-04-30 13:39:20 UTC,5,7,4.48,0.73,35.4,49.4,Caution
2026-04-30 13:39:30 UTC,4,5,4.36,0.71,35.5,49.4,Safe
2026-04-30 13:39:40 UTC,4,5,4.5,0.73,35.6,49.3,Caution
2026-04-30 13:39:50 UTC,4,5,4.38,0.71,35.7,49.2,Safe
2026-04-30 13:40:00 UTC,4,5,4.5,0.73,35.7,49.2,Caution
2026-04-30 13:40:10 UTC,5,5,4.33,0.71,35.8,49.1,Safe
2026-04-30 13:40:20 UTC,5,9,4.49,0.73,35.9,49,Caution
2026-04-30 13:40:30 UTC,3,4,4.38,0.71,36,48.6,Safe
2026-04-30 13:40:40 UTC,4,4,4.49,0.73,36,48.1,Caution
2026-04-30 13:40:50 UTC,4,5,4.49,0.73,36.1,48.3,Caution
2026-04-30 13:41:00 UTC,4,5,4.38,0.71,36.1,48.4,Safe
2026-04-30 13:41:10 UTC,5,6,4.49,0.73,36.2,48.4,Caution
2026-04-30 13:41:20 UTC,5,5,4.38,0.71,36.3,48.6,Safe
2026-04-30 13:41:30 UTC,6,7,4.47,0.73,36.4,48.4,Caution
2026-04-30 13:41:40 UTC,5,5,4.38,0.71,36.4,47.7,Safe
2026-04-30 13:41:50 UTC,6,6,4.49,0.73,36.4,47.6,Caution
2026-04-30 13:42:00 UTC,7,7,4.38,0.71,36.5,48,Safe
2026-04-30 13:42:10 UTC,7,8,4.47,0.72,36.5,48.4,Caution
2026-04-30 13:42:20 UTC,7,9,4.46,0.72,36.6,47.7,Caution
2026-04-30 13:42:30 UTC,6,8,4.49,0.73,36.6,47.1,Caution
2026-04-30 13:42:40 UTC,6,7,4.48,0.73,36.6,47.2,Caution
2026-04-30 13:42:50 UTC,5,5,4.38,0.71,36.6,47.1,Safe
2026-04-30 13:43:00 UTC,3,6,4.52,0.73,36.7,47.4,Caution
2026-04-30 13:43:10 UTC,3,8,4.38,0.71,36.7,47.6,Safe
2026-04-30 13:43:20 UTC,5,10,4.52,0.73,36.8,47.4,Caution
2026-04-30 13:43:30 UTC,5,7,4.37,0.71,36.9,47.5,Safe
2026-04-30 13:43:40 UTC,4,8,4.5,0.73,36.9,47.8,Caution
2026-04-30 13:43:50 UTC,6,8,4.36,0.71,37,47.8,Safe
2026-04-30 13:44:00 UTC,7,10,4.49,0.73,37,46.7,Caution
2026-04-30 13:44:10 UTC,7,9,4.37,0.71,37,46,Safe
2026-04-30 13:44:20 UTC,7,7,4.43,0.72,36.9,45.8,Safe
2026-04-30 13:44:30 UTC,6,7,4.5,0.73,36.9,46.2,Caution
2026-04-30 13:44:40 UTC,6,7,4.34,0.71,36.8,47.1,Safe
2026-04-30 13:44:50 UTC,6,8,4.5,0.73,36.9,47.7,Caution
2026-04-30 13:45:00 UTC,4,5,4.37,0.71,36.9,47.2,Safe
2026-04-30 13:45:10 UTC,4,4,4.49,0.73,36.9,47.3,Caution
2026-04-30 13:45:20 UTC,5,7,4.38,0.71,36.9,47.2,Safe
2026-04-30 13:45:30 UTC,5,6,4.5,0.73,37,47.2,Caution
2026-04-30 13:45:40 UTC,6,7,4.38,0.71,37,47,Safe
2026-04-30 13:45:50 UTC,4,5,4.49,0.73,37.1,46.9,Caution
2026-04-30 13:46:00 UTC,4,6,4.49,0.73,37.1,46.7,Caution
2026-04-30 13:46:10 UTC,6,6,4.37,0.71,37.2,46.6,Safe
2026-04-30 13:46:20 UTC,6,8,4.49,0.73,37.2,46.1,Caution
2026-04-30 13:46:30 UTC,6,7,4.37,0.71,37.2,46.1,Safe
2026-04-30 13:46:40 UTC,8,8,4.46,0.73,37.2,46.5,Caution
2026-04-30 13:46:50 UTC,7,7,4.33,0.71,37.3,46.5,Safe
2026-04-30 13:47:00 UTC,6,8,4.51,0.73,37.3,46.4,Caution
2026-04-30 13:47:10 UTC,6,7,4.38,0.71,37.3,45.9,Safe
2026-04-30 13:47:20 UTC,4,5,4.48,0.73,37.2,45.5,Caution
2026-04-30 13:47:30 UTC,5,5,4.5,0.73,37.2,45.7,Caution
2026-04-30 13:47:40 UTC,4,4,4.5,0.73,37.2,45.9,Caution
2026-04-30 13:47:50 UTC,4,4,4.49,0.73,37.2,46,Caution
2026-04-30 13:48:00 UTC,3,4,4.37,0.71,37.2,45.7,Safe
2026-04-30 13:48:10 UTC,3,4,4.49,0.73,37.3,45.6,Caution
2026-04-30 13:48:20 UTC,4,5,4.35,0.71,37.3,45.5,Safe
2026-04-30 13:48:30 UTC,4,5,4.49,0.73,37.3,45.6,Caution
2026-04-30 13:48:40 UTC,4,4,4.4,0.71,37.3,45.6,Safe
2026-04-30 13:48:50 UTC,4,4,4.5,0.73,37.3,45.5,Caution
2026-04-30 13:49:00 UTC,4,6,4.39,0.71,37.4,45.3,Safe
2026-04-30 13:49:10 UTC,5,7,4.46,0.73,37.3,45.2,Caution
2026-04-30 13:49:20 UTC,5,6,4.36,0.71,37.3,45.2,Safe
2026-04-30 13:49:30 UTC,5,6,4.34,0.71,37.4,45.5,Safe
2026-04-30 13:49:40 UTC,6,7,4.5,0.73,37.3,45.6,Caution
2026-04-30 13:49:50 UTC,6,8,4.37,0.71,37.4,45.6,Safe
2026-04-30 13:50:00 UTC,5,7,4.51,0.73,37.4,45.6,Caution
2026-04-30 13:50:10 UTC,5,7,4.36,0.71,37.4,45.6,Safe
2026-04-30 13:50:20 UTC,4,4,4.52,0.73,37.4,45.7,Caution
2026-04-30 13:50:30 UTC,5,5,4.37,0.71,37.4,45.6,Safe
2026-04-30 13:50:40 UTC,5,7,4.48,0.73,37.4,45.7,Caution
2026-04-30 13:50:50 UTC,5,8,4.39,0.71,37.4,45.7,Safe
2026-04-30 13:51:00 UTC,5,7,4.53,0.73,37.4,45.8,Caution
2026-04-30 13:51:10 UTC,4,8,4.52,0.73,37.4,45.8,Caution
2026-04-30 13:51:20 UTC,5,8,4.38,0.71,37.4,45.7,Safe
2026-04-30 13:51:30 UTC,5,7,4.49,0.73,37.4,45.8,Caution
2026-04-30 13:51:40 UTC,5,7,4.34,0.7,37.4,45.7,Safe
2026-04-30 13:51:50 UTC,7,9,4.52,0.73,37.4,45.9,Caution
2026-04-30 13:52:00 UTC,6,8,4.36,0.71,37.4,45.9,Safe
2026-04-30 13:52:10 UTC,6,6,4.52,0.73,37.4,45.9,Caution
2026-04-30 13:52:20 UTC,6,8,4.34,0.71,37.4,45.7,Safe
2026-04-30 13:52:30 UTC,5,8,4.47,0.73,37.3,45.5,Caution
2026-04-30 13:52:40 UTC,5,8,4.49,0.73,37.3,45.4,Caution
2026-04-30 13:52:50 UTC,5,6,4.5,0.73,37.2,45.4,Caution
2026-04-30 13:53:00 UTC,4,4,4.5,0.73,37.1,45.3,Caution
2026-04-30 13:53:10 UTC,3,4,4.37,0.71,36.9,45.4,Safe
2026-04-30 13:53:20 UTC,4,5,4.49,0.73,36.9,45.7,Caution
2026-04-30 13:53:30 UTC,4,5,4.38,0.71,36.9,45.7,Safe
2026-04-30 13:53:40 UTC,3,4,4.49,0.73,36.9,45.9,Caution
2026-04-30 13:53:50 UTC,4,5,4.38,0.71,36.9,46.1,Safe
2026-04-30 13:54:00 UTC,4,5,4.48,0.73,36.9,46.1,Caution
2026-04-30 13:54:10 UTC,3,3,4.38,0.71,36.9,46,Safe
2026-04-30 13:54:20 UTC,2,3,4.49,0.73,36.9,46.1,Caution
2026-04-30 13:54:30 UTC,4,4,4.38,0.71,36.8,46,Safe
2026-04-30 13:54:40 UTC,4,4,4.38,0.71,36.9,46.2,Safe
2026-04-30 13:54:50 UTC,3,3,4.5,0.73,36.8,46.1,Caution
2026-04-30 13:55:00 UTC,3,4,4.4,0.72,36.8,46.3,Safe
2026-04-30 13:55:10 UTC,2,2,4.49,0.73,36.7,46.5,Caution
2026-04-30 13:55:20 UTC,3,3,4.35,0.71,36.6,46.6,Safe
2026-04-30 13:55:30 UTC,3,5,4.52,0.73,36.6,46.7,Caution
2026-04-30 13:55:40 UTC,4,4,4.39,0.72,36.7,46.8,Safe
2026-04-30 13:55:50 UTC,4,5,4.53,0.73,36.7,46.8,Caution
2026-04-30 13:56:00 UTC,4,5,4.38,0.71,36.8,46.7,Safe
2026-04-30 13:56:10 UTC,4,4,4.51,0.73,36.7,47,Caution
2026-04-30 13:56:20 UTC,3,4,4.49,0.73,36.7,47.1,Caution
2026-04-30 13:56:30 UTC,3,4,4.37,0.71,36.7,47.1,Safe
2026-04-30 13:56:40 UTC,3,3,4.49,0.73,36.7,47.1,Caution
2026-04-30 13:56:50 UTC,3,3,4.36,0.71,36.7,47.2,Safe
2026-04-30 13:57:00 UTC,3,4,4.51,0.73,36.7,46.9,Caution
2026-04-30 13:57:10 UTC,5,6,4.35,0.71,36.7,46.9,Safe
2026-04-30 13:57:20 UTC,5,5,4.49,0.73,36.8,46.9,Caution
2026-04-30 13:57:30 UTC,4,4,4.36,0.71,36.8,46.9,Safe
2026-04-30 13:57:40 UTC,3,3,4.5,0.73,36.8,47,Caution
2026-04-30 13:57:50 UTC,4,4,4.49,0.73,36.8,47,Caution
2026-04-30 13:58:00 UTC,4,5,4.49,0.73,36.8,46.9,Caution
2026-04-30 13:58:10 UTC,3,4,4.48,0.72,36.8,46.8,Caution
2026-04-30 13:58:20 UTC,4,5,4.34,0.71,36.8,46.7,Safe
2026-04-30 13:58:30 UTC,4,5,4.47,0.73,36.8,46.9,Caution
2026-04-30 13:58:40 UTC,4,4,4.37,0.72,36.7,47,Safe
2026-04-30 13:58:50 UTC,4,4,4.47,0.73,36.6,47.1,Caution
2026-04-30 13:59:00 UTC,4,4,4.38,0.72,36.6,47,Safe
2026-04-30 13:59:10 UTC,4,5,4.48,0.73,36.7,47.1,Caution
2026-04-30 13:59:20 UTC,6,8,4.37,0.71,36.7,47,Safe
2026-04-30 13:59:30 UTC,5,6,4.49,0.73,36.8,47,Caution
2026-04-30 13:59:40 UTC,3,4,4.36,0.71,36.7,46.8,Safe
2026-04-30 13:59:50 UTC,3,5,4.36,0.71,36.6,46.4,Safe
2026-04-30 14:00:00 UTC,3,6,4.43,0.72,36.5,46.5,Caution
2026-04-30 14:00:10 UTC,5,9,4.34,0.71,36.5,46.9,Safe
2026-04-30 14:00:20 UTC,14,33,4.49,0.73,36.5,47.4,Caution
2026-04-30 14:00:30 UTC,18,42,4.37,0.71,36.5,47.3,Safe
2026-04-30 14:00:40 UTC,33,62,4.49,0.73,36.4,47.3,Caution
2026-04-30 14:00:50 UTC,37,67,4.38,0.71,36.3,47.5,Safe
2026-04-30 14:01:00 UTC,34,63,4.44,0.73,36.3,47.5,Caution
2026-04-30 14:01:10 UTC,28,51,4.3,0.7,36.3,47.2,Safe
2026-04-30 14:01:20 UTC,24,47,4.49,0.73,36.3,47.1,Caution
2026-04-30 14:01:30 UTC,22,43,4.55,0.74,36.3,47.3,Caution
2026-04-30 14:01:40 UTC,20,39,4.37,0.71,36.3,47.5,Safe
2026-04-30 14:01:50 UTC,16,30,4.5,0.73,36.3,47.8,Caution
2026-04-30 14:02:00 UTC,15,25,4.35,0.71,36.3,47.8,Safe
2026-04-30 14:02:10 UTC,12,18,4.49,0.73,36.3,47.7,Caution
2026-04-30 14:02:20 UTC,8,13,4.37,0.71,36.3,47.7,Safe
2026-04-30 14:02:30 UTC,5,9,4.48,0.73,36.3,47.4,Caution
2026-04-30 14:02:40 UTC,5,7,4.34,0.71,36.4,47.4,Safe
2026-04-30 14:02:50 UTC,5,7,4.46,0.72,36.3,47.7,Caution
2026-04-30 14:03:00 UTC,5,9,4.48,0.73,36.3,47.5,Caution
2026-04-30 14:03:10 UTC,7,8,4.37,0.71,36.3,47.4,Safe
2026-04-30 14:03:20 UTC,7,10,4.48,0.73,36.2,47.5,Caution
2026-04-30 14:03:30 UTC,6,7,4.32,0.71,36.1,47.8,Safe
2026-04-30 14:03:40 UTC,5,7,4.46,0.72,36,48.3,Caution
2026-04-30 14:03:50 UTC,5,5,4.38,0.71,36,48.5,Safe
2026-04-30 14:04:00 UTC,4,5,4.43,0.72,36,48.5,Caution
2026-04-30 14:04:10 UTC,3,6,4.37,0.71,36,48.3,Safe
2026-04-30 14:04:20 UTC,4,5,4.49,0.73,36,48,Caution
2026-04-30 14:04:30 UTC,4,4,4.49,0.73,36.1,48.1,Caution
2026-04-30 14:04:40 UTC,4,5,4.49,0.73,36.1,48,Caution
2026-04-30 14:04:50 UTC,3,4,4.47,0.73,36.1,48,Caution
2026-04-30 14:05:00 UTC,3,5,4.37,0.71,36,48,Safe
2026-04-30 14:05:10 UTC,4,5,4.49,0.73,36,47.9,Caution
2026-04-30 14:05:20 UTC,4,4,4.34,0.71,36,48,Safe
2026-04-30 14:05:30 UTC,4,5,4.46,0.73,36,48,Caution
2026-04-30 14:05:40 UTC,3,6,4.38,0.71,36,48.1,Safe
2026-04-30 14:05:50 UTC,3,5,4.49,0.73,36,48.2,Caution
2026-04-30 14:06:00 UTC,4,5,4.37,0.71,36,48.2,Safe
2026-04-30 14:06:10 UTC,4,5,4.49,0.73,36,48.2,Caution
2026-04-30 14:06:20 UTC,3,5,4.38,0.71,36.1,48.3,Safe
2026-04-30 14:06:30 UTC,4,5,4.34,0.71,36.1,48.2,Safe
2026-04-30 14:06:40 UTC,5,5,4.5,0.73,36.1,48.2,Caution
2026-04-30 14:06:50 UTC,5,5,4.38,0.71,36.1,48.2,Safe
2026-04-30 14:07:00 UTC,5,5,4.51,0.73,36.1,48.1,Caution
2026-04-30 14:07:10 UTC,5,6,4.38,0.71,36.2,48.1,Safe
2026-04-30 14:07:20 UTC,4,6,4.49,0.73,36.2,48.2,Caution
2026-04-30 14:07:30 UTC,6,6,4.38,0.71,36.3,48.1,Safe
2026-04-30 14:07:40 UTC,5,5,4.49,0.73,36.3,48,Caution
2026-04-30 14:07:50 UTC,5,7,4.36,0.71,36.3,48.3,Safe
2026-04-30 14:08:00 UTC,7,10,4.45,0.72,36.3,48.3,Caution
2026-04-30 14:08:10 UTC,8,9,4.5,0.73,36.3,48.2,Caution
2026-04-30 14:08:20 UTC,7,8,4.37,0.71,36.2,48.1,Safe
2026-04-30 14:08:30 UTC,7,9,4.45,0.72,36.3,48.1,Caution
2026-04-30 14:08:40 UTC,7,8,4.38,0.71,36.3,48.2,Safe
2026-04-30 14:08:50 UTC,5,8,4.5,0.73,36.3,48.5,Caution
2026-04-30 14:09:00 UTC,7,11,4.38,0.71,36.3,48.4,Safe
2026-04-30 14:09:10 UTC,6,8,4.49,0.73,36.3,48.2,Caution
2026-04-30 14:09:20 UTC,5,8,4.37,0.71,36.3,48.1,Safe
2026-04-30 14:09:30 UTC,6,10,4.47,0.73,36.2,47.8,Caution
2026-04-30 14:09:40 UTC,7,12,4.48,0.73,36.1,47.7,Caution
2026-04-30 14:09:50 UTC,13,22,4.49,0.73,36,47.7,Caution
2026-04-30 14:10:00 UTC,15,25,4.49,0.73,36,47.8,Caution
2026-04-30 14:10:10 UTC,16,28,4.37,0.71,35.9,48,Safe
2026-04-30 14:10:20 UTC,15,28,4.49,0.73,35.9,48.1,Caution
2026-04-30 14:10:30 UTC,13,25,4.37,0.71,36,48.1,Safe
2026-04-30 14:10:40 UTC,9,20,4.49,0.73,36,48.2,Caution
2026-04-30 14:10:50 UTC,7,17,4.37,0.71,35.9,48.1,Safe
2026-04-30 14:11:00 UTC,5,13,4.48,0.73,36,48.1,Caution
2026-04-30 14:11:10 UTC,5,12,4.38,0.71,36,48.1,Safe
2026-04-30 14:11:20 UTC,5,9,4.46,0.73,36,48,Caution
2026-04-30 14:11:30 UTC,5,9,4.37,0.71,35.9,48,Safe
2026-04-30 14:11:40 UTC,6,8,4.35,0.71,35.8,48,Safe
2026-04-30 14:11:50 UTC,5,9,4.5,0.73,35.7,48.2,Caution
2026-04-30 14:12:00 UTC,5,10,4.37,0.71,35.6,48.6,Safe
2026-04-30 14:12:10 UTC,7,9,4.49,0.73,35.6,48.6,Caution
2026-04-30 14:12:20 UTC,6,8,4.36,0.71,35.5,48.7,Safe
2026-04-30 14:12:30 UTC,5,5,4.49,0.73,35.5,48.8,Caution
2026-04-30 14:12:40 UTC,4,7,4.37,0.71,35.5,48.9,Safe
2026-04-30 14:12:50 UTC,6,9,4.49,0.73,35.5,48.9,Caution
2026-04-30 14:13:00 UTC,7,16,4.36,0.71,35.4,49.1,Safe
2026-04-30 14:13:10 UTC,9,22,4.48,0.73,35.4,49,Caution
2026-04-30 14:13:20 UTC,12,24,4.49,0.73,35.5,48.9,Caution
2026-04-30 14:13:30 UTC,13,24,4.36,0.71,35.5,48.9,Safe
2026-04-30 14:13:40 UTC,9,22,4.48,0.73,35.5,48.9,Caution
2026-04-30 14:13:50 UTC,8,20,4.35,0.71,35.4,49,Safe
2026-04-30 14:14:00 UTC,7,20,4.48,0.73,35.4,49.1,Caution
2026-04-30 14:14:10 UTC,7,17,4.37,0.72,35.5,49,Safe
2026-04-30 14:14:20 UTC,5,12,4.48,0.73,35.5,49.1,Caution
2026-04-30 14:14:30 UTC,6,13,4.35,0.71,35.5,49.4,Safe
2026-04-30 14:14:40 UTC,6,14,4.5,0.73,35.5,49.4,Caution
2026-04-30 14:14:50 UTC,7,14,4.46,0.73,35.5,49.3,Caution
2026-04-30 14:15:00 UTC,10,14,4.38,0.71,35.5,49.3,Safe
2026-04-30 14:15:10 UTC,15,18,4.49,0.73,35.5,49.4,Caution
2026-04-30 14:15:20 UTC,18,22,4.36,0.71,35.5,49.4,Safe
2026-04-30 14:15:30 UTC,16,21,4.45,0.72,35.3,49.3,Caution
2026-04-30 14:15:40 UTC,12,18,4.32,0.7,35.2,49.7,Safe
2026-04-30 14:15:50 UTC,10,14,4.48,0.73,35.1,49.8,Caution
2026-04-30 14:16:00 UTC,8,11,4.36,0.71,35.1,50,Safe
2026-04-30 14:16:10 UTC,8,9,4.48,0.73,35.1,49.9,Caution
2026-04-30 14:16:20 UTC,6,8,4.49,0.73,35.1,49.8,Caution
2026-04-30 14:16:30 UTC,5,7,4.44,0.72,35.1,49.7,Caution
2026-04-30 14:16:40 UTC,5,7,4.35,0.71,35.2,49.7,Safe
2026-04-30 14:16:50 UTC,5,6,4.32,0.71,35.2,49.7,Safe
2026-04-30 14:17:00 UTC,4,5,4.49,0.73,35.2,49.7,Caution
2026-04-30 14:17:10 UTC,3,4,4.37,0.71,35.3,49.6,Safe
2026-04-30 14:17:20 UTC,4,4,4.48,0.73,35.4,49.6,Caution
2026-04-30 14:17:30 UTC,4,5,4.36,0.71,35.4,49.6,Safe
2026-04-30 14:17:40 UTC,5,7,4.49,0.73,35.5,49.4,Caution
2026-04-30 14:17:50 UTC,5,5,4.35,0.71,35.5,49.6,Safe
2026-04-30 14:18:00 UTC,5,5,4.44,0.73,35.6,49.4,Caution
2026-04-30 14:18:10 UTC,6,7,4.36,0.71,35.5,49,Safe
2026-04-30 14:18:20 UTC,5,5,4.48,0.73,35.5,49.1,Caution
2026-04-30 14:18:30 UTC,5,7,4.49,0.73,35.4,49.1,Caution
2026-04-30 14:18:40 UTC,5,7,4.36,0.71,35.4,49.3,Safe
2026-04-30 14:18:50 UTC,4,6,4.49,0.73,35.4,49.3,Caution
2026-04-30 14:19:00 UTC,5,6,4.34,0.71,35.5,49.3,Safe
2026-04-30 14:19:10 UTC,5,6,4.47,0.73,35.4,49.8,Caution
2026-04-30 14:19:20 UTC,5,6,4.37,0.71,35.4,50,Safe
2026-04-30 14:19:30 UTC,4,6,4.46,0.73,35.4,49.8,Caution
2026-04-30 14:19:40 UTC,3,4,4.36,0.71,35.4,49.5,Safe
2026-04-30 14:19:50 UTC,4,5,4.48,0.73,35.4,49.5,Caution
2026-04-30 14:20:00 UTC,5,6,4.5,0.73,35.4,49.6,Caution
2026-04-30 14:20:10 UTC,5,6,4.39,0.71,35.4,49.5,Safe
2026-04-30 14:20:20 UTC,5,6,4.48,0.73,35.5,49.4,Caution
2026-04-30 14:20:30 UTC,6,7,4.33,0.71,35.5,49.3,Safe
2026-04-30 14:20:40 UTC,5,6,4.49,0.73,35.5,49.2,Caution
2026-04-30 14:20:50 UTC,5,7,4.33,0.71,35.4,49.3,Safe
2026-04-30 14:21:00 UTC,5,7,4.49,0.73,35.4,49.1,Caution
2026-04-30 14:21:10 UTC,6,8,4.35,0.71,35.4,49,Safe
2026-04-30 14:21:20 UTC,6,6,4.45,0.72,35.4,49,Caution
2026-04-30 14:21:30 UTC,4,4,4.49,0.73,35.4,49.1,Caution
2026-04-30 14:21:40 UTC,4,5,4.49,0.73,35.4,49.2,Caution
2026-04-30 14:21:50 UTC,3,5,4.34,0.71,35.4,49.3,Safe
2026-04-30 14:22:00 UTC,4,5,4.36,0.71,35.4,49.3,Safe
2026-04-30 14:22:10 UTC,3,7,4.49,0.73,35.4,49.4,Caution
2026-04-30 14:22:20 UTC,3,6,4.37,0.71,35.4,49.3,Safe
2026-04-30 14:22:30 UTC,3,4,4.45,0.72,35.5,49.2,Caution
2026-04-30 14:22:40 UTC,3,6,4.36,0.71,35.5,49.1,Safe
2026-04-30 14:22:50 UTC,4,7,4.47,0.73,35.6,49.1,Caution
2026-04-30 14:23:00 UTC,3,5,4.36,0.71,35.6,49,Safe
2026-04-30 14:23:10 UTC,3,6,4.49,0.73,35.6,48.7,Caution
2026-04-30 14:23:20 UTC,4,7,4.33,0.71,35.4,48.4,Safe
2026-04-30 14:23:30 UTC,3,6,4.45,0.72,35.4,48.7,Caution
2026-04-30 14:23:40 UTC,3,5,4.49,0.73,35.4,49.1,Caution
2026-04-30 14:23:50 UTC,3,5,4.35,0.71,35.4,49.2,Safe
2026-04-30 14:24:00 UTC,3,3,4.49,0.73,35.4,49.1,Caution
2026-04-30 14:24:10 UTC,3,3,4.36,0.71,35.4,49.3,Safe
2026-04-30 14:24:20 UTC,3,4,4.49,0.73,35.4,49.4,Caution
2026-04-30 14:24:30 UTC,3,4,4.33,0.7,35.4,49.4,Safe
2026-04-30 14:24:40 UTC,3,4,4.49,0.73,35.3,49.3,Caution
2026-04-30 14:24:50 UTC,3,4,4.37,0.71,35.3,49.2,Safe
2026-04-30 14:25:00 UTC,3,3,4.48,0.73,35.3,49.2,Caution
2026-04-30 14:25:10 UTC,3,5,4.51,0.73,35.3,49.2,Caution
2026-04-30 14:25:20 UTC,3,7,4.38,0.72,35.3,49.2,Safe
2026-04-30 14:25:30 UTC,4,7,4.49,0.73,35.3,49.2,Caution
2026-04-30 14:25:40 UTC,4,5,4.35,0.71,35.4,49.4,Safe
2026-04-30 14:25:50 UTC,4,6,4.47,0.73,35.4,49.4,Caution
2026-04-30 14:26:00 UTC,3,7,4.35,0.71,35.4,49.2,Safe
2026-04-30 14:26:10 UTC,2,5,4.49,0.73,35.3,49.2,Caution
2026-04-30 14:26:20 UTC,2,4,4.36,0.71,35.3,49,Safe
2026-04-30 14:26:30 UTC,3,5,4.45,0.73,35.3,49.1,Caution
2026-04-30 14:26:40 UTC,4,4,4.36,0.71,35.2,49.3,Safe
2026-04-30 14:26:50 UTC,3,4,4.43,0.72,35.1,49.6,Caution
2026-04-30 14:27:00 UTC,3,3,4.34,0.71,35.1,49.7,Safe
2026-04-30 14:27:10 UTC,3,3,4.37,0.71,35.1,49.8,Safe
2026-04-30 14:27:20 UTC,2,3,4.45,0.73,35.1,49.9,Caution
2026-04-30 14:27:30 UTC,3,4,4.37,0.71,35.2,49.7,Safe
2026-04-30 14:27:40 UTC,4,5,4.48,0.73,35.2,49.8,Caution
2026-04-30 14:27:50 UTC,5,6,4.37,0.71,35.2,49.8,Safe
2026-04-30 14:28:00 UTC,5,5,4.47,0.73,35.3,49.6,Caution
2026-04-30 14:28:10 UTC,7,7,4.35,0.71,35.3,49.2,Safe
2026-04-30 14:28:20 UTC,8,8,4.47,0.73,35.3,49.3,Caution
2026-04-30 14:28:30 UTC,7,9,4.35,0.71,35.3,49.4,Safe
2026-04-30 14:28:40 UTC,7,8,4.49,0.73,35.4,49.3,Caution
2026-04-30 14:28:50 UTC,8,8,4.49,0.73,35.5,49.2,Caution
2026-04-30 14:29:00 UTC,6,6,4.37,0.71,35.5,49.2,Safe
2026-04-30 14:29:10 UTC,5,5,4.49,0.73,35.6,49.2,Caution
2026-04-30 14:29:20 UTC,6,7,4.34,0.71,35.6,49,Safe
2026-04-30 14:29:30 UTC,6,8,4.49,0.73,35.7,48.9,Caution
2026-04-30 14:29:40 UTC,6,8,4.37,0.71,35.7,48.4,Safe
2026-04-30 14:29:50 UTC,6,6,4.49,0.73,35.8,48.4,Caution
2026-04-30 14:30:00 UTC,5,5,4.33,0.7,35.8,48.6,Safe
2026-04-30 14:30:10 UTC,5,6,4.48,0.73,35.9,48.7,Caution
2026-04-30 14:30:20 UTC,6,7,4.48,0.73,36,48.6,Caution
2026-04-30 14:30:30 UTC,5,6,4.43,0.73,36,48.8,Caution
2026-04-30 14:30:40 UTC,4,4,4.49,0.73,36.1,48.7,Caution
2026-04-30 14:30:50 UTC,4,5,4.37,0.71,36.1,48.6,Safe
2026-04-30 14:31:00 UTC,4,5,4.49,0.73,36.2,48.6,Caution
2026-04-30 14:31:10 UTC,4,5,4.34,0.71,36.2,48.5,Safe
2026-04-30 14:31:20 UTC,5,7,4.48,0.73,36.2,48.2,Caution
2026-04-30 14:31:30 UTC,5,6,4.38,0.72,36.2,48.2,Safe
2026-04-30 14:31:40 UTC,5,5,4.49,0.73,36.3,48.3,Caution
2026-04-30 14:31:50 UTC,6,7,4.37,0.71,36.4,48.2,Safe
2026-04-30 14:32:00 UTC,4,5,4.47,0.73,36.4,48.2,Caution
2026-04-30 14:32:10 UTC,2,4,4.37,0.71,36.5,48.3,Safe
2026-04-30 14:32:20 UTC,2,3,4.31,0.7,36.5,48.2,Safe
2026-04-30 14:32:30 UTC,3,3,4.49,0.73,36.6,48.1,Caution
2026-04-30 14:32:40 UTC,4,4,4.38,0.71,36.6,48.1,Safe
2026-04-30 14:32:50 UTC,7,8,4.49,0.73,36.7,48.2,Caution
2026-04-30 14:33:00 UTC,7,8,4.36,0.71,36.7,48,Safe
2026-04-30 14:33:10 UTC,5,8,4.46,0.72,36.8,47.9,Caution
2026-04-30 14:33:20 UTC,4,7,4.33,0.71,36.8,47.9,Safe
2026-04-30 14:33:30 UTC,3,6,4.5,0.73,36.9,47.8,Caution
2026-04-30 14:33:40 UTC,4,7,4.37,0.71,36.9,47.7,Safe
2026-04-30 14:33:50 UTC,4,6,4.51,0.73,37,47.4,Caution
2026-04-30 14:34:00 UTC,3,4,4.48,0.73,37,47.1,Caution
2026-04-30 14:34:10 UTC,4,6,4.33,0.71,37,46.9,Safe
2026-04-30 14:34:20 UTC,4,5,4.51,0.73,37,47,Caution
2026-04-30 14:34:30 UTC,2,8,4.36,0.71,37,47,Safe
2026-04-30 14:34:40 UTC,3,6,4.49,0.73,37,46.9,Caution
2026-04-30 14:34:50 UTC,3,5,4.38,0.71,37.1,46.9,Safe
2026-04-30 14:35:00 UTC,5,5,4.5,0.73,37.1,46.3,Caution
2026-04-30 14:35:10 UTC,5,6,4.35,0.71,37.1,46.3,Safe
2026-04-30 14:35:20 UTC,4,6,4.49,0.73,37.1,46,Caution
2026-04-30 14:35:30 UTC,3,4,4.47,0.73,37,46.1,Caution
2026-04-30 14:35:40 UTC,4,6,4.38,0.71,37,46.2,Safe
2026-04-30 14:35:50 UTC,4,6,4.5,0.73,37,46.5,Caution
2026-04-30 14:36:00 UTC,5,6,4.38,0.71,37,47.1,Safe
2026-04-30 14:36:10 UTC,4,5,4.49,0.73,37,47.3,Caution
2026-04-30 14:36:20 UTC,5,6,4.35,0.71,37,47.4,Safe
2026-04-30 14:36:30 UTC,3,7,4.49,0.73,37,47.3,Caution
2026-04-30 14:36:40 UTC,3,8,4.37,0.71,37.1,47.3,Safe
2026-04-30 14:36:50 UTC,5,7,4.51,0.73,37.2,47.1,Caution
2026-04-30 14:37:00 UTC,4,5,4.47,0.73,37.3,46.8,Caution
2026-04-30 14:37:10 UTC,4,5,4.47,0.73,37.2,46,Caution
2026-04-30 14:37:20 UTC,5,6,4.36,0.71,37,46.1,Safe
2026-04-30 14:37:30 UTC,7,7,4.35,0.71,36.9,46.5,Safe
2026-04-30 14:37:40 UTC,5,6,4.48,0.73,36.8,47.1,Caution
2026-04-30 14:37:50 UTC,3,5,4.33,0.71,36.6,47.3,Safe
2026-04-30 14:38:00 UTC,4,4,4.49,0.73,36.4,47.5,Caution
2026-04-30 14:38:10 UTC,5,5,4.36,0.71,36.3,47.7,Safe
2026-04-30 14:38:20 UTC,4,5,4.45,0.72,36.3,47.7,Caution
2026-04-30 14:38:30 UTC,4,4,4.33,0.71,36.3,47.6,Safe
2026-04-30 14:38:40 UTC,4,4,4.51,0.73,36.3,47.6,Caution
2026-04-30 14:38:50 UTC,3,3,4.38,0.71,36.3,47.6,Safe
2026-04-30 14:39:00 UTC,3,4,4.48,0.73,36.3,47.7,Caution
2026-04-30 14:39:10 UTC,4,5,4.48,0.73,36.3,47.7,Caution
2026-04-30 14:39:20 UTC,4,4,4.36,0.71,36.4,47.8,Safe
2026-04-30 14:39:30 UTC,4,4,4.49,0.73,36.4,48,Caution
2026-04-30 14:39:40 UTC,5,5,4.35,0.71,36.5,47.8,Safe
2026-04-30 14:39:50 UTC,5,5,4.49,0.73,36.5,47.6,Caution
2026-04-30 14:40:00 UTC,4,5,4.36,0.71,36.6,47.6,Safe
2026-04-30 14:40:10 UTC,4,6,4.49,0.73,36.6,47.5,Caution
2026-04-30 14:40:20 UTC,4,8,4.36,0.71,36.7,47.4,Safe
2026-04-30 14:40:30 UTC,4,6,4.5,0.73,36.7,47.2,Caution
2026-04-30 14:40:40 UTC,5,6,4.49,0.73,36.8,47.1,Caution
2026-04-30 14:40:50 UTC,4,4,4.37,0.71,36.8,47.1,Safe
2026-04-30 14:41:00 UTC,4,4,4.48,0.73,36.7,47.1,Caution
2026-04-30 14:41:10 UTC,4,5,4.37,0.71,36.7,47.2,Safe
2026-04-30 14:41:20 UTC,3,3,4.49,0.73,36.6,47.2,Caution
2026-04-30 14:41:30 UTC,3,4,4.37,0.71,36.5,47.5,Safe
2026-04-30 14:41:40 UTC,5,6,4.49,0.73,36.5,47.4,Caution
2026-04-30 14:41:50 UTC,5,6,4.37,0.71,36.5,47.4,Safe
2026-04-30 14:42:00 UTC,5,7,4.46,0.73,36.5,47.4,Caution
2026-04-30 14:42:10 UTC,6,7,4.49,0.73,36.5,47.6,Caution
2026-04-30 14:42:20 UTC,5,8,4.49,0.73,36.5,47.6,Caution
2026-04-30 14:42:30 UTC,5,7,4.49,0.73,36.6,47.5,Caution
2026-04-30 14:42:40 UTC,3,6,4.35,0.71,36.6,47.5,Safe
2026-04-30 14:42:50 UTC,4,6,4.49,0.73,36.7,47.5,Caution
2026-04-30 14:43:00 UTC,4,5,4.36,0.71,36.7,47.4,Safe
2026-04-30 14:43:10 UTC,4,4,4.49,0.73,36.7,47.3,Caution
2026-04-30 14:43:20 UTC,6,7,4.38,0.71,36.8,47.2,Safe
2026-04-30 14:43:30 UTC,6,7,4.49,0.73,36.8,47,Caution
2026-04-30 14:43:40 UTC,5,6,4.33,0.71,36.9,47,Safe
2026-04-30 14:43:50 UTC,5,5,4.51,0.73,36.9,46.8,Caution
2026-04-30 14:44:00 UTC,3,3,4.35,0.71,36.9,46.7,Safe
2026-04-30 14:44:10 UTC,4,4,4.49,0.73,36.8,46.9,Caution
2026-04-30 14:44:20 UTC,4,5,4.45,0.73,36.8,47,Caution
2026-04-30 14:44:30 UTC,4,5,4.38,0.71,36.7,47.2,Safe
2026-04-30 14:44:40 UTC,5,5,4.49,0.73,36.7,47.3,Caution
2026-04-30 14:44:50 UTC,5,5,4.32,0.71,36.7,47.4,Safe
2026-04-30 14:45:00 UTC,3,3,4.49,0.73,36.7,47.4,Caution
2026-04-30 14:45:10 UTC,4,4,4.36,0.71,36.4,47.3,Safe
2026-04-30 14:45:20 UTC,5,6,4.49,0.73,36.3,47.6,Caution
2026-04-30 14:45:30 UTC,3,5,4.37,0.71,36.3,47.9,Safe
2026-04-30 14:45:40 UTC,3,5,4.45,0.72,36.2,47.8,Caution
2026-04-30 14:45:50 UTC,3,3,4.49,0.73,36.1,47.9,Caution
2026-04-30 14:46:00 UTC,4,7,4.37,0.71,36.2,48.1,Safe
2026-04-30 14:46:10 UTC,5,8,4.47,0.73,36.2,48.1,Caution
2026-04-30 14:46:20 UTC,3,5,4.34,0.71,36.2,48.1,Safe
2026-04-30 14:46:30 UTC,2,4,4.45,0.73,36.1,48.1,Caution
2026-04-30 14:46:40 UTC,3,4,4.38,0.71,36,48.4,Safe
2026-04-30 14:46:50 UTC,3,3,4.49,0.73,36.1,48.4,Caution
2026-04-30 14:47:00 UTC,4,5,4.38,0.71,36.1,48.4,Safe
2026-04-30 14:47:10 UTC,4,5,4.49,0.73,36.1,48.4,Caution
2026-04-30 14:47:20 UTC,4,5,4.45,0.73,36.1,48.4,Caution
2026-04-30 14:47:30 UTC,4,5,4.46,0.73,36.1,48.5,Caution
2026-04-30 14:47:40 UTC,5,5,4.5,0.73,36.1,48.4,Caution
2026-04-30 14:47:50 UTC,5,7,4.35,0.71,36.2,48.4,Safe
2026-04-30 14:48:00 UTC,6,7,4.49,0.73,36.1,48.2,Caution
2026-04-30 14:48:10 UTC,7,8,4.38,0.71,36.1,48.4,Safe
2026-04-30 14:48:20 UTC,5,6,4.48,0.73,36.1,48.4,Caution
2026-04-30 14:48:30 UTC,4,7,4.33,0.71,36,48.4,Safe
2026-04-30 14:48:40 UTC,4,5,4.49,0.73,35.9,48.6,Caution
2026-04-30 14:48:50 UTC,5,6,4.36,0.71,35.9,48.9,Safe
2026-04-30 14:49:00 UTC,5,5,4.49,0.73,35.9,48.9,Caution
2026-04-30 14:49:10 UTC,6,9,4.36,0.71,36,49.5,Safe
2026-04-30 14:49:20 UTC,8,14,4.51,0.73,36,49.3,Caution
2026-04-30 14:49:30 UTC,7,14,4.48,0.73,36.1,49.3,Caution
2026-04-30 14:49:40 UTC,6,10,4.37,0.71,36.1,49,Safe
2026-04-30 14:49:50 UTC,5,8,4.48,0.73,36.2,48.8,Caution
2026-04-30 14:50:00 UTC,4,8,4.36,0.71,36.2,48.6,Safe
2026-04-30 14:50:10 UTC,5,6,4.49,0.73,36.3,48.5,Caution
2026-04-30 14:50:20 UTC,4,5,4.35,0.72,36.2,48.4,Safe
2026-04-30 14:50:30 UTC,4,4,4.45,0.72,36.2,48.4,Caution
2026-04-30 14:50:40 UTC,4,4,4.33,0.71,36.2,48.5,Safe
2026-04-30 14:50:50 UTC,4,6,4.44,0.72,36.3,48.4,Caution
2026-04-30 14:51:00 UTC,5,5,4.43,0.72,36.4,48.3,Caution
2026-04-30 14:51:10 UTC,4,4,4.33,0.71,36.5,48.1,Safe
2026-04-30 14:51:20 UTC,5,6,4.49,0.73,36.6,48,Caution
2026-04-30 14:51:30 UTC,5,6,4.38,0.71,36.6,48,Safe
2026-04-30 14:51:40 UTC,4,6,4.49,0.73,36.6,47.9,Caution
2026-04-30 14:51:50 UTC,4,6,4.36,0.71,36.6,47.8,Safe
2026-04-30 14:52:00 UTC,4,4,4.48,0.73,36.7,47.8,Caution
2026-04-30 14:52:10 UTC,5,5,4.36,0.71,36.6,47.6,Safe
2026-04-30 14:52:20 UTC,4,5,4.49,0.73,36.6,47.8,Caution
2026-04-30 14:52:30 UTC,5,6,4.49,0.73,36.6,47.7,Caution
2026-04-30 14:52:40 UTC,3,3,4.49,0.73,36.6,47.7,Caution
2026-04-30 14:52:50 UTC,5,5,4.49,0.73,36.7,47.8,Caution
2026-04-30 14:53:00 UTC,5,6,4.37,0.71,36.7,47.6,Safe
2026-04-30 14:53:10 UTC,4,5,4.47,0.73,36.8,47.6,Caution
2026-04-30 14:53:20 UTC,3,4,4.33,0.71,36.8,47.7,Safe
2026-04-30 14:53:30 UTC,3,4,4.5,0.73,36.8,47.7,Caution
2026-04-30 14:53:40 UTC,4,4,4.38,0.71,36.8,47.8,Safe
2026-04-30 14:53:50 UTC,4,5,4.49,0.73,36.8,47.7,Caution
2026-04-30 14:54:00 UTC,5,5,4.33,0.71,36.8,47.6,Safe
2026-04-30 14:54:10 UTC,3,4,4.47,0.73,36.8,47.5,Caution
2026-04-30 14:54:20 UTC,4,4,4.36,0.71,36.8,47.3,Safe
2026-04-30 14:54:30 UTC,3,3,4.48,0.73,36.6,47.5,Caution
2026-04-30 14:54:40 UTC,3,4,4.49,0.73,36.4,47.7,Caution
2026-04-30 14:54:50 UTC,4,5,4.37,0.71,36.4,47.9,Safe
2026-04-30 14:55:00 UTC,4,4,4.49,0.73,36.3,48.1,Caution
2026-04-30 14:55:10 UTC,3,4,4.33,0.71,36.2,47.8,Safe
2026-04-30 14:55:20 UTC,3,4,4.46,0.73,36.2,47.8,Caution
2026-04-30 14:55:30 UTC,3,5,4.33,0.71,36.1,48.1,Safe
2026-04-30 14:55:40 UTC,3,4,4.48,0.73,36.1,48.7,Caution
2026-04-30 14:55:50 UTC,4,6,4.35,0.71,36,48.5,Safe
2026-04-30 14:56:00 UTC,3,4,4.47,0.73,36,48.4,Caution
2026-04-30 14:56:10 UTC,3,3,4.49,0.73,36.1,48.3,Caution
2026-04-30 14:56:20 UTC,4,4,4.32,0.71,36,48.2,Safe
2026-04-30 14:56:30 UTC,2,3,4.48,0.73,36,48.3,Caution
2026-04-30 14:56:40 UTC,2,3,4.35,0.71,36,48.6,Safe
2026-04-30 14:56:50 UTC,3,3,4.46,0.73,36.1,48.8,Caution
2026-04-30 14:57:00 UTC,3,4,4.37,0.71,36.1,48.9,Safe
2026-04-30 14:57:10 UTC,4,6,4.47,0.73,36.2,48.9,Caution
2026-04-30 14:57:20 UTC,5,7,4.36,0.71,36.2,48.8,Safe
2026-04-30 14:57:30 UTC,5,6,4.5,0.73,36.3,48.5,Caution
2026-04-30 14:57:40 UTC,5,5,4.49,0.73,36.3,48.4,Caution
2026-04-30 14:57:50 UTC,5,5,4.49,0.73,36.3,48.3,Caution
2026-04-30 14:58:00 UTC,6,6,4.5,0.73,36.4,48.4,Caution
2026-04-30 14:58:10 UTC,5,6,4.34,0.71,36.5,48.3,Safe
2026-04-30 14:58:20 UTC,5,7,4.43,0.72,36.5,48.3,Caution
2026-04-30 14:58:30 UTC,4,4,4.36,0.71,36.5,48.2,Safe
2026-04-30 14:58:40 UTC,3,4,4.49,0.73,36.5,48.2,Caution
2026-04-30 14:58:50 UTC,4,6,4.36,0.71,36.4,48.1,Safe
2026-04-30 14:59:00 UTC,5,8,4.46,0.73,36.3,48.3,Caution
2026-04-30 14:59:10 UTC,4,6,4.35,0.71,36.3,48.4,Safe
2026-04-30 14:59:20 UTC,4,6,4.47,0.73,36.2,48.3,Caution
2026-04-30 14:59:30 UTC,5,6,4.36,0.71,36.2,48.4,Safe
2026-04-30 14:59:40 UTC,6,7,4.38,0.71,36.2,48.5,Safe
2026-04-30 14:59:50 UTC,7,8,4.48,0.73,36.3,48.6,Caution
2026-04-30 15:00:00 UTC,6,8,4.37,0.71,36.3,48.4,Safe
2026-04-30 15:00:10 UTC,5,7,4.49,0.73,36.3,48.2,Caution
2026-04-30 15:00:20 UTC,7,8,4.37,0.71,36.3,48.3,Safe
2026-04-30 15:00:30 UTC,6,7,4.49,0.73,36.3,48.4,Caution
2026-04-30 15:00:40 UTC,6,7,4.38,0.71,36.4,48.3,Safe
2026-04-30 15:00:50 UTC,7,8,4.49,0.73,36.4,48.4,Caution
2026-04-30 15:01:00 UTC,6,7,4.36,0.71,36.4,48.2,Safe
2026-04-30 15:01:10 UTC,7,7,4.49,0.73,36.4,48.3,Caution
2026-04-30 15:01:20 UTC,7,7,4.49,0.73,36.4,48.5,Caution
2026-04-30 15:01:30 UTC,6,7,4.38,0.71,36.4,48.4,Safe
2026-04-30 15:01:40 UTC,6,9,4.49,0.73,36.4,48.3,Caution
2026-04-30 15:01:50 UTC,7,10,4.37,0.71,36.5,48.3,Safe
2026-04-30 15:02:00 UTC,6,7,4.49,0.73,36.5,48.3,Caution
2026-04-30 15:02:10 UTC,6,6,4.36,0.71,36.6,48.5,Safe
2026-04-30 15:02:20 UTC,7,8,4.48,0.73,36.5,48.5,Caution
2026-04-30 15:02:30 UTC,7,7,4.36,0.71,36.6,48.3,Safe
2026-04-30 15:02:40 UTC,7,7,4.5,0.73,36.6,48.1,Caution
2026-04-30 15:02:50 UTC,6,6,4.51,0.73,36.6,48.2,Caution
2026-04-30 15:03:00 UTC,7,8,4.37,0.71,36.6,48.1,Safe
2026-04-30 15:03:10 UTC,8,8,4.49,0.73,36.7,48,Caution
2026-04-30 15:03:20 UTC,10,10,4.38,0.71,36.7,47.8,Safe
2026-04-30 15:03:30 UTC,8,9,4.49,0.73,36.7,47.6,Caution
2026-04-30 15:03:40 UTC,9,9,4.38,0.71,36.7,47.8,Safe
2026-04-30 15:03:50 UTC,9,10,4.49,0.73,36.7,47.6,Caution
2026-04-30 15:04:00 UTC,10,11,4.42,0.72,36.6,47.3,Caution
2026-04-30 15:04:10 UTC,9,10,4.49,0.73,36.5,47.2,Caution
2026-04-30 15:04:20 UTC,7,8,4.48,0.73,36.4,47.5,Caution
2026-04-30 15:04:30 UTC,6,9,4.45,0.72,36.2,47.7,Caution
2026-04-30 15:04:40 UTC,6,10,4.48,0.73,36.2,48.1,Caution
2026-04-30 15:04:50 UTC,5,9,4.36,0.71,36.2,48.4,Safe
2026-04-30 15:05:00 UTC,7,10,4.51,0.73,36.2,48.4,Caution
2026-04-30 15:05:10 UTC,8,9,4.34,0.71,36.2,48.7,Safe
2026-04-30 15:05:20 UTC,8,10,4.44,0.72,36.1,48.5,Caution
2026-04-30 15:05:30 UTC,8,11,4.34,0.71,36.1,48.5,Safe
2026-04-30 15:05:40 UTC,9,11,4.49,0.73,36.1,48.8,Caution
2026-04-30 15:05:50 UTC,9,9,4.36,0.71,36.1,48.8,Safe
2026-04-30 15:06:00 UTC,9,10,4.46,0.73,36,48.9,Caution
2026-04-30 15:06:10 UTC,8,10,4.36,0.71,36,49,Safe
2026-04-30 15:06:20 UTC,8,10,4.37,0.71,36,49,Safe
2026-04-30 15:06:30 UTC,8,9,4.5,0.73,36,49,Caution
2026-04-30 15:06:40 UTC,9,10,4.36,0.71,36.1,49,Safe
2026-04-30 15:06:50 UTC,10,11,4.49,0.73,36.1,49.1,Caution
2026-04-30 15:07:00 UTC,10,11,4.34,0.71,36,49.1,Safe
2026-04-30 15:07:10 UTC,8,10,4.49,0.73,36,49.2,Caution
2026-04-30 15:07:20 UTC,8,9,4.33,0.71,35.9,49.2,Safe
2026-04-30 15:07:30 UTC,9,9,4.49,0.73,35.9,49.2,Caution
2026-04-30 15:07:40 UTC,9,9,4.34,0.71,35.9,49.3,Safe
2026-04-30 15:07:50 UTC,8,8,4.49,0.73,35.9,49.1,Caution
2026-04-30 15:08:00 UTC,8,9,4.48,0.73,35.9,49.3,Caution
2026-04-30 15:08:10 UTC,9,12,4.34,0.71,35.8,49.3,Safe
2026-04-30 15:08:20 UTC,10,13,4.48,0.73,35.8,49.1,Caution
2026-04-30 15:08:30 UTC,12,15,4.32,0.71,35.8,49.2,Safe
2026-04-30 15:08:40 UTC,13,16,4.49,0.73,35.8,49.2,Caution
2026-04-30 15:08:50 UTC,14,17,4.33,0.7,35.7,49.2,Safe
2026-04-30 15:09:00 UTC,15,18,4.48,0.73,35.8,49.3,Caution
2026-04-30 15:09:10 UTC,13,16,4.37,0.71,35.8,49.2,Safe
2026-04-30 15:09:20 UTC,12,19,4.49,0.73,35.8,49.1,Caution
2026-04-30 15:09:30 UTC,11,18,4.49,0.73,35.8,49.1,Caution
2026-04-30 15:09:40 UTC,11,16,4.37,0.71,35.8,49,Safe
2026-04-30 15:09:50 UTC,11,17,4.48,0.73,35.7,49.1,Caution
2026-04-30 15:10:00 UTC,10,16,4.38,0.71,35.8,49.1,Safe
2026-04-30 15:10:10 UTC,9,15,4.48,0.73,35.8,49.1,Caution
2026-04-30 15:10:20 UTC,8,14,4.38,0.71,35.9,49.2,Safe
2026-04-30 15:10:30 UTC,9,13,4.46,0.72,35.8,49,Caution
2026-04-30 15:10:40 UTC,11,14,4.33,0.71,35.8,48.8,Safe
2026-04-30 15:10:50 UTC,7,12,4.5,0.73,35.7,48.8,Caution
2026-04-30 15:11:00 UTC,8,13,4.49,0.73,35.7,48.9,Caution
2026-04-30 15:11:10 UTC,8,13,4.49,0.73,35.5,48.9,Caution
2026-04-30 15:11:20 UTC,9,11,4.37,0.71,35.5,49,Safe
2026-04-30 15:11:30 UTC,9,13,4.34,0.71,35.5,49,Safe
2026-04-30 15:11:40 UTC,9,12,4.49,0.73,35.5,49.1,Caution
2026-04-30 15:11:50 UTC,8,12,4.36,0.71,35.5,49.1,Safe
2026-04-30 15:12:00 UTC,7,11,4.49,0.73,35.6,48.9,Caution
2026-04-30 15:12:10 UTC,6,8,4.32,0.7,35.6,48.8,Safe
2026-04-30 15:12:20 UTC,6,8,4.49,0.73,35.5,48.6,Caution
2026-04-30 15:12:30 UTC,7,9,4.31,0.7,35.6,48.6,Safe
2026-04-30 15:12:40 UTC,7,10,4.51,0.73,35.6,48.7,Caution
2026-04-30 15:12:50 UTC,7,9,4.36,0.71,35.6,48.6,Safe
2026-04-30 15:13:00 UTC,6,7,4.46,0.72,35.6,48.6,Caution
2026-04-30 15:13:10 UTC,6,7,4.49,0.73,35.6,48.6,Caution
2026-04-30 15:13:20 UTC,6,6,4.33,0.71,35.6,48.6,Safe
2026-04-30 15:13:30 UTC,6,7,4.48,0.73,35.5,48.7,Caution
2026-04-30 15:13:40 UTC,6,9,4.38,0.71,35.5,48.9,Safe
2026-04-30 15:13:50 UTC,5,8,4.43,0.72,35.4,49.4,Caution
2026-04-30 15:14:00 UTC,7,10,4.33,0.71,35.3,49.6,Safe
2026-04-30 15:14:10 UTC,6,9,4.49,0.73,35.1,49.2,Caution
2026-04-30 15:14:20 UTC,4,6,4.35,0.71,35,48.5,Safe
2026-04-30 15:14:30 UTC,4,6,4.46,0.73,34.9,48.6,Caution
2026-04-30 15:14:40 UTC,3,4,4.48,0.73,34.9,48.7,Caution
2026-04-30 15:14:50 UTC,2,3,4.36,0.71,34.9,48.7,Safe
2026-04-30 15:15:00 UTC,4,5,4.48,0.73,34.8,48.8,Caution
2026-04-30 15:15:10 UTC,4,5,4.33,0.71,34.8,48.8,Safe
2026-04-30 15:15:20 UTC,6,7,4.43,0.72,34.8,48.7,Caution
2026-04-30 15:15:30 UTC,4,6,4.33,0.71,34.7,49,Safe
2026-04-30 15:15:40 UTC,3,4,4.47,0.73,34.7,49.2,Caution
2026-04-30 15:15:50 UTC,5,5,4.34,0.71,34.7,49.5,Safe
2026-04-30 15:16:00 UTC,3,6,4.48,0.73,34.5,49.2,Caution
2026-04-30 15:16:10 UTC,3,6,4.43,0.72,34.4,49.7,Caution
2026-04-30 15:16:20 UTC,4,5,4.43,0.72,34.2,49.5,Caution
2026-04-30 15:16:30 UTC,3,4,4.31,0.7,34.1,49.6,Safe
2026-04-30 15:16:40 UTC,2,3,4.34,0.71,34,49.5,Safe
2026-04-30 15:16:50 UTC,3,3,4.46,0.73,33.8,50,Caution
2026-04-30 15:17:00 UTC,2,3,4.33,0.71,33.7,50.3,Safe
2026-04-30 15:17:10 UTC,3,4,4.4,0.72,33.6,50.6,Safe
2026-04-30 15:17:20 UTC,3,4,4.31,0.71,33.6,51,Safe
2026-04-30 15:17:30 UTC,3,3,4.41,0.72,33.5,51.4,Safe
2026-04-30 15:17:40 UTC,3,4,4.34,0.71,33.5,51.3,Safe
2026-04-30 15:17:50 UTC,2,2,4.45,0.73,33.5,51.5,Caution
2026-04-30 15:18:00 UTC,3,3,4.29,0.7,33.4,51.6,Safe
2026-04-30 15:18:10 UTC,3,3,4.45,0.73,33.5,51.6,Caution
2026-04-30 15:18:20 UTC,4,4,4.45,0.73,33.4,51.3,Caution
2026-04-30 15:18:30 UTC,5,5,4.34,0.71,33.5,51.1,Safe
2026-04-30 15:18:40 UTC,4,5,4.48,0.73,33.5,51,Caution
2026-04-30 15:18:50 UTC,3,5,4.37,0.71,33.5,51.1,Safe
2026-04-30 15:19:00 UTC,4,6,4.46,0.73,33.5,51,Caution
2026-04-30 15:19:10 UTC,4,7,4.36,0.71,33.6,51.1,Safe
2026-04-30 15:19:20 UTC,3,4,4.48,0.73,33.6,51.2,Caution
2026-04-30 15:19:30 UTC,4,5,4.36,0.71,33.7,51.1,Safe
2026-04-30 15:19:40 UTC,5,5,4.46,0.73,33.7,51.1,Caution
2026-04-30 15:19:50 UTC,5,6,4.48,0.73,33.7,50.7,Caution
2026-04-30 15:20:00 UTC,4,6,4.35,0.71,33.7,50.7,Safe
2026-04-30 15:20:10 UTC,3,4,4.43,0.72,33.8,50.6,Safe
2026-04-30 15:20:20 UTC,3,4,4.35,0.71,33.7,50.8,Safe
2026-04-30 15:20:30 UTC,3,4,4.47,0.73,33.8,50.9,Caution
2026-04-30 15:20:40 UTC,4,4,4.33,0.71,33.8,51.2,Safe
2026-04-30 15:20:50 UTC,4,4,4.48,0.73,33.8,51,Caution
2026-04-30 15:21:00 UTC,3,4,4.33,0.71,33.8,51.1,Safe
2026-04-30 15:21:10 UTC,4,4,4.46,0.73,33.7,50.8,Caution
2026-04-30 15:21:20 UTC,4,7,4.45,0.73,33.6,50.8,Caution
2026-04-30 15:21:30 UTC,3,5,4.46,0.73,33.6,50.9,Caution
2026-04-30 15:21:40 UTC,5,6,4.46,0.73,33.5,51.2,Caution
2026-04-30 15:21:50 UTC,6,6,4.36,0.71,33.4,51.8,Safe
2026-04-30 15:22:00 UTC,5,5,4.46,0.73,33.4,52.2,Caution
2026-04-30 15:22:10 UTC,5,6,4.34,0.71,33.3,53,Safe
2026-04-30 15:22:20 UTC,4,4,4.46,0.73,33.3,53.7,Caution
2026-04-30 15:22:30 UTC,4,4,4.33,0.71,33.2,53.4,Safe
2026-04-30 15:22:40 UTC,3,5,4.46,0.72,33.1,52.8,Caution
2026-04-30 15:22:50 UTC,3,4,4.33,0.71,33.1,53.1,Safe
2026-04-30 15:23:00 UTC,3,3,4.47,0.73,33.1,52.9,Caution
2026-04-30 15:23:10 UTC,3,3,4.31,0.71,33.1,53.2,Safe
2026-04-30 15:23:20 UTC,4,5,4.34,0.71,33.1,53.4,Safe
2026-04-30 15:23:30 UTC,4,4,4.46,0.72,33,53.5,Caution
2026-04-30 15:23:40 UTC,4,5,4.29,0.7,32.9,53.2,Safe
2026-04-30 15:23:50 UTC,4,6,4.45,0.73,32.9,53.3,Caution
2026-04-30 15:24:00 UTC,5,6,4.33,0.71,32.9,53.5,Safe
2026-04-30 15:24:10 UTC,5,6,4.46,0.73,32.8,53.6,Caution
2026-04-30 15:24:20 UTC,5,5,4.33,0.71,32.8,54.3,Safe
2026-04-30 15:24:30 UTC,4,5,4.46,0.73,32.8,54.3,Caution
2026-04-30 15:24:40 UTC,5,5,4.34,0.71,32.8,54.1,Safe
2026-04-30 15:24:50 UTC,4,5,4.48,0.73,32.8,54.4,Caution
2026-04-30 15:25:00 UTC,4,7,4.46,0.73,32.8,54,Caution
2026-04-30 15:25:10 UTC,4,7,4.31,0.7,32.8,53.5,Safe
2026-04-30 15:25:20 UTC,5,6,4.38,0.72,32.8,53.4,Safe
2026-04-30 15:25:30 UTC,4,5,4.29,0.7,32.8,53.5,Safe
2026-04-30 15:25:40 UTC,4,5,4.43,0.72,32.8,53.8,Caution
2026-04-30 15:25:50 UTC,4,4,4.32,0.71,32.9,54,Safe
2026-04-30 15:26:00 UTC,5,5,4.44,0.73,32.9,53.9,Caution
2026-04-30 15:26:10 UTC,4,5,4.35,0.71,32.9,53.7,Safe
2026-04-30 15:26:20 UTC,4,5,4.43,0.72,32.9,53.8,Caution
2026-04-30 15:26:30 UTC,3,6,4.45,0.73,33,53.8,Caution
2026-04-30 15:26:40 UTC,4,8,4.43,0.72,33,53.5,Caution
2026-04-30 15:26:50 UTC,5,6,4.46,0.73,33,53.5,Caution
2026-04-30 15:27:00 UTC,5,5,4.36,0.71,33,53.5,Safe
2026-04-30 15:27:10 UTC,5,6,4.4,0.72,33,54,Caution
2026-04-30 15:27:20 UTC,5,5,4.29,0.7,33,54.1,Safe
2026-04-30 15:27:30 UTC,5,7,4.44,0.73,33.1,54.5,Caution
2026-04-30 15:27:40 UTC,5,5,4.32,0.71,33.1,54.1,Safe
2026-04-30 15:27:50 UTC,4,5,4.46,0.73,33.1,53.4,Caution
2026-04-30 15:28:00 UTC,4,6,4.34,0.71,33.1,53.1,Safe
2026-04-30 15:28:10 UTC,5,5,4.45,0.73,33.1,53.1,Caution
2026-04-30 15:28:20 UTC,5,6,4.33,0.71,33.1,53.2,Safe
2026-04-30 15:28:30 UTC,5,6,4.33,0.71,33,53.2,Safe
2026-04-30 15:28:40 UTC,5,6,4.48,0.73,33,53.3,Caution
2026-04-30 15:28:50 UTC,5,8,4.29,0.7,33,53.3,Safe
2026-04-30 15:29:00 UTC,6,7,4.41,0.72,33.1,53.4,Caution
2026-04-30 15:29:10 UTC,6,9,4.32,0.7,33.2,53.4,Safe
2026-04-30 15:29:20 UTC,7,8,4.4,0.72,33.2,53.2,Safe
2026-04-30 15:29:30 UTC,6,7,4.34,0.71,33.2,52.8,Safe
2026-04-30 15:29:40 UTC,7,8,4.46,0.73,33.2,52.9,Caution
2026-04-30 15:29:50 UTC,7,9,4.25,0.7,33.2,53,Safe
2026-04-30 15:30:00 UTC,8,8,4.48,0.73,33.2,52.7,Caution
2026-04-30 15:30:10 UTC,8,8,4.45,0.73,33.2,52.5,Caution
2026-04-30 15:30:20 UTC,7,7,4.36,0.71,33.2,52.4,Safe
2026-04-30 15:30:30 UTC,9,9,4.41,0.72,33.2,52.2,Safe
2026-04-30 15:30:40 UTC,8,9,4.33,0.71,33.2,52.3,Safe
2026-04-30 15:30:50 UTC,7,9,4.43,0.72,33.2,52.3,Caution
2026-04-30 15:31:00 UTC,6,9,4.34,0.71,33.2,52.2,Safe
2026-04-30 15:31:10 UTC,7,8,4.41,0.72,33.1,52.3,Caution
2026-04-30 15:31:20 UTC,7,7,4.29,0.7,33.2,52.3,Safe
2026-04-30 15:31:30 UTC,6,7,4.49,0.73,33.2,52.5,Caution
2026-04-30 15:31:40 UTC,5,5,4.49,0.73,33.1,52.5,Caution
2026-04-30 15:31:50 UTC,5,5,4.42,0.72,33.2,52.5,Caution
2026-04-30 15:32:00 UTC,6,7,4.48,0.73,33.2,52.5,Caution
2026-04-30 15:32:10 UTC,5,9,4.34,0.71,33.2,52.4,Safe
2026-04-30 15:32:20 UTC,5,7,4.45,0.73,33.2,52.2,Caution
2026-04-30 15:32:30 UTC,7,8,4.36,0.71,33.3,52.1,Safe
2026-04-30 15:32:40 UTC,7,7,4.46,0.73,33.3,52,Caution
2026-04-30 15:32:50 UTC,5,6,4.31,0.7,33.3,52,Safe
2026-04-30 15:33:00 UTC,6,6,4.43,0.72,33.3,51.9,Caution
2026-04-30 15:33:10 UTC,6,7,4.36,0.71,33.4,51.8,Safe
2026-04-30 15:33:20 UTC,5,7,4.5,0.73,33.4,51.8,Caution
2026-04-30 15:33:30 UTC,5,8,4.35,0.71,33.4,51.7,Safe
2026-04-30 15:33:40 UTC,4,7,4.32,0.7,33.3,51.7,Safe
2026-04-30 15:33:50 UTC,3,3,4.48,0.73,33.3,51.6,Caution
2026-04-30 15:34:00 UTC,3,4,4.31,0.7,33.3,51.7,Safe
2026-04-30 15:34:10 UTC,4,5,4.49,0.73,33.2,51.9,Caution
2026-04-30 15:34:20 UTC,4,5,4.34,0.71,33.2,52.1,Safe
2026-04-30 15:34:30 UTC,3,5,4.47,0.73,33.3,52,Caution
2026-04-30 15:34:40 UTC,4,5,4.37,0.71,33.3,51.9,Safe
2026-04-30 15:34:50 UTC,5,6,4.49,0.73,33.3,52,Caution
2026-04-30 15:35:00 UTC,6,6,4.38,0.71,33.3,51.9,Safe
2026-04-30 15:35:10 UTC,6,6,4.46,0.72,33.4,51.9,Caution
2026-04-30 15:35:20 UTC,6,6,4.45,0.72,33.4,51.9,Caution
2026-04-30 15:35:30 UTC,5,5,4.4,0.71,33.4,51.7,Safe
2026-04-30 15:35:40 UTC,4,5,4.5,0.73,33.4,51.7,Caution
2026-04-30 15:35:50 UTC,5,5,4.37,0.71,33.4,51.3,Safe
2026-04-30 15:36:00 UTC,5,5,4.49,0.73,33.4,51.3,Caution
2026-04-30 15:36:10 UTC,4,4,4.36,0.71,33.4,51.3,Safe
2026-04-30 15:36:20 UTC,3,4,4.49,0.73,33.4,51.3,Caution
2026-04-30 15:36:30 UTC,5,5,4.35,0.71,33.4,51.4,Safe
2026-04-30 15:36:40 UTC,6,7,4.45,0.72,33.4,51.6,Caution
2026-04-30 15:36:50 UTC,6,8,4.48,0.73,33.5,51.8,Caution
2026-04-30 15:37:00 UTC,6,7,4.48,0.73,33.5,51.9,Caution
2026-04-30 15:37:10 UTC,4,5,4.5,0.73,33.5,52,Caution
2026-04-30 15:37:20 UTC,4,6,4.37,0.71,33.5,52.4,Safe
2026-04-30 15:37:30 UTC,6,8,4.49,0.73,33.5,52.4,Caution
2026-04-30 15:37:40 UTC,6,7,4.33,0.71,33.5,52.1,Safe
2026-04-30 15:37:50 UTC,6,8,4.49,0.73,33.6,51.6,Caution
2026-04-30 15:38:00 UTC,6,8,4.35,0.71,33.5,51.6,Safe
2026-04-30 15:38:10 UTC,5,7,4.5,0.73,33.6,52,Caution
2026-04-30 15:38:20 UTC,5,9,4.37,0.71,33.6,52.5,Safe
2026-04-30 15:38:30 UTC,6,12,4.49,0.73,33.6,52.7,Caution
2026-04-30 15:38:40 UTC,6,7,4.36,0.71,33.6,52.4,Safe
2026-04-30 15:38:50 UTC,7,8,4.35,0.71,33.6,52.3,Safe
2026-04-30 15:39:00 UTC,6,7,4.49,0.73,33.6,51.5,Caution
2026-04-30 15:39:10 UTC,4,5,4.36,0.71,33.6,51.3,Safe
2026-04-30 15:39:20 UTC,6,6,4.48,0.73,33.6,51,Caution
2026-04-30 15:39:30 UTC,6,8,4.35,0.71,33.6,50.9,Safe
2026-04-30 15:39:40 UTC,5,7,4.48,0.73,33.5,51,Caution
2026-04-30 15:39:50 UTC,5,6,4.35,0.71,33.5,51.2,Safe
2026-04-30 15:40:00 UTC,5,6,4.46,0.73,33.5,51.2,Caution
2026-04-30 15:40:10 UTC,5,5,4.31,0.7,33.5,51,Safe
2026-04-30 15:40:20 UTC,6,8,4.46,0.73,33.5,50.9,Caution
2026-04-30 15:40:30 UTC,6,8,4.49,0.73,33.5,51,Caution
2026-04-30 15:40:40 UTC,6,6,4.35,0.71,33.5,51.3,Safe
2026-04-30 15:40:50 UTC,6,7,4.43,0.72,33.5,51.6,Caution
2026-04-30 15:41:00 UTC,4,4,4.37,0.71,33.5,51.7,Safe
2026-04-30 15:41:10 UTC,5,6,4.46,0.73,33.4,51.3,Caution
2026-04-30 15:41:20 UTC,6,7,4.36,0.71,33.4,51.3,Safe
2026-04-30 15:41:30 UTC,6,6,4.46,0.72,33.4,52,Caution
2026-04-30 15:41:40 UTC,6,6,4.31,0.7,33.4,52.4,Safe
2026-04-30 15:41:50 UTC,6,7,4.43,0.72,33.4,52.5,Safe
2026-04-30 15:42:00 UTC,6,6,4.49,0.73,33.4,52.6,Caution
2026-04-30 15:42:10 UTC,6,6,4.51,0.73,33.5,53,Caution
2026-04-30 15:42:20 UTC,4,5,4.43,0.72,33.5,53.1,Caution
2026-04-30 15:42:30 UTC,4,6,4.37,0.71,33.6,53.5,Safe
2026-04-30 15:42:40 UTC,6,9,4.49,0.73,33.6,53.3,Caution
2026-04-30 15:42:50 UTC,6,7,4.38,0.71,33.7,53.1,Safe
2026-04-30 15:43:00 UTC,6,6,4.48,0.73,33.7,53,Caution
2026-04-30 15:43:10 UTC,6,7,4.37,0.71,33.7,52.6,Safe
2026-04-30 15:43:20 UTC,6,7,4.48,0.72,33.7,52.4,Caution
2026-04-30 15:43:30 UTC,6,9,4.36,0.71,33.8,52.1,Safe
2026-04-30 15:43:40 UTC,7,10,4.49,0.73,33.8,51.5,Caution
2026-04-30 15:43:50 UTC,5,7,4.38,0.71,33.8,51.7,Safe
2026-04-30 15:44:00 UTC,4,6,4.37,0.71,33.8,52.2,Safe
2026-04-30 15:44:10 UTC,4,8,4.49,0.73,33.8,52.1,Caution
2026-04-30 15:44:20 UTC,4,7,4.33,0.7,33.8,51.9,Safe
2026-04-30 15:44:30 UTC,5,5,4.49,0.73,33.9,51.5,Caution
2026-04-30 15:44:40 UTC,5,6,4.38,0.71,33.9,51.3,Safe
2026-04-30 15:44:50 UTC,5,8,4.45,0.72,33.9,51.4,Caution
2026-04-30 15:45:00 UTC,4,6,4.36,0.71,33.9,51.4,Safe
2026-04-30 15:45:10 UTC,4,5,4.5,0.73,33.9,51.4,Caution
2026-04-30 15:45:20 UTC,5,5,4.36,0.71,33.9,51.4,Safe
2026-04-30 15:45:30 UTC,4,5,4.48,0.73,33.9,51.3,Caution
2026-04-30 15:45:40 UTC,4,7,4.49,0.73,33.9,51,Caution
2026-04-30 15:45:50 UTC,5,8,4.37,0.71,33.8,50.9,Safe
2026-04-30 15:46:00 UTC,5,6,4.46,0.72,33.8,50.9,Caution
2026-04-30 15:46:10 UTC,6,7,4.37,0.71,33.8,51,Safe
2026-04-30 15:46:20 UTC,6,7,4.5,0.73,33.9,51.2,Caution
2026-04-30 15:46:30 UTC,4,8,4.36,0.71,33.9,51,Safe
2026-04-30 15:46:40 UTC,4,7,4.48,0.73,33.9,51,Caution
2026-04-30 15:46:50 UTC,5,6,4.32,0.7,33.9,51,Safe
2026-04-30 15:47:00 UTC,5,7,4.47,0.73,33.9,50.7,Caution
2026-04-30 15:47:10 UTC,6,6,4.44,0.72,33.9,50.6,Caution
2026-04-30 15:47:20 UTC,6,7,4.48,0.73,33.8,50.6,Caution
2026-04-30 15:47:30 UTC,6,7,4.45,0.72,33.8,50.8,Caution
2026-04-30 15:47:40 UTC,6,9,4.34,0.71,33.8,50.7,Safe
2026-04-30 15:47:50 UTC,6,7,4.48,0.73,33.8,50.8,Caution
2026-04-30 15:48:00 UTC,8,9,4.37,0.71,33.8,51.1,Safe
2026-04-30 15:48:10 UTC,8,9,4.46,0.72,33.8,51.2,Caution
2026-04-30 15:48:20 UTC,7,11,4.34,0.71,33.8,51.4,Safe
2026-04-30 15:48:30 UTC,6,11,4.47,0.73,33.7,51.4,Caution
2026-04-30 15:48:40 UTC,5,8,4.32,0.7,33.6,51.7,Safe
2026-04-30 15:48:50 UTC,5,6,4.43,0.72,33.5,52.4,Caution
2026-04-30 15:49:00 UTC,5,6,4.35,0.71,33.4,52.7,Safe
2026-04-30 15:49:10 UTC,5,7,4.35,0.71,33.3,52.5,Safe
2026-04-30 15:49:20 UTC,6,7,4.44,0.73,33.3,52.6,Caution
2026-04-30 15:49:30 UTC,5,7,4.37,0.71,33.3,52.5,Safe
2026-04-30 15:49:40 UTC,4,6,4.46,0.72,33.3,52.6,Caution
2026-04-30 15:49:50 UTC,4,7,4.36,0.71,33.3,52.7,Safe
2026-04-30 15:50:00 UTC,5,6,4.49,0.73,33.4,52.7,Caution
2026-04-30 15:50:10 UTC,5,5,4.36,0.71,33.4,52.4,Safe
2026-04-30 15:50:20 UTC,6,8,4.49,0.73,33.4,52.3,Caution
2026-04-30 15:50:30 UTC,6,10,4.37,0.71,33.4,52.7,Safe
2026-04-30 15:50:40 UTC,5,8,4.48,0.73,33.3,52.7,Caution
2026-04-30 15:50:50 UTC,6,9,4.5,0.73,33.3,52.9,Caution
2026-04-30 15:51:00 UTC,5,6,4.36,0.71,33.4,53,Safe
2026-04-30 15:51:10 UTC,6,6,4.49,0.73,33.4,53.1,Caution
2026-04-30 15:51:20 UTC,5,7,4.32,0.71,33.4,53,Safe
2026-04-30 15:51:30 UTC,5,6,4.47,0.73,33.4,52.9,Caution
2026-04-30 15:51:40 UTC,6,6,4.35,0.71,33.4,53.1,Safe
2026-04-30 15:51:50 UTC,7,10,4.44,0.72,33.4,52.9,Caution
2026-04-30 15:52:00 UTC,7,11,4.36,0.71,33.4,52.9,Safe
2026-04-30 15:52:10 UTC,8,10,4.48,0.73,33.5,52.7,Caution
2026-04-30 15:52:20 UTC,6,9,4.44,0.72,33.5,52.5,Caution
2026-04-30 15:52:30 UTC,5,7,4.38,0.71,33.5,52.5,Safe
2026-04-30 15:52:40 UTC,6,11,4.49,0.73,33.5,52.4,Caution
2026-04-30 15:52:50 UTC,6,10,4.33,0.71,33.5,52.4,Safe
2026-04-30 15:53:00 UTC,8,10,4.49,0.73,33.5,52.4,Caution
2026-04-30 15:53:10 UTC,5,8,4.36,0.71,33.5,52.4,Safe
2026-04-30 15:53:20 UTC,5,8,4.49,0.73,33.6,52.5,Caution
2026-04-30 15:53:30 UTC,6,8,4.36,0.71,33.6,53,Safe
2026-04-30 15:53:40 UTC,6,8,4.48,0.73,33.6,53.1,Caution
2026-04-30 15:53:50 UTC,8,9,4.48,0.73,33.6,52.9,Caution
2026-04-30 15:54:00 UTC,7,8,4.49,0.73,33.6,52.9,Caution
2026-04-30 15:54:10 UTC,6,7,4.43,0.72,33.5,52.6,Safe
2026-04-30 15:54:20 UTC,5,6,4.37,0.71,33.5,52.5,Safe
2026-04-30 15:54:30 UTC,8,11,4.49,0.73,33.5,52.7,Caution
2026-04-30 15:54:40 UTC,7,14,4.36,0.71,33.5,52.7,Safe
2026-04-30 15:54:50 UTC,6,12,4.49,0.73,33.5,52.8,Caution
2026-04-30 15:55:00 UTC,5,10,4.34,0.71,33.5,53.2,Safe
2026-04-30 15:55:10 UTC,8,13,4.48,0.73,33.5,53.3,Caution
2026-04-30 15:55:20 UTC,9,16,4.36,0.71,33.5,53.3,Safe
2026-04-30 15:55:30 UTC,10,16,4.45,0.73,33.5,53,Caution
2026-04-30 15:55:40 UTC,11,18,4.35,0.71,33.5,52.9,Safe
2026-04-30 15:55:50 UTC,14,23,4.34,0.71,33.5,52.8,Safe
2026-04-30 15:56:00 UTC,16,25,4.48,0.73,33.5,52.9,Caution
2026-04-30 15:56:10 UTC,13,24,4.38,0.71,33.6,52.9,Safe
2026-04-30 15:56:20 UTC,10,20,4.47,0.73,33.6,52.9,Caution
2026-04-30 15:56:30 UTC,11,20,4.36,0.71,33.6,52.9,Safe
2026-04-30 15:56:40 UTC,12,19,4.48,0.73,33.6,52.8,Caution
2026-04-30 15:56:50 UTC,10,18,4.35,0.71,33.6,52.9,Safe
2026-04-30 15:57:00 UTC,13,19,4.48,0.73,33.6,52.7,Caution
2026-04-30 15:57:10 UTC,9,18,4.32,0.7,33.6,52.8,Safe
2026-04-30 15:57:20 UTC,8,18,4.49,0.73,33.6,52.6,Caution
2026-04-30 15:57:30 UTC,9,16,4.47,0.73,33.6,52.6,Caution
2026-04-30 15:57:40 UTC,7,15,4.33,0.71,33.6,52.2,Safe
2026-04-30 15:57:50 UTC,8,14,4.48,0.72,33.5,52,Caution
2026-04-30 15:58:00 UTC,7,10,4.37,0.71,33.5,52,Safe
2026-04-30 15:58:10 UTC,7,9,4.44,0.72,33.4,52,Caution
2026-04-30 15:58:20 UTC,7,8,4.36,0.71,33.4,52.3,Safe
2026-04-30 15:58:30 UTC,6,8,4.49,0.73,33.4,52.5,Caution
2026-04-30 15:58:40 UTC,7,8,4.36,0.71,33.4,52.6,Safe
2026-04-30 15:58:50 UTC,7,9,4.49,0.73,33.4,52.6,Caution
2026-04-30 15:59:00 UTC,6,8,4.48,0.73,33.4,52.8,Caution
2026-04-30 15:59:10 UTC,7,8,4.34,0.71,33.3,52.7,Safe
2026-04-30 15:59:20 UTC,7,9,4.48,0.73,33.3,52.4,Caution
2026-04-30 15:59:30 UTC,7,8,4.34,0.71,33.3,52.6,Safe
2026-04-30 15:59:40 UTC,7,9,4.47,0.73,33.2,52.7,Caution
2026-04-30 15:59:50 UTC,7,7,4.34,0.71,33.2,52.9,Safe
2026-04-30 16:00:00 UTC,6,6,4.49,0.73,33.2,53,Caution
2026-04-30 16:00:10 UTC,6,7,4.34,0.71,33.2,53.1,Safe
2026-04-30 16:00:20 UTC,7,9,4.48,0.73,33.1,53.1,Caution
2026-04-30 16:00:30 UTC,7,8,4.46,0.73,33.1,53.2,Caution
2026-04-30 16:00:40 UTC,6,7,4.49,0.73,33.1,53.3,Caution
2026-04-30 16:00:50 UTC,7,8,4.48,0.73,33,53.4,Caution
2026-04-30 16:01:00 UTC,7,9,4.36,0.71,33,53.4,Safe
2026-04-30 16:01:10 UTC,6,8,4.48,0.73,32.9,53.7,Caution
2026-04-30 16:01:20 UTC,6,7,4.36,0.71,32.9,53.6,Safe
2026-04-30 16:01:30 UTC,6,7,4.48,0.73,32.9,53.4,Caution
2026-04-30 16:01:40 UTC,6,7,4.35,0.71,32.9,53.3,Safe
2026-04-30 16:01:50 UTC,5,6,4.48,0.73,32.9,53.6,Caution
2026-04-30 16:02:00 UTC,7,7,4.27,0.7,32.9,53.7,Safe
2026-04-30 16:02:10 UTC,7,7,4.47,0.73,32.9,53.7,Caution
2026-04-30 16:02:20 UTC,6,6,4.35,0.71,32.9,53.9,Safe
2026-04-30 16:02:30 UTC,5,5,4.34,0.71,33,53.7,Safe
2026-04-30 16:02:40 UTC,5,5,4.43,0.72,33,53.6,Caution
2026-04-30 16:02:50 UTC,5,6,4.34,0.71,33,53.4,Safe
2026-04-30 16:03:00 UTC,6,7,4.45,0.73,33,53.3,Caution
2026-04-30 16:03:10 UTC,6,7,4.35,0.71,33.1,53.4,Safe
2026-04-30 16:03:20 UTC,6,9,4.46,0.73,33.1,53.4,Caution
2026-04-30 16:03:30 UTC,7,8,4.35,0.71,33.1,53.3,Safe
2026-04-30 16:03:40 UTC,7,7,4.48,0.73,33.1,53.2,Caution
2026-04-30 16:03:50 UTC,8,9,4.34,0.71,33.1,53,Safe
2026-04-30 16:04:00 UTC,8,9,4.47,0.73,33.2,52.8,Caution
2026-04-30 16:04:10 UTC,6,6,4.49,0.73,33.2,52.7,Caution
2026-04-30 16:04:20 UTC,7,8,4.35,0.71,33.2,52.4,Safe
2026-04-30 16:04:30 UTC,5,8,4.48,0.73,33.2,52.3,Caution
2026-04-30 16:04:40 UTC,5,6,4.33,0.71,33.2,52.6,Safe
2026-04-30 16:04:50 UTC,6,7,4.49,0.73,33.2,52.4,Caution
2026-04-30 16:05:00 UTC,6,8,4.34,0.71,33.2,52.4,Safe
2026-04-30 16:05:10 UTC,7,9,4.48,0.73,33.2,52.7,Caution
2026-04-30 16:05:20 UTC,8,9,4.33,0.71,33.3,52.8,Safe
2026-04-30 16:05:30 UTC,9,10,4.45,0.72,33.2,52.6,Caution
2026-04-30 16:05:40 UTC,9,11,4.44,0.72,33.2,52.4,Caution
2026-04-30 16:05:50 UTC,8,10,4.48,0.73,33.2,52.5,Caution
2026-04-30 16:06:00 UTC,8,9,4.47,0.73,33.2,52.8,Caution
2026-04-30 16:06:10 UTC,8,8,4.33,0.71,33.2,53,Safe
2026-04-30 16:06:20 UTC,7,9,4.46,0.73,33.1,53.4,Caution
2026-04-30 16:06:30 UTC,7,9,4.37,0.71,33.1,53.2,Safe
2026-04-30 16:06:40 UTC,9,11,4.48,0.73,33.1,53,Caution
2026-04-30 16:06:50 UTC,9,12,4.36,0.71,33.1,53.1,Safe
2026-04-30 16:07:00 UTC,9,18,4.48,0.73,33.1,53.2,Caution
2026-04-30 16:07:10 UTC,10,21,4.45,0.73,33.2,53.3,Caution
2026-04-30 16:07:20 UTC,13,22,4.48,0.73,33.2,53.3,Caution
2026-04-30 16:07:30 UTC,14,22,4.34,0.71,33.2,53,Safe
2026-04-30 16:07:40 UTC,14,25,4.37,0.71,33.2,52.9,Safe
2026-04-30 16:07:50 UTC,14,24,4.48,0.73,33.2,52.9,Caution
2026-04-30 16:08:00 UTC,14,26,4.32,0.7,33.2,52.9,Safe
2026-04-30 16:08:10 UTC,14,25,4.49,0.73,33.2,53,Caution
2026-04-30 16:08:20 UTC,14,25,4.33,0.71,33.3,53,Safe
2026-04-30 16:08:30 UTC,12,21,4.49,0.73,33.3,53.1,Caution
2026-04-30 16:08:40 UTC,14,20,4.32,0.71,33.3,53.4,Safe
2026-04-30 16:08:50 UTC,12,20,4.69,0.75,33.3,53.5,Caution
2026-04-30 16:09:00 UTC,17,23,4.54,0.73,33.3,53,Caution
2026-04-30 16:09:10 UTC,13,20,4.69,0.75,33.3,52.8,Caution
2026-04-30 16:09:20 UTC,13,19,4.67,0.74,33.3,52.9,Caution
2026-04-30 16:09:30 UTC,10,19,4.49,0.72,33.3,53,Caution
2026-04-30 16:09:40 UTC,10,17,4.65,0.75,33.3,52.9,Caution
2026-04-30 16:09:50 UTC,9,16,4.54,0.73,33.3,52.6,Caution
2026-04-30 16:10:00 UTC,9,14,4.67,0.75,33.2,52.3,Caution
2026-04-30 16:10:10 UTC,10,12,4.51,0.72,33.3,52.3,Caution
2026-04-30 16:10:20 UTC,8,9,4.65,0.74,33.3,52.2,Caution
2026-04-30 16:10:30 UTC,8,9,4.54,0.73,33.3,52.3,Caution
2026-04-30 16:10:40 UTC,5,5,4.65,0.74,33.2,52.2,Caution
2026-04-30 16:10:50 UTC,6,6,4.65,0.74,33.3,52.2,Caution
2026-04-30 16:11:00 UTC,7,8,4.54,0.73,33.2,52.3,Caution
2026-04-30 16:11:10 UTC,5,6,4.62,0.74,33.2,52.4,Caution
2026-04-30 16:11:20 UTC,6,8,4.49,0.72,33.2,52.4,Caution
2026-04-30 16:11:30 UTC,6,7,4.67,0.75,33.2,52.3,Caution
2026-04-30 16:11:40 UTC,6,7,4.54,0.72,33.2,52.2,Caution
2026-04-30 16:11:50 UTC,7,9,4.66,0.74,33.2,52.3,Caution
2026-04-30 16:12:00 UTC,7,9,4.51,0.73,33.1,52.4,Caution
2026-04-30 16:12:10 UTC,8,10,4.59,0.74,33.1,52.4,Caution
2026-04-30 16:12:20 UTC,8,16,4.54,0.73,33.1,52.6,Caution
2026-04-30 16:12:30 UTC,8,19,4.66,0.74,33.1,52.6,Caution
2026-04-30 16:12:40 UTC,9,19,4.52,0.73,33.1,52.7,Caution
2026-04-30 16:12:50 UTC,8,17,4.54,0.73,33,52.7,Caution
2026-04-30 16:13:00 UTC,7,15,4.66,0.74,33,52.6,Caution
2026-04-30 16:13:10 UTC,7,14,4.53,0.73,33,52.7,Caution
2026-04-30 16:13:20 UTC,6,9,4.65,0.74,33,52.6,Caution
2026-04-30 16:13:30 UTC,7,8,4.53,0.72,32.9,52.5,Caution
2026-04-30 16:13:40 UTC,8,9,4.97,0.78,32.9,52.5,Caution
2026-04-30 16:13:50 UTC,6,9,4.65,0.74,32.9,52.6,Caution
2026-04-30 16:14:00 UTC,7,9,4.81,0.76,32.8,52.7,Caution
2026-04-30 16:14:10 UTC,6,10,4.64,0.74,32.8,53.3,Caution
2026-04-30 16:14:20 UTC,6,11,4.81,0.76,32.8,53.4,Caution
2026-04-30 16:14:30 UTC,8,9,4.78,0.76,32.7,51.3,Caution
2026-04-30 16:14:40 UTC,7,10,4.62,0.74,32.6,48.8,Caution
2026-04-30 16:14:50 UTC,7,13,4.79,0.76,32.5,46.4,Caution
2026-04-30 16:15:00 UTC,8,13,4.61,0.74,32.2,45.2,Caution
2026-04-30 16:15:10 UTC,6,12,4.75,0.76,31.9,44.5,Caution
2026-04-30 16:15:20 UTC,9,13,4.57,0.73,31.5,44,Caution
2026-04-30 16:15:30 UTC,11,18,4.7,0.75,30.9,47.1,Caution
