Timestamp,PM2.5,PM10,Gas,CO,Temp,Hum,Status
2026-05-01 07:30:07 UTC,50,62,5.30,0.78,29.1,67.3,Caution
2026-05-01 07:30:17 UTC,48,62,5.48,0.81,29.1,65.4,Caution
2026-05-01 07:30:27 UTC,48,63,5.49,0.81,29.1,64.7,Caution
2026-05-01 07:30:37 UTC,47,59,5.48,0.8,29.1,64.5,Caution
2026-05-01 07:30:47 UTC,44,55,5.29,0.78,29.1,64.3,Caution
2026-05-01 07:30:57 UTC,43,56,5.29,0.78,29.1,64,Caution
2026-05-01 07:31:07 UTC,43,58,5.43,0.8,29.1,64.3,Caution
2026-05-01 07:31:17 UTC,45,61,5.24,0.78,29,64.6,Caution
2026-05-01 07:31:27 UTC,46,62,5.50,0.8,29,64.7,Caution
2026-05-01 07:31:37 UTC,48,65,5.29,0.78,29.1,64.8,Caution
2026-05-01 07:31:47 UTC,48,61,5.43,0.8,29,64.4,Caution
2026-05-01 07:31:57 UTC,49,64,5.30,0.78,29,64.1,Caution
2026-05-01 07:32:07 UTC,50,64,5.46,0.8,29,64.1,Caution
2026-05-01 07:32:17 UTC,48,61,5.33,0.78,29,64.2,Caution
2026-05-01 07:32:27 UTC,47,63,5.44,0.8,29,64.5,Caution
2026-05-01 07:32:37 UTC,47,62,5.46,0.8,29,64.6,Caution
2026-05-01 07:32:47 UTC,46,60,5.24,0.77,29,64.6,Caution
2026-05-01 07:32:57 UTC,49,61,5.38,0.78,29,64.6,Caution
2026-05-01 07:33:07 UTC,47,58,5.28,0.77,29,64.7,Caution
2026-05-01 07:33:17 UTC,47,58,5.49,0.8,29,64.9,Caution
2026-05-01 07:33:27 UTC,48,64,5.26,0.77,29.1,65.2,Caution
2026-05-01 07:33:37 UTC,48,63,5.44,0.8,29.1,65.6,Caution
2026-05-01 07:33:47 UTC,48,60,5.24,0.77,29.1,65.6,Caution
2026-05-01 07:33:57 UTC,46,61,5.35,0.78,29.1,65.5,Caution
2026-05-01 07:34:07 UTC,48,64,5.47,0.79,29.1,65.4,Caution
2026-05-01 07:34:17 UTC,49,65,5.46,0.8,29.1,65.4,Caution
2026-05-01 07:34:27 UTC,50,66,5.42,0.79,29.1,65.8,Caution
2026-05-01 07:34:37 UTC,49,64,5.29,0.77,29.1,66.2,Caution
2026-05-01 07:34:47 UTC,46,59,5.42,0.8,29.2,66.7,Caution
2026-05-01 07:34:57 UTC,46,60,5.16,0.76,29.1,66.9,Caution
2026-05-01 07:35:07 UTC,46,59,5.43,0.8,29.2,66.4,Caution
2026-05-01 07:35:17 UTC,47,62,5.24,0.77,29.2,66,Caution
2026-05-01 07:35:27 UTC,45,57,5.43,0.8,29.2,65.8,Caution
2026-05-01 07:35:37 UTC,46,60,5.24,0.77,29.2,65.8,Caution
2026-05-01 07:35:47 UTC,48,60,5.43,0.78,29.2,65.7,Caution
2026-05-01 07:35:57 UTC,49,64,5.27,0.77,29.2,65.6,Caution
2026-05-01 07:36:07 UTC,50,64,5.44,0.79,29.3,65.6,Caution
2026-05-01 07:36:17 UTC,50,64,5.41,0.79,29.3,65.6,Caution
2026-05-01 07:36:27 UTC,47,59,5.26,0.77,29.3,65.5,Caution
2026-05-01 07:36:37 UTC,46,57,5.44,0.79,29.3,65.5,Caution
2026-05-01 07:36:47 UTC,46,57,5.24,0.77,29.3,64.7,Caution
2026-05-01 07:36:57 UTC,44,55,5.43,0.79,29.3,63.8,Caution
2026-05-01 07:37:07 UTC,42,53,5.23,0.76,29.3,63.6,Caution
2026-05-01 07:37:17 UTC,42,53,5.41,0.79,29.3,63.7,Caution
2026-05-01 07:37:27 UTC,43,54,5.28,0.77,29.3,63.8,Caution
2026-05-01 07:37:37 UTC,43,57,5.41,0.78,29.3,64.3,Caution
2026-05-01 07:37:47 UTC,42,57,5.41,0.78,29.3,65.1,Caution
2026-05-01 07:37:57 UTC,42,53,5.40,0.78,29.3,65.5,Caution
2026-05-01 07:38:07 UTC,42,52,5.41,0.78,29.3,65.8,Caution
2026-05-01 07:38:17 UTC,41,52,5.23,0.77,29.3,65.9,Caution
2026-05-01 07:38:27 UTC,41,53,5.44,0.78,29.3,65.7,Caution
2026-05-01 07:38:37 UTC,42,55,5.20,0.76,29.3,65.5,Caution
2026-05-01 07:38:47 UTC,41,54,5.39,0.78,29.3,65.6,Caution
2026-05-01 07:38:57 UTC,43,55,5.24,0.76,29.3,65.1,Caution
2026-05-01 07:39:07 UTC,43,56,5.41,0.78,29.3,64.9,Caution
2026-05-01 07:39:17 UTC,42,54,5.13,0.75,29.3,65.3,Caution
2026-05-01 07:39:27 UTC,41,54,5.37,0.78,29.3,65.4,Caution
2026-05-01 07:39:37 UTC,41,52,5.23,0.76,29.3,64.9,Caution
2026-05-01 07:39:47 UTC,42,54,5.32,0.77,29.3,65,Caution
2026-05-01 07:39:57 UTC,42,55,5.36,0.78,29.3,65.1,Caution
2026-05-01 07:40:07 UTC,42,54,5.19,0.76,29.3,65.2,Caution
2026-05-01 07:40:17 UTC,44,56,5.37,0.78,29.3,65.1,Caution
2026-05-01 07:40:27 UTC,45,54,5.23,0.76,29.3,65,Caution
2026-05-01 07:40:37 UTC,44,52,5.37,0.78,29.3,65,Caution
2026-05-01 07:40:47 UTC,42,50,5.20,0.76,29.4,65,Caution
2026-05-01 07:40:57 UTC,43,49,5.38,0.78,29.4,65,Caution
2026-05-01 07:41:07 UTC,43,52,5.18,0.76,29.4,64.9,Caution
2026-05-01 07:41:17 UTC,42,51,5.39,0.78,29.4,64.9,Caution
2026-05-01 07:41:27 UTC,39,49,5.37,0.78,29.4,64.9,Caution
2026-05-01 07:41:37 UTC,40,50,5.41,0.78,29.4,65,Caution
2026-05-01 07:41:47 UTC,40,50,5.37,0.78,29.4,64.9,Caution
2026-05-01 07:41:57 UTC,41,49,5.19,0.76,29.4,64.7,Caution
2026-05-01 07:42:07 UTC,40,49,5.37,0.78,29.4,64.5,Caution
2026-05-01 07:42:17 UTC,41,50,5.20,0.76,29.4,64.1,Caution
2026-05-01 07:42:27 UTC,42,52,5.26,0.77,29.4,64,Caution
2026-05-01 07:42:37 UTC,40,51,5.19,0.75,29.4,64,Caution
2026-05-01 07:42:47 UTC,41,49,5.31,0.77,29.4,64.1,Caution
2026-05-01 07:42:57 UTC,40,52,5.13,0.75,29.4,64.3,Caution
2026-05-01 07:43:07 UTC,40,55,5.31,0.78,29.4,64.4,Caution
2026-05-01 07:43:17 UTC,40,52,5.13,0.75,29.4,64.5,Caution
2026-05-01 07:43:27 UTC,38,49,5.37,0.78,29.4,65,Caution
2026-05-01 07:43:37 UTC,39,49,5.27,0.76,29.4,64.3,Caution
2026-05-01 07:43:47 UTC,38,48,5.16,0.75,29.4,63.9,Caution
2026-05-01 07:43:57 UTC,39,48,5.35,0.78,29.4,63.6,Caution
2026-05-01 07:44:07 UTC,40,48,5.18,0.75,29.5,63.6,Caution
2026-05-01 07:44:17 UTC,40,48,5.37,0.78,29.5,63.7,Caution
2026-05-01 07:44:27 UTC,41,48,5.14,0.76,29.5,63.8,Caution
2026-05-01 07:44:37 UTC,39,45,5.36,0.78,29.5,63.9,Caution
2026-05-01 07:44:47 UTC,40,49,5.17,0.75,29.5,63.6,Caution
2026-05-01 07:44:57 UTC,44,55,5.25,0.76,29.5,63.5,Caution
2026-05-01 07:45:07 UTC,43,54,5.33,0.77,29.5,63.2,Caution
2026-05-01 07:45:17 UTC,44,56,5.32,0.77,29.6,62.9,Caution
2026-05-01 07:45:27 UTC,46,58,5.35,0.77,29.5,62.6,Caution
2026-05-01 07:45:37 UTC,47,61,5.18,0.75,29.6,62.6,Caution
2026-05-01 07:45:47 UTC,47,60,5.31,0.77,29.5,62.6,Caution
2026-05-01 07:45:57 UTC,45,56,5.18,0.75,29.6,62.4,Caution
2026-05-01 07:46:07 UTC,45,55,5.34,0.78,29.6,62.5,Caution
2026-05-01 07:46:17 UTC,43,54,5.14,0.74,29.6,62.8,Caution
2026-05-01 07:46:27 UTC,44,57,5.37,0.77,29.6,63.2,Caution
2026-05-01 07:46:37 UTC,43,55,5.17,0.75,29.6,62.7,Caution
2026-05-01 07:46:47 UTC,40,55,5.35,0.78,29.6,62.2,Caution
2026-05-01 07:46:57 UTC,40,51,5.12,0.75,29.6,62.1,Caution
2026-05-01 07:47:07 UTC,40,50,5.33,0.77,29.6,62.1,Caution
2026-05-01 07:47:17 UTC,42,55,5.32,0.77,29.5,62.4,Caution
2026-05-01 07:47:27 UTC,42,57,5.15,0.75,29.6,63.4,Caution
2026-05-01 07:47:37 UTC,44,55,5.30,0.77,29.5,63.6,Caution
2026-05-01 07:47:47 UTC,42,51,5.16,0.75,29.5,63.3,Caution
2026-05-01 07:47:57 UTC,44,55,5.25,0.76,29.5,63.2,Caution
2026-05-01 07:48:07 UTC,49,61,5.14,0.75,29.5,63.2,Caution
2026-05-01 07:48:17 UTC,50,64,5.31,0.77,29.5,63,Caution
2026-05-01 07:48:27 UTC,50,64,5.14,0.74,29.5,62.6,Caution
2026-05-01 07:48:37 UTC,47,60,5.24,0.76,29.6,62.3,Caution
2026-05-01 07:48:47 UTC,46,58,5.30,0.77,29.6,62.2,Caution
2026-05-01 07:48:57 UTC,52,67,4.95,0.8,29.6,62.8,Caution
2026-05-01 07:49:07 UTC,53,69,4.98,0.8,29.6,63.2,Caution
2026-05-01 07:49:17 UTC,51,66,4.81,0.76,29.6,63.2,Caution
2026-05-01 07:49:27 UTC,49,67,5.00,0.79,29.6,63.2,Caution
2026-05-01 07:49:37 UTC,48,68,4.75,0.76,29.6,63.5,Caution
2026-05-01 07:49:47 UTC,49,67,4.84,0.78,29.6,63.6,Caution
2026-05-01 07:49:57 UTC,51,69,4.75,0.76,29.6,63.8,Caution
2026-05-01 07:50:07 UTC,50,66,4.94,0.78,29.6,63.6,Caution
2026-05-01 07:50:17 UTC,49,64,4.75,0.76,29.6,63.5,Caution
2026-05-01 07:50:27 UTC,53,70,4.88,0.78,29.6,63.3,Caution
2026-05-01 07:50:37 UTC,62,80,4.70,0.76,29.6,62.2,Caution
2026-05-01 07:50:47 UTC,67,84,4.88,0.78,29.6,61.7,Caution
2026-05-01 07:50:57 UTC,77,90,4.92,0.78,29.5,61.8,Caution
2026-05-01 07:51:07 UTC,122,125,4.67,0.74,29.5,62.2,Hazardous
2026-05-01 07:51:17 UTC,176,180,4.90,0.77,29.5,62.2,Hazardous
2026-05-01 07:51:27 UTC,202,207,4.65,0.75,29.5,62.4,Hazardous
2026-05-01 07:51:37 UTC,211,216,4.88,0.77,29.5,62.1,Hazardous
2026-05-01 07:51:47 UTC,218,223,4.59,0.74,29.5,62.1,Hazardous
2026-05-01 07:51:57 UTC,225,231,4.84,0.77,29.5,62.5,Hazardous
2026-05-01 07:52:07 UTC,228,233,4.63,0.75,29.4,62.2,Hazardous
2026-05-01 07:52:17 UTC,225,229,4.56,0.75,29.4,62.7,Hazardous
2026-05-01 07:52:27 UTC,227,229,4.75,0.78,29.4,62.9,Hazardous
2026-05-01 07:52:37 UTC,224,227,4.49,0.74,29.4,62.7,Hazardous
2026-05-01 07:52:47 UTC,225,229,4.59,0.75,29.4,63,Hazardous
2026-05-01 07:52:57 UTC,228,233,4.54,0.75,29.4,62.3,Hazardous
2026-05-01 07:53:07 UTC,227,233,4.66,0.77,29.3,62.1,Hazardous
2026-05-01 07:53:17 UTC,224,230,4.52,0.75,29.3,62.7,Hazardous
2026-05-01 07:53:27 UTC,223,227,4.60,0.77,29.3,63.4,Hazardous
2026-05-01 07:53:37 UTC,223,227,4.47,0.75,29.3,63.1,Hazardous
2026-05-01 07:53:47 UTC,220,222,4.64,0.77,29.3,62.8,Hazardous
2026-05-01 07:53:57 UTC,216,219,4.46,0.75,29.3,62.1,Hazardous
2026-05-01 07:54:07 UTC,212,215,4.41,0.74,29.2,61.8,Hazardous
2026-05-01 07:54:17 UTC,210,215,4.43,0.75,29.2,62,Hazardous
2026-05-01 07:54:27 UTC,210,213,4.43,0.75,29.2,62.1,Hazardous
2026-05-01 07:54:37 UTC,210,212,4.57,0.77,29.2,61.9,Hazardous
2026-05-01 07:54:47 UTC,211,213,4.45,0.75,29.1,61.9,Hazardous
2026-05-01 07:54:57 UTC,216,221,4.65,0.77,29.1,62.1,Hazardous
2026-05-01 07:55:07 UTC,216,220,4.43,0.75,29.1,62.3,Hazardous
2026-05-01 07:55:17 UTC,219,222,4.61,0.77,29.1,62.5,Hazardous
2026-05-01 07:55:27 UTC,220,224,4.45,0.75,29.1,62.6,Hazardous
2026-05-01 07:55:37 UTC,215,221,4.61,0.77,29.1,62.7,Hazardous
2026-05-01 07:55:47 UTC,218,222,4.43,0.75,29.2,62.8,Hazardous
2026-05-01 07:55:57 UTC,219,222,4.61,0.78,29.1,63.1,Hazardous
2026-05-01 07:56:07 UTC,221,224,4.35,0.74,29.1,63.1,Hazardous
2026-05-01 07:56:17 UTC,221,224,4.43,0.75,29.1,63.1,Hazardous
2026-05-01 07:56:27 UTC,221,224,4.43,0.75,29.1,62.9,Hazardous
2026-05-01 07:56:37 UTC,220,222,4.43,0.75,29.1,62.6,Hazardous
2026-05-01 07:56:47 UTC,218,221,4.58,0.78,29.1,62.5,Hazardous
2026-05-01 07:56:57 UTC,220,223,4.45,0.76,29.1,62.5,Hazardous
2026-05-01 07:57:07 UTC,224,226,4.54,0.77,29.2,62.6,Hazardous
2026-05-01 07:57:17 UTC,227,230,4.45,0.76,29.2,62.8,Hazardous
2026-05-01 07:57:27 UTC,222,226,4.61,0.78,29.2,63.1,Hazardous
2026-05-01 07:57:37 UTC,227,232,4.39,0.75,29.2,63.3,Hazardous
2026-05-01 07:57:47 UTC,223,228,4.64,0.77,29.2,63.7,Hazardous
2026-05-01 07:57:57 UTC,226,230,4.48,0.76,29.2,63.6,Hazardous
2026-05-01 07:58:07 UTC,224,226,4.46,0.75,29.2,63.2,Hazardous
2026-05-01 07:58:17 UTC,222,227,4.60,0.77,29.3,63,Hazardous
2026-05-01 07:58:27 UTC,225,229,4.45,0.75,29.2,62.8,Hazardous
2026-05-01 07:58:37 UTC,224,227,4.58,0.78,29.3,63,Hazardous
2026-05-01 07:58:47 UTC,225,226,4.51,0.75,29.3,62.9,Hazardous
2026-05-01 07:58:57 UTC,223,224,4.64,0.78,29.3,63.2,Hazardous
2026-05-01 07:59:07 UTC,227,229,4.47,0.75,29.3,63.4,Hazardous
2026-05-01 07:59:17 UTC,227,229,4.65,0.78,29.4,63.7,Hazardous
2026-05-01 07:59:27 UTC,226,228,4.48,0.75,29.4,63.6,Hazardous
2026-05-01 07:59:37 UTC,227,229,4.57,0.77,29.4,63.4,Hazardous
2026-05-01 07:59:47 UTC,227,231,4.45,0.75,29.5,63.2,Hazardous
2026-05-01 07:59:57 UTC,222,226,4.59,0.75,29.5,62.8,Hazardous
2026-05-01 08:00:07 UTC,222,228,4.59,0.75,29.5,62.5,Hazardous
2026-05-01 08:00:17 UTC,227,233,4.52,0.74,29.5,62.1,Hazardous
2026-05-01 08:00:27 UTC,228,231,4.76,0.78,29.5,61.7,Hazardous
2026-05-01 08:00:37 UTC,228,230,4.56,0.76,29.5,62,Hazardous
2026-05-01 08:00:47 UTC,227,228,4.64,0.77,29.5,61.6,Hazardous
2026-05-01 08:00:57 UTC,226,229,4.53,0.75,29.5,61.6,Hazardous
2026-05-01 08:01:07 UTC,226,230,4.70,0.78,29.6,61.7,Hazardous
2026-05-01 08:01:17 UTC,223,230,4.54,0.76,29.6,61.9,Hazardous
2026-05-01 08:01:27 UTC,224,228,4.70,0.78,29.6,62,Hazardous
2026-05-01 08:01:37 UTC,224,229,4.55,0.75,29.7,62.4,Hazardous
2026-05-01 08:01:47 UTC,223,228,4.54,0.76,29.7,62.6,Hazardous
2026-05-01 08:01:57 UTC,224,228,4.69,0.78,29.7,62.6,Hazardous
2026-05-01 08:02:07 UTC,222,225,4.48,0.74,29.7,62.5,Hazardous
2026-05-01 08:02:17 UTC,223,226,4.45,0.75,29.8,62.5,Hazardous
2026-05-01 08:02:27 UTC,224,228,4.47,0.75,29.8,62.5,Hazardous
2026-05-01 08:02:37 UTC,223,227,4.70,0.78,29.8,62.3,Hazardous
2026-05-01 08:02:47 UTC,224,230,4.48,0.74,29.8,60.6,Hazardous
2026-05-01 08:02:57 UTC,219,222,4.70,0.78,29.8,60,Hazardous
2026-05-01 08:03:07 UTC,226,230,4.53,0.75,29.8,59.9,Hazardous
2026-05-01 08:03:17 UTC,220,222,4.76,0.78,29.9,60,Hazardous
2026-05-01 08:03:27 UTC,222,224,4.52,0.75,29.9,60.1,Hazardous
2026-05-01 08:03:37 UTC,222,223,4.54,0.76,29.9,60.2,Hazardous
2026-05-01 08:03:47 UTC,222,224,4.54,0.75,29.9,60.2,Hazardous
2026-05-01 08:03:57 UTC,222,224,4.54,0.76,29.9,60.3,Hazardous
2026-05-01 08:04:07 UTC,225,228,4.68,0.78,29.9,60.4,Hazardous
2026-05-01 08:04:17 UTC,226,228,4.53,0.76,29.9,60.6,Hazardous
2026-05-01 08:04:27 UTC,223,224,4.69,0.77,29.9,60.2,Hazardous
2026-05-01 08:04:37 UTC,225,226,4.48,0.75,29.9,60.5,Hazardous
2026-05-01 08:04:47 UTC,223,225,4.65,0.77,29.9,60.9,Hazardous
2026-05-01 08:04:57 UTC,223,225,4.52,0.75,29.9,60.9,Hazardous
2026-05-01 08:05:07 UTC,222,224,4.68,0.77,29.9,61.1,Hazardous
2026-05-01 08:05:17 UTC,221,223,4.52,0.75,29.9,60.3,Hazardous
2026-05-01 08:05:27 UTC,223,224,4.51,0.76,29.9,59.2,Hazardous
2026-05-01 08:05:37 UTC,219,221,4.69,0.78,29.9,58.9,Hazardous
2026-05-01 08:05:47 UTC,220,222,4.43,0.74,29.9,58.7,Hazardous
2026-05-01 08:05:57 UTC,222,222,4.70,0.77,29.9,58.4,Hazardous
2026-05-01 08:06:07 UTC,221,221,4.52,0.75,29.9,58.4,Hazardous
2026-05-01 08:06:17 UTC,221,223,4.65,0.77,29.9,58.4,Hazardous
2026-05-01 08:06:27 UTC,221,223,4.54,0.75,29.9,58.5,Hazardous
2026-05-01 08:06:37 UTC,219,223,4.64,0.77,29.9,58.6,Hazardous
2026-05-01 08:06:47 UTC,221,223,4.52,0.75,29.9,58.4,Hazardous
2026-05-01 08:06:57 UTC,223,225,4.68,0.78,29.9,58.2,Hazardous
2026-05-01 08:07:07 UTC,221,222,4.52,0.75,29.9,58,Hazardous
2026-05-01 08:07:17 UTC,220,220,4.49,0.75,29.9,58.6,Hazardous
2026-05-01 08:07:27 UTC,220,222,4.56,0.75,29.9,59,Hazardous
2026-05-01 08:07:37 UTC,226,228,4.50,0.75,29.9,59.3,Hazardous
2026-05-01 08:07:47 UTC,223,225,4.65,0.77,30,59.6,Hazardous
2026-05-01 08:07:57 UTC,222,223,4.54,0.75,30,59.3,Hazardous
2026-05-01 08:08:07 UTC,222,225,4.67,0.78,30,59.2,Hazardous
2026-05-01 08:08:17 UTC,224,227,4.56,0.75,30,59.5,Hazardous
2026-05-01 08:08:27 UTC,224,225,4.69,0.78,30,59.9,Hazardous
2026-05-01 08:08:37 UTC,221,224,4.46,0.75,30.1,60.1,Hazardous
2026-05-01 08:08:47 UTC,219,224,4.69,0.75,30.1,60.5,Hazardous
2026-05-01 08:08:57 UTC,219,224,4.64,0.74,30.1,59.6,Hazardous
2026-05-01 08:09:07 UTC,217,219,4.67,0.75,30.1,58.8,Hazardous
2026-05-01 08:09:17 UTC,215,216,4.79,0.77,30.1,58.2,Hazardous
2026-05-01 08:09:27 UTC,219,222,4.56,0.74,30.1,58.5,Hazardous
2026-05-01 08:09:37 UTC,223,224,4.66,0.75,30.1,58.9,Hazardous
2026-05-01 08:09:47 UTC,221,224,4.65,0.75,30.1,59.7,Hazardous
2026-05-01 08:09:57 UTC,222,226,4.81,0.77,30.1,59.7,Hazardous
2026-05-01 08:10:07 UTC,222,226,4.62,0.75,30.1,58.9,Hazardous
2026-05-01 08:10:17 UTC,222,226,4.82,0.77,30.2,58.7,Hazardous
2026-05-01 08:10:27 UTC,227,230,4.58,0.74,30.2,58.8,Hazardous
2026-05-01 08:10:37 UTC,222,227,4.82,0.77,30.2,58.6,Hazardous
2026-05-01 08:10:47 UTC,223,225,4.59,0.74,30.2,59.2,Hazardous
2026-05-01 08:10:57 UTC,224,226,4.65,0.75,30.2,58.2,Hazardous
2026-05-01 08:11:07 UTC,219,222,4.65,0.75,30.2,57.8,Hazardous
2026-05-01 08:11:17 UTC,219,220,4.69,0.75,30.2,58,Hazardous
2026-05-01 08:11:27 UTC,223,224,4.83,0.77,30.2,58.2,Hazardous
2026-05-01 08:11:37 UTC,223,224,4.65,0.75,30.2,58.2,Hazardous
2026-05-01 08:11:47 UTC,220,220,4.80,0.77,30.2,58.2,Hazardous
2026-05-01 08:11:57 UTC,223,224,4.61,0.75,30.2,58.5,Hazardous
2026-05-01 08:12:07 UTC,220,222,4.81,0.77,30.3,59,Hazardous
2026-05-01 08:12:17 UTC,220,222,4.64,0.75,30.3,58.5,Hazardous
2026-05-01 08:12:27 UTC,223,225,4.82,0.77,30.3,57.9,Hazardous
2026-05-01 08:12:37 UTC,220,223,4.59,0.74,30.3,57.8,Hazardous
2026-05-01 08:12:47 UTC,221,225,4.54,0.74,30.3,57.8,Hazardous
2026-05-01 08:12:57 UTC,223,225,4.70,0.76,30.3,57.9,Hazardous
2026-05-01 08:13:07 UTC,228,231,4.62,0.75,30.3,58.1,Hazardous
2026-05-01 08:13:17 UTC,223,226,4.63,0.75,30.3,58.2,Hazardous
2026-05-01 08:13:27 UTC,227,229,4.60,0.75,30.3,58.4,Hazardous
2026-05-01 08:13:37 UTC,226,231,4.81,0.77,30.4,58.2,Hazardous
2026-05-01 08:13:47 UTC,228,232,4.63,0.75,30.3,58.1,Hazardous
2026-05-01 08:13:57 UTC,225,230,4.77,0.77,30.4,57.5,Hazardous
2026-05-01 08:14:07 UTC,225,231,4.54,0.74,30.4,57.1,Hazardous
2026-05-01 08:14:17 UTC,224,229,4.78,0.77,30.4,57.1,Hazardous
2026-05-01 08:14:27 UTC,223,226,4.59,0.75,30.4,57.4,Hazardous
2026-05-01 08:14:37 UTC,223,226,4.58,0.75,30.4,58.2,Hazardous
2026-05-01 08:14:47 UTC,221,222,4.58,0.75,30.4,58.4,Hazardous
2026-05-01 08:14:57 UTC,224,227,4.59,0.75,30.4,58.8,Hazardous
2026-05-01 08:15:07 UTC,219,220,4.77,0.77,30.4,58.2,Hazardous
2026-05-01 08:15:17 UTC,222,223,4.54,0.75,30.4,57.9,Hazardous
2026-05-01 08:15:27 UTC,220,222,4.76,0.77,30.4,58.3,Hazardous
2026-05-01 08:15:37 UTC,220,222,4.53,0.74,30.4,58.4,Hazardous
2026-05-01 08:15:47 UTC,220,222,4.75,0.77,30.4,58.5,Hazardous
2026-05-01 08:15:57 UTC,226,228,4.59,0.75,30.3,58.9,Hazardous
2026-05-01 08:16:07 UTC,224,228,4.75,0.77,30.3,59.1,Hazardous
2026-05-01 08:16:17 UTC,226,231,4.58,0.75,30.4,59,Hazardous
2026-05-01 08:16:27 UTC,222,227,4.56,0.75,30.4,59.1,Hazardous
2026-05-01 08:16:37 UTC,225,230,4.58,0.75,30.4,59.3,Hazardous
2026-05-01 08:16:47 UTC,229,231,4.60,0.75,30.4,58.9,Hazardous
2026-05-01 08:16:57 UTC,224,229,4.59,0.75,30.4,58.7,Hazardous
2026-05-01 08:17:07 UTC,227,231,4.55,0.75,30.4,58.7,Hazardous
2026-05-01 08:17:17 UTC,227,231,4.76,0.77,30.5,58.8,Hazardous
2026-05-01 08:17:27 UTC,228,232,4.55,0.75,30.5,58.8,Hazardous
2026-05-01 08:17:37 UTC,226,228,4.70,0.77,30.4,59.2,Hazardous
2026-05-01 08:17:47 UTC,232,237,4.60,0.75,30.5,59.4,Hazardous
2026-05-01 08:17:57 UTC,232,239,4.76,0.77,30.5,59.5,Hazardous
2026-05-01 08:18:07 UTC,230,237,4.56,0.75,30.5,59.4,Hazardous
2026-05-01 08:18:17 UTC,233,243,4.54,0.75,30.6,59.4,Hazardous
2026-05-01 08:18:27 UTC,227,237,4.51,0.74,30.6,59.3,Hazardous
2026-05-01 08:18:37 UTC,231,242,4.54,0.75,30.6,59.2,Hazardous
2026-05-01 08:18:47 UTC,230,235,4.67,0.76,30.6,58.6,Hazardous
2026-05-01 08:18:57 UTC,228,231,4.61,0.75,30.6,58.3,Hazardous
2026-05-01 08:19:07 UTC,229,231,4.76,0.77,30.6,58.8,Hazardous
2026-05-01 08:19:17 UTC,231,231,4.60,0.75,30.6,59.2,Hazardous
2026-05-01 08:19:27 UTC,228,230,4.74,0.77,30.6,60.2,Hazardous
2026-05-01 08:19:37 UTC,230,231,4.60,0.75,30.5,59.3,Hazardous
2026-05-01 08:19:47 UTC,226,230,4.74,0.77,30.5,58.7,Hazardous
2026-05-01 08:19:57 UTC,229,234,4.54,0.75,30.5,58.5,Hazardous
2026-05-01 08:20:07 UTC,233,235,4.56,0.75,30.5,58.7,Hazardous
2026-05-01 08:20:17 UTC,227,232,4.60,0.75,30.4,58.4,Hazardous
2026-05-01 08:20:27 UTC,230,235,4.55,0.75,30.4,58.5,Hazardous
2026-05-01 08:20:37 UTC,229,235,4.59,0.75,30.5,58.9,Hazardous
2026-05-01 08:20:47 UTC,229,233,4.58,0.75,30.4,59.1,Hazardous
2026-05-01 08:20:57 UTC,224,227,4.65,0.76,30.5,59.2,Hazardous
2026-05-01 08:21:07 UTC,228,233,4.55,0.75,30.4,59.3,Hazardous
2026-05-01 08:21:17 UTC,226,232,4.75,0.77,30.5,59.1,Hazardous
2026-05-01 08:21:27 UTC,231,239,4.57,0.75,30.5,59.4,Hazardous
2026-05-01 08:21:37 UTC,228,237,4.65,0.76,30.5,59.5,Hazardous
2026-05-01 08:21:47 UTC,228,235,4.58,0.75,30.5,59.5,Hazardous
2026-05-01 08:21:57 UTC,231,235,4.59,0.75,30.5,59.5,Hazardous
2026-05-01 08:22:07 UTC,228,231,4.54,0.74,30.6,59.5,Hazardous
2026-05-01 08:22:17 UTC,229,233,4.56,0.75,30.6,58.5,Hazardous
2026-05-01 08:22:27 UTC,230,234,4.65,0.76,30.6,57.5,Hazardous
2026-05-01 08:22:37 UTC,229,231,4.56,0.75,30.6,56.7,Hazardous
2026-05-01 08:22:47 UTC,228,232,4.70,0.77,30.6,56.5,Hazardous
2026-05-01 08:22:57 UTC,228,232,4.49,0.74,30.6,56.6,Hazardous
2026-05-01 08:23:07 UTC,230,234,4.70,0.77,30.6,56.9,Hazardous
2026-05-01 08:23:17 UTC,232,236,4.59,0.75,30.6,57,Hazardous
2026-05-01 08:23:27 UTC,226,230,4.70,0.78,30.6,56.9,Hazardous
2026-05-01 08:23:37 UTC,230,232,4.53,0.75,30.7,57.2,Hazardous
2026-05-01 08:23:47 UTC,231,231,4.57,0.75,30.7,57.4,Hazardous
2026-05-01 08:23:57 UTC,230,233,4.55,0.75,30.7,57.8,Hazardous
2026-05-01 08:24:07 UTC,226,228,4.54,0.75,30.7,57.9,Hazardous
2026-05-01 08:24:17 UTC,228,232,4.56,0.75,30.8,57.9,Hazardous
2026-05-01 08:24:27 UTC,229,234,4.57,0.75,30.8,58,Hazardous
2026-05-01 08:24:37 UTC,232,235,4.73,0.77,30.8,58.1,Hazardous
2026-05-01 08:24:47 UTC,232,235,4.50,0.75,30.8,58.3,Hazardous
2026-05-01 08:24:57 UTC,238,240,4.69,0.77,30.8,58.3,Hazardous
2026-05-01 08:25:07 UTC,237,241,4.54,0.75,30.9,58.4,Hazardous
2026-05-01 08:25:17 UTC,241,250,4.65,0.77,30.9,58.4,Hazardous
2026-05-01 08:25:27 UTC,249,258,4.56,0.75,30.9,58.5,Hazardous
2026-05-01 08:25:37 UTC,247,258,4.54,0.75,31,58.4,Hazardous
2026-05-01 08:25:47 UTC,247,256,4.54,0.74,31,58,Hazardous
2026-05-01 08:25:57 UTC,245,249,4.54,0.75,31,57.5,Hazardous
2026-05-01 08:26:07 UTC,243,248,4.70,0.77,31,57.7,Hazardous
2026-05-01 08:26:17 UTC,245,247,4.56,0.75,31,57.6,Hazardous
2026-05-01 08:26:27 UTC,248,252,4.74,0.77,31.1,56.9,Hazardous
2026-05-01 08:26:37 UTC,252,260,4.54,0.75,31.1,56.7,Hazardous
2026-05-01 08:26:47 UTC,250,257,4.76,0.78,31.1,57.1,Hazardous
2026-05-01 08:26:57 UTC,260,272,4.55,0.75,31.1,57.3,Hazardous
2026-05-01 08:27:07 UTC,260,272,4.69,0.77,31.1,58.1,Hazardous
2026-05-01 08:27:17 UTC,266,283,4.55,0.75,31.1,58.6,Hazardous
2026-05-01 08:27:27 UTC,274,299,4.75,0.77,31.1,58.7,Hazardous
2026-05-01 08:27:37 UTC,277,307,4.56,0.75,31.1,58.6,Hazardous
2026-05-01 08:27:47 UTC,287,323,4.54,0.75,31.2,58,Hazardous
2026-05-01 08:27:57 UTC,279,318,4.54,0.75,31.1,56.6,Hazardous
2026-05-01 08:28:07 UTC,266,300,4.54,0.75,31.2,55.6,Hazardous
2026-05-01 08:28:17 UTC,261,284,4.65,0.76,31.2,55.2,Hazardous
2026-05-01 08:28:27 UTC,259,275,4.54,0.75,31.2,55.1,Hazardous
2026-05-01 08:28:37 UTC,252,263,4.70,0.78,31.2,55.2,Hazardous
2026-05-01 08:28:47 UTC,255,264,4.55,0.75,31.2,55.6,Hazardous
2026-05-01 08:28:57 UTC,256,266,4.70,0.77,31.2,56.3,Hazardous
2026-05-01 08:29:07 UTC,258,271,4.55,0.75,31.2,56.7,Hazardous
2026-05-01 08:29:17 UTC,260,277,4.69,0.77,31.3,56.9,Hazardous
2026-05-01 08:29:27 UTC,264,282,4.53,0.75,31.3,57.4,Hazardous
2026-05-01 08:29:37 UTC,262,279,4.54,0.75,31.3,57.8,Hazardous
2026-05-01 08:29:47 UTC,264,280,4.70,0.78,31.3,57.9,Hazardous
2026-05-01 08:29:57 UTC,258,270,4.51,0.74,31.3,57.9,Hazardous
2026-05-01 08:30:07 UTC,258,274,4.55,0.75,31.3,57.8,Hazardous
2026-05-01 08:30:17 UTC,264,278,4.57,0.75,31.4,57.7,Hazardous
2026-05-01 08:30:27 UTC,254,266,4.69,0.77,31.4,57.8,Hazardous
2026-05-01 08:30:37 UTC,251,258,4.49,0.74,31.4,57.4,Hazardous
2026-05-01 08:30:47 UTC,249,259,4.70,0.78,31.4,57,Hazardous
2026-05-01 08:30:57 UTC,249,258,4.52,0.75,31.4,56.8,Hazardous
2026-05-01 08:31:07 UTC,245,256,4.65,0.77,31.4,56.5,Hazardous
2026-05-01 08:31:17 UTC,255,268,4.52,0.74,31.5,56.4,Hazardous
2026-05-01 08:31:27 UTC,256,269,4.51,0.75,31.5,56.6,Hazardous
2026-05-01 08:31:37 UTC,255,269,4.54,0.75,31.5,57.5,Hazardous
2026-05-01 08:31:47 UTC,264,286,4.53,0.75,31.5,57.7,Hazardous
2026-05-01 08:31:57 UTC,278,310,4.68,0.78,31.5,57.6,Hazardous
2026-05-01 08:32:07 UTC,283,319,4.49,0.75,31.5,57.7,Hazardous
2026-05-01 08:32:17 UTC,276,305,4.70,0.78,31.5,57.8,Hazardous
2026-05-01 08:32:27 UTC,279,307,4.53,0.75,31.6,58.1,Hazardous
2026-05-01 08:32:37 UTC,272,300,4.70,0.78,31.6,58,Hazardous
2026-05-01 08:32:47 UTC,266,298,4.49,0.74,31.6,57.7,Hazardous
2026-05-01 08:32:57 UTC,258,285,4.67,0.78,31.6,57.7,Hazardous
2026-05-01 08:33:07 UTC,259,279,4.57,0.75,31.6,56.7,Hazardous
2026-05-01 08:33:17 UTC,257,279,4.49,0.75,31.6,57.4,Hazardous
2026-05-01 08:33:27 UTC,259,277,4.53,0.75,31.6,57.2,Hazardous
2026-05-01 08:33:37 UTC,257,271,4.52,0.75,31.6,57.2,Hazardous
2026-05-01 08:33:47 UTC,251,262,4.52,0.75,31.6,56.9,Hazardous
2026-05-01 08:33:57 UTC,254,265,4.46,0.75,31.7,56.9,Hazardous
2026-05-01 08:34:07 UTC,255,265,4.70,0.77,31.7,56.9,Hazardous
2026-05-01 08:34:17 UTC,256,265,4.52,0.75,31.7,56.9,Hazardous
2026-05-01 08:34:27 UTC,253,261,4.69,0.78,31.7,57.1,Hazardous
2026-05-01 08:34:37 UTC,257,269,4.48,0.74,31.7,57.4,Hazardous
2026-05-01 08:34:47 UTC,260,271,4.70,0.77,31.7,57.3,Hazardous
2026-05-01 08:34:57 UTC,256,266,4.54,0.75,31.7,57.8,Hazardous
2026-05-01 08:35:07 UTC,261,272,4.53,0.75,31.7,58.6,Hazardous
2026-05-01 08:35:17 UTC,262,274,4.52,0.75,31.7,58.6,Hazardous
2026-05-01 08:35:27 UTC,263,274,4.52,0.75,31.7,57.9,Hazardous
2026-05-01 08:35:37 UTC,258,269,4.69,0.77,31.7,57.9,Hazardous
2026-05-01 08:35:47 UTC,260,269,4.54,0.75,31.7,57.6,Hazardous
2026-05-01 08:35:57 UTC,255,268,4.67,0.77,31.7,57.7,Hazardous
2026-05-01 08:36:07 UTC,255,272,4.53,0.75,31.7,57.8,Hazardous
2026-05-01 08:36:17 UTC,256,271,4.66,0.77,31.7,57.8,Hazardous
2026-05-01 08:36:27 UTC,252,269,4.45,0.74,31.8,57.6,Hazardous
2026-05-01 08:36:37 UTC,252,267,4.66,0.77,31.8,57.4,Hazardous
2026-05-01 08:36:47 UTC,251,264,4.48,0.74,31.8,57.2,Hazardous
2026-05-01 08:36:57 UTC,251,261,4.52,0.75,31.8,57.3,Hazardous
2026-05-01 08:37:07 UTC,250,264,4.70,0.78,31.8,56.6,Hazardous
2026-05-01 08:37:17 UTC,251,261,4.54,0.75,31.8,55.5,Hazardous
2026-05-01 08:37:27 UTC,250,256,4.52,0.75,31.8,54.6,Hazardous
2026-05-01 08:37:37 UTC,251,256,4.49,0.74,31.7,53.6,Hazardous
2026-05-01 08:37:47 UTC,247,253,4.66,0.78,31.7,53.3,Hazardous
2026-05-01 08:37:57 UTC,249,256,4.45,0.74,31.6,53.3,Hazardous
2026-05-01 08:38:07 UTC,250,256,4.66,0.77,31.6,53.5,Hazardous
2026-05-01 08:38:17 UTC,252,258,4.57,0.75,31.6,53.6,Hazardous
2026-05-01 08:38:27 UTC,247,252,4.66,0.77,31.6,53.7,Hazardous
2026-05-01 08:38:37 UTC,245,251,4.54,0.75,31.6,53.8,Hazardous
2026-05-01 08:38:47 UTC,254,260,4.54,0.75,31.6,54,Hazardous
2026-05-01 08:38:57 UTC,270,289,4.53,0.75,31.6,54,Hazardous
2026-05-01 08:39:07 UTC,279,321,4.59,0.75,31.6,54,Hazardous
2026-05-01 08:39:17 UTC,285,329,4.66,0.77,31.6,54.4,Hazardous
2026-05-01 08:39:27 UTC,274,303,4.54,0.75,31.6,54.2,Hazardous
2026-05-01 08:39:37 UTC,259,278,4.65,0.77,31.7,54,Hazardous
2026-05-01 08:39:47 UTC,253,264,4.54,0.75,31.7,54,Hazardous
2026-05-01 08:39:57 UTC,248,254,4.61,0.76,31.7,54,Hazardous
2026-05-01 08:40:07 UTC,252,257,4.55,0.75,31.7,54.2,Hazardous
2026-05-01 08:40:17 UTC,249,251,4.66,0.77,31.7,54.4,Hazardous
2026-05-01 08:40:27 UTC,258,274,4.53,0.75,31.7,55.4,Hazardous
2026-05-01 08:40:37 UTC,298,352,4.65,0.76,31.7,56.1,Hazardous
2026-05-01 08:40:47 UTC,328,402,4.55,0.75,31.8,56.2,Hazardous
2026-05-01 08:40:57 UTC,314,370,4.54,0.75,31.7,55.5,Hazardous
2026-05-01 08:41:07 UTC,287,324,4.55,0.75,31.8,55,Hazardous
2026-05-01 08:41:17 UTC,270,291,4.54,0.75,31.8,54.8,Hazardous
2026-05-01 08:41:27 UTC,252,265,4.68,0.77,31.8,54.7,Hazardous
2026-05-01 08:41:37 UTC,249,256,4.54,0.75,31.8,54.7,Hazardous
2026-05-01 08:41:47 UTC,245,250,4.67,0.77,31.8,54.8,Hazardous
2026-05-01 08:41:57 UTC,247,253,4.55,0.75,31.8,54.4,Hazardous
2026-05-01 08:42:07 UTC,244,249,4.67,0.77,31.8,53.9,Hazardous
2026-05-01 08:42:17 UTC,243,249,4.46,0.74,31.8,54.1,Hazardous
2026-05-01 08:42:27 UTC,241,246,4.56,0.75,31.8,54.5,Hazardous
2026-05-01 08:42:37 UTC,237,242,4.56,0.75,31.8,56.3,Hazardous
2026-05-01 08:42:47 UTC,236,240,4.54,0.75,31.8,56.4,Hazardous
2026-05-01 08:42:57 UTC,233,239,4.67,0.77,31.8,56.2,Hazardous
2026-05-01 08:43:07 UTC,240,247,4.58,0.75,31.8,56,Hazardous
2026-05-01 08:43:17 UTC,240,246,4.70,0.77,31.9,55.2,Hazardous
2026-05-01 08:43:27 UTC,245,252,4.54,0.75,31.9,54.1,Hazardous
2026-05-01 08:43:37 UTC,244,250,4.70,0.77,31.9,53.7,Hazardous
2026-05-01 08:43:47 UTC,243,248,4.54,0.75,31.8,53.8,Hazardous
2026-05-01 08:43:57 UTC,239,243,4.68,0.76,31.8,55.9,Hazardous
2026-05-01 08:44:07 UTC,246,248,4.54,0.75,31.9,56.4,Hazardous
2026-05-01 08:44:17 UTC,239,243,4.55,0.75,31.8,56.7,Hazardous
2026-05-01 08:44:27 UTC,239,242,4.49,0.74,31.9,55.9,Hazardous
2026-05-01 08:44:37 UTC,239,241,4.54,0.75,31.8,55.1,Hazardous
2026-05-01 08:44:47 UTC,240,243,4.53,0.75,31.9,54.5,Hazardous
2026-05-01 08:44:57 UTC,241,243,4.51,0.75,31.9,54.3,Hazardous
2026-05-01 08:45:07 UTC,239,240,4.69,0.77,31.9,54.2,Hazardous
2026-05-01 08:45:17 UTC,241,244,4.49,0.74,31.9,55,Hazardous
2026-05-01 08:45:27 UTC,241,242,4.69,0.77,31.9,56.1,Hazardous
2026-05-01 08:45:37 UTC,241,244,4.54,0.75,31.9,56.2,Hazardous
2026-05-01 08:45:47 UTC,239,240,4.70,0.77,31.9,56.1,Hazardous
2026-05-01 08:45:57 UTC,239,241,4.53,0.75,32,55.6,Hazardous
2026-05-01 08:46:07 UTC,241,246,4.54,0.75,32,55.5,Hazardous
2026-05-01 08:46:17 UTC,246,250,4.54,0.75,32,54.6,Hazardous
2026-05-01 08:46:27 UTC,244,245,4.48,0.75,32,54.1,Hazardous
2026-05-01 08:46:37 UTC,241,243,4.65,0.77,32.1,54.1,Hazardous
2026-05-01 08:46:47 UTC,243,244,4.49,0.74,32.1,54.2,Hazardous
2026-05-01 08:46:57 UTC,245,249,4.65,0.76,32.1,54.4,Hazardous
2026-05-01 08:47:07 UTC,246,249,4.51,0.74,32.1,54.8,Hazardous
2026-05-01 08:47:17 UTC,244,249,4.70,0.76,32.1,55.1,Hazardous
2026-05-01 08:47:27 UTC,253,258,4.54,0.75,32.2,55.4,Hazardous
2026-05-01 08:47:37 UTC,246,250,4.63,0.76,32.2,55.7,Hazardous
2026-05-01 08:47:47 UTC,248,254,4.54,0.75,32.2,56.1,Hazardous
2026-05-01 08:47:57 UTC,247,252,4.54,0.75,32.2,55.8,Hazardous
2026-05-01 08:48:07 UTC,244,248,4.54,0.75,32.2,55.8,Hazardous
2026-05-01 08:48:17 UTC,241,244,4.55,0.75,32.2,56.1,Hazardous
2026-05-01 08:48:27 UTC,243,246,4.55,0.75,32.2,56,Hazardous
2026-05-01 08:48:37 UTC,243,246,4.52,0.75,32.2,55.9,Hazardous
2026-05-01 08:48:47 UTC,242,244,4.70,0.77,32.2,55.8,Hazardous
2026-05-01 08:48:57 UTC,243,247,4.55,0.75,32.3,55.5,Hazardous
2026-05-01 08:49:07 UTC,241,244,4.69,0.77,32.3,55.8,Hazardous
2026-05-01 08:49:17 UTC,245,250,4.54,0.75,32.3,55.6,Hazardous
2026-05-01 08:49:27 UTC,244,245,4.70,0.77,32.3,55.4,Hazardous
2026-05-01 08:49:37 UTC,241,242,4.55,0.75,32.3,55.2,Hazardous
2026-05-01 08:49:47 UTC,241,242,4.52,0.74,32.3,54.4,Hazardous
2026-05-01 08:49:57 UTC,243,245,4.54,0.75,32.3,54.1,Hazardous
2026-05-01 08:50:07 UTC,244,246,4.55,0.75,32.3,53.7,Hazardous
2026-05-01 08:50:17 UTC,241,243,4.65,0.77,32.3,53,Hazardous
2026-05-01 08:50:27 UTC,239,239,4.54,0.75,32.3,52.8,Hazardous
2026-05-01 08:50:37 UTC,237,238,4.69,0.77,32.3,53.8,Hazardous
2026-05-01 08:50:47 UTC,241,244,4.54,0.75,32.3,54.6,Hazardous
2026-05-01 08:50:57 UTC,241,245,4.63,0.76,32.3,54.3,Hazardous
2026-05-01 08:51:07 UTC,244,248,4.52,0.75,32.4,55.1,Hazardous
2026-05-01 08:51:17 UTC,243,246,4.70,0.77,32.4,55.2,Hazardous
2026-05-01 08:51:27 UTC,241,242,4.54,0.75,32.4,55.2,Hazardous
2026-05-01 08:51:37 UTC,240,242,4.51,0.75,32.4,55,Hazardous
2026-05-01 08:51:47 UTC,247,248,4.52,0.75,32.4,55.1,Hazardous
2026-05-01 08:51:57 UTC,243,245,4.50,0.74,32.4,55.1,Hazardous
2026-05-01 08:52:07 UTC,241,242,4.50,0.75,32.4,55.7,Hazardous
2026-05-01 08:52:17 UTC,241,243,4.51,0.75,32.4,55.9,Hazardous
2026-05-01 08:52:27 UTC,242,245,4.67,0.77,32.4,54.7,Hazardous
2026-05-01 08:52:37 UTC,242,243,4.56,0.75,32.4,54.4,Hazardous
2026-05-01 08:52:47 UTC,240,241,4.63,0.76,32.5,54.2,Hazardous
2026-05-01 08:52:57 UTC,247,247,4.54,0.75,32.5,54.1,Hazardous
2026-05-01 08:53:07 UTC,241,243,4.63,0.76,32.5,54.3,Hazardous
2026-05-01 08:53:17 UTC,248,248,4.50,0.75,32.5,54.6,Hazardous
2026-05-01 08:53:27 UTC,245,245,4.43,0.74,32.5,54.5,Hazardous
2026-05-01 08:53:37 UTC,246,248,4.53,0.75,32.5,54.8,Hazardous
2026-05-01 08:53:47 UTC,251,251,4.50,0.75,32.5,54.7,Hazardous
2026-05-01 08:53:57 UTC,249,249,4.67,0.77,32.5,54.7,Hazardous
2026-05-01 08:54:07 UTC,251,253,4.49,0.75,32.5,54,Hazardous
2026-05-01 08:54:17 UTC,248,249,4.65,0.77,32.5,52.9,Hazardous
2026-05-01 08:54:27 UTC,251,252,4.44,0.74,32.5,53.5,Hazardous
2026-05-01 08:54:37 UTC,249,249,4.61,0.77,32.5,53.9,Hazardous
2026-05-01 08:54:47 UTC,246,249,4.50,0.75,32.6,54,Hazardous
2026-05-01 08:54:57 UTC,249,251,4.67,0.78,32.6,54,Hazardous
2026-05-01 08:55:07 UTC,248,250,4.49,0.75,32.6,53.8,Hazardous
2026-05-01 08:55:17 UTC,250,252,4.49,0.75,32.6,53.3,Hazardous
2026-05-01 08:55:27 UTC,248,252,4.52,0.75,32.7,53.6,Hazardous
2026-05-01 08:55:37 UTC,254,257,4.51,0.75,32.7,53.7,Hazardous
2026-05-01 08:55:47 UTC,249,251,4.46,0.75,32.7,53,Hazardous
2026-05-01 08:55:57 UTC,250,253,4.49,0.75,32.7,52.8,Hazardous
2026-05-01 08:56:07 UTC,252,253,4.60,0.77,32.7,52.9,Hazardous
2026-05-01 08:56:17 UTC,253,254,4.44,0.74,32.8,53,Hazardous
2026-05-01 08:56:27 UTC,254,255,4.67,0.78,32.8,53.5,Hazardous
2026-05-01 08:56:37 UTC,252,255,4.54,0.76,32.8,54,Hazardous
2026-05-01 08:56:47 UTC,242,245,4.68,0.78,32.9,54,Hazardous
2026-05-01 08:56:57 UTC,233,236,4.53,0.75,32.9,53.9,Hazardous
2026-05-01 08:57:07 UTC,227,229,4.54,0.75,32.9,54.1,Hazardous
2026-05-01 08:57:17 UTC,215,218,4.50,0.75,32.9,54,Hazardous
2026-05-01 08:57:27 UTC,211,213,4.52,0.75,33,53.6,Hazardous
2026-05-01 08:57:37 UTC,203,205,4.68,0.78,32.9,53.6,Hazardous
2026-05-01 08:57:47 UTC,205,207,4.51,0.75,33,53.4,Hazardous
2026-05-01 08:57:57 UTC,201,204,4.70,0.78,33,53.1,Hazardous
2026-05-01 08:58:07 UTC,202,203,4.52,0.75,33,53.1,Hazardous
2026-05-01 08:58:17 UTC,197,200,4.67,0.78,33.1,54,Hazardous
2026-05-01 08:58:27 UTC,197,201,4.55,0.76,33.1,54.7,Hazardous
2026-05-01 08:58:37 UTC,185,190,4.63,0.77,33.1,54.5,Hazardous
2026-05-01 08:58:47 UTC,176,180,4.58,0.76,33.1,53.8,Hazardous
2026-05-01 08:58:57 UTC,171,174,4.70,0.78,33.2,54.2,Hazardous
2026-05-01 08:59:07 UTC,166,168,4.54,0.76,33.2,54.3,Hazardous
2026-05-01 08:59:17 UTC,166,168,4.49,0.74,33.2,54.2,Hazardous
2026-05-01 08:59:27 UTC,159,161,4.57,0.75,33.2,53.7,Hazardous
2026-05-01 08:59:37 UTC,156,158,4.54,0.75,33.2,53.4,Hazardous
2026-05-01 08:59:47 UTC,154,157,4.69,0.78,33.2,53.6,Hazardous
2026-05-01 08:59:57 UTC,153,157,4.52,0.75,33.3,54.1,Hazardous
2026-05-01 09:00:07 UTC,148,152,4.70,0.78,33.3,53.9,Hazardous
2026-05-01 09:00:17 UTC,146,150,4.54,0.75,33.3,53.1,Hazardous
2026-05-01 09:00:27 UTC,142,143,4.70,0.78,33.3,52.6,Hazardous
2026-05-01 09:00:37 UTC,138,141,4.46,0.75,33.3,52.4,Hazardous
2026-05-01 09:00:47 UTC,134,136,4.64,0.77,33.4,52.2,Hazardous
2026-05-01 09:00:57 UTC,131,135,4.54,0.75,33.4,51.7,Hazardous
2026-05-01 09:01:07 UTC,130,135,4.68,0.78,33.3,52.3,Hazardous
2026-05-01 09:01:17 UTC,128,132,4.69,0.77,33.4,53.2,Hazardous
2026-05-01 09:01:27 UTC,127,132,4.50,0.75,33.4,53.7,Hazardous
2026-05-01 09:01:37 UTC,128,133,4.67,0.78,33.4,53.6,Hazardous
2026-05-01 09:01:47 UTC,129,132,4.53,0.75,33.4,54.1,Hazardous
2026-05-01 09:01:57 UTC,127,130,4.59,0.77,33.4,53.4,Hazardous
2026-05-01 09:02:07 UTC,130,132,4.53,0.76,33.4,52.7,Hazardous
2026-05-01 09:02:17 UTC,124,127,4.69,0.77,33.4,52.1,Hazardous
2026-05-01 09:02:27 UTC,122,125,4.41,0.74,33.4,51.8,Hazardous
2026-05-01 09:02:37 UTC,122,122,4.66,0.77,33.4,51.4,Hazardous
2026-05-01 09:02:47 UTC,123,123,4.53,0.75,33.4,51.2,Hazardous
2026-05-01 09:02:57 UTC,121,122,4.66,0.77,33.4,50.8,Hazardous
2026-05-01 09:03:07 UTC,119,121,4.53,0.76,33.4,51.5,Hazardous
2026-05-01 09:03:17 UTC,121,126,4.45,0.74,33.4,51,Hazardous
2026-05-01 09:03:27 UTC,119,121,4.67,0.77,33.3,51.2,Hazardous
2026-05-01 09:03:37 UTC,118,123,4.49,0.75,33.2,51,Hazardous
2026-05-01 09:03:47 UTC,115,120,4.60,0.76,33.2,50.5,Hazardous
2026-05-01 09:03:57 UTC,118,121,4.52,0.75,33.2,50.4,Hazardous
2026-05-01 09:04:07 UTC,110,114,4.65,0.77,33.1,50.5,Hazardous
2026-05-01 09:04:17 UTC,108,113,4.49,0.75,33.1,50.8,Hazardous
2026-05-01 09:04:27 UTC,107,112,4.66,0.77,33.1,51,Hazardous
2026-05-01 09:04:37 UTC,109,112,4.50,0.75,33.1,50.7,Hazardous
2026-05-01 09:04:47 UTC,126,129,4.44,0.74,33.1,50.2,Hazardous
2026-05-01 09:04:57 UTC,151,157,4.68,0.78,33.2,50.5,Hazardous
2026-05-01 09:05:07 UTC,199,230,4.52,0.75,33.2,50.9,Hazardous
2026-05-01 09:05:17 UTC,261,341,4.66,0.78,33.2,52.3,Hazardous
2026-05-01 09:05:27 UTC,263,329,4.49,0.75,33.3,53.8,Hazardous
2026-05-01 09:05:37 UTC,245,295,4.67,0.78,33.3,53.9,Hazardous
2026-05-01 09:05:47 UTC,231,264,4.53,0.75,33.3,53.8,Hazardous
2026-05-01 09:05:57 UTC,230,251,4.68,0.78,33.3,53.8,Hazardous
2026-05-01 09:06:07 UTC,239,256,4.54,0.75,33.3,54.3,Hazardous
2026-05-01 09:06:17 UTC,254,268,4.49,0.74,33.4,54.7,Hazardous
2026-05-01 09:06:27 UTC,262,279,4.55,0.75,33.4,55.6,Hazardous
2026-05-01 09:06:37 UTC,279,300,4.53,0.75,33.4,56,Hazardous
2026-05-01 09:06:47 UTC,280,298,4.59,0.75,33.4,55.4,Hazardous
2026-05-01 09:06:57 UTC,275,291,4.59,0.75,33.4,54.4,Hazardous
2026-05-01 09:07:07 UTC,271,285,4.65,0.76,33.5,54.1,Hazardous
2026-05-01 09:07:17 UTC,280,313,4.59,0.75,33.5,54,Hazardous
2026-05-01 09:07:27 UTC,284,313,4.76,0.78,33.5,53.5,Hazardous
2026-05-01 09:07:37 UTC,268,285,4.55,0.75,33.5,52,Hazardous
2026-05-01 09:07:47 UTC,261,272,4.76,0.78,33.6,51.2,Hazardous
2026-05-01 09:07:57 UTC,255,262,4.58,0.75,33.6,51.3,Hazardous
2026-05-01 09:08:07 UTC,249,253,4.58,0.75,33.6,52.2,Hazardous
2026-05-01 09:08:17 UTC,244,249,4.58,0.75,33.6,53,Hazardous
2026-05-01 09:08:27 UTC,250,254,4.57,0.75,33.6,53.1,Hazardous
2026-05-01 09:08:37 UTC,259,266,4.75,0.77,33.7,53.2,Hazardous
2026-05-01 09:08:47 UTC,271,280,4.60,0.75,33.7,53.9,Hazardous
2026-05-01 09:08:57 UTC,283,298,4.74,0.77,33.7,54.3,Hazardous
2026-05-01 09:09:07 UTC,288,308,4.58,0.75,33.7,52.9,Hazardous
2026-05-01 09:09:17 UTC,283,308,4.70,0.76,33.7,52.1,Hazardous
2026-05-01 09:09:27 UTC,277,292,4.59,0.75,33.8,51.1,Hazardous
2026-05-01 09:09:37 UTC,273,283,4.76,0.78,33.8,50.6,Hazardous
2026-05-01 09:09:47 UTC,269,275,4.57,0.75,33.8,50.5,Hazardous
2026-05-01 09:09:57 UTC,271,276,4.53,0.75,33.8,50.8,Hazardous
2026-05-01 09:10:07 UTC,270,276,4.61,0.75,33.8,50.7,Hazardous
2026-05-01 09:10:17 UTC,269,272,4.55,0.75,33.8,50,Hazardous
2026-05-01 09:10:27 UTC,270,275,4.59,0.75,33.8,49.8,Hazardous
2026-05-01 09:10:37 UTC,278,288,4.53,0.74,33.7,49.9,Hazardous
2026-05-01 09:10:47 UTC,273,281,4.69,0.77,33.7,50.2,Hazardous
2026-05-01 09:10:57 UTC,270,275,4.56,0.75,33.6,50.4,Hazardous
2026-05-01 09:11:07 UTC,263,266,4.70,0.77,33.6,49.9,Hazardous
2026-05-01 09:11:17 UTC,263,265,4.58,0.75,33.6,49.8,Hazardous
2026-05-01 09:11:27 UTC,263,266,4.75,0.77,33.5,50.1,Hazardous
2026-05-01 09:11:37 UTC,263,268,4.59,0.75,33.5,51.2,Hazardous
2026-05-01 09:11:47 UTC,264,267,4.56,0.75,33.6,51.6,Hazardous
2026-05-01 09:11:57 UTC,259,261,4.59,0.75,33.6,51.6,Hazardous
2026-05-01 09:12:07 UTC,264,266,4.54,0.74,33.6,51.4,Hazardous
2026-05-01 09:12:17 UTC,272,275,4.69,0.76,33.7,51.8,Hazardous
2026-05-01 09:12:27 UTC,269,274,4.49,0.74,33.7,51.8,Hazardous
2026-05-01 09:12:37 UTC,260,265,4.76,0.78,33.8,52.1,Hazardous
2026-05-01 09:12:47 UTC,255,258,4.58,0.75,33.8,53.3,Hazardous
2026-05-01 09:12:57 UTC,245,247,4.74,0.77,33.9,53.3,Hazardous
2026-05-01 09:13:07 UTC,243,244,4.57,0.75,33.9,53.3,Hazardous
2026-05-01 09:13:17 UTC,235,237,4.77,0.77,33.9,52.1,Hazardous
2026-05-01 09:13:27 UTC,234,239,4.58,0.75,34,52,Hazardous
2026-05-01 09:13:37 UTC,234,238,4.58,0.75,34,52.1,Hazardous
2026-05-01 09:13:47 UTC,234,238,4.70,0.77,34,52,Hazardous
2026-05-01 09:13:57 UTC,235,239,4.52,0.74,34,51.4,Hazardous
2026-05-01 09:14:07 UTC,237,239,4.74,0.77,34,50.5,Hazardous
2026-05-01 09:14:17 UTC,238,241,4.56,0.75,34,50.6,Hazardous
2026-05-01 09:14:27 UTC,233,235,4.77,0.77,34.1,51,Hazardous
2026-05-01 09:14:37 UTC,234,235,4.58,0.75,34.1,52,Hazardous
2026-05-01 09:14:47 UTC,240,242,4.76,0.77,34.1,52.3,Hazardous
2026-05-01 09:14:57 UTC,259,267,4.59,0.75,34.2,52.5,Hazardous
2026-05-01 09:15:07 UTC,280,303,4.74,0.77,34.2,52.6,Hazardous
2026-05-01 09:15:17 UTC,293,327,4.55,0.75,34.2,52,Hazardous
2026-05-01 09:15:27 UTC,300,331,4.59,0.75,34.2,51.7,Hazardous
2026-05-01 09:15:37 UTC,301,329,4.54,0.74,34.3,51.2,Hazardous
2026-05-01 09:15:47 UTC,293,317,4.54,0.75,34.3,51.9,Hazardous
2026-05-01 09:15:57 UTC,307,340,4.68,0.76,34.4,52.2,Hazardous
2026-05-01 09:16:07 UTC,386,503,4.59,0.75,34.4,52,Hazardous
2026-05-01 09:16:17 UTC,416,573,4.75,0.77,34.5,52.6,Hazardous
2026-05-01 09:16:27 UTC,411,538,4.54,0.75,34.5,53.5,Hazardous
2026-05-01 09:16:37 UTC,372,462,4.70,0.77,34.6,53.1,Hazardous
2026-05-01 09:16:47 UTC,323,376,4.53,0.74,34.7,51.7,Hazardous
2026-05-01 09:16:57 UTC,302,333,4.55,0.75,34.7,51.1,Hazardous
2026-05-01 09:17:07 UTC,281,299,4.58,0.75,34.8,51.1,Hazardous
2026-05-01 09:17:17 UTC,278,291,4.57,0.75,34.9,50.3,Hazardous
2026-05-01 09:17:27 UTC,275,284,4.77,0.77,34.9,50.6,Hazardous
2026-05-01 09:17:37 UTC,277,285,4.58,0.75,35,50.8,Hazardous
2026-05-01 09:17:47 UTC,283,289,4.77,0.77,35,50.5,Hazardous
2026-05-01 09:17:57 UTC,305,341,4.61,0.75,35.1,50.6,Hazardous
2026-05-01 09:18:07 UTC,316,365,4.77,0.78,35.1,51,Hazardous
2026-05-01 09:18:17 UTC,305,343,4.60,0.75,35.2,50.3,Hazardous
2026-05-01 09:18:27 UTC,290,313,4.70,0.77,35.3,50.6,Hazardous
2026-05-01 09:18:37 UTC,279,293,4.59,0.75,35.3,50.1,Hazardous
2026-05-01 09:18:47 UTC,279,288,4.58,0.75,35.4,49.6,Hazardous
2026-05-01 09:18:57 UTC,272,280,4.74,0.77,35.4,49.4,Hazardous
2026-05-01 09:19:07 UTC,270,275,4.56,0.75,35.4,48.5,Hazardous
2026-05-01 09:19:17 UTC,263,266,4.63,0.75,35.5,48.6,Hazardous
2026-05-01 09:19:27 UTC,264,266,4.59,0.75,35.5,49.1,Hazardous
2026-05-01 09:19:37 UTC,264,264,4.70,0.77,35.6,49,Hazardous
2026-05-01 09:19:47 UTC,266,267,4.54,0.74,35.6,49.2,Hazardous
2026-05-01 09:19:57 UTC,268,269,4.76,0.78,35.7,48.6,Hazardous
2026-05-01 09:20:07 UTC,263,264,4.56,0.75,35.7,47.9,Hazardous
2026-05-01 09:20:17 UTC,264,268,4.70,0.78,35.7,48.8,Hazardous
2026-05-01 09:20:27 UTC,266,269,4.60,0.75,35.8,49.5,Hazardous
2026-05-01 09:20:37 UTC,266,270,4.54,0.74,35.8,49.3,Hazardous
2026-05-01 09:20:47 UTC,270,272,4.60,0.75,35.9,49.3,Hazardous
2026-05-01 09:20:57 UTC,268,269,4.57,0.75,35.9,47.9,Hazardous
2026-05-01 09:21:07 UTC,265,268,4.76,0.78,36,47.8,Hazardous
2026-05-01 09:21:17 UTC,262,268,4.59,0.75,36.1,47.5,Hazardous
2026-05-01 09:21:27 UTC,261,266,4.77,0.78,36.1,47.1,Hazardous
2026-05-01 09:21:37 UTC,262,265,4.60,0.75,36.2,47.5,Hazardous
2026-05-01 09:21:47 UTC,262,265,4.77,0.78,36.3,46.3,Hazardous
2026-05-01 09:21:57 UTC,270,282,4.59,0.75,36.3,46.9,Hazardous
2026-05-01 09:22:07 UTC,284,305,4.75,0.77,36.4,46.7,Hazardous
2026-05-01 09:22:17 UTC,279,293,4.60,0.76,36.4,45.9,Hazardous
2026-05-01 09:22:27 UTC,271,282,4.51,0.74,36.5,45.8,Hazardous
2026-05-01 09:22:37 UTC,264,273,4.76,0.77,36.5,46,Hazardous
2026-05-01 09:22:47 UTC,263,270,4.58,0.75,36.6,45.6,Hazardous
2026-05-01 09:22:57 UTC,264,271,4.79,0.77,36.6,46,Hazardous
2026-05-01 09:23:07 UTC,268,276,4.58,0.75,36.6,46.3,Hazardous
2026-05-01 09:23:17 UTC,271,278,4.79,0.77,36.7,46.5,Hazardous
2026-05-01 09:23:27 UTC,266,272,4.56,0.75,36.8,46.9,Hazardous
2026-05-01 09:23:37 UTC,265,270,4.77,0.78,36.8,46.7,Hazardous
2026-05-01 09:23:47 UTC,269,275,4.53,0.75,36.9,46.9,Hazardous
2026-05-01 09:23:57 UTC,265,273,4.78,0.78,37,47.2,Hazardous
2026-05-01 09:24:07 UTC,271,283,4.77,0.77,37.1,47.5,Hazardous
2026-05-01 09:24:17 UTC,273,284,4.59,0.75,37.2,47.6,Hazardous
2026-05-01 09:24:27 UTC,263,271,4.59,0.75,37.3,46.4,Hazardous
2026-05-01 09:24:37 UTC,263,268,4.60,0.75,37.3,45.1,Hazardous
2026-05-01 09:24:47 UTC,259,268,4.75,0.77,37.4,45.8,Hazardous
2026-05-01 09:24:57 UTC,257,263,4.62,0.75,37.4,47,Hazardous
2026-05-01 09:25:07 UTC,258,268,4.77,0.78,37.5,47.6,Hazardous
2026-05-01 09:25:17 UTC,261,269,4.61,0.75,37.5,47.5,Hazardous
2026-05-01 09:25:27 UTC,256,265,4.79,0.78,37.6,47.1,Hazardous
2026-05-01 09:25:37 UTC,258,265,4.57,0.75,37.7,47.1,Hazardous
2026-05-01 09:25:47 UTC,259,263,4.78,0.78,37.7,46.7,Hazardous
2026-05-01 09:25:57 UTC,260,265,4.58,0.75,37.8,45.4,Hazardous
2026-05-01 09:26:07 UTC,256,259,4.54,0.75,37.8,45.5,Hazardous
2026-05-01 09:26:17 UTC,257,260,4.76,0.77,37.9,45.8,Hazardous
2026-05-01 09:26:27 UTC,259,261,4.56,0.75,37.9,45.4,Hazardous
2026-05-01 09:26:37 UTC,253,257,4.85,0.78,38,45.2,Hazardous
2026-05-01 09:26:47 UTC,259,263,4.65,0.76,38,45.5,Hazardous
2026-05-01 09:26:57 UTC,254,257,4.84,0.78,38,43.4,Hazardous
2026-05-01 09:27:07 UTC,256,259,4.62,0.75,38,42.8,Hazardous
2026-05-01 09:27:17 UTC,252,254,4.87,0.78,38,42.6,Hazardous
2026-05-01 09:27:27 UTC,255,257,4.65,0.76,38,42.3,Hazardous
2026-05-01 09:27:37 UTC,255,256,4.70,0.76,38,42.7,Hazardous
2026-05-01 09:27:47 UTC,255,257,4.88,0.79,38,43.6,Hazardous
2026-05-01 09:27:57 UTC,256,258,4.68,0.76,38.1,43.8,Hazardous
2026-05-01 09:28:07 UTC,258,261,4.92,0.79,38.2,44.5,Hazardous
2026-05-01 09:28:17 UTC,256,258,4.66,0.76,38.2,43.9,Hazardous
2026-05-01 09:28:27 UTC,250,253,4.91,0.79,38.3,43.4,Hazardous
2026-05-01 09:28:37 UTC,256,259,4.66,0.76,38.3,42.3,Hazardous
2026-05-01 09:28:47 UTC,256,258,4.88,0.79,38.4,42,Hazardous
2026-05-01 09:28:57 UTC,254,255,4.67,0.76,38.5,42.4,Hazardous
2026-05-01 09:29:07 UTC,252,256,4.84,0.78,38.5,43.2,Hazardous
2026-05-01 09:29:17 UTC,250,253,4.88,0.79,38.6,43.7,Hazardous
2026-05-01 09:29:27 UTC,254,257,4.70,0.76,38.6,43.3,Hazardous
2026-05-01 09:29:37 UTC,250,252,4.66,0.76,38.7,43.2,Hazardous
2026-05-01 09:29:47 UTC,254,257,4.69,0.76,38.7,43.9,Hazardous
2026-05-01 09:29:57 UTC,251,254,4.87,0.79,38.8,44.5,Hazardous
2026-05-01 09:30:07 UTC,250,251,4.62,0.75,38.9,43.9,Hazardous
2026-05-01 09:30:17 UTC,249,250,4.86,0.78,39,44.4,Hazardous
2026-05-01 09:30:27 UTC,248,248,4.65,0.76,39.1,43.3,Hazardous
2026-05-01 09:30:37 UTC,247,248,4.82,0.78,39.2,41.9,Hazardous
2026-05-01 09:30:47 UTC,246,247,4.66,0.75,39.1,41.1,Hazardous
2026-05-01 09:30:57 UTC,251,253,4.83,0.78,39.1,41.9,Hazardous
2026-05-01 09:31:07 UTC,245,247,4.63,0.76,39.1,42.8,Hazardous
2026-05-01 09:31:17 UTC,247,248,4.59,0.75,39.1,42.9,Hazardous
2026-05-01 09:31:27 UTC,250,252,4.84,0.78,39.1,41,Hazardous
2026-05-01 09:31:37 UTC,253,255,4.61,0.76,39.1,40.4,Hazardous
2026-05-01 09:31:47 UTC,252,253,4.77,0.78,39,42,Hazardous
2026-05-01 09:31:57 UTC,249,250,4.65,0.76,38.9,42.6,Hazardous
2026-05-01 09:32:07 UTC,250,251,4.80,0.78,39,42.4,Hazardous
2026-05-01 09:32:17 UTC,253,253,4.68,0.75,39,41.4,Hazardous
2026-05-01 09:32:27 UTC,248,249,4.82,0.78,39,41.3,Hazardous
2026-05-01 09:32:37 UTC,250,252,4.54,0.74,39.1,42.2,Hazardous
2026-05-01 09:32:47 UTC,249,250,4.63,0.76,39.1,42.3,Hazardous
2026-05-01 09:32:57 UTC,251,252,4.82,0.78,39.2,42.8,Hazardous
2026-05-01 09:33:07 UTC,248,251,4.54,0.75,39.2,43,Hazardous
2026-05-01 09:33:17 UTC,251,252,4.85,0.78,39.3,42.8,Hazardous
2026-05-01 09:33:27 UTC,250,252,4.60,0.75,39.3,43.6,Hazardous
2026-05-01 09:33:37 UTC,250,251,4.76,0.77,39.4,43.3,Hazardous
2026-05-01 09:33:47 UTC,253,254,4.57,0.75,39.4,42.9,Hazardous
2026-05-01 09:33:57 UTC,246,248,4.82,0.78,39.5,42.7,Hazardous
2026-05-01 09:34:07 UTC,249,250,4.54,0.75,39.5,42.6,Hazardous
2026-05-01 09:34:17 UTC,248,248,4.80,0.78,39.6,42.9,Hazardous
2026-05-01 09:34:27 UTC,246,248,4.80,0.78,39.7,42.6,Hazardous
2026-05-01 09:34:37 UTC,248,249,4.62,0.75,39.8,42.4,Hazardous
2026-05-01 09:34:47 UTC,250,251,4.83,0.78,39.8,41.4,Hazardous
2026-05-01 09:34:57 UTC,246,248,4.60,0.75,39.8,41.5,Hazardous
2026-05-01 09:35:07 UTC,244,246,4.82,0.78,39.9,42.2,Hazardous
2026-05-01 09:35:17 UTC,247,249,4.60,0.75,39.9,41.5,Hazardous
2026-05-01 09:35:27 UTC,246,248,4.82,0.78,39.9,40.9,Hazardous
2026-05-01 09:35:37 UTC,250,252,4.61,0.75,39.9,41.2,Hazardous
2026-05-01 09:35:47 UTC,245,247,4.80,0.78,40,40.9,Hazardous
2026-05-01 09:35:57 UTC,249,251,4.60,0.75,39.9,40.5,Hazardous
2026-05-01 09:36:07 UTC,247,248,4.80,0.78,39.8,39.8,Hazardous
2026-05-01 09:36:17 UTC,246,248,4.60,0.75,39.8,39.7,Hazardous
2026-05-01 09:36:27 UTC,244,247,4.54,0.74,39.8,39.4,Hazardous
2026-05-01 09:36:37 UTC,245,247,4.76,0.77,39.8,40.1,Hazardous
2026-05-01 09:36:47 UTC,245,247,4.62,0.75,39.8,41.7,Hazardous
2026-05-01 09:36:57 UTC,243,246,4.77,0.78,39.9,41.6,Hazardous
2026-05-01 09:37:07 UTC,242,245,4.57,0.75,39.9,39.7,Hazardous
2026-05-01 09:37:17 UTC,243,245,4.78,0.78,39.8,39.1,Hazardous
2026-05-01 09:37:27 UTC,244,247,4.59,0.75,39.8,39.3,Hazardous
2026-05-01 09:37:37 UTC,248,250,4.80,0.78,39.8,40.7,Hazardous
2026-05-01 09:37:47 UTC,248,250,4.61,0.75,39.8,41.9,Hazardous
2026-05-01 09:37:57 UTC,247,249,4.51,0.73,39.8,42.3,Hazardous
2026-05-01 09:38:07 UTC,245,247,4.81,0.77,39.9,41.1,Hazardous
2026-05-01 09:38:17 UTC,248,251,4.63,0.75,39.9,41.3,Hazardous
2026-05-01 09:38:27 UTC,250,252,4.77,0.77,40,41,Hazardous
2026-05-01 09:38:37 UTC,253,255,4.60,0.75,40,40.3,Hazardous
2026-05-01 09:38:47 UTC,247,250,4.74,0.77,40,40.2,Hazardous
2026-05-01 09:38:57 UTC,246,249,4.59,0.75,40.1,40.2,Hazardous
2026-05-01 09:39:07 UTC,246,248,4.76,0.77,40.1,40.5,Hazardous
2026-05-01 09:39:17 UTC,249,250,4.55,0.74,40.2,40.6,Hazardous
2026-05-01 09:39:27 UTC,246,247,4.78,0.77,40.2,39.5,Hazardous
2026-05-01 09:39:37 UTC,243,245,4.69,0.77,40.2,38.9,Hazardous
2026-05-01 09:39:47 UTC,245,245,4.57,0.75,40.1,39.1,Hazardous
2026-05-01 09:39:57 UTC,244,246,4.70,0.76,40.2,40.2,Hazardous
2026-05-01 09:40:07 UTC,243,245,4.54,0.74,40.3,39.9,Hazardous
2026-05-01 09:40:17 UTC,243,245,4.74,0.76,40.3,39.2,Hazardous
2026-05-01 09:40:27 UTC,243,244,4.51,0.74,40.2,38.8,Hazardous
2026-05-01 09:40:37 UTC,244,246,4.70,0.77,40.2,39.3,Hazardous
2026-05-01 09:40:47 UTC,243,246,4.49,0.73,40.2,39.9,Hazardous
2026-05-01 09:40:57 UTC,241,244,4.70,0.76,40.3,40.2,Hazardous
2026-05-01 09:41:07 UTC,242,245,4.52,0.74,40.3,40.3,Hazardous
2026-05-01 09:41:17 UTC,241,244,4.66,0.76,40.4,39.5,Hazardous
2026-05-01 09:41:27 UTC,240,242,4.54,0.74,40.4,39.3,Hazardous
2026-05-01 09:41:37 UTC,238,241,4.54,0.74,40.4,39.5,Hazardous
2026-05-01 09:41:47 UTC,242,244,4.70,0.76,40.4,39.4,Hazardous
2026-05-01 09:41:57 UTC,242,244,4.54,0.74,40.5,39.6,Hazardous
2026-05-01 09:42:07 UTC,242,244,4.70,0.77,40.5,40,Hazardous
2026-05-01 09:42:17 UTC,242,245,4.54,0.74,40.5,39.1,Hazardous
2026-05-01 09:42:27 UTC,244,245,4.68,0.76,40.5,40.1,Hazardous
2026-05-01 09:42:37 UTC,242,245,4.54,0.74,40.5,40.3,Hazardous
2026-05-01 09:42:47 UTC,238,240,4.67,0.76,40.5,39.7,Hazardous
2026-05-01 09:42:57 UTC,241,243,4.54,0.74,40.2,38.1,Hazardous
2026-05-01 09:43:07 UTC,235,237,4.65,0.75,39.8,38.3,Hazardous
2026-05-01 09:43:17 UTC,237,238,4.62,0.75,39.7,38.5,Hazardous
2026-05-01 09:43:27 UTC,237,239,4.49,0.74,39.6,40.3,Hazardous
2026-05-01 09:43:37 UTC,236,240,4.70,0.76,39.6,41.1,Hazardous
2026-05-01 09:43:47 UTC,242,246,4.53,0.74,39.6,41.5,Hazardous
2026-05-01 09:43:57 UTC,238,241,4.67,0.76,39.6,41.3,Hazardous
2026-05-01 09:44:07 UTC,241,245,4.52,0.74,39.6,41.4,Hazardous
2026-05-01 09:44:17 UTC,239,245,4.82,0.77,39.6,41.7,Hazardous
2026-05-01 09:44:27 UTC,199,204,4.69,0.75,39.6,40.9,Hazardous
2026-05-01 09:44:37 UTC,110,117,4.87,0.78,39.5,41.2,Hazardous
2026-05-01 09:44:47 UTC,255,255,5.44,0.77,34.5,56.6,Hazardous
2026-05-01 09:44:57 UTC,253,255,5.26,0.75,34.5,56.9,Hazardous
2026-05-01 09:45:07 UTC,256,257,5.38,0.76,34.5,56.4,Hazardous
2026-05-01 09:45:17 UTC,257,257,5.29,0.75,34.6,57.3,Hazardous
2026-05-01 09:45:27 UTC,248,248,5.28,0.75,34.7,58.8,Hazardous
2026-05-01 09:45:37 UTC,243,245,5.26,0.75,34.7,59.9,Hazardous
2026-05-01 09:45:47 UTC,253,254,5.23,0.75,34.8,58.7,Hazardous
2026-05-01 09:45:57 UTC,258,258,5.25,0.75,34.8,56.7,Hazardous
2026-05-01 09:46:07 UTC,258,258,5.26,0.75,34.9,55.8,Hazardous
2026-05-01 09:46:17 UTC,259,259,5.43,0.77,34.9,56,Hazardous
2026-05-01 09:46:27 UTC,256,256,5.25,0.75,35,56.5,Hazardous
2026-05-01 09:46:37 UTC,249,250,5.39,0.76,35,55.6,Hazardous
2026-05-01 09:46:47 UTC,253,254,5.28,0.75,35.1,55,Hazardous
2026-05-01 09:46:57 UTC,247,247,5.43,0.76,35.1,55.6,Hazardous
2026-05-01 09:47:07 UTC,247,247,5.25,0.75,35.2,57.9,Hazardous
2026-05-01 09:47:17 UTC,247,248,5.20,0.74,35.2,56.2,Hazardous
2026-05-01 09:47:27 UTC,250,250,5.20,0.74,35.2,56.2,Hazardous
2026-05-01 09:47:37 UTC,246,249,5.29,0.75,35.3,56.5,Hazardous
2026-05-01 09:47:47 UTC,253,254,5.41,0.76,35.3,56.3,Hazardous
2026-05-01 09:47:57 UTC,255,257,5.32,0.75,35.4,56,Hazardous
2026-05-01 09:48:07 UTC,254,254,5.43,0.76,35.4,55.2,Hazardous
2026-05-01 09:48:17 UTC,256,256,5.25,0.75,35.5,53.9,Hazardous
2026-05-01 09:48:27 UTC,253,255,5.43,0.77,35.5,53.4,Hazardous
2026-05-01 09:48:37 UTC,256,259,5.28,0.75,35.6,53.2,Hazardous
2026-05-01 09:48:47 UTC,254,255,5.42,0.76,35.6,54.8,Hazardous
2026-05-01 09:48:57 UTC,255,260,5.23,0.74,35.7,55.3,Hazardous
2026-05-01 09:49:07 UTC,259,260,5.27,0.75,35.7,54.1,Hazardous
2026-05-01 09:49:17 UTC,254,256,5.27,0.74,35.7,52.9,Hazardous
2026-05-01 09:49:27 UTC,252,253,5.27,0.75,35.8,53.1,Hazardous
2026-05-01 09:49:37 UTC,250,252,5.24,0.74,35.7,53.2,Hazardous
2026-05-01 09:49:47 UTC,250,252,5.25,0.75,35.6,53,Hazardous
2026-05-01 09:49:57 UTC,251,254,5.37,0.76,35.6,52.5,Hazardous
2026-05-01 09:50:07 UTC,259,260,5.25,0.75,35.6,52.1,Hazardous
2026-05-01 09:50:17 UTC,254,254,5.43,0.77,35.6,52,Hazardous
2026-05-01 09:50:27 UTC,257,257,5.25,0.75,35.7,52.9,Hazardous
2026-05-01 09:50:37 UTC,251,251,5.42,0.76,35.6,52.9,Hazardous
2026-05-01 09:50:47 UTC,247,248,5.27,0.75,35.7,52.3,Hazardous
2026-05-01 09:50:57 UTC,254,254,5.17,0.73,35.7,52.3,Hazardous
2026-05-01 09:51:07 UTC,252,253,5.19,0.73,35.8,51.8,Hazardous
2026-05-01 09:51:17 UTC,257,257,5.21,0.74,35.8,51.5,Hazardous
2026-05-01 09:51:27 UTC,250,251,5.37,0.76,35.8,51.2,Hazardous
2026-05-01 09:51:37 UTC,254,255,5.21,0.74,35.9,51.6,Hazardous
2026-05-01 09:51:47 UTC,257,257,5.37,0.76,35.9,52.6,Hazardous
2026-05-01 09:51:57 UTC,255,258,5.20,0.74,35.9,53.2,Hazardous
2026-05-01 09:52:07 UTC,254,257,5.35,0.76,35.9,53.3,Hazardous
2026-05-01 09:52:17 UTC,253,255,5.23,0.74,35.8,53.8,Hazardous
2026-05-01 09:52:27 UTC,252,252,5.24,0.74,35.8,54.1,Hazardous
2026-05-01 09:52:37 UTC,252,253,5.24,0.74,35.7,53.5,Hazardous
2026-05-01 09:52:47 UTC,251,253,5.25,0.74,35.6,53.7,Hazardous
2026-05-01 09:52:57 UTC,253,256,5.39,0.76,35.6,53.4,Hazardous
2026-05-01 09:53:07 UTC,253,254,5.24,0.74,35.6,52.5,Hazardous
2026-05-01 09:53:17 UTC,253,254,5.39,0.76,35.6,53.2,Hazardous
2026-05-01 09:53:27 UTC,256,256,5.23,0.74,35.6,54.3,Hazardous
2026-05-01 09:53:37 UTC,253,253,5.37,0.76,35.6,54.1,Hazardous
2026-05-01 09:53:47 UTC,256,258,5.25,0.74,35.6,53.4,Hazardous
2026-05-01 09:53:57 UTC,254,256,5.42,0.76,35.6,52.4,Hazardous
2026-05-01 09:54:07 UTC,263,266,5.24,0.74,35.7,52.7,Hazardous
2026-05-01 09:54:17 UTC,261,263,5.24,0.74,35.7,52.8,Hazardous
2026-05-01 09:54:27 UTC,260,262,5.21,0.74,35.7,53,Hazardous
2026-05-01 09:54:37 UTC,263,265,5.24,0.74,35.7,52.9,Hazardous
2026-05-01 09:54:47 UTC,261,263,5.23,0.74,35.7,52.7,Hazardous
2026-05-01 09:54:57 UTC,257,259,5.19,0.74,35.7,52.9,Hazardous
2026-05-01 09:55:07 UTC,259,260,5.37,0.76,35.7,53.9,Hazardous
2026-05-01 09:55:17 UTC,266,266,5.16,0.73,35.8,54.7,Hazardous
2026-05-01 09:55:27 UTC,258,259,5.39,0.76,35.7,54.2,Hazardous
2026-05-01 09:55:37 UTC,259,261,5.24,0.74,35.7,53.1,Hazardous
2026-05-01 09:55:47 UTC,260,261,5.40,0.76,35.7,52.7,Hazardous
2026-05-01 09:55:57 UTC,256,256,5.23,0.74,35.7,52.6,Hazardous
2026-05-01 09:56:07 UTC,255,256,5.23,0.74,35.7,52.7,Hazardous
2026-05-01 09:56:17 UTC,256,256,5.20,0.74,35.8,52.1,Hazardous
2026-05-01 09:56:27 UTC,256,257,5.17,0.73,35.8,52,Hazardous
2026-05-01 09:56:37 UTC,256,257,5.37,0.76,35.8,52.3,Hazardous
2026-05-01 09:56:47 UTC,263,263,5.22,0.74,35.8,52.7,Hazardous
2026-05-01 09:56:57 UTC,260,262,5.39,0.76,35.8,53,Hazardous
2026-05-01 09:57:07 UTC,258,258,5.27,0.74,35.8,53.4,Hazardous
2026-05-01 09:57:17 UTC,260,260,5.39,0.76,35.8,52.4,Hazardous
2026-05-01 09:57:27 UTC,258,258,5.26,0.74,35.7,51.7,Hazardous
2026-05-01 09:57:37 UTC,256,259,5.23,0.74,35.7,52.3,Hazardous
2026-05-01 09:57:47 UTC,257,257,5.21,0.74,35.7,51.7,Hazardous
2026-05-01 09:57:57 UTC,250,252,5.22,0.74,35.7,51.5,Hazardous
2026-05-01 09:58:07 UTC,249,251,5.37,0.76,35.7,53.2,Hazardous
2026-05-01 09:58:17 UTC,250,253,5.24,0.74,35.7,53,Hazardous
2026-05-01 09:58:27 UTC,248,249,5.36,0.76,35.7,52.8,Hazardous
2026-05-01 09:58:37 UTC,254,257,5.16,0.73,35.7,52.7,Hazardous
2026-05-01 09:58:47 UTC,254,255,5.36,0.75,35.7,53.2,Hazardous
2026-05-01 09:58:57 UTC,257,257,5.24,0.74,35.7,52.8,Hazardous
2026-05-01 09:59:07 UTC,253,253,5.37,0.76,35.6,52.2,Hazardous
2026-05-01 09:59:17 UTC,249,250,5.16,0.73,35.6,52,Hazardous
2026-05-01 09:59:27 UTC,254,254,5.22,0.74,35.6,52.4,Hazardous
2026-05-01 09:59:37 UTC,251,253,5.37,0.76,35.6,52.7,Hazardous
2026-05-01 09:59:47 UTC,249,250,5.23,0.74,35.6,52.9,Hazardous
2026-05-01 09:59:57 UTC,251,254,5.35,0.76,35.6,52.5,Hazardous
2026-05-01 10:00:07 UTC,252,254,5.20,0.74,35.6,52.3,Hazardous
2026-05-01 10:00:17 UTC,251,253,5.37,0.76,35.6,51.9,Hazardous
2026-05-01 10:00:27 UTC,252,252,5.14,0.73,35.7,51.8,Hazardous
2026-05-01 10:00:37 UTC,255,255,5.37,0.76,35.6,52.9,Hazardous
2026-05-01 10:00:47 UTC,258,259,5.23,0.74,35.6,53.6,Hazardous
2026-05-01 10:00:57 UTC,262,262,5.19,0.74,35.6,53.6,Hazardous
2026-05-01 10:01:07 UTC,254,255,5.18,0.74,35.6,53.4,Hazardous
2026-05-01 10:01:17 UTC,252,254,5.21,0.74,35.5,54.3,Hazardous
2026-05-01 10:01:27 UTC,247,247,5.19,0.74,35.5,55.5,Hazardous
2026-05-01 10:01:37 UTC,251,252,5.21,0.74,35.6,55.4,Hazardous
2026-05-01 10:01:47 UTC,255,256,5.38,0.76,35.5,54.4,Hazardous
2026-05-01 10:01:57 UTC,259,260,5.22,0.74,35.5,54,Hazardous
2026-05-01 10:02:07 UTC,265,267,5.37,0.76,35.5,53.2,Hazardous
2026-05-01 10:02:17 UTC,265,267,5.18,0.74,35.5,54.6,Hazardous
2026-05-01 10:02:27 UTC,271,273,5.37,0.76,35.4,53.7,Hazardous
2026-05-01 10:02:37 UTC,265,268,5.18,0.74,35.4,52.9,Hazardous
2026-05-01 10:02:47 UTC,269,271,5.18,0.74,35.3,52.7,Hazardous
2026-05-01 10:02:57 UTC,270,270,5.14,0.73,35.3,52.7,Hazardous
2026-05-01 10:03:07 UTC,271,271,5.19,0.74,35.2,52.6,Hazardous
2026-05-01 10:03:17 UTC,269,269,5.33,0.76,35.2,53.3,Hazardous
2026-05-01 10:03:27 UTC,268,268,5.11,0.73,35.2,53.6,Hazardous
2026-05-01 10:03:37 UTC,265,265,5.25,0.75,35.2,53.2,Hazardous
2026-05-01 10:03:47 UTC,266,266,5.17,0.74,35.2,52.9,Hazardous
2026-05-01 10:03:57 UTC,264,264,5.32,0.76,35.2,54.3,Hazardous
2026-05-01 10:04:07 UTC,260,260,5.14,0.74,35.2,54.7,Hazardous
2026-05-01 10:04:17 UTC,259,259,5.12,0.73,35.1,54,Hazardous
2026-05-01 10:04:27 UTC,262,262,5.15,0.74,35,53.9,Hazardous
2026-05-01 10:04:37 UTC,262,262,5.16,0.74,35,54.2,Hazardous
2026-05-01 10:04:47 UTC,258,258,5.30,0.76,34.9,54,Hazardous
2026-05-01 10:04:57 UTC,265,266,5.16,0.73,34.9,54.1,Hazardous
2026-05-01 10:05:07 UTC,259,262,5.31,0.76,34.9,54.2,Hazardous
2026-05-01 10:05:17 UTC,258,259,5.17,0.74,34.9,54,Hazardous
2026-05-01 10:05:27 UTC,254,255,5.31,0.76,34.9,54.2,Hazardous
2026-05-01 10:05:37 UTC,261,262,5.16,0.74,34.9,54.1,Hazardous
2026-05-01 10:05:47 UTC,260,260,5.34,0.76,34.9,53.5,Hazardous
2026-05-01 10:05:57 UTC,263,263,5.14,0.74,35,53.3,Hazardous
2026-05-01 10:06:07 UTC,258,260,5.18,0.74,35,53.1,Hazardous
2026-05-01 10:06:17 UTC,254,255,5.18,0.74,35,52.9,Hazardous
2026-05-01 10:06:27 UTC,258,259,5.17,0.74,35.1,53.1,Hazardous
2026-05-01 10:06:37 UTC,261,262,5.18,0.74,35.1,53.8,Hazardous
2026-05-01 10:06:47 UTC,264,267,5.17,0.74,35.1,53.3,Hazardous
2026-05-01 10:06:57 UTC,265,267,5.31,0.76,35.1,53.2,Hazardous
2026-05-01 10:07:07 UTC,262,263,5.17,0.74,35.1,54.9,Hazardous
2026-05-01 10:07:17 UTC,265,266,5.31,0.76,35.2,54.7,Hazardous
2026-05-01 10:07:27 UTC,266,267,5.14,0.74,35.2,54.1,Hazardous
2026-05-01 10:07:37 UTC,265,265,5.31,0.76,35.2,53.3,Hazardous
2026-05-01 10:07:47 UTC,268,269,5.11,0.73,35.2,53,Hazardous
2026-05-01 10:07:57 UTC,265,269,5.16,0.74,35.2,52.7,Hazardous
2026-05-01 10:08:07 UTC,267,270,5.09,0.73,35.2,53,Hazardous
2026-05-01 10:08:17 UTC,267,269,5.12,0.73,35.2,54.1,Hazardous
2026-05-01 10:08:27 UTC,309,310,6.83,0.98,35.2,54.6,Hazardous
2026-05-01 10:08:37 UTC,923,1046,6.30,0.89,35.2,55,Hazardous
2026-05-01 10:08:47 UTC,668,760,5.96,0.84,35.2,54.5,Hazardous
2026-05-01 10:08:57 UTC,418,465,5.54,0.78,35.2,54.5,Hazardous
2026-05-01 10:09:07 UTC,313,336,5.64,0.8,35.3,53.9,Hazardous
2026-05-01 10:09:17 UTC,285,297,5.48,0.78,35.3,53.8,Hazardous
2026-05-01 10:09:27 UTC,279,282,5.46,0.78,35.3,53.6,Hazardous
2026-05-01 10:09:37 UTC,257,259,5.48,0.78,35.3,54.1,Hazardous
2026-05-01 10:09:47 UTC,266,267,5.44,0.78,35.3,52.5,Hazardous
2026-05-01 10:09:57 UTC,269,271,5.57,0.79,35.3,52.6,Hazardous
2026-05-01 10:10:07 UTC,277,278,5.45,0.78,35.3,52.6,Hazardous
2026-05-01 10:10:17 UTC,277,277,5.54,0.79,35.4,53.2,Hazardous
2026-05-01 10:10:27 UTC,281,281,5.38,0.77,35.4,54.1,Hazardous
2026-05-01 10:10:37 UTC,276,276,5.57,0.8,35.5,54.2,Hazardous
2026-05-01 10:10:47 UTC,277,278,5.42,0.78,35.5,53.5,Hazardous
2026-05-01 10:10:57 UTC,280,283,5.60,0.8,35.6,52.6,Hazardous
2026-05-01 10:11:07 UTC,273,277,5.43,0.78,35.7,52,Hazardous
2026-05-01 10:11:17 UTC,275,278,5.44,0.78,35.8,51.7,Hazardous
2026-05-01 10:11:27 UTC,273,276,5.46,0.78,35.9,51.7,Hazardous
2026-05-01 10:11:37 UTC,274,278,5.39,0.77,36,51.8,Hazardous
2026-05-01 10:11:47 UTC,280,281,5.43,0.78,36.1,52.8,Hazardous
2026-05-01 10:11:57 UTC,276,277,5.47,0.78,36.2,52.6,Hazardous
2026-05-01 10:12:07 UTC,276,278,5.56,0.79,36.2,52.3,Hazardous
2026-05-01 10:12:17 UTC,280,280,5.44,0.78,36.3,53,Hazardous
2026-05-01 10:12:27 UTC,277,278,5.56,0.8,36.3,52.7,Hazardous
2026-05-01 10:12:37 UTC,276,278,5.46,0.78,36.3,52.5,Hazardous
2026-05-01 10:12:47 UTC,276,277,5.55,0.79,36.4,52.7,Hazardous
2026-05-01 10:12:57 UTC,278,280,5.37,0.77,36.4,53.1,Hazardous
2026-05-01 10:13:07 UTC,280,280,5.43,0.78,36.4,52.5,Hazardous
2026-05-01 10:13:17 UTC,282,284,5.43,0.78,36.5,51.5,Hazardous
2026-05-01 10:13:27 UTC,278,282,5.43,0.77,36.6,50.7,Hazardous
2026-05-01 10:13:37 UTC,277,279,5.58,0.79,36.7,50.3,Hazardous
2026-05-01 10:13:47 UTC,277,280,5.43,0.78,36.8,50.9,Hazardous
2026-05-01 10:13:57 UTC,284,289,5.57,0.79,36.9,51.2,Hazardous
2026-05-01 10:14:07 UTC,283,286,5.42,0.77,37,49.9,Hazardous
2026-05-01 10:14:17 UTC,281,283,5.55,0.79,37.1,50.8,Hazardous
2026-05-01 10:14:27 UTC,283,285,5.39,0.77,37.1,51.4,Hazardous
2026-05-01 10:14:37 UTC,285,288,5.57,0.8,37.2,52,Hazardous
2026-05-01 10:14:47 UTC,287,289,5.43,0.78,37.2,50.9,Hazardous
2026-05-01 10:14:57 UTC,293,296,5.38,0.77,37.1,49.9,Hazardous
2026-05-01 10:15:07 UTC,290,291,5.59,0.79,37.2,48.9,Hazardous
2026-05-01 10:15:17 UTC,293,294,5.42,0.77,37.1,49.3,Hazardous
2026-05-01 10:15:27 UTC,288,288,5.57,0.79,37.1,49.9,Hazardous
2026-05-01 10:15:37 UTC,286,286,5.38,0.77,37,50.1,Hazardous
2026-05-01 10:15:47 UTC,285,285,5.53,0.78,36.8,49.1,Hazardous
2026-05-01 10:15:57 UTC,283,284,5.42,0.78,36.7,48.9,Hazardous
2026-05-01 10:16:07 UTC,268,270,5.53,0.79,36.7,50.4,Hazardous
2026-05-01 10:16:17 UTC,256,258,5.43,0.77,36.6,51.2,Hazardous
2026-05-01 10:16:27 UTC,251,252,5.43,0.78,36.6,51.5,Hazardous
2026-05-01 10:16:37 UTC,261,263,5.54,0.79,36.6,51.4,Hazardous
2026-05-01 10:16:47 UTC,271,273,5.39,0.77,36.7,50.3,Hazardous
2026-05-01 10:16:57 UTC,273,275,5.48,0.78,36.7,49.4,Hazardous
2026-05-01 10:17:07 UTC,277,280,5.43,0.77,36.8,48.9,Hazardous
2026-05-01 10:17:17 UTC,277,281,5.61,0.8,36.8,50.5,Hazardous
2026-05-01 10:17:27 UTC,273,277,5.48,0.78,36.8,50.7,Hazardous
2026-05-01 10:17:37 UTC,275,279,5.58,0.79,36.9,51.2,Hazardous
2026-05-01 10:17:47 UTC,279,282,5.39,0.77,36.9,51.5,Hazardous
2026-05-01 10:17:57 UTC,276,278,5.54,0.78,36.9,50.7,Hazardous
2026-05-01 10:18:07 UTC,278,279,5.43,0.77,36.8,50.7,Hazardous
2026-05-01 10:18:17 UTC,272,272,5.37,0.77,36.8,50.5,Hazardous
2026-05-01 10:18:27 UTC,276,277,5.43,0.77,36.7,50.4,Hazardous
2026-05-01 10:18:37 UTC,271,271,5.43,0.77,36.7,50.3,Hazardous
2026-05-01 10:18:47 UTC,275,275,5.59,0.79,36.7,50,Hazardous
2026-05-01 10:18:57 UTC,272,274,5.43,0.77,36.7,50.3,Hazardous
2026-05-01 10:19:07 UTC,270,272,5.57,0.79,36.8,50.1,Hazardous
2026-05-01 10:19:17 UTC,267,270,5.43,0.77,36.8,50.3,Hazardous
2026-05-01 10:19:27 UTC,270,272,5.51,0.78,36.9,51.3,Hazardous
2026-05-01 10:19:37 UTC,266,267,5.42,0.77,36.9,51.1,Hazardous
2026-05-01 10:19:47 UTC,265,266,5.56,0.79,37,51.8,Hazardous
2026-05-01 10:19:57 UTC,266,266,5.42,0.77,37,51.8,Hazardous
2026-05-01 10:20:07 UTC,262,264,5.41,0.77,37.1,51.1,Hazardous
2026-05-01 10:20:17 UTC,265,267,5.57,0.79,37.1,50.8,Hazardous
2026-05-01 10:20:27 UTC,263,265,5.43,0.77,37,50.2,Hazardous
2026-05-01 10:20:37 UTC,262,265,5.51,0.78,37,50.1,Hazardous
2026-05-01 10:20:47 UTC,263,264,5.37,0.77,36.9,50.3,Hazardous
2026-05-01 10:20:57 UTC,264,265,5.55,0.79,36.9,51.5,Hazardous
2026-05-01 10:21:07 UTC,267,268,5.41,0.77,36.9,51.3,Hazardous
2026-05-01 10:21:17 UTC,269,269,5.56,0.79,36.8,50.7,Hazardous
2026-05-01 10:21:27 UTC,270,272,5.41,0.77,36.7,49.9,Hazardous
2026-05-01 10:21:37 UTC,273,274,5.42,0.77,36.7,50.1,Hazardous
2026-05-01 10:21:47 UTC,272,273,5.56,0.79,36.7,50.4,Hazardous
2026-05-01 10:21:57 UTC,273,274,5.43,0.77,36.7,49.9,Hazardous
2026-05-01 10:22:07 UTC,272,273,5.58,0.79,36.7,50.2,Hazardous
2026-05-01 10:22:17 UTC,273,274,5.41,0.77,36.7,50,Hazardous
2026-05-01 10:22:27 UTC,277,278,5.58,0.79,36.8,51.4,Hazardous
2026-05-01 10:22:37 UTC,279,280,5.43,0.77,36.7,50.7,Hazardous
2026-05-01 10:22:47 UTC,274,276,5.56,0.79,36.7,50.8,Hazardous
2026-05-01 10:22:57 UTC,273,275,5.39,0.77,36.6,50.1,Hazardous
2026-05-01 10:23:07 UTC,271,273,5.40,0.77,36.6,49,Hazardous
2026-05-01 10:23:17 UTC,272,275,5.39,0.77,36.7,48.9,Hazardous
2026-05-01 10:23:27 UTC,278,279,5.41,0.77,36.7,49.5,Hazardous
2026-05-01 10:23:37 UTC,274,274,5.41,0.77,36.7,49.7,Hazardous
2026-05-01 10:23:47 UTC,279,279,5.41,0.77,36.7,49,Hazardous
2026-05-01 10:23:57 UTC,280,282,5.56,0.79,36.7,48.5,Hazardous
2026-05-01 10:24:07 UTC,284,285,5.40,0.77,36.7,48.4,Hazardous
2026-05-01 10:24:17 UTC,286,286,5.58,0.79,36.7,48.9,Hazardous
2026-05-01 10:24:27 UTC,285,286,5.40,0.77,36.7,49.6,Hazardous
2026-05-01 10:24:37 UTC,286,288,5.58,0.79,36.7,50.6,Hazardous
2026-05-01 10:24:47 UTC,288,288,5.41,0.77,36.7,50.5,Hazardous
2026-05-01 10:24:57 UTC,288,288,5.41,0.77,36.7,50.3,Hazardous
2026-05-01 10:25:07 UTC,283,286,5.43,0.77,36.7,51.7,Hazardous
2026-05-01 10:25:17 UTC,288,290,5.41,0.77,36.7,52.8,Hazardous
2026-05-01 10:25:27 UTC,286,288,5.58,0.79,36.7,51.1,Hazardous
2026-05-01 10:25:37 UTC,284,286,5.43,0.77,36.7,50.7,Hazardous
2026-05-01 10:25:47 UTC,280,282,5.58,0.79,36.8,51.1,Hazardous
2026-05-01 10:25:57 UTC,284,285,5.43,0.77,36.8,51.3,Hazardous
2026-05-01 10:26:07 UTC,286,286,5.53,0.78,36.8,51.5,Hazardous
2026-05-01 10:26:17 UTC,285,285,5.43,0.77,36.8,51.3,Hazardous
2026-05-01 10:26:27 UTC,281,282,5.56,0.79,36.9,50,Hazardous
2026-05-01 10:26:37 UTC,285,286,5.39,0.77,36.9,49.3,Hazardous
2026-05-01 10:26:47 UTC,285,286,5.40,0.77,36.9,50.2,Hazardous
2026-05-01 10:26:57 UTC,285,288,5.54,0.79,36.9,49.8,Hazardous
2026-05-01 10:27:07 UTC,281,282,5.43,0.77,36.9,50.1,Hazardous
2026-05-01 10:27:17 UTC,282,282,5.54,0.79,36.9,50.7,Hazardous
2026-05-01 10:27:27 UTC,288,290,5.38,0.77,36.8,49.9,Hazardous
2026-05-01 10:27:37 UTC,285,288,5.56,0.79,36.8,49.8,Hazardous
2026-05-01 10:27:47 UTC,286,290,5.33,0.76,36.8,51.3,Hazardous
2026-05-01 10:27:57 UTC,284,286,5.56,0.79,36.8,50.8,Hazardous
2026-05-01 10:28:07 UTC,287,289,5.38,0.77,36.8,50.2,Hazardous
2026-05-01 10:28:17 UTC,287,288,5.33,0.76,36.8,49.7,Hazardous
2026-05-01 10:28:27 UTC,286,287,5.39,0.77,36.8,49.9,Hazardous
2026-05-01 10:28:37 UTC,289,289,5.37,0.77,36.8,49.5,Hazardous
2026-05-01 10:28:47 UTC,286,286,5.35,0.76,36.8,49.4,Hazardous
2026-05-01 10:28:57 UTC,285,285,5.39,0.77,36.8,51.2,Hazardous
2026-05-01 10:29:07 UTC,282,282,5.53,0.79,36.8,50.9,Hazardous
2026-05-01 10:29:17 UTC,285,286,5.38,0.77,36.9,50.9,Hazardous
2026-05-01 10:29:27 UTC,284,284,5.52,0.78,36.9,50.8,Hazardous
2026-05-01 10:29:37 UTC,283,284,5.39,0.77,37,50.8,Hazardous
2026-05-01 10:29:47 UTC,280,282,5.50,0.78,37,52.7,Hazardous
2026-05-01 10:29:57 UTC,279,282,5.33,0.76,37.1,51.5,Hazardous
2026-05-01 10:30:07 UTC,279,281,5.33,0.76,37.1,50.7,Hazardous
2026-05-01 10:30:17 UTC,277,277,5.38,0.76,37.2,50,Hazardous
2026-05-01 10:30:27 UTC,278,279,5.37,0.77,37.3,50.5,Hazardous
2026-05-01 10:30:37 UTC,278,279,5.55,0.78,37.4,50.8,Hazardous
2026-05-01 10:30:47 UTC,281,282,5.39,0.77,37.4,49.4,Hazardous
2026-05-01 10:30:57 UTC,283,284,5.51,0.78,37.5,50.1,Hazardous
2026-05-01 10:31:07 UTC,282,285,5.37,0.77,37.5,49.8,Hazardous
2026-05-01 10:31:17 UTC,279,281,5.52,0.78,37.6,49.3,Hazardous
2026-05-01 10:31:27 UTC,279,281,5.37,0.77,37.6,49.5,Hazardous
2026-05-01 10:31:37 UTC,277,279,5.50,0.78,37.6,50,Hazardous
2026-05-01 10:31:47 UTC,276,278,5.37,0.76,37.6,51.3,Hazardous
2026-05-01 10:31:57 UTC,272,274,5.35,0.76,37.6,50.2,Hazardous
2026-05-01 10:32:07 UTC,274,277,5.51,0.78,37.6,49.2,Hazardous
2026-05-01 10:32:17 UTC,274,275,5.37,0.77,37.5,48.5,Hazardous
2026-05-01 10:32:27 UTC,271,273,5.51,0.79,37.5,48.8,Hazardous
2026-05-01 10:32:37 UTC,277,278,5.36,0.77,37.4,49.6,Hazardous
2026-05-01 10:32:47 UTC,274,274,5.50,0.78,37.4,49.9,Hazardous
2026-05-01 10:32:57 UTC,280,280,5.37,0.76,37.4,50.7,Hazardous
2026-05-01 10:33:07 UTC,268,269,5.51,0.78,37.4,49.8,Hazardous
2026-05-01 10:33:17 UTC,262,262,5.37,0.77,37.3,48.8,Hazardous
2026-05-01 10:33:27 UTC,254,256,5.51,0.78,37.4,48.1,Hazardous
2026-05-01 10:33:37 UTC,253,254,5.37,0.77,37.4,48,Hazardous
2026-05-01 10:33:47 UTC,245,246,5.38,0.77,37.4,48.5,Hazardous
2026-05-01 10:33:57 UTC,245,245,5.38,0.77,37.5,48.8,Hazardous
2026-05-01 10:34:07 UTC,243,244,5.32,0.76,37.5,48.2,Hazardous
2026-05-01 10:34:17 UTC,244,245,5.48,0.78,37.6,47.5,Hazardous
2026-05-01 10:34:27 UTC,246,246,5.36,0.77,37.8,47.4,Hazardous
2026-05-01 10:34:37 UTC,245,247,5.54,0.79,37.9,46.8,Hazardous
2026-05-01 10:34:47 UTC,253,253,5.41,0.77,38,46.8,Hazardous
2026-05-01 10:34:57 UTC,249,250,5.54,0.78,38.1,46.5,Hazardous
2026-05-01 10:35:07 UTC,250,251,5.41,0.77,38.1,46.4,Hazardous
2026-05-01 10:35:17 UTC,249,251,5.54,0.78,38.2,46.3,Hazardous
2026-05-01 10:35:27 UTC,250,251,5.38,0.77,38.3,46.8,Hazardous
2026-05-01 10:35:37 UTC,246,247,5.39,0.77,38.3,47.2,Hazardous
2026-05-01 10:35:47 UTC,253,254,5.50,0.78,38.4,46.8,Hazardous
2026-05-01 10:35:57 UTC,247,247,5.43,0.77,38.4,47.1,Hazardous
2026-05-01 10:36:07 UTC,249,250,5.50,0.78,38.4,48,Hazardous
2026-05-01 10:36:17 UTC,248,249,5.39,0.77,38.3,48.3,Hazardous
2026-05-01 10:36:27 UTC,251,253,5.56,0.79,38.2,48.2,Hazardous
2026-05-01 10:36:37 UTC,250,251,5.42,0.77,38.2,48,Hazardous
2026-05-01 10:36:47 UTC,253,253,5.55,0.79,38.3,47.3,Hazardous
2026-05-01 10:36:57 UTC,251,251,5.38,0.77,38.3,46.4,Hazardous
2026-05-01 10:37:07 UTC,250,250,5.57,0.79,38.4,46.6,Hazardous
2026-05-01 10:37:17 UTC,251,252,5.54,0.78,38.4,47.2,Hazardous
2026-05-01 10:37:27 UTC,254,256,5.41,0.77,38.4,47.5,Hazardous
2026-05-01 10:37:37 UTC,256,257,5.53,0.78,38.5,49.8,Hazardous
2026-05-01 10:37:47 UTC,257,258,5.42,0.77,38.5,50.9,Hazardous
2026-05-01 10:37:57 UTC,257,259,5.57,0.79,38.5,49,Hazardous
2026-05-01 10:38:07 UTC,255,258,5.39,0.77,38.6,47.3,Hazardous
2026-05-01 10:38:17 UTC,255,256,5.56,0.79,38.6,46.5,Hazardous
2026-05-01 10:38:27 UTC,255,255,5.44,0.77,38.7,46.3,Hazardous
2026-05-01 10:38:37 UTC,252,254,5.53,0.78,38.7,46,Hazardous
2026-05-01 10:38:47 UTC,250,252,5.42,0.77,38.8,46,Hazardous
2026-05-01 10:38:57 UTC,256,256,5.41,0.77,38.8,47.7,Hazardous
2026-05-01 10:39:07 UTC,254,255,5.43,0.77,38.9,47.1,Hazardous
2026-05-01 10:39:17 UTC,251,252,5.43,0.77,38.9,47.1,Hazardous
2026-05-01 10:39:27 UTC,253,255,5.56,0.79,38.9,47.6,Hazardous
2026-05-01 10:39:37 UTC,251,251,5.42,0.77,38.9,47,Hazardous
2026-05-01 10:39:47 UTC,250,251,5.54,0.79,38.9,46.9,Hazardous
2026-05-01 10:39:57 UTC,254,254,5.35,0.76,38.9,45.9,Hazardous
2026-05-01 10:40:07 UTC,252,252,5.50,0.78,38.9,45.1,Hazardous
2026-05-01 10:40:17 UTC,254,254,5.33,0.76,38.9,45.4,Hazardous
2026-05-01 10:40:27 UTC,254,255,5.51,0.78,38.9,45.3,Hazardous
2026-05-01 10:40:37 UTC,251,252,5.31,0.76,38.8,46.1,Hazardous
2026-05-01 10:40:47 UTC,253,254,5.42,0.77,38.8,46.5,Hazardous
2026-05-01 10:40:57 UTC,252,252,5.56,0.78,38.8,47.8,Hazardous
2026-05-01 10:41:07 UTC,254,258,5.41,0.77,38.8,47.7,Hazardous
2026-05-01 10:41:17 UTC,256,258,5.56,0.78,38.7,48.1,Hazardous
2026-05-01 10:41:27 UTC,257,258,5.41,0.77,38.7,47.5,Hazardous
2026-05-01 10:41:37 UTC,259,260,5.51,0.78,38.7,46.2,Hazardous
2026-05-01 10:41:47 UTC,256,258,5.38,0.76,38.7,46,Hazardous
2026-05-01 10:41:57 UTC,260,263,5.56,0.78,38.6,46.6,Hazardous
2026-05-01 10:42:07 UTC,259,262,5.38,0.76,38.6,47.4,Hazardous
2026-05-01 10:42:17 UTC,258,260,5.37,0.77,38.6,46.9,Hazardous
2026-05-01 10:42:27 UTC,253,255,5.54,0.78,38.5,46.1,Hazardous
2026-05-01 10:42:37 UTC,254,256,5.38,0.77,38.5,46.5,Hazardous
2026-05-01 10:42:47 UTC,253,254,5.55,0.79,38.5,47.5,Hazardous
2026-05-01 10:42:57 UTC,259,259,5.36,0.76,38.5,47.4,Hazardous
2026-05-01 10:43:07 UTC,257,259,5.50,0.78,38.5,47.6,Hazardous
2026-05-01 10:43:17 UTC,258,261,5.33,0.76,38.5,48.8,Hazardous
2026-05-01 10:43:27 UTC,256,259,5.56,0.79,38.4,48.1,Hazardous
2026-05-01 10:43:37 UTC,257,259,5.37,0.77,38.4,47.4,Hazardous
2026-05-01 10:43:47 UTC,257,260,5.54,0.78,38.4,48.6,Hazardous
2026-05-01 10:43:57 UTC,255,258,5.54,0.78,38.3,48.2,Hazardous
2026-05-01 10:44:07 UTC,262,264,5.38,0.76,38.2,47.6,Hazardous
2026-05-01 10:44:17 UTC,258,260,5.39,0.76,38.2,48.4,Hazardous
2026-05-01 10:44:27 UTC,259,261,5.38,0.76,38.2,48.7,Hazardous
2026-05-01 10:44:37 UTC,258,259,5.56,0.78,38.3,48.3,Hazardous
2026-05-01 10:44:47 UTC,257,258,5.37,0.76,38.3,47.5,Hazardous
2026-05-01 10:44:57 UTC,257,259,5.53,0.78,38.3,47,Hazardous
2026-05-01 10:45:07 UTC,258,260,5.37,0.76,38.4,47.3,Hazardous
2026-05-01 10:45:17 UTC,256,259,5.55,0.78,38.4,48.2,Hazardous
2026-05-01 10:45:27 UTC,257,259,5.32,0.76,38.5,48.7,Hazardous
2026-05-01 10:45:37 UTC,257,259,5.51,0.78,38.5,48.5,Hazardous
2026-05-01 10:45:47 UTC,258,260,5.39,0.77,38.6,48.8,Hazardous
2026-05-01 10:45:57 UTC,260,263,5.39,0.77,38.6,49.8,Hazardous
2026-05-01 10:46:07 UTC,258,261,5.55,0.78,38.7,49.7,Hazardous
2026-05-01 10:46:17 UTC,257,259,5.41,0.77,38.6,48.5,Hazardous
2026-05-01 10:46:27 UTC,255,257,5.56,0.79,38.5,47.9,Hazardous
2026-05-01 10:46:37 UTC,254,250,4.59,0.77,32.68,52.92,Hazardous
2026-05-01 10:46:47 UTC,255,253,5.34,0.76,35.58,53.02,Hazardous
2026-05-01 10:46:57 UTC,256,261,4.57,0.75,37.82,47.26,Hazardous
2026-05-01 10:47:07 UTC,250,252,4.56,0.74,32.01,54.23,Hazardous
2026-05-01 10:47:17 UTC,270,275,4.56,0.76,33.72,49.75,Hazardous
2026-05-01 10:47:27 UTC,288,318,4.55,0.76,34.16,52.09,Hazardous
2026-05-01 10:47:37 UTC,284,278,5.45,0.78,35.39,54.1,Hazardous
2026-05-01 10:47:47 UTC,267,277,4.54,0.75,31.3,57.58,Hazardous
2026-05-01 10:47:57 UTC,252,263,5.43,0.77,38.35,50.64,Hazardous
2026-05-01 10:48:07 UTC,248,253,5.54,0.79,38.97,46.94,Hazardous
2026-05-01 10:48:17 UTC,286,313,4.74,0.78,33.62,53.26,Hazardous
2026-05-01 10:48:27 UTC,252,248,5.19,0.74,35.02,56.36,Hazardous
2026-05-01 10:48:37 UTC,273,272,5.40,0.77,36.83,50.16,Hazardous
2026-05-01 10:48:47 UTC,256,260,5.15,0.74,35.67,52.49,Hazardous
2026-05-01 10:48:57 UTC,250,249,4.84,0.77,39.87,41.1,Hazardous
2026-05-01 10:49:07 UTC,261,280,4.53,0.75,31.29,55.59,Hazardous
2026-05-01 10:49:17 UTC,218,223,4.48,0.74,29.86,58.38,Hazardous
2026-05-01 10:49:27 UTC,273,289,4.59,0.75,33.34,54.55,Hazardous
2026-05-01 10:49:37 UTC,268,276,4.58,0.75,36.54,46.51,Hazardous
2026-05-01 10:49:47 UTC,288,283,5.59,0.79,36.73,51.07,Hazardous
2026-05-01 10:49:57 UTC,259,258,4.68,0.77,38.38,42.24,Hazardous
2026-05-01 10:50:07 UTC,220,222,4.44,0.75,29.12,62.48,Hazardous
2026-05-01 10:50:17 UTC,259,269,4.51,0.76,31.73,57.18,Hazardous
2026-05-01 10:50:27 UTC,250,251,5.57,0.8,38.49,46.82,Hazardous
2026-05-01 10:50:37 UTC,280,303,4.73,0.76,34.08,52.34,Hazardous
2026-05-01 10:50:47 UTC,222,216,4.68,0.75,30.29,57.58,Hazardous
2026-05-01 10:50:57 UTC,254,249,4.68,0.76,39.01,41.29,Hazardous
2026-05-01 10:51:07 UTC,248,246,4.54,0.74,32.05,56.29,Hazardous
2026-05-01 10:51:17 UTC,263,274,4.58,0.75,36.04,47.52,Hazardous
2026-05-01 10:51:27 UTC,230,245,4.55,0.74,30.61,59.69,Hazardous
2026-05-01 10:51:37 UTC,257,258,5.39,0.75,34.42,56.52,Hazardous
2026-05-01 10:51:47 UTC,246,256,4.66,0.76,31.52,54.59,Hazardous
2026-05-01 10:51:57 UTC,259,265,4.60,0.75,36.2,47.22,Hazardous
2026-05-01 10:52:07 UTC,253,255,4.60,0.76,32.6,52.98,Hazardous
2026-05-01 10:52:17 UTC,246,250,4.51,0.75,32,55.46,Hazardous
2026-05-01 10:52:27 UTC,231,232,4.78,0.77,33.91,50.97,Hazardous
2026-05-01 10:52:37 UTC,215,216,4.52,0.75,33.13,53.32,Hazardous
2026-05-01 10:52:47 UTC,252,248,4.75,0.76,40.13,39.97,Hazardous
2026-05-01 10:52:57 UTC,248,251,5.42,0.77,38.04,46.09,Hazardous
2026-05-01 10:53:07 UTC,258,258,4.62,0.76,39.16,40.57,Hazardous
2026-05-01 10:53:17 UTC,271,275,5.38,0.76,37.7,51.75,Hazardous
2026-05-01 10:53:27 UTC,227,225,4.53,0.75,29.77,62.79,Hazardous
2026-05-01 10:53:37 UTC,244,246,4.54,0.75,31.87,53.36,Hazardous
2026-05-01 10:53:47 UTC,218,224,4.42,0.74,29.94,58.87,Hazardous
2026-05-01 10:53:57 UTC,160,161,4.58,0.76,33.25,53.76,Hazardous
2026-05-01 10:54:07 UTC,256,258,5.39,0.77,38.69,46.36,Hazardous
2026-05-01 10:54:17 UTC,283,278,5.55,0.79,36.97,50.21,Hazardous
2026-05-01 10:54:27 UTC,252,252,4.82,0.77,39.24,41.66,Hazardous
2026-05-01 10:54:37 UTC,246,250,4.70,0.76,32.45,55.01,Hazardous
2026-05-01 10:54:47 UTC,281,282,5.43,0.77,36.84,51.35,Hazardous
2026-05-01 10:54:57 UTC,254,253,5.54,0.79,38.43,48.31,Hazardous
2026-05-01 10:55:07 UTC,130,135,4.68,0.76,33.59,53.2,Hazardous
2026-05-01 10:55:17 UTC,267,264,4.55,0.75,33.46,50.91,Hazardous
2026-05-01 10:55:27 UTC,254,250,4.66,0.77,32.51,54.99,Hazardous
2026-05-01 10:55:37 UTC,239,244,4.76,0.77,39.97,39.05,Hazardous
2026-05-01 10:55:47 UTC,223,227,4.69,0.77,30.08,60.12,Hazardous
2026-05-01 10:55:57 UTC,258,337,4.67,0.78,33.04,52.68,Hazardous
2026-05-01 10:56:07 UTC,280,283,5.61,0.8,36.83,50.58,Hazardous
2026-05-01 10:56:17 UTC,254,248,5.43,0.78,36.46,51.66,Hazardous
2026-05-01 10:56:27 UTC,246,241,4.53,0.75,31.98,55.14,Hazardous
2026-05-01 10:56:37 UTC,254,251,5.23,0.74,35.43,52.61,Hazardous
2026-05-01 10:56:47 UTC,253,256,4.90,0.8,38.33,43.86,Hazardous
2026-05-01 10:56:57 UTC,229,228,4.56,0.74,30.63,57.14,Hazardous
2026-05-01 10:57:07 UTC,255,281,4.70,0.78,31.14,56.76,Hazardous
2026-05-01 10:57:17 UTC,236,238,4.54,0.75,31.79,54.61,Hazardous
2026-05-01 10:57:27 UTC,266,273,4.58,0.74,35.84,48.32,Hazardous
2026-05-01 10:57:37 UTC,249,246,4.62,0.76,39.74,41.9,Hazardous
2026-05-01 10:57:47 UTC,280,279,5.53,0.79,36.85,50.68,Hazardous
2026-05-01 10:57:57 UTC,247,257,4.54,0.73,39.23,42.26,Hazardous
2026-05-01 10:58:07 UTC,255,282,4.67,0.77,31.71,57.68,Hazardous
2026-05-01 10:58:17 UTC,277,322,4.55,0.74,31.14,56.47,Hazardous
2026-05-01 10:58:27 UTC,149,157,4.68,0.77,33.1,50.47,Hazardous
2026-05-01 10:58:37 UTC,223,234,4.60,0.75,30.34,58.03,Hazardous
2026-05-01 10:58:47 UTC,274,274,5.41,0.77,36.74,49.08,Hazardous
2026-05-01 10:58:57 UTC,264,267,5.24,0.74,35.81,53.16,Hazardous
2026-05-01 10:59:07 UTC,282,280,5.44,0.78,36.2,52.82,Hazardous
2026-05-01 10:59:17 UTC,281,290,5.35,0.76,36.99,48.99,Hazardous
2026-05-01 10:59:27 UTC,275,285,4.77,0.78,33.87,50.33,Hazardous
2026-05-01 10:59:37 UTC,208,209,4.50,0.75,33.05,53.45,Hazardous
2026-05-01 10:59:47 UTC,256,256,5.55,0.8,39.04,47.22,Hazardous
2026-05-01 10:59:57 UTC,390,504,4.59,0.75,34.29,51.77,Hazardous
2026-05-01 11:00:07 UTC,226,229,4.60,0.76,29.46,62.46,Hazardous
2026-05-01 11:00:17 UTC,224,226,4.70,0.77,29.99,59.79,Hazardous
2026-05-01 11:00:27 UTC,255,257,4.53,0.75,31.58,54.09,Hazardous
2026-05-01 11:00:37 UTC,241,259,4.64,0.77,31.53,56.32,Hazardous
2026-05-01 11:00:47 UTC,256,255,5.24,0.74,35.68,54.18,Hazardous
2026-05-01 11:00:57 UTC,277,279,5.44,0.78,35.37,53.48,Hazardous
2026-05-01 11:01:07 UTC,216,227,4.64,0.77,30,58.5,Hazardous
2026-05-01 11:01:17 UTC,255,262,4.84,0.78,38.04,43.24,Hazardous
2026-05-01 11:01:27 UTC,274,278,5.40,0.76,36.63,49.67,Hazardous
2026-05-01 11:01:37 UTC,271,289,4.76,0.76,34.91,50.2,Hazardous
2026-05-01 11:01:47 UTC,243,247,4.54,0.75,32.32,55.68,Hazardous
2026-05-01 11:01:57 UTC,257,255,5.37,0.76,35.93,52.31,Hazardous
2026-05-01 11:02:07 UTC,284,281,5.58,0.79,35.69,52.63,Hazardous
2026-05-01 11:02:17 UTC,229,227,4.45,0.75,29.62,62.87,Hazardous
2026-05-01 11:02:27 UTC,254,255,5.32,0.75,38.77,45.02,Hazardous
2026-05-01 11:02:37 UTC,256,259,5.57,0.8,38.47,49.28,Hazardous
2026-05-01 11:02:47 UTC,253,265,4.46,0.74,31.89,57.21,Hazardous
2026-05-01 11:02:57 UTC,263,270,5.18,0.74,34.94,52.89,Hazardous
2026-05-01 11:03:07 UTC,252,251,4.55,0.76,32.45,54.44,Hazardous
2026-05-01 11:03:17 UTC,258,254,5.21,0.74,36.07,51.99,Hazardous
2026-05-01 11:03:27 UTC,263,267,4.55,0.74,33.41,51.04,Hazardous
2026-05-01 11:03:37 UTC,280,286,5.46,0.78,35.2,53.55,Hazardous
2026-05-01 11:03:47 UTC,257,259,5.55,0.78,38.24,48.69,Hazardous
2026-05-01 11:03:57 UTC,215,224,4.47,0.76,29.42,62.59,Hazardous
2026-05-01 11:04:07 UTC,220,228,4.68,0.78,29.82,62.27,Hazardous
2026-05-01 11:04:17 UTC,221,223,4.55,0.75,30.09,59.07,Hazardous
2026-05-01 11:04:27 UTC,216,217,4.57,0.73,30.04,58.25,Hazardous
2026-05-01 11:04:37 UTC,226,233,4.66,0.77,29.54,64.01,Hazardous
2026-05-01 11:04:47 UTC,280,287,4.59,0.75,35.54,50.03,Hazardous
2026-05-01 11:04:57 UTC,237,246,4.70,0.77,32.37,55.83,Hazardous
2026-05-01 11:05:07 UTC,248,248,4.55,0.75,32.26,54.01,Hazardous
2026-05-01 11:05:17 UTC,245,252,4.53,0.74,32.25,55.9,Hazardous
2026-05-01 11:05:27 UTC,256,253,5.52,0.79,37.51,47.88,Hazardous
2026-05-01 11:05:37 UTC,299,329,4.58,0.74,34.07,51.28,Hazardous
2026-05-01 11:05:47 UTC,240,248,4.74,0.77,33.95,53.74,Hazardous
2026-05-01 11:05:57 UTC,225,226,4.51,0.75,29.35,63.05,Hazardous
2026-05-01 11:06:07 UTC,245,247,5.29,0.75,35.28,56.79,Hazardous
2026-05-01 11:06:17 UTC,290,293,5.33,0.75,36.95,49.9,Hazardous
2026-05-01 11:06:27 UTC,222,223,4.53,0.76,30.68,57.91,Hazardous
2026-05-01 11:06:37 UTC,215,223,4.64,0.77,29.49,63.23,Hazardous
2026-05-01 11:06:47 UTC,251,257,4.87,0.79,38.07,42.82,Hazardous
2026-05-01 11:06:57 UTC,249,246,4.83,0.78,39.77,40.57,Hazardous
2026-05-01 11:07:07 UTC,252,254,5.48,0.79,38.25,48.19,Hazardous
2026-05-01 11:07:17 UTC,918,1047,6.29,0.9,35.33,54.77,Hazardous
2026-05-01 11:07:27 UTC,288,283,5.32,0.77,36.64,49.49,Hazardous
2026-05-01 11:07:37 UTC,277,291,4.59,0.76,35.52,49.42,Hazardous
2026-05-01 11:07:47 UTC,245,246,4.61,0.76,39.63,42.54,Hazardous
2026-05-01 11:07:57 UTC,284,289,5.56,0.8,36.84,49.22,Hazardous
2026-05-01 11:08:07 UTC,257,264,5.56,0.8,38.55,47.95,Hazardous
2026-05-01 11:08:17 UTC,245,255,4.76,0.78,31.04,57.25,Hazardous
2026-05-01 11:08:27 UTC,247,252,4.53,0.75,31.81,54.48,Hazardous
2026-05-01 11:08:37 UTC,229,236,4.59,0.76,30.56,59.32,Hazardous
2026-05-01 11:08:47 UTC,264,267,5.16,0.73,34.81,54.33,Hazardous
2026-05-01 11:08:57 UTC,273,272,4.58,0.75,35.76,47.42,Hazardous
2026-05-01 11:09:07 UTC,227,226,4.55,0.77,30.04,60.02,Hazardous
2026-05-01 11:09:17 UTC,268,286,4.68,0.77,33.72,50.56,Hazardous
2026-05-01 11:09:27 UTC,313,367,4.78,0.78,34.94,50.61,Hazardous
2026-05-01 11:09:37 UTC,218,223,4.81,0.78,30.19,58.3,Hazardous
2026-05-01 11:09:47 UTC,277,279,5.43,0.76,36.86,48.96,Hazardous
2026-05-01 11:09:57 UTC,669,762,5.97,0.84,35.4,54.52,Hazardous
2026-05-01 11:10:07 UTC,244,248,4.80,0.78,39.63,40.27,Hazardous
2026-05-01 11:10:17 UTC,233,241,4.59,0.74,33.91,51.95,Hazardous
2026-05-01 11:10:27 UTC,271,276,5.43,0.78,36.76,49.98,Hazardous
2026-05-01 11:10:37 UTC,254,253,5.23,0.74,35.93,53.73,Hazardous
2026-05-01 11:10:47 UTC,208,208,4.44,0.76,29,61.85,Hazardous
2026-05-01 11:10:57 UTC,250,250,4.82,0.78,39.89,41.1,Hazardous
2026-05-01 11:11:07 UTC,254,250,5.43,0.76,35.4,54.77,Hazardous
2026-05-01 11:11:17 UTC,229,227,4.56,0.75,30.19,59.21,Hazardous
2026-05-01 11:11:27 UTC,245,245,5.43,0.78,38.3,46.63,Hazardous
2026-05-01 11:11:37 UTC,241,251,4.57,0.75,31.6,54.81,Hazardous
2026-05-01 11:11:47 UTC,261,258,4.67,0.76,38.43,42.58,Hazardous
2026-05-01 11:11:57 UTC,270,281,5.45,0.78,35.72,51.41,Hazardous
2026-05-01 11:12:07 UTC,222,229,4.48,0.74,29.48,63.09,Hazardous
2026-05-01 11:12:17 UTC,127,125,4.41,0.75,33.58,52.21,Hazardous
2026-05-01 11:12:27 UTC,256,267,4.66,0.77,31.82,58.12,Hazardous
2026-05-01 11:12:37 UTC,262,260,5.11,0.74,34.96,54.36,Hazardous
2026-05-01 11:12:47 UTC,255,266,4.65,0.77,31.84,57.76,Hazardous
2026-05-01 11:12:57 UTC,261,273,4.77,0.79,33.48,51.26,Hazardous
2026-05-01 11:13:07 UTC,217,221,4.69,0.75,30.24,60.24,Hazardous
2026-05-01 11:13:17 UTC,228,229,4.59,0.78,29.29,63.4,Hazardous
2026-05-01 11:13:27 UTC,285,290,5.37,0.76,36.95,49.52,Hazardous
2026-05-01 11:13:37 UTC,245,253,4.79,0.78,39.61,39.63,Hazardous
2026-05-01 11:13:47 UTC,255,259,5.23,0.74,34.85,58.76,Hazardous
2026-05-01 11:13:57 UTC,280,273,5.54,0.8,36.13,52.52,Hazardous
2026-05-01 11:14:07 UTC,252,257,4.80,0.78,39.05,42.5,Hazardous
2026-05-01 11:14:17 UTC,219,230,4.47,0.74,29.96,60.17,Hazardous
2026-05-01 11:14:27 UTC,212,213,4.87,0.78,29.58,62.54,Hazardous
2026-05-01 11:14:37 UTC,246,245,4.51,0.74,39.79,41.3,Hazardous
2026-05-01 11:14:47 UTC,249,251,4.54,0.75,32.25,55.47,Hazardous
2026-05-01 11:14:57 UTC,200,205,4.71,0.75,39.53,40.45,Hazardous
2026-05-01 11:15:07 UTC,221,226,4.51,0.75,29.38,62.57,Hazardous
2026-05-01 11:15:17 UTC,193,197,4.54,0.76,33.07,54.57,Hazardous
2026-05-01 11:15:27 UTC,239,247,4.69,0.76,40.58,40.24,Hazardous
2026-05-01 11:15:37 UTC,242,248,4.50,0.75,40.11,39.04,Hazardous
2026-05-01 11:15:47 UTC,246,252,4.76,0.78,40.08,40.64,Hazardous
2026-05-01 11:15:57 UTC,271,274,4.53,0.75,33.72,50.68,Hazardous
2026-05-01 11:16:07 UTC,228,239,4.55,0.76,30.4,58.54,Hazardous
2026-05-01 11:16:17 UTC,249,249,4.80,0.78,39.61,41.12,Hazardous
2026-05-01 11:16:27 UTC,274,299,4.76,0.78,31.09,58.94,Hazardous
2026-05-01 11:16:37 UTC,215,222,4.58,0.74,29.32,61.84,Hazardous
2026-05-01 11:16:47 UTC,222,226,4.62,0.75,30.04,58.46,Hazardous
2026-05-01 11:16:57 UTC,257,249,5.43,0.76,35.46,55.38,Hazardous
2026-05-01 11:17:07 UTC,249,249,5.22,0.75,35.6,52.84,Hazardous
2026-05-01 11:17:17 UTC,243,243,4.70,0.77,40.32,40.59,Hazardous
2026-05-01 11:17:27 UTC,229,221,4.68,0.77,30.01,60.4,Hazardous
2026-05-01 11:17:37 UTC,227,228,4.63,0.77,29.48,63.26,Hazardous
2026-05-01 11:17:47 UTC,290,287,5.35,0.76,36.86,49.08,Hazardous
2026-05-01 11:17:57 UTC,282,289,5.56,0.79,37.03,51.84,Hazardous
2026-05-01 11:18:07 UTC,266,268,5.11,0.73,35.24,53.03,Hazardous
2026-05-01 11:18:17 UTC,220,223,4.62,0.75,30.06,58.01,Hazardous
2026-05-01 11:18:27 UTC,229,228,4.76,0.78,30.32,56.87,Hazardous
2026-05-01 11:18:37 UTC,264,271,5.15,0.74,34.8,53.85,Hazardous
2026-05-01 11:18:47 UTC,263,272,5.44,0.78,35.17,52.15,Hazardous
2026-05-01 11:18:57 UTC,243,243,4.43,0.75,32.57,54.17,Hazardous
2026-05-01 11:19:07 UTC,253,253,5.39,0.76,38.15,46.73,Hazardous
2026-05-01 11:19:17 UTC,254,259,5.26,0.76,34.91,55.85,Hazardous
2026-05-01 11:19:27 UTC,248,244,4.52,0.74,32.61,54.16,Hazardous
2026-05-01 11:19:37 UTC,244,247,5.43,0.77,38.27,46.61,Hazardous
2026-05-01 11:19:47 UTC,240,236,4.68,0.77,31.73,54.13,Hazardous
2026-05-01 11:19:57 UTC,247,251,4.63,0.75,39.84,41.4,Hazardous
2026-05-01 11:20:07 UTC,253,251,4.44,0.75,32.41,53.98,Hazardous
2026-05-01 11:20:17 UTC,275,306,4.54,0.75,31.48,54.07,Hazardous
2026-05-01 11:20:27 UTC,266,269,5.52,0.78,36.73,51.16,Hazardous
2026-05-01 11:20:37 UTC,244,254,4.61,0.76,39.94,41.94,Hazardous
2026-05-01 11:20:47 UTC,232,241,4.53,0.76,32.91,53.64,Hazardous
2026-05-01 11:20:57 UTC,253,248,4.60,0.77,32.67,54.37,Hazardous
2026-05-01 11:21:07 UTC,259,264,4.47,0.73,31.51,57.28,Hazardous
2026-05-01 11:21:17 UTC,248,249,4.61,0.75,40.04,40.75,Hazardous
2026-05-01 11:21:27 UTC,237,250,4.56,0.74,39.8,39.94,Hazardous
2026-05-01 11:21:37 UTC,253,251,5.52,0.79,39.1,44.85,Hazardous
2026-05-01 11:21:47 UTC,242,245,4.51,0.74,31.98,54.33,Hazardous
2026-05-01 11:21:57 UTC,260,255,5.37,0.76,38.43,47.23,Hazardous
2026-05-01 11:22:07 UTC,219,227,4.61,0.75,30.33,58.42,Hazardous
2026-05-01 11:22:17 UTC,282,285,5.36,0.75,37.42,50.58,Hazardous
2026-05-01 11:22:27 UTC,284,287,5.36,0.78,37.6,49.66,Hazardous
2026-05-01 11:22:37 UTC,244,250,4.54,0.75,31.92,54.05,Hazardous
2026-05-01 11:22:47 UTC,266,260,5.54,0.79,36.76,51.54,Hazardous
2026-05-01 11:22:57 UTC,260,262,5.52,0.79,38.68,49.37,Hazardous
2026-05-01 11:23:07 UTC,312,341,4.67,0.77,34.48,51.98,Hazardous
2026-05-01 11:23:17 UTC,234,236,4.55,0.74,40.56,39.24,Hazardous
2026-05-01 11:23:27 UTC,262,267,4.70,0.77,33.59,50.33,Hazardous
2026-05-01 11:23:37 UTC,260,263,4.58,0.75,33.91,53.26,Hazardous
2026-05-01 11:23:47 UTC,219,221,4.53,0.75,30.32,58.39,Hazardous
2026-05-01 11:23:57 UTC,280,283,5.44,0.78,36.44,52.73,Hazardous
2026-05-01 11:24:07 UTC,227,236,4.54,0.74,30.6,57.64,Hazardous
2026-05-01 11:24:17 UTC,260,256,5.31,0.76,34.76,54.02,Hazardous
2026-05-01 11:24:27 UTC,233,238,4.74,0.77,30.97,57.97,Hazardous
2026-05-01 11:24:37 UTC,263,281,4.69,0.79,31.39,58.38,Hazardous
2026-05-01 11:24:47 UTC,414,462,5.52,0.79,35.14,54.88,Hazardous
2026-05-01 11:24:57 UTC,249,247,5.40,0.77,38.23,47.98,Hazardous
2026-05-01 11:25:07 UTC,286,285,5.53,0.77,36.93,51.53,Hazardous
2026-05-01 11:25:17 UTC,251,249,4.77,0.78,39.26,43.34,Hazardous
2026-05-01 11:25:27 UTC,248,261,4.58,0.75,31.8,53.93,Hazardous
2026-05-01 11:25:37 UTC,253,255,5.39,0.77,38.3,48.56,Hazardous
2026-05-01 11:25:47 UTC,251,244,4.54,0.75,32.54,54.44,Hazardous
2026-05-01 11:25:57 UTC,245,245,5.35,0.76,35.68,52.99,Hazardous
2026-05-01 11:26:07 UTC,251,259,5.41,0.76,35.7,53.05,Hazardous
2026-05-01 11:26:17 UTC,252,254,4.55,0.75,32.01,55.99,Hazardous
2026-05-01 11:26:27 UTC,244,242,4.54,0.75,31.96,56.39,Hazardous
2026-05-01 11:26:37 UTC,251,254,5.38,0.75,35.56,52.38,Hazardous
2026-05-01 11:26:47 UTC,267,270,5.54,0.79,36.63,50.82,Hazardous
2026-05-01 11:26:57 UTC,221,228,4.63,0.75,30.3,58.88,Hazardous
2026-05-01 11:27:07 UTC,259,281,4.71,0.78,31.25,56.77,Hazardous
2026-05-01 11:27:17 UTC,242,237,4.55,0.74,40.27,39.19,Hazardous
2026-05-01 11:27:27 UTC,190,194,4.63,0.76,33.24,54.1,Hazardous
2026-05-01 11:27:37 UTC,248,243,5.44,0.78,38.33,47.52,Hazardous
2026-05-01 11:27:47 UTC,235,237,4.66,0.77,31.76,55.93,Hazardous
2026-05-01 11:27:57 UTC,268,293,4.55,0.75,31.87,54.67,Hazardous
2026-05-01 11:28:07 UTC,251,257,5.49,0.78,38.25,46.37,Hazardous
2026-05-01 11:28:17 UTC,251,249,4.82,0.78,40.08,40.98,Hazardous
2026-05-01 11:28:27 UTC,276,277,5.51,0.79,36.85,52.44,Hazardous
2026-05-01 11:28:37 UTC,254,263,4.88,0.79,38.39,41.8,Hazardous
2026-05-01 11:28:47 UTC,227,230,4.59,0.75,30.33,58.15,Hazardous
2026-05-01 11:28:57 UTC,261,295,4.53,0.75,31.33,55.55,Hazardous
2026-05-01 11:29:07 UTC,117,116,4.60,0.76,33.29,50.12,Hazardous
2026-05-01 11:29:17 UTC,269,271,5.60,0.78,36.6,50.69,Hazardous
2026-05-01 11:29:27 UTC,222,228,4.68,0.75,29.92,60.45,Hazardous
2026-05-01 11:29:37 UTC,258,263,4.55,0.75,31.25,55.77,Hazardous
2026-05-01 11:29:47 UTC,227,226,4.45,0.76,29.98,62.27,Hazardous
2026-05-01 11:29:57 UTC,248,249,4.79,0.77,40.06,39.16,Hazardous
2026-05-01 11:30:07 UTC,200,234,4.52,0.74,33.3,51.11,Hazardous
2026-05-01 11:30:17 UTC,220,223,4.44,0.75,29.19,62.66,Hazardous
2026-05-01 11:30:27 UTC,208,208,4.56,0.77,29.03,61.53,Hazardous
2026-05-01 11:30:37 UTC,272,277,5.41,0.76,36.53,49.62,Hazardous
2026-05-01 11:30:47 UTC,219,228,4.57,0.75,30.38,59.04,Hazardous
2026-05-01 11:30:57 UTC,248,252,4.84,0.78,38.99,40.63,Hazardous
2026-05-01 11:31:07 UTC,259,265,5.53,0.8,36.68,51.8,Hazardous
2026-05-01 11:31:17 UTC,251,259,5.39,0.77,38.57,46.38,Hazardous
2026-05-01 11:31:27 UTC,224,231,4.56,0.75,30.44,58.4,Hazardous
2026-05-01 11:31:37 UTC,269,266,5.18,0.73,35.21,53.68,Hazardous
2026-05-01 11:31:47 UTC,256,260,5.43,0.77,35.67,51.93,Hazardous
2026-05-01 11:31:57 UTC,258,277,4.49,0.74,31.54,57.41,Hazardous
2026-05-01 11:32:07 UTC,217,222,4.57,0.75,30.23,59.35,Hazardous
2026-05-01 11:32:17 UTC,262,277,4.53,0.75,31.61,56.72,Hazardous
2026-05-01 11:32:27 UTC,267,260,5.17,0.74,35.04,54.16,Hazardous
2026-05-01 11:32:37 UTC,268,263,5.19,0.74,35.43,54.18,Hazardous
2026-05-01 11:32:47 UTC,115,110,4.65,0.78,33.14,51,Hazardous
2026-05-01 11:32:57 UTC,257,256,5.27,0.75,35.82,53.93,Hazardous
2026-05-01 11:33:07 UTC,249,249,4.65,0.76,39.16,42.94,Hazardous
2026-05-01 11:33:17 UTC,256,270,4.53,0.76,31.1,55.37,Hazardous
2026-05-01 11:33:27 UTC,221,225,4.50,0.73,29.27,63.12,Hazardous
2026-05-01 11:33:37 UTC,237,242,4.69,0.76,39.48,41.11,Hazardous
2026-05-01 11:33:47 UTC,220,217,4.51,0.75,30.09,57.7,Hazardous
2026-05-01 11:33:57 UTC,226,233,4.61,0.74,30.56,58.65,Hazardous
2026-05-01 11:34:07 UTC,254,255,4.77,0.78,38.95,42.26,Hazardous
2026-05-01 11:34:17 UTC,252,252,5.57,0.8,38.77,47.78,Hazardous
2026-05-01 11:34:27 UTC,226,231,4.70,0.77,30.78,56.97,Hazardous
2026-05-01 11:34:37 UTC,219,226,4.66,0.76,29.86,58.12,Hazardous
2026-05-01 11:34:47 UTC,245,263,4.53,0.75,31.01,58.08,Hazardous
2026-05-01 11:34:57 UTC,242,242,4.55,0.74,40.51,39.59,Hazardous
2026-05-01 11:35:07 UTC,268,279,5.47,0.78,35.78,52.09,Hazardous
2026-05-01 11:35:17 UTC,276,273,5.37,0.76,37.58,51.58,Hazardous
2026-05-01 11:35:27 UTC,247,250,4.79,0.77,39.96,39.6,Hazardous
2026-05-01 11:35:37 UTC,224,222,4.64,0.76,30.47,58.52,Hazardous
2026-05-01 11:35:47 UTC,252,245,4.49,0.74,32.46,54.65,Hazardous
2026-05-01 11:35:57 UTC,258,259,5.23,0.74,35.68,52.7,Hazardous
2026-05-01 11:36:07 UTC,225,225,4.69,0.79,29.74,61.75,Hazardous
2026-05-01 11:36:17 UTC,215,220,4.60,0.77,29.29,63.01,Hazardous
2026-05-01 11:36:27 UTC,220,228,4.53,0.77,29.09,62.59,Hazardous
2026-05-01 11:36:37 UTC,221,225,4.83,0.76,30,58.37,Hazardous
2026-05-01 11:36:47 UTC,261,263,4.63,0.74,37.41,47.36,Hazardous
2026-05-01 11:36:57 UTC,238,247,4.66,0.77,32.47,54.76,Hazardous
2026-05-01 11:37:07 UTC,236,237,4.54,0.74,32.49,52.5,Hazardous
2026-05-01 11:37:17 UTC,278,276,5.58,0.79,36.81,51.31,Hazardous
2026-05-01 11:37:27 UTC,218,226,4.43,0.76,28.95,62.38,Hazardous
2026-05-01 11:37:37 UTC,260,260,5.38,0.76,38.66,47.54,Hazardous
2026-05-01 11:37:47 UTC,260,262,5.11,0.74,35.05,53.74,Hazardous
2026-05-01 11:37:57 UTC,276,273,5.44,0.76,36.5,50.12,Hazardous
2026-05-01 11:38:07 UTC,262,268,4.61,0.75,36.09,47.39,Hazardous
2026-05-01 11:38:17 UTC,243,250,4.83,0.78,39.17,41.17,Hazardous
2026-05-01 11:38:27 UTC,221,227,4.42,0.74,29.7,58.52,Hazardous
2026-05-01 11:38:37 UTC,281,277,5.45,0.77,36.19,52.65,Hazardous
2026-05-01 11:38:47 UTC,252,251,4.83,0.78,38.96,41.59,Hazardous
2026-05-01 11:38:57 UTC,233,238,4.57,0.75,30.59,59.17,Hazardous
2026-05-01 11:39:07 UTC,315,374,4.53,0.75,31.89,55.46,Hazardous
2026-05-01 11:39:17 UTC,246,246,4.70,0.76,32.43,54.85,Hazardous
2026-05-01 11:39:27 UTC,251,244,4.61,0.76,39.91,41.93,Hazardous
2026-05-01 11:39:37 UTC,250,252,4.92,0.78,38.31,43.29,Hazardous
2026-05-01 11:39:47 UTC,253,246,4.81,0.78,39.73,40.87,Hazardous
2026-05-01 11:39:57 UTC,125,134,4.52,0.75,33.59,52.9,Hazardous
2026-05-01 11:40:07 UTC,267,276,4.54,0.76,33.68,49.77,Hazardous
2026-05-01 11:40:17 UTC,249,250,5.27,0.76,34.55,56.76,Hazardous
2026-05-01 11:40:27 UTC,256,290,4.68,0.78,31.59,57.81,Hazardous
2026-05-01 11:40:37 UTC,262,255,5.24,0.75,35.71,51.79,Hazardous
2026-05-01 11:40:47 UTC,118,125,4.68,0.77,33.18,50.95,Hazardous
2026-05-01 11:40:57 UTC,248,258,4.53,0.74,31.16,58.29,Hazardous
2026-05-01 11:41:07 UTC,266,285,4.53,0.75,31.32,57.55,Hazardous
2026-05-01 11:41:17 UTC,254,250,5.23,0.75,35.51,53.08,Hazardous
2026-05-01 11:41:27 UTC,229,226,4.61,0.76,30.2,58.58,Hazardous
2026-05-01 11:41:37 UTC,227,226,4.60,0.77,29.44,63.14,Hazardous
2026-05-01 11:41:47 UTC,224,224,4.58,0.74,30.24,57.94,Hazardous
2026-05-01 11:41:57 UTC,259,259,5.41,0.77,38.46,50.49,Hazardous
2026-05-01 11:42:07 UTC,260,266,5.23,0.74,35.66,53.07,Hazardous
2026-05-01 11:42:17 UTC,244,246,4.67,0.77,32.77,53.87,Hazardous
2026-05-01 11:42:27 UTC,288,321,4.54,0.75,31.78,55.05,Hazardous
2026-05-01 11:42:37 UTC,223,228,4.58,0.76,29.22,63.11,Hazardous
2026-05-01 11:42:47 UTC,250,249,4.68,0.77,32.41,54.13,Hazardous
2026-05-01 11:42:57 UTC,252,252,5.54,0.79,38.17,45.82,Hazardous
2026-05-01 11:43:07 UTC,250,260,5.38,0.76,35.74,53.05,Hazardous
2026-05-01 11:43:17 UTC,251,257,5.43,0.77,38.72,46.68,Hazardous
2026-05-01 11:43:27 UTC,262,275,4.56,0.76,31.21,57.64,Hazardous
2026-05-01 11:43:37 UTC,254,252,4.45,0.74,32.68,53.09,Hazardous
2026-05-01 11:43:47 UTC,276,282,5.44,0.78,36.39,52.68,Hazardous
2026-05-01 11:43:57 UTC,252,248,4.82,0.78,39.12,40.9,Hazardous
2026-05-01 11:44:07 UTC,254,261,5.52,0.79,37.21,48.32,Hazardous
2026-05-01 11:44:17 UTC,235,235,4.60,0.75,30.48,59.63,Hazardous
2026-05-01 11:44:27 UTC,263,261,5.18,0.73,35.39,52.85,Hazardous
2026-05-01 11:44:37 UTC,269,287,4.55,0.75,31.11,59.04,Hazardous
2026-05-01 11:44:47 UTC,252,253,5.25,0.73,35.52,53.07,Hazardous
2026-05-01 11:44:57 UTC,167,168,4.49,0.75,33.21,54.02,Hazardous
2026-05-01 11:45:07 UTC,260,268,5.31,0.76,35.12,52.98,Hazardous
2026-05-01 11:45:17 UTC,219,223,4.34,0.74,29.16,63.25,Hazardous
2026-05-01 11:45:27 UTC,225,223,4.67,0.78,30.02,60.29,Hazardous
2026-05-01 11:45:37 UTC,259,261,4.53,0.76,31.85,58.15,Hazardous
2026-05-01 11:45:47 UTC,181,184,4.58,0.75,33.03,54.03,Hazardous
2026-05-01 11:45:57 UTC,258,263,5.27,0.74,35.62,53.67,Hazardous
2026-05-01 11:46:07 UTC,285,287,5.58,0.79,36.92,51.17,Hazardous
2026-05-01 11:46:17 UTC,246,245,4.66,0.77,32.2,53.38,Hazardous
2026-05-01 11:46:27 UTC,257,258,5.38,0.76,38.47,46.13,Hazardous
2026-05-01 11:46:37 UTC,250,266,4.50,0.75,33.52,55.1,Hazardous
2026-05-01 11:46:47 UTC,109,109,4.50,0.75,33.03,50.86,Hazardous
2026-05-01 11:46:57 UTC,253,257,4.70,0.77,38.57,43.65,Hazardous
2026-05-01 11:47:07 UTC,239,247,4.56,0.76,31.85,54.95,Hazardous
2026-05-01 11:47:17 UTC,250,257,4.53,0.75,32.23,55.43,Hazardous
2026-05-01 11:47:27 UTC,251,269,4.65,0.76,31.64,58.12,Hazardous
2026-05-01 11:47:37 UTC,260,279,4.53,0.75,31.16,55.17,Hazardous
2026-05-01 11:47:47 UTC,253,261,5.39,0.77,38.47,47.06,Hazardous
2026-05-01 11:47:57 UTC,243,253,4.59,0.74,40.28,40.28,Hazardous
2026-05-01 11:48:07 UTC,248,249,4.43,0.75,32.7,54.53,Hazardous
2026-05-01 11:48:17 UTC,250,251,4.52,0.76,31.91,55.05,Hazardous
2026-05-01 11:48:27 UTC,249,256,5.44,0.78,35.65,53.6,Hazardous
2026-05-01 11:48:37 UTC,258,266,4.56,0.75,31.04,57.18,Hazardous
2026-05-01 11:48:47 UTC,263,262,5.15,0.73,35.04,53.28,Hazardous
2026-05-01 11:48:57 UTC,254,256,4.48,0.75,32.67,53.51,Hazardous
2026-05-01 11:49:07 UTC,215,222,4.76,0.76,30.39,58.23,Hazardous
2026-05-01 11:49:17 UTC,259,258,4.84,0.78,38.08,43.04,Hazardous
2026-05-01 11:49:27 UTC,224,228,4.60,0.76,29.6,62.77,Hazardous
2026-05-01 11:49:37 UTC,258,258,4.60,0.74,40.05,40.4,Hazardous
2026-05-01 11:49:47 UTC,224,226,4.51,0.75,29.75,59.09,Hazardous
2026-05-01 11:49:57 UTC,247,251,4.53,0.74,40,40.66,Hazardous
2026-05-01 11:50:07 UTC,151,152,4.67,0.78,33.2,50.21,Hazardous
2026-05-01 11:50:17 UTC,232,236,4.63,0.75,30.2,58.13,Hazardous
2026-05-01 11:50:27 UTC,254,259,4.56,0.74,37.9,45.64,Hazardous
2026-05-01 11:50:37 UTC,241,251,4.70,0.78,31.99,53.97,Hazardous
2026-05-01 11:50:47 UTC,240,253,4.71,0.78,32.06,53.43,Hazardous
2026-05-01 11:50:57 UTC,245,242,4.54,0.75,32.36,55.57,Hazardous
2026-05-01 11:51:07 UTC,262,266,4.76,0.78,36.34,46.04,Hazardous
2026-05-01 11:51:17 UTC,237,240,4.71,0.77,32.37,55.37,Hazardous
2026-05-01 11:51:27 UTC,252,251,4.66,0.78,32.62,53.92,Hazardous
2026-05-01 11:51:37 UTC,250,261,4.49,0.73,31.38,57.1,Hazardous
2026-05-01 11:51:47 UTC,248,247,4.51,0.74,40.3,38.44,Hazardous
2026-05-01 11:51:57 UTC,235,240,4.67,0.76,39.7,41.36,Hazardous
2026-05-01 11:52:07 UTC,282,279,5.49,0.79,36.93,52.62,Hazardous
2026-05-01 11:52:17 UTC,215,219,4.62,0.78,29.14,62.73,Hazardous
2026-05-01 11:52:27 UTC,261,260,5.29,0.74,34.54,57.26,Hazardous
2026-05-01 11:52:37 UTC,274,272,5.47,0.79,36.87,50.72,Hazardous
2026-05-01 11:52:47 UTC,127,133,4.43,0.74,33.12,49.98,Hazardous
2026-05-01 11:52:57 UTC,242,258,4.54,0.74,30.89,58.76,Hazardous
2026-05-01 11:53:07 UTC,135,138,4.45,0.75,33.3,52.24,Hazardous
2026-05-01 11:53:17 UTC,229,227,4.60,0.74,30.35,58.31,Hazardous
2026-05-01 11:53:27 UTC,305,312,6.83,0.99,35.1,54.21,Hazardous
2026-05-01 11:53:37 UTC,252,254,4.65,0.76,38.99,42.4,Hazardous
2026-05-01 11:53:47 UTC,244,237,4.52,0.75,32,55.8,Hazardous
2026-05-01 11:53:57 UTC,240,245,4.77,0.77,39.94,41.42,Hazardous
2026-05-01 11:54:07 UTC,213,213,4.86,0.77,29.36,61.72,Hazardous
2026-05-01 11:54:17 UTC,261,252,5.19,0.73,35.75,51.87,Hazardous
2026-05-01 11:54:27 UTC,226,224,4.65,0.77,29.85,58.32,Hazardous
2026-05-01 11:54:37 UTC,316,368,4.54,0.76,31.72,55.01,Hazardous
2026-05-01 11:54:47 UTC,238,243,4.55,0.76,32.28,54.95,Hazardous
2026-05-01 11:54:57 UTC,220,223,4.81,0.77,29.96,59.71,Hazardous
2026-05-01 11:55:07 UTC,255,259,4.56,0.74,37.95,45.13,Hazardous
2026-05-01 11:55:17 UTC,286,289,5.54,0.79,36.71,49.52,Hazardous
2026-05-01 11:55:27 UTC,271,282,4.65,0.77,33.64,53.8,Hazardous
2026-05-01 11:55:37 UTC,276,275,5.37,0.77,35.21,53.49,Hazardous
2026-05-01 11:55:47 UTC,246,243,4.55,0.75,32.28,55.29,Hazardous
2026-05-01 11:55:57 UTC,254,258,5.42,0.78,38.95,47.87,Hazardous
2026-05-01 11:56:07 UTC,227,226,4.48,0.76,29.51,63.36,Hazardous
2026-05-01 11:56:17 UTC,259,265,5.37,0.76,38.62,46.98,Hazardous
2026-05-01 11:56:27 UTC,279,278,5.60,0.8,36.61,49.76,Hazardous
2026-05-01 11:56:37 UTC,252,259,5.59,0.78,38.6,48.81,Hazardous
2026-05-01 11:56:47 UTC,249,250,5.44,0.77,38.61,46.15,Hazardous
2026-05-01 11:56:57 UTC,233,231,4.66,0.75,30.48,58.78,Hazardous
2026-05-01 11:57:07 UTC,206,213,4.51,0.76,33.01,53.51,Hazardous
2026-05-01 11:57:17 UTC,256,251,5.38,0.77,38.36,46.89,Hazardous
2026-05-01 11:57:27 UTC,244,246,4.64,0.76,39.78,42.29,Hazardous
2026-05-01 11:57:37 UTC,283,281,5.52,0.78,37.77,49.73,Hazardous
2026-05-01 11:57:47 UTC,253,245,5.56,0.79,38.4,46.32,Hazardous
2026-05-01 11:57:57 UTC,211,217,4.52,0.76,32.99,53.49,Hazardous
2026-05-01 11:58:07 UTC,271,281,5.36,0.77,37.59,50.92,Hazardous
2026-05-01 11:58:17 UTC,220,221,4.68,0.77,29.7,59.79,Hazardous
2026-05-01 11:58:27 UTC,249,244,4.67,0.76,39.06,41.17,Hazardous
2026-05-01 11:58:37 UTC,201,201,4.52,0.75,33.12,53.55,Hazardous
2026-05-01 11:58:47 UTC,166,166,4.48,0.75,33.04,54.09,Hazardous
2026-05-01 11:58:57 UTC,263,257,4.93,0.8,38.04,44.91,Hazardous
2026-05-01 11:59:07 UTC,257,254,5.58,0.8,38.62,46.42,Hazardous
2026-05-01 11:59:17 UTC,286,281,5.44,0.78,36.64,51.65,Hazardous
2026-05-01 11:59:27 UTC,233,230,4.75,0.77,30.5,58.74,Hazardous
2026-05-01 11:59:37 UTC,242,246,4.78,0.76,40.05,39.06,Hazardous
2026-05-01 11:59:47 UTC,267,275,5.57,0.8,36.71,50.29,Hazardous
2026-05-01 11:59:57 UTC,287,287,5.58,0.79,37.1,49.85,Hazardous
2026-05-01 12:00:07 UTC,229,232,4.60,0.76,30.36,58.49,Hazardous
2026-05-01 12:00:17 UTC,249,248,5.38,0.77,35.6,51.27,Hazardous
2026-05-01 12:00:27 UTC,266,267,5.43,0.77,36.96,50.63,Hazardous
2026-05-01 12:00:37 UTC,253,254,5.27,0.74,34.38,57.21,Hazardous
2026-05-01 12:00:47 UTC,213,212,4.43,0.75,29.09,61.51,Hazardous
2026-05-01 12:00:57 UTC,105,118,4.50,0.75,33.15,50.51,Hazardous
2026-05-01 12:01:07 UTC,228,230,4.71,0.78,29.73,62.45,Hazardous
2026-05-01 12:01:17 UTC,283,287,5.42,0.77,36.71,50.57,Hazardous
2026-05-01 12:01:27 UTC,282,279,5.60,0.79,36.82,50.8,Hazardous
2026-05-01 12:01:37 UTC,270,287,4.60,0.76,36.37,46.73,Hazardous
2026-05-01 12:01:47 UTC,249,252,5.49,0.78,38.28,48.46,Hazardous
2026-05-01 12:01:57 UTC,253,264,5.41,0.76,35.66,53.85,Hazardous
2026-05-01 12:02:07 UTC,266,326,4.50,0.75,33.19,53.52,Hazardous
2026-05-01 12:02:17 UTC,240,243,4.54,0.75,32.15,56.04,Hazardous
2026-05-01 12:02:27 UTC,280,304,4.54,0.74,31.43,58.43,Hazardous
2026-05-01 12:02:37 UTC,250,272,4.54,0.76,31.63,57.04,Hazardous
2026-05-01 12:02:47 UTC,221,225,4.81,0.78,30.1,58.18,Hazardous
2026-05-01 12:02:57 UTC,247,244,4.55,0.76,32.41,53.97,Hazardous
2026-05-01 12:03:07 UTC,252,246,4.54,0.75,39.3,42.55,Hazardous
2026-05-01 12:03:17 UTC,217,225,4.59,0.75,29.38,62.76,Hazardous
2026-05-01 12:03:27 UTC,275,278,5.43,0.77,36.2,52.93,Hazardous
2026-05-01 12:03:37 UTC,283,286,4.52,0.75,33.69,49.69,Hazardous
2026-05-01 12:03:47 UTC,236,239,4.56,0.74,33.95,50.84,Hazardous
2026-05-01 12:03:57 UTC,239,241,4.70,0.77,31.85,54.67,Hazardous
2026-05-01 12:04:07 UTC,241,241,5.38,0.77,37.36,48.03,Hazardous
2026-05-01 12:04:17 UTC,226,236,4.54,0.74,30.58,58.39,Hazardous
2026-05-01 12:04:27 UTC,217,224,4.57,0.74,30.55,58.79,Hazardous
2026-05-01 12:04:37 UTC,257,264,5.22,0.75,35.57,53.36,Hazardous
2026-05-01 12:04:47 UTC,222,223,4.65,0.76,29.98,58.59,Hazardous
2026-05-01 12:04:57 UTC,120,121,4.42,0.73,33.45,51.42,Hazardous
2026-05-01 12:05:07 UTC,248,253,5.50,0.78,38.58,47.75,Hazardous
2026-05-01 12:05:17 UTC,250,247,5.19,0.74,35.53,55.37,Hazardous
2026-05-01 12:05:27 UTC,248,255,5.37,0.77,38.21,46.66,Hazardous
2026-05-01 12:05:37 UTC,251,256,4.70,0.77,38.78,42.87,Hazardous
2026-05-01 12:05:47 UTC,250,260,5.32,0.76,34.74,53.76,Hazardous
2026-05-01 12:05:57 UTC,230,224,4.68,0.78,29.99,59.93,Hazardous
2026-05-01 12:06:07 UTC,247,249,5.40,0.77,37.98,46.47,Hazardous
2026-05-01 12:06:17 UTC,240,241,4.53,0.74,40.55,39.07,Hazardous
2026-05-01 12:06:27 UTC,282,326,4.56,0.74,31.77,55.23,Hazardous
2026-05-01 12:06:37 UTC,275,280,4.52,0.74,33.84,50.89,Hazardous
2026-05-01 12:06:47 UTC,234,229,4.57,0.75,30.85,57.95,Hazardous
2026-05-01 12:06:57 UTC,234,243,4.54,0.75,31.04,58.63,Hazardous
2026-05-01 12:07:07 UTC,228,240,4.50,0.75,30.9,58.3,Hazardous
2026-05-01 12:07:17 UTC,277,277,5.44,0.78,36.62,50.19,Hazardous
2026-05-01 12:07:27 UTC,221,222,4.79,0.78,30.26,59.43,Hazardous
2026-05-01 12:07:37 UTC,279,279,5.58,0.8,35.61,54.06,Hazardous
2026-05-01 12:07:47 UTC,277,275,5.44,0.77,36.78,50.11,Hazardous
2026-05-01 12:07:57 UTC,252,267,4.71,0.78,31.35,56.78,Hazardous
2026-05-01 12:08:07 UTC,260,279,4.51,0.74,31.9,58.33,Hazardous
2026-05-01 12:08:17 UTC,259,254,5.56,0.8,38.47,48.17,Hazardous
2026-05-01 12:08:27 UTC,268,276,5.42,0.78,36.61,50.47,Hazardous
2026-05-01 12:08:37 UTC,241,246,4.54,0.74,34.03,50.98,Hazardous
2026-05-01 12:08:47 UTC,269,283,5.38,0.77,36,51.86,Hazardous
2026-05-01 12:08:57 UTC,245,242,4.48,0.74,32.25,54.38,Hazardous
2026-05-01 12:09:07 UTC,247,257,4.86,0.79,39.49,42.92,Hazardous
2026-05-01 12:09:17 UTC,275,275,4.68,0.77,33.7,51.6,Hazardous
2026-05-01 12:09:27 UTC,260,262,4.55,0.75,31.35,55.37,Hazardous
2026-05-01 12:09:37 UTC,272,266,5.52,0.79,36.83,50.29,Hazardous
2026-05-01 12:09:47 UTC,248,249,4.68,0.77,31.89,55.18,Hazardous
2026-05-01 12:09:57 UTC,241,246,4.64,0.76,32.66,54.4,Hazardous
2026-05-01 12:10:07 UTC,235,246,4.47,0.74,31.95,55.96,Hazardous
2026-05-01 12:10:17 UTC,242,248,4.51,0.76,32.28,54.8,Hazardous
2026-05-01 12:10:27 UTC,225,234,4.55,0.75,29.62,62.49,Hazardous
2026-05-01 12:10:37 UTC,276,276,4.60,0.74,33.74,54.16,Hazardous
2026-05-01 12:10:47 UTC,258,270,4.58,0.75,37.28,46.44,Hazardous
2026-05-01 12:10:57 UTC,205,205,4.67,0.77,32.96,53.15,Hazardous
2026-05-01 12:11:07 UTC,162,165,4.54,0.76,33.11,54.5,Hazardous
2026-05-01 12:11:17 UTC,249,262,4.57,0.74,30.88,58.72,Hazardous
2026-05-01 12:11:27 UTC,254,250,4.76,0.77,39.38,42.91,Hazardous
2026-05-01 12:11:37 UTC,220,224,4.69,0.77,29.8,62.23,Hazardous
2026-05-01 12:11:47 UTC,220,217,4.76,0.77,30.4,57.96,Hazardous
2026-05-01 12:11:57 UTC,185,185,4.62,0.76,32.95,54.52,Hazardous
2026-05-01 12:12:07 UTC,239,242,4.65,0.77,32.17,52.67,Hazardous
2026-05-01 12:12:17 UTC,278,321,4.55,0.74,31.21,56.21,Hazardous
2026-05-01 12:12:27 UTC,268,268,5.36,0.77,36.62,50.52,Hazardous
2026-05-01 12:12:37 UTC,223,219,4.58,0.75,30.25,58.43,Hazardous
2026-05-01 12:12:47 UTC,261,261,5.26,0.74,35.35,52.81,Hazardous
2026-05-01 12:12:57 UTC,224,227,4.69,0.78,29.78,61.22,Hazardous
2026-05-01 12:13:07 UTC,245,250,4.71,0.76,40.16,39.72,Hazardous
2026-05-01 12:13:17 UTC,240,237,4.75,0.77,33.82,50.35,Hazardous
2026-05-01 12:13:27 UTC,242,239,4.52,0.75,32.24,55.93,Hazardous
2026-05-01 12:13:37 UTC,252,262,4.62,0.76,37.29,46.97,Hazardous
2026-05-01 12:13:47 UTC,258,263,5.25,0.74,35.67,53.74,Hazardous
2026-05-01 12:13:57 UTC,262,261,5.57,0.8,38.6,49.06,Hazardous
2026-05-01 12:14:07 UTC,200,210,4.69,0.77,33.01,53.81,Hazardous
2026-05-01 12:14:17 UTC,250,247,4.63,0.75,39,43.22,Hazardous
2026-05-01 12:14:27 UTC,275,280,5.57,0.78,36.2,52.07,Hazardous
2026-05-01 12:14:37 UTC,220,228,4.55,0.74,30.33,57.99,Hazardous
2026-05-01 12:14:47 UTC,247,247,4.61,0.75,40.09,40.09,Hazardous
2026-05-01 12:14:57 UTC,131,139,4.65,0.77,33.43,52.16,Hazardous
2026-05-01 12:15:07 UTC,247,251,5.41,0.76,38.99,46.88,Hazardous
2026-05-01 12:15:17 UTC,243,244,4.55,0.74,40.36,39.2,Hazardous
2026-05-01 12:15:27 UTC,240,245,4.54,0.75,32.23,53.79,Hazardous
2026-05-01 12:15:37 UTC,241,242,4.60,0.76,39.67,39.32,Hazardous
2026-05-01 12:15:47 UTC,240,240,4.55,0.74,32.22,55.48,Hazardous
2026-05-01 12:15:57 UTC,248,256,4.53,0.75,31.75,55.67,Hazardous
2026-05-01 12:16:07 UTC,319,369,4.78,0.77,35.17,50.72,Hazardous
2026-05-01 12:16:17 UTC,248,247,4.75,0.76,40.28,39.61,Hazardous
2026-05-01 12:16:27 UTC,244,246,4.49,0.75,31.77,55.56,Hazardous
2026-05-01 12:16:37 UTC,247,255,5.23,0.74,35.3,54.11,Hazardous
2026-05-01 12:16:47 UTC,230,231,4.55,0.76,33,53.71,Hazardous
2026-05-01 12:16:57 UTC,236,238,4.59,0.75,30.49,59.19,Hazardous
2026-05-01 12:17:07 UTC,255,260,5.56,0.78,38.67,46.65,Hazardous
2026-05-01 12:17:17 UTC,250,262,4.55,0.74,32.17,54.94,Hazardous
2026-05-01 12:17:27 UTC,242,248,4.56,0.75,32.12,55.02,Hazardous
2026-05-01 12:17:37 UTC,255,248,5.37,0.76,35.65,52.49,Hazardous
2026-05-01 12:17:47 UTC,240,241,4.49,0.74,32.16,54.34,Hazardous
2026-05-01 12:17:57 UTC,249,255,4.67,0.76,38.47,42.82,Hazardous
2026-05-01 12:18:07 UTC,239,242,4.54,0.74,40.63,39.89,Hazardous
2026-05-01 12:18:17 UTC,252,256,4.58,0.75,39.38,42.55,Hazardous
2026-05-01 12:18:27 UTC,256,250,5.44,0.78,38.96,47.24,Hazardous
2026-05-01 12:18:37 UTC,237,242,4.54,0.75,30.72,58.93,Hazardous
2026-05-01 12:18:47 UTC,252,258,5.34,0.76,35.72,53.21,Hazardous
2026-05-01 12:18:57 UTC,256,262,5.24,0.75,34.73,55.83,Hazardous
2026-05-01 12:19:07 UTC,252,260,4.66,0.77,32.8,53.44,Hazardous
2026-05-01 12:19:17 UTC,252,256,4.48,0.75,32.7,53.52,Hazardous
2026-05-01 12:19:27 UTC,105,120,4.87,0.79,39.51,41.22,Hazardous
2026-05-01 12:19:37 UTC,208,217,4.89,0.77,29.48,62.45,Hazardous
2026-05-01 12:19:47 UTC,247,252,5.43,0.77,38.18,46.52,Hazardous
2026-05-01 12:19:57 UTC,228,229,4.53,0.76,29.64,62.17,Hazardous
2026-05-01 12:20:07 UTC,244,250,4.75,0.76,40.44,38.89,Hazardous
2026-05-01 12:20:17 UTC,267,260,5.43,0.77,37.05,50.85,Hazardous
2026-05-01 12:20:27 UTC,276,288,4.75,0.77,33.63,50.68,Hazardous
2026-05-01 12:20:37 UTC,248,246,4.81,0.77,39.65,39.54,Hazardous
2026-05-01 12:20:47 UTC,226,227,4.66,0.78,29.86,60.82,Hazardous
2026-05-01 12:20:57 UTC,236,235,4.58,0.74,30.36,59.95,Hazardous
2026-05-01 12:21:07 UTC,284,288,5.44,0.77,36.55,51.65,Hazardous
2026-05-01 12:21:17 UTC,245,242,4.53,0.74,40.28,39.26,Hazardous
2026-05-01 12:21:27 UTC,255,272,4.55,0.76,31.11,57.94,Hazardous
2026-05-01 12:21:37 UTC,280,293,4.58,0.76,33.9,51.4,Hazardous
2026-05-01 12:21:47 UTC,249,258,5.21,0.73,35.59,52.41,Hazardous
2026-05-01 12:21:57 UTC,281,282,5.38,0.77,36.97,50.33,Hazardous
2026-05-01 12:22:07 UTC,225,225,4.51,0.75,29.11,62.85,Hazardous
2026-05-01 12:22:17 UTC,235,245,4.58,0.76,31.98,56.35,Hazardous
2026-05-01 12:22:27 UTC,210,218,4.80,0.76,29.95,58.16,Hazardous
2026-05-01 12:22:37 UTC,225,225,4.70,0.78,29.97,60.69,Hazardous
2026-05-01 12:22:47 UTC,244,246,4.69,0.77,32.33,55.07,Hazardous
2026-05-01 12:22:57 UTC,245,248,5.42,0.77,38.3,46.29,Hazardous
2026-05-01 12:23:07 UTC,255,261,5.22,0.73,35.59,52.55,Hazardous
2026-05-01 12:23:17 UTC,262,270,4.59,0.75,35.75,49.24,Hazardous
2026-05-01 12:23:27 UTC,231,230,4.76,0.77,30.66,58.6,Hazardous
2026-05-01 12:23:37 UTC,280,292,5.54,0.79,36.8,50.09,Hazardous
2026-05-01 12:23:47 UTC,246,252,4.54,0.75,32.35,55.34,Hazardous
2026-05-01 12:23:57 UTC,231,237,4.67,0.77,31.64,55.99,Hazardous
2026-05-01 12:24:07 UTC,249,250,4.60,0.75,39.72,40.73,Hazardous
2026-05-01 12:24:17 UTC,231,233,4.53,0.74,30.6,57.11,Hazardous
2026-05-01 12:24:27 UTC,240,237,4.75,0.76,34.2,50.43,Hazardous
2026-05-01 12:24:37 UTC,250,254,4.48,0.75,31.62,53.15,Hazardous
2026-05-01 12:24:47 UTC,257,254,5.44,0.77,35.04,55.99,Hazardous
2026-05-01 12:24:57 UTC,241,246,4.51,0.75,32.47,55.37,Hazardous
2026-05-01 12:25:07 UTC,371,460,4.72,0.78,34.41,52.67,Hazardous
2026-05-01 12:25:17 UTC,216,224,4.51,0.74,30.33,58.69,Hazardous
2026-05-01 12:25:27 UTC,249,245,4.53,0.75,39.56,42.83,Hazardous
2026-05-01 12:25:37 UTC,222,233,4.56,0.78,29.41,63.52,Hazardous
2026-05-01 12:25:47 UTC,256,266,4.59,0.75,37.79,45.58,Hazardous
2026-05-01 12:25:57 UTC,266,263,5.43,0.78,36.93,49.96,Hazardous
2026-05-01 12:26:07 UTC,250,261,5.27,0.74,35.86,53.31,Hazardous
2026-05-01 12:26:17 UTC,254,261,4.53,0.75,31.93,54.23,Hazardous
2026-05-01 12:26:27 UTC,286,300,4.59,0.75,34.77,50.78,Hazardous
2026-05-01 12:26:37 UTC,219,227,4.48,0.73,29.3,62.4,Hazardous
2026-05-01 12:26:47 UTC,257,257,5.20,0.74,35.37,54.01,Hazardous
2026-05-01 12:26:57 UTC,237,236,4.70,0.78,33.89,51.83,Hazardous
2026-05-01 12:27:07 UTC,247,249,4.71,0.77,30.81,57.27,Hazardous
2026-05-01 12:27:17 UTC,243,244,4.55,0.75,32.54,54.04,Hazardous
2026-05-01 12:27:27 UTC,133,132,4.53,0.75,33.46,53.98,Hazardous
2026-05-01 12:27:37 UTC,224,228,4.53,0.77,29.92,60.67,Hazardous
2026-05-01 12:27:47 UTC,273,288,4.58,0.76,33.22,54.42,Hazardous
2026-05-01 12:27:57 UTC,248,246,5.37,0.77,35.61,50.8,Hazardous
2026-05-01 12:28:07 UTC,288,287,5.41,0.78,36.79,49.93,Hazardous
2026-05-01 12:28:17 UTC,223,229,4.45,0.74,29.05,63.13,Hazardous
2026-05-01 12:28:27 UTC,277,283,5.43,0.77,36.66,49.16,Hazardous
2026-05-01 12:28:37 UTC,241,248,4.52,0.75,40.28,39.9,Hazardous
2026-05-01 12:28:47 UTC,247,247,4.81,0.78,39.12,43.15,Hazardous
2026-05-01 12:28:57 UTC,247,250,4.48,0.75,32.45,54.12,Hazardous
2026-05-01 12:29:07 UTC,256,255,5.54,0.78,38.84,48,Hazardous
2026-05-01 12:29:17 UTC,244,246,5.15,0.73,35.76,51.77,Hazardous
2026-05-01 12:29:27 UTC,236,235,4.53,0.74,33.8,51.71,Hazardous
2026-05-01 12:29:37 UTC,277,288,4.59,0.75,35.43,50.07,Hazardous
2026-05-01 12:29:47 UTC,209,215,4.87,0.78,29.45,62.05,Hazardous
2026-05-01 12:29:57 UTC,247,256,4.51,0.74,32.45,55.17,Hazardous
2026-05-01 12:30:07 UTC,258,262,5.27,0.75,35.86,52.99,Hazardous
2026-05-01 12:30:17 UTC,244,251,4.71,0.78,31.95,55.48,Hazardous
2026-05-01 12:30:27 UTC,234,239,4.56,0.74,30.38,59.24,Hazardous
2026-05-01 12:30:37 UTC,254,248,5.40,0.77,38.11,48.33,Hazardous
2026-05-01 12:30:47 UTC,269,275,4.56,0.76,36.69,47.11,Hazardous
2026-05-01 12:30:57 UTC,215,223,4.46,0.75,29.29,62.29,Hazardous
2026-05-01 12:31:07 UTC,242,250,4.69,0.78,32.29,54.49,Hazardous
2026-05-01 12:31:17 UTC,248,253,5.28,0.75,35.87,53.02,Hazardous
2026-05-01 12:31:27 UTC,222,229,4.64,0.75,30.12,57.86,Hazardous
2026-05-01 12:31:37 UTC,259,253,5.17,0.73,35.65,51.75,Hazardous
2026-05-01 12:31:47 UTC,237,246,4.54,0.75,32.3,55.31,Hazardous
2026-05-01 12:31:57 UTC,249,248,5.39,0.76,37.62,49.08,Hazardous
2026-05-01 12:32:07 UTC,252,257,5.22,0.73,35.65,52.13,Hazardous
2026-05-01 12:32:17 UTC,280,282,5.51,0.79,37.05,50.48,Hazardous
2026-05-01 12:32:27 UTC,246,258,4.53,0.74,31.65,54.67,Hazardous
2026-05-01 12:32:37 UTC,254,248,5.38,0.77,38.42,46.23,Hazardous
2026-05-01 12:32:47 UTC,267,293,4.52,0.75,31.67,53.53,Hazardous
2026-05-01 12:32:57 UTC,307,337,4.54,0.75,34.58,50.7,Hazardous
2026-05-01 12:33:07 UTC,240,238,4.78,0.78,34.1,51.93,Hazardous
2026-05-01 12:33:17 UTC,249,248,4.47,0.76,32.83,52.58,Hazardous
2026-05-01 12:33:27 UTC,267,274,5.11,0.73,35.09,54.3,Hazardous
2026-05-01 12:33:37 UTC,259,271,4.74,0.78,33.68,50.2,Hazardous
2026-05-01 12:33:47 UTC,240,234,4.51,0.74,33.94,51.5,Hazardous
2026-05-01 12:33:57 UTC,258,271,4.58,0.74,37.25,45.96,Hazardous
2026-05-01 12:34:07 UTC,280,283,5.45,0.78,36.39,52.56,Hazardous
2026-05-01 12:34:17 UTC,222,226,4.62,0.77,29.19,63.58,Hazardous
2026-05-01 12:34:27 UTC,249,264,4.46,0.75,31.63,57.43,Hazardous
2026-05-01 12:34:37 UTC,248,249,5.54,0.79,37.73,46.48,Hazardous
2026-05-01 12:34:47 UTC,254,252,4.67,0.78,32.82,53.66,Hazardous
2026-05-01 12:34:57 UTC,261,259,5.37,0.77,35.94,52.55,Hazardous
2026-05-01 12:35:07 UTC,289,286,5.40,0.77,36.61,51.18,Hazardous
2026-05-01 12:35:17 UTC,271,275,5.49,0.78,36.66,49.74,Hazardous
2026-05-01 12:35:27 UTC,254,262,4.92,0.8,38.27,44.53,Hazardous
2026-05-01 12:35:37 UTC,273,275,5.51,0.78,37.05,51.27,Hazardous
2026-05-01 12:35:47 UTC,259,257,5.43,0.77,38.59,50.85,Hazardous
2026-05-01 12:35:57 UTC,265,278,4.49,0.74,33.73,51.41,Hazardous
2026-05-01 12:36:07 UTC,241,245,4.70,0.76,40.34,39.69,Hazardous
2026-05-01 12:36:17 UTC,217,218,4.65,0.77,29.17,62.8,Hazardous
2026-05-01 12:36:27 UTC,263,263,5.49,0.78,36.82,49.63,Hazardous
2026-05-01 12:36:37 UTC,223,234,4.54,0.76,29.68,60.06,Hazardous
2026-05-01 12:36:47 UTC,228,222,4.82,0.77,30.48,58.37,Hazardous
2026-05-01 12:36:57 UTC,278,277,5.51,0.78,37.52,49.17,Hazardous
2026-05-01 12:37:07 UTC,254,252,5.23,0.74,35.84,53.02,Hazardous
2026-05-01 12:37:17 UTC,244,255,4.53,0.75,31.46,54.02,Hazardous
2026-05-01 12:37:27 UTC,229,235,4.40,0.75,29.02,63.04,Hazardous
2026-05-01 12:37:37 UTC,271,264,4.58,0.74,35.84,48.33,Hazardous
2026-05-01 12:37:47 UTC,250,256,4.62,0.76,39.77,41.61,Hazardous
2026-05-01 12:37:57 UTC,263,271,4.55,0.75,36.8,46.85,Hazardous
2026-05-01 12:38:07 UTC,251,251,5.26,0.74,35.79,53.09,Hazardous
2026-05-01 12:38:17 UTC,258,263,4.55,0.74,32.3,55.51,Hazardous
2026-05-01 12:38:27 UTC,232,244,4.58,0.74,34.18,52.35,Hazardous
2026-05-01 12:38:37 UTC,220,230,4.47,0.75,29.33,63.48,Hazardous
2026-05-01 12:38:47 UTC,283,286,5.57,0.79,37.14,49.4,Hazardous
2026-05-01 12:38:57 UTC,236,245,4.65,0.77,40.52,39.92,Hazardous
2026-05-01 12:39:07 UTC,261,272,4.78,0.77,36.77,46.39,Hazardous
2026-05-01 12:39:17 UTC,255,251,5.34,0.76,35.86,53.13,Hazardous
2026-05-01 12:39:27 UTC,238,239,4.54,0.75,30.99,58.54,Hazardous
2026-05-01 12:39:37 UTC,274,285,5.33,0.76,37.28,51.04,Hazardous
2026-05-01 12:39:47 UTC,230,259,4.51,0.75,33.47,54.27,Hazardous
2026-05-01 12:39:57 UTC,255,278,4.49,0.74,31.58,57.14,Hazardous
2026-05-01 12:40:07 UTC,295,321,4.53,0.75,34.12,51.96,Hazardous
2026-05-01 12:40:17 UTC,247,245,4.54,0.76,32.18,55.27,Hazardous
2026-05-01 12:40:27 UTC,262,261,5.17,0.74,35,53.83,Hazardous
2026-05-01 12:40:37 UTC,240,246,4.48,0.73,40.14,39.93,Hazardous
2026-05-01 12:40:47 UTC,225,236,4.71,0.78,30.42,57.07,Hazardous
2026-05-01 12:40:57 UTC,247,252,5.20,0.73,35.08,55.72,Hazardous
2026-05-01 12:41:07 UTC,264,265,5.56,0.79,36.72,50.52,Hazardous
2026-05-01 12:41:17 UTC,251,262,4.71,0.78,31.01,54.86,Hazardous
2026-05-01 12:41:27 UTC,250,253,4.82,0.77,39.95,40.84,Hazardous
2026-05-01 12:41:37 UTC,222,224,4.69,0.77,29.73,58.2,Hazardous
2026-05-01 12:41:47 UTC,288,285,5.40,0.77,37.08,49.26,Hazardous
2026-05-01 12:41:57 UTC,266,266,5.52,0.79,36.85,50.2,Hazardous
2026-05-01 12:42:07 UTC,225,230,4.56,0.74,30.51,59.71,Hazardous
2026-05-01 12:42:17 UTC,284,305,4.75,0.77,34.29,52.96,Hazardous
2026-05-01 12:42:27 UTC,231,226,4.50,0.75,30.09,59.29,Hazardous
2026-05-01 12:42:37 UTC,270,266,5.43,0.77,35.26,52.2,Hazardous
2026-05-01 12:42:47 UTC,286,294,5.38,0.77,36.85,49.95,Hazardous
2026-05-01 12:42:57 UTC,165,164,4.55,0.76,33.11,53.9,Hazardous
2026-05-01 12:43:07 UTC,225,233,4.55,0.75,29.29,61.81,Hazardous
2026-05-01 12:43:17 UTC,231,234,4.53,0.75,32.87,53.83,Hazardous
2026-05-01 12:43:27 UTC,231,233,4.67,0.76,30.57,59.75,Hazardous
2026-05-01 12:43:37 UTC,225,232,4.77,0.77,30.48,56.61,Hazardous
2026-05-01 12:43:47 UTC,262,268,5.10,0.74,35.25,53.87,Hazardous
2026-05-01 12:43:57 UTC,219,229,4.55,0.77,29.09,62.55,Hazardous
2026-05-01 12:44:07 UTC,269,277,5.48,0.78,36.78,48.9,Hazardous
2026-05-01 12:44:17 UTC,266,267,4.57,0.76,35.86,48.32,Hazardous
2026-05-01 12:44:27 UTC,228,239,4.65,0.77,30.47,57.6,Hazardous
2026-05-01 12:44:37 UTC,249,251,4.56,0.75,33.59,52.77,Hazardous
2026-05-01 12:44:47 UTC,196,205,4.54,0.75,32.99,54.56,Hazardous
2026-05-01 12:44:57 UTC,278,303,4.56,0.75,31.01,58.71,Hazardous
2026-05-01 12:45:07 UTC,278,305,4.69,0.77,31.34,57.98,Hazardous
2026-05-01 12:45:17 UTC,276,276,5.40,0.78,36.83,50.4,Hazardous
2026-05-01 12:45:27 UTC,274,299,4.71,0.77,31.41,57.88,Hazardous
2026-05-01 12:45:37 UTC,122,125,4.70,0.77,33.38,52.16,Hazardous
2026-05-01 12:45:47 UTC,252,251,5.36,0.77,35.52,53.15,Hazardous
2026-05-01 12:45:57 UTC,303,346,4.62,0.76,34.97,50.62,Hazardous
2026-05-01 12:46:07 UTC,257,258,5.55,0.78,38.21,48.36,Hazardous
2026-05-01 12:46:17 UTC,285,280,5.53,0.79,36.64,49.48,Hazardous
2026-05-01 12:46:27 UTC,266,270,5.17,0.73,35.36,52.91,Hazardous
2026-05-01 12:46:37 UTC,226,228,4.59,0.76,29.39,62.92,Hazardous
2026-05-01 12:46:47 UTC,257,263,4.71,0.77,31.7,56.59,Hazardous
2026-05-01 12:46:57 UTC,237,245,4.54,0.75,31.97,55.47,Hazardous
2026-05-01 12:47:07 UTC,226,222,4.66,0.76,30.24,58.53,Hazardous
2026-05-01 12:47:17 UTC,255,258,5.39,0.77,38.57,47.39,Hazardous
2026-05-01 12:47:27 UTC,274,276,5.43,0.77,36.61,50.57,Hazardous
2026-05-01 12:47:37 UTC,217,216,4.59,0.77,29.05,62.83,Hazardous
2026-05-01 12:47:47 UTC,255,249,4.67,0.75,38.85,41.71,Hazardous
2026-05-01 12:47:57 UTC,219,219,4.54,0.74,30.55,58.41,Hazardous
2026-05-01 12:48:07 UTC,264,271,4.59,0.75,36.54,45.86,Hazardous
2026-05-01 12:48:17 UTC,261,258,4.63,0.75,37.5,47.43,Hazardous
2026-05-01 12:48:27 UTC,249,255,4.66,0.76,31.58,54.05,Hazardous
2026-05-01 12:48:37 UTC,243,245,4.76,0.78,34.26,52.61,Hazardous
2026-05-01 12:48:47 UTC,272,280,5.55,0.79,36.34,52.7,Hazardous
2026-05-01 12:48:57 UTC,248,249,5.19,0.74,35.68,52.23,Hazardous
2026-05-01 12:49:07 UTC,252,270,4.70,0.77,31.59,56.58,Hazardous
2026-05-01 12:49:17 UTC,234,233,4.65,0.75,39.9,38.15,Hazardous
2026-05-01 12:49:27 UTC,270,278,5.57,0.78,36.61,50.51,Hazardous
2026-05-01 12:49:37 UTC,276,283,5.41,0.77,36.87,49.12,Hazardous
2026-05-01 12:49:47 UTC,258,253,5.56,0.78,38.67,45.64,Hazardous
2026-05-01 12:49:57 UTC,248,256,4.66,0.77,32.66,54.21,Hazardous
2026-05-01 12:50:07 UTC,223,224,4.81,0.78,30.46,57.49,Hazardous
2026-05-01 12:50:17 UTC,287,280,5.43,0.77,36.66,51.03,Hazardous
2026-05-01 12:50:27 UTC,219,222,4.53,0.77,29.07,62.9,Hazardous
2026-05-01 12:50:37 UTC,256,257,5.49,0.77,38.36,46.94,Hazardous
2026-05-01 12:50:47 UTC,267,273,5.17,0.75,35.39,52.65,Hazardous
2026-05-01 12:50:57 UTC,254,248,4.78,0.78,39.03,42.05,Hazardous
2026-05-01 12:51:07 UTC,256,263,5.25,0.74,35.62,51.62,Hazardous
2026-05-01 12:51:17 UTC,264,268,4.61,0.75,36.34,47.98,Hazardous
2026-05-01 12:51:27 UTC,274,277,4.80,0.77,36.62,46.49,Hazardous
2026-05-01 12:51:37 UTC,242,246,4.54,0.73,39.86,39.32,Hazardous
2026-05-01 12:51:47 UTC,251,255,5.55,0.8,38.9,47.74,Hazardous
2026-05-01 12:51:57 UTC,232,256,4.69,0.78,33.44,53.37,Hazardous
2026-05-01 12:52:07 UTC,246,247,4.64,0.76,32.2,54.61,Hazardous
2026-05-01 12:52:17 UTC,251,248,5.54,0.79,38.11,46.78,Hazardous
2026-05-01 12:52:27 UTC,255,256,5.57,0.79,38.33,47.84,Hazardous
2026-05-01 12:52:37 UTC,274,288,4.54,0.74,33.73,49.55,Hazardous
2026-05-01 12:52:47 UTC,261,260,5.40,0.77,38.89,47.65,Hazardous
2026-05-01 12:52:57 UTC,283,294,4.74,0.77,33.71,54.38,Hazardous
2026-05-01 12:53:07 UTC,225,222,4.54,0.74,30.51,57.64,Hazardous
2026-05-01 12:53:17 UTC,240,241,4.67,0.77,32.6,54.43,Hazardous
2026-05-01 12:53:27 UTC,221,228,4.65,0.77,29.82,60.41,Hazardous
2026-05-01 12:53:37 UTC,262,267,4.78,0.77,36.17,47.67,Hazardous
2026-05-01 12:53:47 UTC,240,245,4.53,0.74,32.18,55.8,Hazardous
2026-05-01 12:53:57 UTC,258,268,4.53,0.76,31.68,57.54,Hazardous
2026-05-01 12:54:07 UTC,247,249,4.55,0.74,32,53.63,Hazardous
2026-05-01 12:54:17 UTC,243,248,4.52,0.76,32.52,53.14,Hazardous
2026-05-01 12:54:27 UTC,249,257,5.57,0.78,38.02,48.28,Hazardous
2026-05-01 12:54:37 UTC,247,263,4.52,0.75,31.75,56.76,Hazardous
2026-05-01 12:54:47 UTC,258,270,4.59,0.75,35.97,47.88,Hazardous
2026-05-01 12:54:57 UTC,243,251,4.62,0.75,39.63,42.16,Hazardous
2026-05-01 12:55:07 UTC,249,247,5.37,0.77,37.45,48.17,Hazardous
2026-05-01 12:55:17 UTC,219,217,4.59,0.75,30.43,58.46,Hazardous
2026-05-01 12:55:27 UTC,259,255,5.46,0.76,38.7,46.54,Hazardous
2026-05-01 12:55:37 UTC,224,236,4.54,0.73,30.34,57.15,Hazardous
2026-05-01 12:55:47 UTC,247,259,4.86,0.79,38.1,42.47,Hazardous
2026-05-01 12:55:57 UTC,238,241,4.65,0.77,32.26,53.45,Hazardous
2026-05-01 12:56:07 UTC,270,276,5.18,0.74,35.13,52.22,Hazardous
2026-05-01 12:56:17 UTC,257,278,4.52,0.75,31.74,55.36,Hazardous
2026-05-01 12:56:27 UTC,273,270,5.41,0.77,36.54,50.11,Hazardous
2026-05-01 12:56:37 UTC,245,241,4.69,0.78,32.79,53.77,Hazardous
2026-05-01 12:56:47 UTC,262,270,4.79,0.78,36.94,46.93,Hazardous
2026-05-01 12:56:57 UTC,277,280,5.40,0.77,36.88,49.4,Hazardous
2026-05-01 12:57:07 UTC,259,269,5.49,0.79,36.82,50.39,Hazardous
2026-05-01 12:57:17 UTC,252,251,4.87,0.79,38.91,44.41,Hazardous
2026-05-01 12:57:27 UTC,250,259,4.55,0.75,31.1,57.76,Hazardous
2026-05-01 12:57:37 UTC,263,259,5.23,0.74,35.64,54.33,Hazardous
2026-05-01 12:57:47 UTC,120,130,4.69,0.77,33.2,52.11,Hazardous
2026-05-01 12:57:57 UTC,263,266,5.17,0.73,35.75,54.65,Hazardous
2026-05-01 12:58:07 UTC,283,307,4.73,0.78,34.3,52.61,Hazardous
2026-05-01 12:58:17 UTC,289,296,5.47,0.77,35.41,54.3,Hazardous
2026-05-01 12:58:27 UTC,279,301,4.74,0.77,34.3,53.04,Hazardous
2026-05-01 12:58:37 UTC,272,278,5.43,0.77,36.61,49.64,Hazardous
2026-05-01 12:58:47 UTC,169,169,4.49,0.74,33.25,53.84,Hazardous
2026-05-01 12:58:57 UTC,263,267,5.38,0.75,35.67,53.04,Hazardous
2026-05-01 12:59:07 UTC,255,264,4.69,0.77,31.55,57.32,Hazardous
2026-05-01 12:59:17 UTC,225,221,4.58,0.75,30.45,58.59,Hazardous
2026-05-01 12:59:27 UTC,269,272,4.53,0.75,36.83,46.77,Hazardous
2026-05-01 12:59:37 UTC,267,273,5.34,0.76,37.7,49.71,Hazardous
2026-05-01 12:59:47 UTC,244,249,4.54,0.74,40.66,39.23,Hazardous
2026-05-01 12:59:57 UTC,285,281,5.51,0.79,36.79,49.53,Hazardous
2026-05-01 13:00:07 UTC,264,271,4.56,0.76,33.73,52.07,Hazardous
2026-05-01 13:00:17 UTC,221,227,4.64,0.73,30,59.18,Hazardous
2026-05-01 13:00:27 UTC,276,270,5.41,0.78,36.72,49.63,Hazardous
2026-05-01 13:00:37 UTC,264,261,4.64,0.76,35.52,48.35,Hazardous
2026-05-01 13:00:47 UTC,224,229,4.57,0.78,29.12,63.1,Hazardous
2026-05-01 13:00:57 UTC,248,250,5.20,0.74,35.81,51.36,Hazardous
2026-05-01 13:01:07 UTC,245,247,4.54,0.75,32.28,55.25,Hazardous
2026-05-01 13:01:17 UTC,231,231,4.75,0.76,30.51,58.95,Hazardous
2026-05-01 13:01:27 UTC,120,122,4.71,0.76,33.23,52.34,Hazardous
2026-05-01 13:01:37 UTC,268,275,4.74,0.78,35.57,48.96,Hazardous
2026-05-01 13:01:47 UTC,258,253,5.51,0.79,37.33,48.49,Hazardous
2026-05-01 13:01:57 UTC,286,289,5.36,0.77,37.56,49.86,Hazardous
2026-05-01 13:02:07 UTC,263,260,5.54,0.79,36.88,51.15,Hazardous
2026-05-01 13:02:17 UTC,272,276,5.49,0.79,37.5,49.67,Hazardous
2026-05-01 13:02:27 UTC,266,279,4.59,0.75,36.52,45.93,Hazardous
2026-05-01 13:02:37 UTC,290,285,5.54,0.8,37.06,50.01,Hazardous
2026-05-01 13:02:47 UTC,261,264,5.26,0.74,35.75,53.68,Hazardous
2026-05-01 13:02:57 UTC,304,336,4.69,0.77,34.33,52.22,Hazardous
2026-05-01 13:03:07 UTC,224,225,4.83,0.76,30.36,58.67,Hazardous
2026-05-01 13:03:17 UTC,196,225,4.53,0.75,33.26,51.04,Hazardous
2026-05-01 13:03:27 UTC,253,260,5.43,0.77,38.84,47.05,Hazardous
2026-05-01 13:03:37 UTC,247,249,4.83,0.79,38.97,41.38,Hazardous
2026-05-01 13:03:47 UTC,241,243,4.52,0.74,32.26,54.64,Hazardous
2026-05-01 13:03:57 UTC,228,232,4.55,0.76,30.65,57.69,Hazardous
2026-05-01 13:04:07 UTC,303,344,4.62,0.74,35.03,50.74,Hazardous
2026-05-01 13:04:17 UTC,262,287,4.52,0.76,31.32,57.14,Hazardous
2026-05-01 13:04:27 UTC,258,256,5.25,0.74,34.47,56.55,Hazardous
2026-05-01 13:04:37 UTC,279,285,5.37,0.77,37.57,50.94,Hazardous
2026-05-01 13:04:47 UTC,244,245,4.81,0.78,39.63,42.28,Hazardous
2026-05-01 13:04:57 UTC,255,254,5.25,0.76,35.12,56.44,Hazardous
2026-05-01 13:05:07 UTC,263,263,4.78,0.78,37.83,46.81,Hazardous
2026-05-01 13:05:17 UTC,257,263,5.42,0.76,37.21,50.82,Hazardous
2026-05-01 13:05:27 UTC,264,270,4.77,0.77,33.77,52.59,Hazardous
2026-05-01 13:05:37 UTC,256,258,5.16,0.74,35.82,52.46,Hazardous
2026-05-01 13:05:47 UTC,211,208,4.46,0.75,29.18,61.87,Hazardous
2026-05-01 13:05:57 UTC,223,228,4.42,0.75,29.13,63.29,Hazardous
2026-05-01 13:06:07 UTC,248,249,4.62,0.75,39.8,41.4,Hazardous
2026-05-01 13:06:17 UTC,245,249,4.69,0.76,40.21,39.2,Hazardous
2026-05-01 13:06:27 UTC,225,232,4.60,0.75,30.59,58.07,Hazardous
2026-05-01 13:06:37 UTC,233,233,4.64,0.75,29.59,61.76,Hazardous
2026-05-01 13:06:47 UTC,257,260,4.62,0.76,37.39,47.24,Hazardous
2026-05-01 13:06:57 UTC,253,271,4.46,0.73,31.67,57.97,Hazardous
2026-05-01 13:07:07 UTC,254,249,5.49,0.78,38.84,44.77,Hazardous
2026-05-01 13:07:17 UTC,224,225,4.47,0.76,29.23,63.62,Hazardous
2026-05-01 13:07:27 UTC,269,267,4.56,0.75,33.46,51.72,Hazardous
2026-05-01 13:07:37 UTC,237,233,4.71,0.76,34.06,51.82,Hazardous
2026-05-01 13:07:47 UTC,251,250,4.51,0.75,32.75,54.06,Hazardous
2026-05-01 13:07:57 UTC,246,245,4.74,0.78,40.17,39.8,Hazardous
2026-05-01 13:08:07 UTC,302,332,4.59,0.74,34.14,51.97,Hazardous
2026-05-01 13:08:17 UTC,253,266,4.51,0.75,31.71,56.45,Hazardous
2026-05-01 13:08:27 UTC,218,221,4.52,0.76,29.98,58.29,Hazardous
2026-05-01 13:08:37 UTC,241,247,5.26,0.76,34.56,59.59,Hazardous
2026-05-01 13:08:47 UTC,167,167,4.54,0.75,33.06,54.16,Hazardous
2026-05-01 13:08:57 UTC,245,252,5.43,0.78,38.18,47.96,Hazardous
2026-05-01 13:09:07 UTC,254,279,4.55,0.75,31.49,57.41,Hazardous
2026-05-01 13:09:17 UTC,263,274,4.56,0.75,33.38,55.48,Hazardous
2026-05-01 13:09:27 UTC,238,241,4.69,0.77,40.43,39.09,Hazardous
2026-05-01 13:09:37 UTC,264,269,5.16,0.73,35.87,54.58,Hazardous
2026-05-01 13:09:47 UTC,243,236,4.68,0.76,40.43,39.35,Hazardous
2026-05-01 13:09:57 UTC,665,760,5.95,0.84,35.15,54.4,Hazardous
2026-05-01 13:10:07 UTC,257,266,5.54,0.79,36.5,51.09,Hazardous
2026-05-01 13:10:17 UTC,221,228,4.60,0.75,29.49,63.16,Hazardous
2026-05-01 13:10:27 UTC,312,335,5.63,0.8,35.29,54.17,Hazardous
2026-05-01 13:10:37 UTC,253,259,5.42,0.77,38.89,46.05,Hazardous
2026-05-01 13:10:47 UTC,246,251,4.79,0.78,39.73,40.49,Hazardous
2026-05-01 13:10:57 UTC,230,230,4.75,0.79,29.35,61.86,Hazardous
2026-05-01 13:11:07 UTC,252,253,5.36,0.76,35.6,52.56,Hazardous
2026-05-01 13:11:17 UTC,242,248,4.54,0.73,40.62,39.42,Hazardous
2026-05-01 13:11:27 UTC,224,222,4.44,0.76,29.16,62.72,Hazardous
2026-05-01 13:11:37 UTC,247,254,4.69,0.77,31.23,56.58,Hazardous
2026-05-01 13:11:47 UTC,268,269,5.56,0.79,37.26,51.3,Hazardous
2026-05-01 13:11:57 UTC,245,250,5.54,0.79,38.78,47.2,Hazardous
2026-05-01 13:12:07 UTC,256,265,4.53,0.75,31.41,57.35,Hazardous
2026-05-01 13:12:17 UTC,251,248,4.45,0.75,32.68,53.13,Hazardous
2026-05-01 13:12:27 UTC,253,248,4.50,0.75,32.62,53.77,Hazardous
2026-05-01 13:12:37 UTC,185,193,4.63,0.77,33.2,54.27,Hazardous
2026-05-01 13:12:47 UTC,250,258,4.69,0.77,31.42,57.27,Hazardous
2026-05-01 13:12:57 UTC,280,281,5.35,0.76,37.12,50.77,Hazardous
2026-05-01 13:13:07 UTC,243,252,4.67,0.77,31.55,53.44,Hazardous
2026-05-01 13:13:17 UTC,132,135,4.53,0.76,33.21,52.79,Hazardous
2026-05-01 13:13:27 UTC,275,268,5.52,0.79,37.33,48.94,Hazardous
2026-05-01 13:13:37 UTC,234,243,4.53,0.75,32.19,55.81,Hazardous
2026-05-01 13:13:47 UTC,253,252,5.55,0.79,38.54,46.42,Hazardous
2026-05-01 13:13:57 UTC,252,249,5.40,0.77,35.17,56.57,Hazardous
2026-05-01 13:14:07 UTC,273,280,4.60,0.76,33.85,50.81,Hazardous
2026-05-01 13:14:17 UTC,244,254,4.46,0.74,31.77,52.81,Hazardous
2026-05-01 13:14:27 UTC,128,132,4.68,0.77,33.51,52.81,Hazardous
2026-05-01 13:14:37 UTC,220,218,4.48,0.75,29.73,58.58,Hazardous
2026-05-01 13:14:47 UTC,250,248,5.56,0.78,38.43,46.17,Hazardous
2026-05-01 13:14:57 UTC,254,250,5.13,0.72,35.6,51.78,Hazardous
2026-05-01 13:15:07 UTC,261,284,4.65,0.75,31.2,54.72,Hazardous
2026-05-01 13:15:17 UTC,274,275,5.55,0.79,36.37,52.26,Hazardous
2026-05-01 13:15:27 UTC,216,223,4.65,0.75,30.48,58.7,Hazardous
2026-05-01 13:15:37 UTC,121,122,4.42,0.74,33.39,51.63,Hazardous
2026-05-01 13:15:47 UTC,252,246,4.59,0.74,39.1,43.07,Hazardous
2026-05-01 13:15:57 UTC,248,247,5.41,0.76,35.7,52.76,Hazardous
2026-05-01 13:16:07 UTC,285,309,4.69,0.77,35.18,50.6,Hazardous
2026-05-01 13:16:17 UTC,377,466,4.71,0.77,34.57,53.45,Hazardous
2026-05-01 13:16:27 UTC,275,272,5.47,0.78,36.87,49.13,Hazardous
2026-05-01 13:16:37 UTC,125,120,4.67,0.78,33.53,50.42,Hazardous
2026-05-01 13:16:47 UTC,284,284,5.56,0.78,36.82,50.42,Hazardous
2026-05-01 13:16:57 UTC,266,267,4.79,0.77,36.27,46.58,Hazardous
2026-05-01 13:17:07 UTC,236,238,4.53,0.74,32.19,53.19,Hazardous
2026-05-01 13:17:17 UTC,237,238,4.59,0.74,30.32,59.09,Hazardous
2026-05-01 13:17:27 UTC,265,268,5.44,0.78,37.04,51.84,Hazardous
2026-05-01 13:17:37 UTC,226,229,4.69,0.77,29.78,61.96,Hazardous
2026-05-01 13:17:47 UTC,262,259,5.54,0.8,36.65,51.44,Hazardous
2026-05-01 13:17:57 UTC,254,254,5.38,0.76,38.12,47.34,Hazardous
2026-05-01 13:18:07 UTC,262,262,5.21,0.73,35.75,52.88,Hazardous
2026-05-01 13:18:17 UTC,268,280,5.47,0.77,36.71,50.82,Hazardous
2026-05-01 13:18:27 UTC,246,253,4.48,0.75,31.6,53.99,Hazardous
2026-05-01 13:18:37 UTC,152,162,4.67,0.77,33.38,50.31,Hazardous
2026-05-01 13:18:47 UTC,260,281,4.50,0.74,31.5,56.97,Hazardous
2026-05-01 13:18:57 UTC,244,245,4.66,0.77,30.71,58.89,Hazardous
2026-05-01 13:19:07 UTC,224,229,4.47,0.76,29.02,62.7,Hazardous
2026-05-01 13:19:17 UTC,224,230,4.54,0.76,29.43,61.66,Hazardous
2026-05-01 13:19:27 UTC,253,261,4.57,0.76,33.74,51.1,Hazardous
2026-05-01 13:19:37 UTC,278,319,4.49,0.74,31.38,57.79,Hazardous
2026-05-01 13:19:47 UTC,146,149,4.72,0.77,33.22,53.81,Hazardous
2026-05-01 13:19:57 UTC,124,126,4.64,0.77,33.52,50.92,Hazardous
2026-05-01 13:20:07 UTC,218,225,4.53,0.74,30.01,58.24,Hazardous
2026-05-01 13:20:17 UTC,243,247,4.65,0.76,40.53,39.85,Hazardous
2026-05-01 13:20:27 UTC,236,243,4.53,0.74,31.74,54.79,Hazardous
2026-05-01 13:20:37 UTC,251,259,5.25,0.74,35.68,52.03,Hazardous
2026-05-01 13:20:47 UTC,279,281,5.38,0.77,37.74,49.94,Hazardous
2026-05-01 13:20:57 UTC,130,130,4.45,0.74,33.21,50.48,Hazardous
2026-05-01 13:21:07 UTC,219,224,4.55,0.75,30.42,57.67,Hazardous
2026-05-01 13:21:17 UTC,222,217,4.77,0.77,29.74,60.01,Hazardous
2026-05-01 13:21:27 UTC,122,130,4.68,0.74,29.52,61.74,Hazardous
2026-05-01 13:21:37 UTC,261,255,5.24,0.74,35.58,53.39,Hazardous
2026-05-01 13:21:47 UTC,244,250,4.42,0.74,32.36,54.34,Hazardous
2026-05-01 13:21:57 UTC,289,286,5.56,0.78,36.76,49.67,Hazardous
2026-05-01 13:22:07 UTC,298,331,4.58,0.76,34.33,52.11,Hazardous
2026-05-01 13:22:17 UTC,260,266,4.59,0.75,35.97,47.38,Hazardous
2026-05-01 13:22:27 UTC,258,254,5.40,0.76,38.7,47.29,Hazardous
2026-05-01 13:22:37 UTC,235,247,4.81,0.77,39.53,41.85,Hazardous
2026-05-01 13:22:47 UTC,236,244,4.54,0.74,30.47,58.91,Hazardous
2026-05-01 13:22:57 UTC,262,261,5.38,0.77,36.76,50.11,Hazardous
2026-05-01 13:23:07 UTC,264,273,4.58,0.74,36.73,45.15,Hazardous
2026-05-01 13:23:17 UTC,135,139,4.53,0.74,33.59,51.88,Hazardous
2026-05-01 13:23:27 UTC,281,282,5.36,0.77,37.71,51.8,Hazardous
2026-05-01 13:23:37 UTC,252,257,5.41,0.78,36.43,51.13,Hazardous
2026-05-01 13:23:47 UTC,258,271,4.68,0.78,31.59,58.15,Hazardous
2026-05-01 13:23:57 UTC,239,243,4.69,0.77,32.71,53.88,Hazardous
2026-05-01 13:24:07 UTC,249,261,4.69,0.77,38.71,43.62,Hazardous
2026-05-01 13:24:17 UTC,221,225,4.73,0.78,30.46,58.28,Hazardous
2026-05-01 13:24:27 UTC,221,219,4.46,0.74,30.03,60.29,Hazardous
2026-05-01 13:24:37 UTC,248,256,5.43,0.77,35.38,52.95,Hazardous
2026-05-01 13:24:47 UTC,238,241,4.54,0.75,31.93,56.54,Hazardous
2026-05-01 13:24:57 UTC,232,232,4.56,0.74,30.85,57.33,Hazardous
2026-05-01 13:25:07 UTC,211,220,4.61,0.77,29.15,63.02,Hazardous
2026-05-01 13:25:17 UTC,254,260,4.47,0.75,31.81,57.06,Hazardous
2026-05-01 13:25:27 UTC,239,250,4.56,0.75,32.38,55.73,Hazardous
2026-05-01 13:25:37 UTC,250,257,5.44,0.77,38.86,47.53,Hazardous
2026-05-01 13:25:47 UTC,247,239,4.48,0.74,32.2,53.79,Hazardous
2026-05-01 13:25:57 UTC,275,271,5.38,0.77,37.34,48.73,Hazardous
2026-05-01 13:26:07 UTC,256,253,4.69,0.76,37.95,43.5,Hazardous
2026-05-01 13:26:17 UTC,256,263,5.49,0.79,35.19,54.11,Hazardous
2026-05-01 13:26:27 UTC,235,240,4.60,0.76,30.62,59.42,Hazardous
2026-05-01 13:26:37 UTC,253,258,5.16,0.73,35.67,52.53,Hazardous
2026-05-01 13:26:47 UTC,330,400,4.55,0.75,31.99,55.89,Hazardous
2026-05-01 13:26:57 UTC,255,261,4.55,0.75,31.75,53.63,Hazardous
2026-05-01 13:27:07 UTC,275,276,5.48,0.79,36.81,50.37,Hazardous
2026-05-01 13:27:17 UTC,258,251,5.37,0.77,35.47,53.26,Hazardous
2026-05-01 13:27:27 UTC,219,219,4.63,0.77,29.35,63.13,Hazardous
2026-05-01 13:27:37 UTC,252,253,4.91,0.79,38.38,43.25,Hazardous
2026-05-01 13:27:47 UTC,273,280,4.76,0.76,34.96,50.84,Hazardous
2026-05-01 13:27:57 UTC,247,249,4.65,0.75,39.25,41.12,Hazardous
2026-05-01 13:28:07 UTC,135,137,4.53,0.75,33.37,51.71,Hazardous
2026-05-01 13:28:17 UTC,228,235,4.72,0.78,30.61,56.56,Hazardous
2026-05-01 13:28:27 UTC,286,286,5.42,0.78,36.59,48.56,Hazardous
2026-05-01 13:28:37 UTC,281,302,4.75,0.77,34.3,52.6,Hazardous
2026-05-01 13:28:47 UTC,247,256,4.55,0.75,31.14,57.99,Hazardous
2026-05-01 13:28:57 UTC,168,169,4.55,0.77,33.29,54.41,Hazardous
2026-05-01 13:29:07 UTC,280,283,5.56,0.79,36.87,50.36,Hazardous
2026-05-01 13:29:17 UTC,252,254,5.22,0.75,35.82,51.76,Hazardous
2026-05-01 13:29:27 UTC,247,261,4.70,0.78,31.11,55.27,Hazardous
2026-05-01 13:29:37 UTC,215,219,4.77,0.76,30.29,58.86,Hazardous
2026-05-01 13:29:47 UTC,118,130,4.44,0.74,33.55,51.21,Hazardous
2026-05-01 13:29:57 UTC,277,275,5.39,0.76,36.51,49.66,Hazardous
2026-05-01 13:30:07 UTC,230,224,4.48,0.75,29.26,63.46,Hazardous
2026-05-01 13:30:17 UTC,255,255,5.50,0.79,39.05,45.17,Hazardous
2026-05-01 13:30:27 UTC,287,293,4.74,0.77,33.57,54.31,Hazardous
2026-05-01 13:30:37 UTC,246,241,4.67,0.77,40.65,39.61,Hazardous
2026-05-01 13:30:47 UTC,249,258,5.40,0.77,38.89,47.26,Hazardous
2026-05-01 13:30:57 UTC,229,233,4.66,0.76,30.61,57.35,Hazardous
2026-05-01 13:31:07 UTC,255,247,4.61,0.76,40.1,41.28,Hazardous
2026-05-01 13:31:17 UTC,246,244,4.47,0.75,32.14,53.97,Hazardous
2026-05-01 13:31:27 UTC,260,273,4.59,0.75,36.15,47.32,Hazardous
2026-05-01 13:31:37 UTC,218,230,4.59,0.75,30.58,57.44,Hazardous
2026-05-01 13:31:47 UTC,283,277,5.43,0.77,36.28,52.88,Hazardous
2026-05-01 13:31:57 UTC,230,234,4.61,0.74,30.35,58.5,Hazardous
2026-05-01 13:32:07 UTC,224,226,4.77,0.77,30.52,57.11,Hazardous
2026-05-01 13:32:17 UTC,249,245,4.64,0.75,38.8,42.16,Hazardous
2026-05-01 13:32:27 UTC,232,232,4.60,0.75,30.59,58.2,Hazardous
2026-05-01 13:32:37 UTC,270,268,5.17,0.74,34.7,54.57,Hazardous
2026-05-01 13:32:47 UTC,257,265,4.73,0.77,33.61,53.67,Hazardous
2026-05-01 13:32:57 UTC,262,257,5.22,0.74,35.76,53.37,Hazardous
2026-05-01 13:33:07 UTC,280,283,5.56,0.79,36.93,50.64,Hazardous
2026-05-01 13:33:17 UTC,220,230,4.59,0.75,30.25,59.12,Hazardous
2026-05-01 13:33:27 UTC,240,254,4.66,0.77,31.99,54.55,Hazardous
2026-05-01 13:33:37 UTC,259,280,4.70,0.77,31.26,57.34,Hazardous
2026-05-01 13:33:47 UTC,252,255,5.53,0.77,38.6,46.13,Hazardous
2026-05-01 13:33:57 UTC,267,264,5.45,0.77,35.14,52.68,Hazardous
2026-05-01 13:34:07 UTC,255,255,5.26,0.74,35.76,53.07,Hazardous
2026-05-01 13:34:17 UTC,253,257,4.55,0.75,32.34,55.16,Hazardous
2026-05-01 13:34:27 UTC,216,221,4.65,0.74,30.2,60.02,Hazardous
2026-05-01 13:34:37 UTC,279,278,5.39,0.76,37.55,49.22,Hazardous
2026-05-01 13:34:47 UTC,269,277,5.40,0.77,36.6,49.46,Hazardous
2026-05-01 13:34:57 UTC,227,230,4.58,0.75,30.39,59.02,Hazardous
2026-05-01 13:35:07 UTC,252,248,4.64,0.77,31.5,53.97,Hazardous
2026-05-01 13:35:17 UTC,235,245,4.69,0.77,31.82,55.93,Hazardous
2026-05-01 13:35:27 UTC,256,260,5.22,0.75,35.95,51.11,Hazardous
2026-05-01 13:35:37 UTC,224,223,4.74,0.76,30.19,58.84,Hazardous
2026-05-01 13:35:47 UTC,223,224,4.65,0.78,29.49,62.6,Hazardous
2026-05-01 13:35:57 UTC,250,259,4.57,0.76,33.67,53.11,Hazardous
2026-05-01 13:36:07 UTC,214,220,4.41,0.75,29.12,62.14,Hazardous
2026-05-01 13:36:17 UTC,267,283,4.54,0.75,31.1,57.83,Hazardous
2026-05-01 13:36:27 UTC,245,253,4.63,0.75,39.91,41.01,Hazardous
2026-05-01 13:36:37 UTC,129,131,4.54,0.75,33.36,52.07,Hazardous
2026-05-01 13:36:47 UTC,252,248,5.23,0.74,35.72,53.14,Hazardous
2026-05-01 13:36:57 UTC,221,229,4.64,0.74,30.06,59.77,Hazardous
2026-05-01 13:37:07 UTC,165,164,4.53,0.75,33.25,54.17,Hazardous
2026-05-01 13:37:17 UTC,247,251,4.77,0.77,39.97,41.27,Hazardous
2026-05-01 13:37:27 UTC,287,321,4.55,0.76,31.64,54.93,Hazardous
2026-05-01 13:37:37 UTC,229,245,4.54,0.75,30.66,58.7,Hazardous
2026-05-01 13:37:47 UTC,256,259,5.50,0.78,37.58,48.47,Hazardous
2026-05-01 13:37:57 UTC,239,244,4.55,0.75,40.4,39.36,Hazardous
2026-05-01 13:38:07 UTC,267,267,4.77,0.78,36.77,46.89,Hazardous
2026-05-01 13:38:17 UTC,235,242,4.53,0.75,32.04,54.33,Hazardous
2026-05-01 13:38:27 UTC,250,257,4.54,0.75,31.66,54.06,Hazardous
2026-05-01 13:38:37 UTC,302,355,4.64,0.77,31.73,56.34,Hazardous
2026-05-01 13:38:47 UTC,250,251,5.43,0.76,35.69,52.79,Hazardous
2026-05-01 13:38:57 UTC,255,251,5.40,0.78,38.11,47.11,Hazardous
2026-05-01 13:39:07 UTC,219,224,4.65,0.76,30.2,59.03,Hazardous
2026-05-01 13:39:17 UTC,294,322,4.54,0.75,34.04,51.93,Hazardous
2026-05-01 13:39:27 UTC,227,234,4.53,0.75,29.53,62.66,Hazardous
2026-05-01 13:39:37 UTC,223,229,4.54,0.76,29.25,61.93,Hazardous
2026-05-01 13:39:47 UTC,262,258,5.43,0.76,34.89,56.18,Hazardous
2026-05-01 13:39:57 UTC,257,260,5.54,0.78,38.38,49.03,Hazardous
2026-05-01 13:40:07 UTC,288,281,5.44,0.78,36.85,51.07,Hazardous
2026-05-01 13:40:17 UTC,124,128,4.68,0.75,29.6,62.39,Hazardous
2026-05-01 13:40:27 UTC,269,272,4.58,0.76,36.59,46.76,Hazardous
2026-05-01 13:40:37 UTC,223,229,4.83,0.77,30.13,58.37,Hazardous
2026-05-01 13:40:47 UTC,251,251,4.84,0.78,38.92,41.77,Hazardous
2026-05-01 13:40:57 UTC,250,257,5.39,0.77,38.69,47.44,Hazardous
2026-05-01 13:41:07 UTC,255,267,4.68,0.77,31.76,58.1,Hazardous
2026-05-01 13:41:17 UTC,244,249,5.20,0.74,35.31,55.53,Hazardous
2026-05-01 13:41:27 UTC,242,245,4.55,0.74,34.11,50.35,Hazardous
2026-05-01 13:41:37 UTC,258,257,4.64,0.76,37.9,42.73,Hazardous
2026-05-01 13:41:47 UTC,258,249,5.42,0.77,35.44,51.77,Hazardous
2026-05-01 13:41:57 UTC,277,302,4.54,0.74,31.75,57.82,Hazardous
2026-05-01 13:42:07 UTC,242,246,5.36,0.76,37.83,47.02,Hazardous
2026-05-01 13:42:17 UTC,306,308,6.82,0.99,35.09,54.7,Hazardous
2026-05-01 13:42:27 UTC,234,238,4.49,0.75,31.83,56.35,Hazardous
2026-05-01 13:42:37 UTC,271,273,4.54,0.75,35.8,48.94,Hazardous
2026-05-01 13:42:47 UTC,294,351,4.64,0.76,31.58,56.22,Hazardous
2026-05-01 13:42:57 UTC,256,274,4.49,0.74,31.4,57.36,Hazardous
2026-05-01 13:43:07 UTC,259,266,4.48,0.75,31.69,57.42,Hazardous
2026-05-01 13:43:17 UTC,254,250,5.57,0.79,39,47.62,Hazardous
2026-05-01 13:43:27 UTC,251,260,5.19,0.74,35.63,52.95,Hazardous
2026-05-01 13:43:37 UTC,277,272,5.52,0.79,37.68,48.9,Hazardous
2026-05-01 13:43:47 UTC,255,260,5.25,0.74,34.97,55.97,Hazardous
2026-05-01 13:43:57 UTC,224,232,4.69,0.78,29.63,62.48,Hazardous
2026-05-01 13:44:07 UTC,199,206,4.67,0.78,33,53.94,Hazardous
2026-05-01 13:44:17 UTC,265,271,5.57,0.79,35.25,52.85,Hazardous
2026-05-01 13:44:27 UTC,240,250,4.66,0.77,30.79,58.21,Hazardous
2026-05-01 13:44:37 UTC,213,220,4.44,0.76,29.25,62.7,Hazardous
2026-05-01 13:44:47 UTC,249,257,4.67,0.76,39.12,41.31,Hazardous
2026-05-01 13:44:57 UTC,202,210,4.69,0.77,32.8,53.56,Hazardous
2026-05-01 13:45:07 UTC,224,226,4.45,0.75,29.08,62.89,Hazardous
2026-05-01 13:45:17 UTC,262,266,4.58,0.75,37.6,45.11,Hazardous
2026-05-01 13:45:27 UTC,252,261,4.66,0.76,37.96,42.2,Hazardous
2026-05-01 13:45:37 UTC,227,223,4.60,0.76,30.17,59.12,Hazardous
2026-05-01 13:45:47 UTC,226,219,4.51,0.76,30.03,57.56,Hazardous
2026-05-01 13:45:57 UTC,224,229,4.51,0.75,29.87,59.74,Hazardous
2026-05-01 13:46:07 UTC,182,187,4.63,0.76,32.9,54.96,Hazardous
2026-05-01 13:46:17 UTC,253,250,4.48,0.75,32.73,53.82,Hazardous
2026-05-01 13:46:27 UTC,275,270,5.38,0.76,36.98,50.52,Hazardous
2026-05-01 13:46:37 UTC,269,278,5.42,0.78,36.88,49.7,Hazardous
2026-05-01 13:46:47 UTC,247,243,4.67,0.76,39.1,41.31,Hazardous
2026-05-01 13:46:57 UTC,250,245,5.36,0.76,35.73,53.19,Hazardous
2026-05-01 13:47:07 UTC,249,249,5.49,0.78,37.77,47.95,Hazardous
2026-05-01 13:47:17 UTC,260,260,5.21,0.74,35.61,52.74,Hazardous
2026-05-01 13:47:27 UTC,241,251,4.63,0.74,39.76,41.37,Hazardous
2026-05-01 13:47:37 UTC,268,274,5.43,0.77,36.78,50.26,Hazardous
2026-05-01 13:47:47 UTC,229,241,4.61,0.75,30.47,59.35,Hazardous
2026-05-01 13:47:57 UTC,226,232,4.55,0.77,29.7,62.36,Hazardous
2026-05-01 13:48:07 UTC,195,196,4.55,0.75,33.28,54.77,Hazardous
2026-05-01 13:48:17 UTC,222,233,4.75,0.78,29.32,63.3,Hazardous
2026-05-01 13:48:27 UTC,273,276,5.54,0.79,35.58,53.6,Hazardous
2026-05-01 13:48:37 UTC,263,254,5.24,0.74,34.78,57.04,Hazardous
2026-05-01 13:48:47 UTC,252,252,5.15,0.73,35.65,52.94,Hazardous
2026-05-01 13:48:57 UTC,235,243,4.67,0.77,39.77,41.11,Hazardous
2026-05-01 13:49:07 UTC,250,259,5.54,0.78,38.42,47.41,Hazardous
2026-05-01 13:49:17 UTC,241,250,4.58,0.75,40.11,39.1,Hazardous
2026-05-01 13:49:27 UTC,246,253,5.25,0.74,35.7,54,Hazardous
2026-05-01 13:49:37 UTC,268,277,4.68,0.78,33.56,50.68,Hazardous
2026-05-01 13:49:47 UTC,254,265,5.39,0.76,38.64,49.24,Hazardous
2026-05-01 13:49:57 UTC,229,230,4.53,0.77,29.02,62.96,Hazardous
2026-05-01 13:50:07 UTC,262,258,5.51,0.78,38.63,45.93,Hazardous
2026-05-01 13:50:17 UTC,277,275,5.56,0.79,36.8,50.72,Hazardous
2026-05-01 13:50:27 UTC,243,244,4.56,0.75,30.91,57.5,Hazardous
2026-05-01 13:50:37 UTC,243,247,4.71,0.77,32.36,55.02,Hazardous
2026-05-01 13:50:47 UTC,253,252,5.24,0.75,34.99,56.86,Hazardous
2026-05-01 13:50:57 UTC,297,338,4.54,0.76,34.57,51.27,Hazardous
2026-05-01 13:51:07 UTC,223,227,4.53,0.73,30.38,57.47,Hazardous
2026-05-01 13:51:17 UTC,241,246,4.53,0.75,32.24,56.35,Hazardous
2026-05-01 13:51:27 UTC,267,268,5.41,0.78,36.8,51.83,Hazardous
2026-05-01 13:51:37 UTC,282,320,4.53,0.75,31.3,57.5,Hazardous
2026-05-01 13:51:47 UTC,285,286,5.41,0.76,36.95,49.61,Hazardous
2026-05-01 13:51:57 UTC,260,272,4.57,0.75,36.48,46.03,Hazardous
2026-05-01 13:52:07 UTC,251,256,5.30,0.75,35.37,55.98,Hazardous
2026-05-01 13:52:17 UTC,262,265,5.18,0.73,34.97,53.21,Hazardous
2026-05-01 13:52:27 UTC,249,249,4.73,0.76,31.23,56.76,Hazardous
2026-05-01 13:52:37 UTC,130,137,4.50,0.75,33.39,53.3,Hazardous
2026-05-01 13:52:47 UTC,252,251,5.20,0.73,35.41,52.79,Hazardous
2026-05-01 13:52:57 UTC,229,228,4.56,0.75,30.03,59.83,Hazardous
2026-05-01 13:53:07 UTC,258,253,5.44,0.77,35.39,55.15,Hazardous
2026-05-01 13:53:17 UTC,250,247,5.55,0.79,38.27,46.43,Hazardous
2026-05-01 13:53:27 UTC,214,228,4.70,0.76,30.18,60.06,Hazardous
2026-05-01 13:53:37 UTC,283,298,5.47,0.78,35.4,54.06,Hazardous
2026-05-01 13:53:47 UTC,280,279,5.54,0.79,36.58,53.17,Hazardous
2026-05-01 13:53:57 UTC,250,256,5.41,0.76,38.16,46.32,Hazardous
2026-05-01 13:54:07 UTC,183,190,4.62,0.76,33.18,54.26,Hazardous
2026-05-01 13:54:17 UTC,244,251,4.67,0.78,31.73,54.14,Hazardous
2026-05-01 13:54:27 UTC,223,226,4.44,0.74,29.9,60.54,Hazardous
2026-05-01 13:54:37 UTC,250,257,4.78,0.77,38.85,41.61,Hazardous
2026-05-01 13:54:47 UTC,249,253,4.83,0.78,39.22,43.29,Hazardous
2026-05-01 13:54:57 UTC,248,254,5.56,0.79,38.61,47.54,Hazardous
2026-05-01 13:55:07 UTC,258,282,4.53,0.76,31.13,58.11,Hazardous
2026-05-01 13:55:17 UTC,251,254,4.76,0.77,40.01,41.35,Hazardous
2026-05-01 13:55:27 UTC,264,283,4.55,0.75,30.98,58.79,Hazardous
2026-05-01 13:55:37 UTC,221,235,4.57,0.76,30.24,58.58,Hazardous
2026-05-01 13:55:47 UTC,333,405,4.57,0.75,31.76,56.31,Hazardous
2026-05-01 13:55:57 UTC,253,257,4.56,0.74,31.44,54.04,Hazardous
2026-05-01 13:56:07 UTC,238,247,4.53,0.74,40.41,39.55,Hazardous
2026-05-01 13:56:17 UTC,256,253,4.60,0.77,32.64,53,Hazardous
2026-05-01 13:56:27 UTC,225,233,4.59,0.75,30.52,58.75,Hazardous
2026-05-01 13:56:37 UTC,242,239,4.64,0.75,32.57,54.53,Hazardous
2026-05-01 13:56:47 UTC,222,227,4.59,0.77,29.44,63.2,Hazardous
2026-05-01 13:56:57 UTC,252,246,5.53,0.79,38.1,46.4,Hazardous
2026-05-01 13:57:07 UTC,244,242,5.47,0.78,37.74,47.11,Hazardous
2026-05-01 13:57:17 UTC,222,222,4.59,0.75,30.54,59.06,Hazardous
2026-05-01 13:57:27 UTC,251,246,4.61,0.75,39.82,41.55,Hazardous
2026-05-01 13:57:37 UTC,281,283,5.43,0.78,36.32,52.4,Hazardous
2026-05-01 13:57:47 UTC,257,259,5.17,0.73,34.94,53.9,Hazardous
2026-05-01 13:57:57 UTC,260,254,5.49,0.78,35.29,54.37,Hazardous
2026-05-01 13:58:07 UTC,285,280,5.42,0.76,36.93,51.58,Hazardous
2026-05-01 13:58:17 UTC,268,265,5.31,0.76,35.2,54.64,Hazardous
2026-05-01 13:58:27 UTC,263,257,5.38,0.76,35.72,53.68,Hazardous
2026-05-01 13:58:37 UTC,251,258,5.24,0.74,34.91,58.89,Hazardous
2026-05-01 13:58:47 UTC,272,276,5.58,0.8,36.65,49.66,Hazardous
2026-05-01 13:58:57 UTC,215,222,4.70,0.78,29.71,58.42,Hazardous
2026-05-01 13:59:07 UTC,256,248,4.60,0.77,32.55,53.1,Hazardous
2026-05-01 13:59:17 UTC,240,248,4.53,0.75,39.51,41.7,Hazardous
2026-05-01 13:59:27 UTC,279,276,5.58,0.8,36.48,53.15,Hazardous
2026-05-01 13:59:37 UTC,251,249,4.48,0.75,32.84,53.12,Hazardous
2026-05-01 13:59:47 UTC,263,271,5.18,0.75,35.47,52.94,Hazardous
2026-05-01 13:59:57 UTC,119,128,4.46,0.73,33.25,50.53,Hazardous
2026-05-01 14:00:07 UTC,234,234,4.66,0.76,30.61,57.92,Hazardous
2026-05-01 14:00:17 UTC,256,259,5.23,0.73,35.43,52.21,Hazardous
2026-05-01 14:00:27 UTC,247,252,4.56,0.75,31.04,57.87,Hazardous
2026-05-01 14:00:37 UTC,277,282,5.38,0.77,37.32,49.07,Hazardous
2026-05-01 14:00:47 UTC,232,225,4.76,0.78,29.21,63.17,Hazardous
2026-05-01 14:00:57 UTC,249,258,5.55,0.8,38.25,48.05,Hazardous
2026-05-01 14:01:07 UTC,129,131,4.68,0.76,33.49,51.91,Hazardous
2026-05-01 14:01:17 UTC,255,266,5.29,0.76,34.93,54.34,Hazardous
2026-05-01 14:01:27 UTC,212,215,4.42,0.74,29.04,61.97,Hazardous
2026-05-01 14:01:37 UTC,286,283,5.36,0.76,37.55,49.48,Hazardous
2026-05-01 14:01:47 UTC,223,219,4.44,0.75,29.29,62.92,Hazardous
2026-05-01 14:01:57 UTC,227,231,4.48,0.76,29.28,63.58,Hazardous
2026-05-01 14:02:07 UTC,249,254,4.48,0.75,31.24,57.03,Hazardous
2026-05-01 14:02:17 UTC,262,283,4.52,0.76,31.67,58.19,Hazardous
2026-05-01 14:02:27 UTC,136,139,4.64,0.76,33.41,52.65,Hazardous
2026-05-01 14:02:37 UTC,247,248,4.59,0.75,33.63,51.95,Hazardous
2026-05-01 14:02:47 UTC,225,224,4.58,0.75,30.45,59.04,Hazardous
2026-05-01 14:02:57 UTC,256,261,5.17,0.73,35.06,54.14,Hazardous
2026-05-01 14:03:07 UTC,258,253,5.21,0.74,35.87,53.32,Hazardous
2026-05-01 14:03:17 UTC,273,281,4.60,0.74,33.75,53.49,Hazardous
2026-05-01 14:03:27 UTC,223,221,4.64,0.75,30.29,58.5,Hazardous
2026-05-01 14:03:37 UTC,229,238,4.77,0.78,30.32,59.93,Hazardous
2026-05-01 14:03:47 UTC,248,256,4.85,0.79,39.09,40.95,Hazardous
2026-05-01 14:03:57 UTC,256,249,5.36,0.77,35.44,52.25,Hazardous
2026-05-01 14:04:07 UTC,260,282,4.66,0.78,31.78,57.98,Hazardous
2026-05-01 14:04:17 UTC,248,248,4.53,0.75,31.87,54.37,Hazardous
2026-05-01 14:04:27 UTC,252,252,5.26,0.74,35.69,54.25,Hazardous
2026-05-01 14:04:37 UTC,253,261,5.38,0.77,38.31,47.47,Hazardous
2026-05-01 14:04:47 UTC,242,251,5.20,0.73,35.04,56.02,Hazardous
2026-05-01 14:04:57 UTC,238,240,4.54,0.74,40.25,38.39,Hazardous
2026-05-01 14:05:07 UTC,195,205,4.69,0.75,39.45,41.14,Hazardous
2026-05-01 14:05:17 UTC,252,251,5.41,0.77,38.47,47.16,Hazardous
2026-05-01 14:05:27 UTC,246,261,4.64,0.77,31.57,56.44,Hazardous
2026-05-01 14:05:37 UTC,216,220,4.54,0.74,30.06,58.27,Hazardous
2026-05-01 14:05:47 UTC,255,261,5.38,0.77,38.58,47.3,Hazardous
2026-05-01 14:05:57 UTC,180,178,4.59,0.76,33.26,53.83,Hazardous
2026-05-01 14:06:07 UTC,287,290,5.40,0.77,37.1,49.67,Hazardous
2026-05-01 14:06:17 UTC,266,278,5.52,0.79,37.65,48.88,Hazardous
2026-05-01 14:06:27 UTC,239,244,4.53,0.75,32.55,54.99,Hazardous
2026-05-01 14:06:37 UTC,280,281,5.60,0.79,36.61,50.68,Hazardous
2026-05-01 14:06:47 UTC,264,287,4.64,0.75,31.01,54.98,Hazardous
2026-05-01 14:06:57 UTC,243,250,4.47,0.74,31.72,54.17,Hazardous
2026-05-01 14:07:07 UTC,212,220,4.64,0.78,29.11,62.26,Hazardous
2026-05-01 14:07:17 UTC,225,227,4.70,0.78,30.42,56.81,Hazardous
2026-05-01 14:07:27 UTC,418,460,5.54,0.79,35.28,54.25,Hazardous
2026-05-01 14:07:37 UTC,275,281,5.59,0.8,35.53,52.19,Hazardous
2026-05-01 14:07:47 UTC,275,275,5.51,0.78,37.67,49.68,Hazardous
2026-05-01 14:07:57 UTC,280,283,5.42,0.78,35.92,52.38,Hazardous
2026-05-01 14:08:07 UTC,254,254,5.54,0.78,38.81,45.74,Hazardous
2026-05-01 14:08:17 UTC,264,259,5.42,0.77,37.17,51.14,Hazardous
2026-05-01 14:08:27 UTC,224,234,4.59,0.76,29.51,63.06,Hazardous
2026-05-01 14:08:37 UTC,244,245,4.66,0.75,38.99,43.04,Hazardous
2026-05-01 14:08:47 UTC,260,265,5.54,0.8,37.01,51.25,Hazardous
2026-05-01 14:08:57 UTC,227,225,4.69,0.76,30.55,58.8,Hazardous
2026-05-01 14:09:07 UTC,289,332,4.56,0.74,34.03,51.79,Hazardous
2026-05-01 14:09:17 UTC,238,247,4.70,0.77,32.33,55.15,Hazardous
2026-05-01 14:09:27 UTC,265,268,5.51,0.79,37.05,49.86,Hazardous
2026-05-01 14:09:37 UTC,259,281,4.53,0.75,31.31,57.64,Hazardous
2026-05-01 14:09:47 UTC,259,263,4.66,0.77,31.7,58.03,Hazardous
2026-05-01 14:09:57 UTC,123,133,4.66,0.78,33.29,53.23,Hazardous
2026-05-01 14:10:07 UTC,245,247,5.38,0.77,34.89,55.89,Hazardous
2026-05-01 14:10:17 UTC,251,259,4.61,0.77,31.8,53.58,Hazardous
2026-05-01 14:10:27 UTC,260,258,5.22,0.74,35.59,54.09,Hazardous
2026-05-01 14:10:37 UTC,262,267,5.30,0.77,35.01,55.01,Hazardous
2026-05-01 14:10:47 UTC,254,251,5.17,0.74,35.54,51.54,Hazardous
2026-05-01 14:10:57 UTC,252,250,5.38,0.77,35.65,50.99,Hazardous
2026-05-01 14:11:07 UTC,264,266,5.43,0.77,37.01,50.09,Hazardous
2026-05-01 14:11:17 UTC,286,284,5.53,0.8,37.1,50.69,Hazardous
2026-05-01 14:11:27 UTC,247,254,4.48,0.74,31.36,57.28,Hazardous
2026-05-01 14:11:37 UTC,274,273,4.60,0.74,35.87,49.24,Hazardous
2026-05-01 14:11:47 UTC,313,370,4.54,0.76,31.78,55.87,Hazardous
2026-05-01 14:11:57 UTC,105,115,4.86,0.77,39.41,41.3,Hazardous
2026-05-01 14:12:07 UTC,254,260,5.44,0.77,38.85,46.08,Hazardous
2026-05-01 14:12:17 UTC,268,275,5.40,0.77,36.58,50.37,Hazardous
2026-05-01 14:12:27 UTC,256,258,5.20,0.74,35.72,51.97,Hazardous
2026-05-01 14:12:37 UTC,250,255,4.65,0.77,31.36,56.78,Hazardous
2026-05-01 14:12:47 UTC,228,239,4.54,0.76,32.92,54.06,Hazardous
2026-05-01 14:12:57 UTC,242,246,4.53,0.74,40.38,38.85,Hazardous
2026-05-01 14:13:07 UTC,228,228,4.57,0.75,30.02,58.41,Hazardous
2026-05-01 14:13:17 UTC,122,123,4.51,0.75,33.24,50.37,Hazardous
2026-05-01 14:13:27 UTC,287,320,4.55,0.75,31.2,58.18,Hazardous
2026-05-01 14:13:37 UTC,255,264,4.47,0.74,31.65,57.06,Hazardous
2026-05-01 14:13:47 UTC,262,261,4.90,0.78,38.08,44.28,Hazardous
2026-05-01 14:13:57 UTC,284,280,5.49,0.78,36.82,52.94,Hazardous
2026-05-01 14:14:07 UTC,266,267,5.55,0.8,36.81,51.52,Hazardous
2026-05-01 14:14:17 UTC,257,259,4.77,0.77,38.07,45.41,Hazardous
2026-05-01 14:14:27 UTC,144,151,4.54,0.75,33.15,52.71,Hazardous
2026-05-01 14:14:37 UTC,252,258,5.22,0.73,35.68,51.5,Hazardous
2026-05-01 14:14:47 UTC,219,223,4.51,0.75,32.96,53.89,Hazardous
2026-05-01 14:14:57 UTC,246,255,4.76,0.78,31.23,57.25,Hazardous
2026-05-01 14:15:07 UTC,239,249,4.59,0.76,31.64,56.18,Hazardous
2026-05-01 14:15:17 UTC,245,247,4.56,0.75,32.45,54.4,Hazardous
2026-05-01 14:15:27 UTC,279,279,5.59,0.79,35.51,52.46,Hazardous
2026-05-01 14:15:37 UTC,276,280,4.52,0.74,36.61,46.24,Hazardous
2026-05-01 14:15:47 UTC,271,272,5.18,0.75,35.38,52.64,Hazardous
2026-05-01 14:15:57 UTC,127,132,4.50,0.74,33.38,53.86,Hazardous
2026-05-01 14:16:07 UTC,271,282,5.42,0.77,35.7,52.47,Hazardous
2026-05-01 14:16:17 UTC,260,261,5.39,0.76,38.59,48.61,Hazardous
2026-05-01 14:16:27 UTC,246,245,4.63,0.76,39.27,41.98,Hazardous
2026-05-01 14:16:37 UTC,158,161,4.53,0.76,33.17,53.53,Hazardous
2026-05-01 14:16:47 UTC,228,233,4.82,0.78,30.31,58.62,Hazardous
2026-05-01 14:16:57 UTC,272,276,4.52,0.74,33.83,50.44,Hazardous
2026-05-01 14:17:07 UTC,281,277,5.54,0.79,36.08,52.53,Hazardous
2026-05-01 14:17:17 UTC,260,276,4.58,0.76,31.59,56.99,Hazardous
2026-05-01 14:17:27 UTC,252,262,4.70,0.77,31.04,56.49,Hazardous
2026-05-01 14:17:37 UTC,255,271,4.60,0.75,34.15,52.44,Hazardous
2026-05-01 14:17:47 UTC,256,261,4.87,0.79,38.21,41.56,Hazardous
2026-05-01 14:17:57 UTC,242,248,4.50,0.74,39.89,42.66,Hazardous
2026-05-01 14:18:07 UTC,258,266,5.39,0.77,38.18,47.37,Hazardous
2026-05-01 14:18:17 UTC,272,273,4.78,0.78,36.89,46.31,Hazardous
2026-05-01 14:18:27 UTC,249,254,5.44,0.78,38.93,47.42,Hazardous
2026-05-01 14:18:37 UTC,259,257,5.34,0.76,35.77,53.46,Hazardous
2026-05-01 14:18:47 UTC,255,261,5.17,0.73,35.85,52.18,Hazardous
2026-05-01 14:18:57 UTC,250,250,5.40,0.76,38.23,48.66,Hazardous
2026-05-01 14:19:07 UTC,221,225,4.54,0.73,30.28,58.18,Hazardous
2026-05-01 14:19:17 UTC,240,242,4.49,0.74,32.07,56.28,Hazardous
2026-05-01 14:19:27 UTC,243,246,4.54,0.74,31.95,56.63,Hazardous
2026-05-01 14:19:37 UTC,222,219,4.49,0.74,30.02,58.75,Hazardous
2026-05-01 14:19:47 UTC,288,284,5.57,0.8,36.89,51.49,Hazardous
2026-05-01 14:19:57 UTC,246,247,4.50,0.75,32.54,53.46,Hazardous
2026-05-01 14:20:07 UTC,223,234,4.63,0.75,30.41,57.72,Hazardous
2026-05-01 14:20:17 UTC,253,260,4.69,0.76,38.49,43.62,Hazardous
2026-05-01 14:20:27 UTC,254,250,4.62,0.76,39.11,40.66,Hazardous
2026-05-01 14:20:37 UTC,258,249,5.29,0.75,35.17,55.15,Hazardous
2026-05-01 14:20:47 UTC,256,252,5.50,0.79,39.04,45.41,Hazardous
2026-05-01 14:20:57 UTC,258,257,5.39,0.77,38.76,48.11,Hazardous
2026-05-01 14:21:07 UTC,284,290,5.43,0.76,36.81,51.2,Hazardous
2026-05-01 14:21:17 UTC,252,248,4.55,0.75,39.4,42.66,Hazardous
2026-05-01 14:21:27 UTC,246,250,4.73,0.76,31.2,56.77,Hazardous
2026-05-01 14:21:37 UTC,235,231,4.53,0.75,30.78,57.22,Hazardous
2026-05-01 14:21:47 UTC,230,232,4.75,0.76,30.77,59.26,Hazardous
2026-05-01 14:21:57 UTC,282,277,5.44,0.77,35.26,52.29,Hazardous
2026-05-01 14:22:07 UTC,222,229,4.76,0.78,30.59,59.22,Hazardous
2026-05-01 14:22:17 UTC,271,277,5.54,0.8,36.23,53.05,Hazardous
2026-05-01 14:22:27 UTC,222,232,4.83,0.77,29.45,62.62,Hazardous
2026-05-01 14:22:37 UTC,248,248,4.61,0.74,39.67,41.86,Hazardous
2026-05-01 14:22:47 UTC,210,219,4.60,0.77,28.93,62.83,Hazardous
2026-05-01 14:22:57 UTC,260,284,4.56,0.75,31.45,57.48,Hazardous
2026-05-01 14:23:07 UTC,286,283,5.58,0.8,36.9,50.28,Hazardous
2026-05-01 14:23:17 UTC,275,268,5.56,0.8,36.63,50.52,Hazardous
2026-05-01 14:23:27 UTC,256,257,5.22,0.75,35.62,54.22,Hazardous
2026-05-01 14:23:37 UTC,253,247,5.15,0.73,35.41,51.61,Hazardous
2026-05-01 14:23:47 UTC,249,262,4.67,0.77,31.69,57.15,Hazardous
2026-05-01 14:23:57 UTC,262,273,4.50,0.75,31.11,58.33,Hazardous
2026-05-01 14:24:07 UTC,264,267,5.12,0.73,35.22,53.19,Hazardous
2026-05-01 14:24:17 UTC,282,286,5.43,0.78,36.5,50.93,Hazardous
2026-05-01 14:24:27 UTC,251,268,4.54,0.75,31.55,57.79,Hazardous
2026-05-01 14:24:37 UTC,232,239,4.70,0.75,39.66,41.44,Hazardous
2026-05-01 14:24:47 UTC,260,265,5.33,0.76,34.78,53.18,Hazardous
2026-05-01 14:24:57 UTC,124,127,4.65,0.77,33.58,50.93,Hazardous
2026-05-01 14:25:07 UTC,215,227,4.77,0.78,30.55,58.64,Hazardous
2026-05-01 14:25:17 UTC,280,273,5.38,0.77,37.3,49.71,Hazardous
2026-05-01 14:25:27 UTC,237,246,4.67,0.78,32.86,54.34,Hazardous
2026-05-01 14:25:37 UTC,276,274,5.43,0.77,36.79,49.95,Hazardous
2026-05-01 14:25:47 UTC,255,257,5.29,0.76,34.83,54.39,Hazardous
2026-05-01 14:25:57 UTC,247,253,4.50,0.75,32.37,54.19,Hazardous
2026-05-01 14:26:07 UTC,261,258,5.37,0.77,38.63,46.81,Hazardous
2026-05-01 14:26:17 UTC,252,256,5.41,0.78,36.57,51.56,Hazardous
2026-05-01 14:26:27 UTC,284,285,5.43,0.78,36.49,51.6,Hazardous
2026-05-01 14:26:37 UTC,149,157,4.70,0.78,33.06,53.56,Hazardous
2026-05-01 14:26:47 UTC,254,257,5.41,0.76,35.68,53.88,Hazardous
2026-05-01 14:26:57 UTC,259,254,5.55,0.79,38.29,48.13,Hazardous
2026-05-01 14:27:07 UTC,248,250,4.57,0.75,39.21,43.26,Hazardous
2026-05-01 14:27:17 UTC,223,230,4.62,0.76,30.77,58.1,Hazardous
2026-05-01 14:27:27 UTC,261,263,4.70,0.78,31.03,55.92,Hazardous
2026-05-01 14:27:37 UTC,261,261,5.24,0.75,35.11,52.82,Hazardous
2026-05-01 14:27:47 UTC,237,245,4.64,0.76,32.65,54.54,Hazardous
2026-05-01 14:27:57 UTC,240,251,4.80,0.76,39.93,41.18,Hazardous
2026-05-01 14:28:07 UTC,278,276,5.41,0.77,36.9,50.27,Hazardous
2026-05-01 14:28:17 UTC,287,282,5.52,0.78,36.62,51.75,Hazardous
2026-05-01 14:28:27 UTC,224,228,4.61,0.75,30.11,58.73,Hazardous
2026-05-01 14:28:37 UTC,239,242,4.69,0.78,31.7,55.07,Hazardous
2026-05-01 14:28:47 UTC,252,255,5.21,0.74,35.16,56.53,Hazardous
2026-05-01 14:28:57 UTC,279,279,5.52,0.77,37.4,50.04,Hazardous
2026-05-01 14:29:07 UTC,241,252,4.52,0.75,32.14,54.64,Hazardous
2026-05-01 14:29:17 UTC,274,289,4.64,0.75,33.34,53.76,Hazardous
2026-05-01 14:29:27 UTC,234,229,4.52,0.75,30.61,56.73,Hazardous
2026-05-01 14:29:37 UTC,242,245,4.83,0.78,39.71,40.47,Hazardous
2026-05-01 14:29:47 UTC,264,262,5.15,0.74,35.31,54.26,Hazardous
2026-05-01 14:29:57 UTC,243,236,4.69,0.78,32.07,53.73,Hazardous
2026-05-01 14:30:07 UTC,215,226,4.43,0.76,29.19,62.68,Hazardous
2026-05-01 14:30:17 UTC,251,258,4.68,0.76,38.34,42.12,Hazardous
2026-05-01 14:30:27 UTC,264,259,5.11,0.73,35.18,53.53,Hazardous
2026-05-01 14:30:37 UTC,248,252,4.80,0.77,39.53,42.44,Hazardous
2026-05-01 14:30:47 UTC,206,210,4.67,0.77,32.96,54,Hazardous
2026-05-01 14:30:57 UTC,225,220,4.71,0.77,29.89,57.99,Hazardous
2026-05-01 14:31:07 UTC,274,275,5.36,0.77,35.21,53.76,Hazardous
2026-05-01 14:31:17 UTC,258,256,5.22,0.73,35.64,52.19,Hazardous
2026-05-01 14:31:27 UTC,278,272,5.59,0.8,35.42,53.78,Hazardous
2026-05-01 14:31:37 UTC,256,272,4.69,0.77,31.46,57.31,Hazardous
2026-05-01 14:31:47 UTC,218,220,4.52,0.74,30.29,58.88,Hazardous
2026-05-01 14:31:57 UTC,271,265,4.75,0.78,35.86,48.67,Hazardous
2026-05-01 14:32:07 UTC,246,245,4.68,0.77,31.96,56.12,Hazardous
2026-05-01 14:32:17 UTC,256,249,5.43,0.76,39.03,47.47,Hazardous
2026-05-01 14:32:27 UTC,283,314,4.49,0.75,31.33,57.52,Hazardous
2026-05-01 14:32:37 UTC,260,283,4.64,0.75,31.34,55.09,Hazardous
2026-05-01 14:32:47 UTC,262,266,5.39,0.76,38.4,48.89,Hazardous
2026-05-01 14:32:57 UTC,263,259,5.26,0.74,34.95,55.43,Hazardous
2026-05-01 14:33:07 UTC,254,260,5.37,0.76,35.72,52.63,Hazardous
2026-05-01 14:33:17 UTC,253,254,5.55,0.78,38.18,47.09,Hazardous
2026-05-01 14:33:27 UTC,266,266,5.24,0.75,35.72,53.26,Hazardous
2026-05-01 14:33:37 UTC,241,248,4.69,0.77,32.28,56.12,Hazardous
2026-05-01 14:33:47 UTC,243,243,4.60,0.75,39.17,42.92,Hazardous
2026-05-01 14:33:57 UTC,237,241,4.68,0.77,32.71,54.01,Hazardous
2026-05-01 14:34:07 UTC,250,294,4.68,0.78,33.1,53.83,Hazardous
2026-05-01 14:34:17 UTC,287,291,5.39,0.76,37.06,50.99,Hazardous
2026-05-01 14:34:27 UTC,255,254,4.51,0.74,32.77,53.84,Hazardous
2026-05-01 14:34:37 UTC,271,279,5.41,0.77,35.83,52.41,Hazardous
2026-05-01 14:34:47 UTC,220,221,4.54,0.76,29.89,60.09,Hazardous
2026-05-01 14:34:57 UTC,235,234,4.51,0.74,34.09,51.49,Hazardous
2026-05-01 14:35:07 UTC,247,250,5.23,0.74,35.88,53.26,Hazardous
2026-05-01 14:35:17 UTC,254,252,4.57,0.76,33.41,53.06,Hazardous
2026-05-01 14:35:27 UTC,279,287,5.37,0.77,37.57,50.29,Hazardous
2026-05-01 14:35:37 UTC,255,262,4.92,0.79,38.32,44.3,Hazardous
2026-05-01 14:35:47 UTC,274,286,5.35,0.76,36.91,50.9,Hazardous
2026-05-01 14:35:57 UTC,257,250,5.30,0.77,34.79,54.37,Hazardous
2026-05-01 14:36:07 UTC,223,219,4.51,0.74,30.5,58.13,Hazardous
2026-05-01 14:36:17 UTC,252,256,4.61,0.74,39.15,43.21,Hazardous
2026-05-01 14:36:27 UTC,253,250,4.49,0.75,32.48,53.74,Hazardous
2026-05-01 14:36:37 UTC,125,129,4.69,0.76,33.22,52.76,Hazardous
2026-05-01 14:36:47 UTC,229,223,4.52,0.77,29.81,60.2,Hazardous
2026-05-01 14:36:57 UTC,270,273,5.18,0.74,35.49,52.68,Hazardous
2026-05-01 14:37:07 UTC,266,275,4.56,0.75,35.28,48.95,Hazardous
2026-05-01 14:37:17 UTC,257,257,5.32,0.75,38.68,48.33,Hazardous
2026-05-01 14:37:27 UTC,225,224,4.70,0.78,29.87,58.82,Hazardous
2026-05-01 14:37:37 UTC,246,247,4.55,0.75,32.13,55.33,Hazardous
2026-05-01 14:37:47 UTC,250,259,5.52,0.79,37.33,47.67,Hazardous
2026-05-01 14:37:57 UTC,285,293,5.48,0.77,35.26,53.72,Hazardous
2026-05-01 14:38:07 UTC,253,260,5.32,0.75,38.67,49.22,Hazardous
2026-05-01 14:38:17 UTC,226,234,4.67,0.76,29.21,62.57,Hazardous
2026-05-01 14:38:27 UTC,228,227,4.70,0.77,29.73,62.11,Hazardous
2026-05-01 14:38:37 UTC,126,118,4.67,0.78,33.42,50.57,Hazardous
2026-05-01 14:38:47 UTC,250,253,4.79,0.78,39.6,39.68,Hazardous
2026-05-01 14:38:57 UTC,262,270,4.70,0.77,31.6,57,Hazardous
2026-05-01 14:39:07 UTC,283,281,5.32,0.76,36.93,51.94,Hazardous
2026-05-01 14:39:17 UTC,221,223,4.66,0.77,30.02,60.76,Hazardous
2026-05-01 14:39:27 UTC,261,274,4.58,0.74,36.99,47.25,Hazardous
2026-05-01 14:39:37 UTC,224,219,4.83,0.77,30.19,58.48,Hazardous
2026-05-01 14:39:47 UTC,269,275,4.54,0.75,35.9,49.31,Hazardous
2026-05-01 14:39:57 UTC,259,253,5.55,0.8,38.55,47.55,Hazardous
2026-05-01 14:40:07 UTC,248,249,4.82,0.77,39.27,42.27,Hazardous
2026-05-01 14:40:17 UTC,260,252,5.25,0.74,34.93,56.29,Hazardous
2026-05-01 14:40:27 UTC,225,228,4.64,0.75,30.12,57.72,Hazardous
2026-05-01 14:40:37 UTC,259,261,5.22,0.74,35.73,52.32,Hazardous
2026-05-01 14:40:47 UTC,227,230,4.48,0.74,29.82,60.86,Hazardous
2026-05-01 14:40:57 UTC,219,227,4.82,0.77,30.28,59.31,Hazardous
2026-05-01 14:41:07 UTC,269,265,4.53,0.75,33.77,51.05,Hazardous
2026-05-01 14:41:17 UTC,241,242,4.55,0.75,31.89,56.35,Hazardous
2026-05-01 14:41:27 UTC,244,248,4.80,0.78,39.44,43.1,Hazardous
2026-05-01 14:41:37 UTC,245,250,4.78,0.78,39.92,40.22,Hazardous
2026-05-01 14:41:47 UTC,257,275,4.55,0.75,31.3,54.88,Hazardous
2026-05-01 14:41:57 UTC,245,244,4.80,0.78,39.67,40.17,Hazardous
2026-05-01 14:42:07 UTC,267,267,5.16,0.74,35.14,53.71,Hazardous
2026-05-01 14:42:17 UTC,210,219,4.40,0.75,29.15,61.69,Hazardous
2026-05-01 14:42:27 UTC,242,252,4.52,0.75,32.36,54.83,Hazardous
2026-05-01 14:42:37 UTC,252,256,5.43,0.77,35.76,51.69,Hazardous
2026-05-01 14:42:47 UTC,229,234,4.66,0.76,30.66,59.74,Hazardous
2026-05-01 14:42:57 UTC,148,149,4.56,0.75,33.48,53.04,Hazardous
2026-05-01 14:43:07 UTC,220,221,4.54,0.76,30.38,57.65,Hazardous
2026-05-01 14:43:17 UTC,271,270,5.16,0.74,35.95,54.62,Hazardous
2026-05-01 14:43:27 UTC,266,267,4.56,0.75,33.79,51.58,Hazardous
2026-05-01 14:43:37 UTC,253,274,4.54,0.76,31.39,56.36,Hazardous
2026-05-01 14:43:47 UTC,273,274,4.60,0.74,33.61,51.06,Hazardous
2026-05-01 14:43:57 UTC,280,277,5.52,0.78,37.54,50.35,Hazardous
2026-05-01 14:44:07 UTC,247,252,5.54,0.79,38.29,46.37,Hazardous
2026-05-01 14:44:17 UTC,243,249,4.54,0.74,39.44,41.34,Hazardous
2026-05-01 14:44:27 UTC,232,230,4.54,0.75,30.62,59.33,Hazardous
2026-05-01 14:44:37 UTC,275,303,4.57,0.75,30.99,58.24,Hazardous
2026-05-01 14:44:47 UTC,253,255,5.21,0.74,35.03,56.3,Hazardous
2026-05-01 14:44:57 UTC,158,159,4.56,0.76,33.23,53.47,Hazardous
2026-05-01 14:45:07 UTC,237,244,4.70,0.77,40.17,40.44,Hazardous
2026-05-01 14:45:17 UTC,304,333,4.52,0.75,34.31,51.36,Hazardous
2026-05-01 14:45:27 UTC,254,258,4.87,0.79,38.4,42.3,Hazardous
2026-05-01 14:45:37 UTC,216,221,4.42,0.75,29.06,62.86,Hazardous
2026-05-01 14:45:47 UTC,241,253,4.54,0.75,32.09,53.99,Hazardous
2026-05-01 14:45:57 UTC,251,248,4.67,0.75,38.96,41.17,Hazardous
2026-05-01 14:46:07 UTC,248,252,4.91,0.79,38.21,43.54,Hazardous
2026-05-01 14:46:17 UTC,248,252,5.17,0.73,35.7,51.81,Hazardous
2026-05-01 14:46:27 UTC,270,275,5.40,0.77,36.51,50.28,Hazardous
2026-05-01 14:46:37 UTC,291,289,5.37,0.76,36.81,50.02,Hazardous
2026-05-01 14:46:47 UTC,228,236,4.81,0.77,30.55,58.21,Hazardous
2026-05-01 14:46:57 UTC,218,220,4.45,0.76,29.18,62.38,Hazardous
2026-05-01 14:47:07 UTC,126,125,4.69,0.77,33.25,52.56,Hazardous
2026-05-01 14:47:17 UTC,239,251,4.54,0.76,32.24,53.37,Hazardous
2026-05-01 14:47:27 UTC,245,246,4.80,0.79,39.61,42.62,Hazardous
2026-05-01 14:47:37 UTC,285,325,4.55,0.76,31.85,54.94,Hazardous
2026-05-01 14:47:47 UTC,219,223,4.52,0.76,29.95,60.22,Hazardous
2026-05-01 14:47:57 UTC,416,570,4.74,0.78,34.57,53.08,Hazardous
2026-05-01 14:48:07 UTC,222,229,4.75,0.76,30.64,58.93,Hazardous
2026-05-01 14:48:17 UTC,261,272,4.60,0.75,37.47,45.14,Hazardous
2026-05-01 14:48:27 UTC,249,253,4.67,0.77,38.53,43.4,Hazardous
2026-05-01 14:48:37 UTC,269,267,5.56,0.79,36.68,51.07,Hazardous
2026-05-01 14:48:47 UTC,277,278,4.75,0.78,33.8,50.35,Hazardous
2026-05-01 14:48:57 UTC,236,237,4.51,0.75,32.38,54.51,Hazardous
2026-05-01 14:49:07 UTC,269,269,4.54,0.75,35.74,48.84,Hazardous
2026-05-01 14:49:17 UTC,254,260,5.55,0.79,38.41,50.12,Hazardous
2026-05-01 14:49:27 UTC,280,287,5.39,0.77,36.75,50.15,Hazardous
2026-05-01 14:49:37 UTC,246,243,4.69,0.76,40.19,40.31,Hazardous
2026-05-01 14:49:47 UTC,227,223,4.64,0.75,30.11,58.56,Hazardous
2026-05-01 14:49:57 UTC,255,254,5.37,0.76,35.67,52.3,Hazardous
2026-05-01 14:50:07 UTC,255,255,5.49,0.78,38.68,45.76,Hazardous
2026-05-01 14:50:17 UTC,253,251,5.41,0.76,38.88,47.67,Hazardous
2026-05-01 14:50:27 UTC,233,238,4.57,0.76,33.99,51.69,Hazardous
2026-05-01 14:50:37 UTC,268,264,5.14,0.73,35.96,54.69,Hazardous
2026-05-01 14:50:47 UTC,265,279,4.52,0.75,31.78,58.96,Hazardous
2026-05-01 14:50:57 UTC,240,252,4.75,0.76,39.99,39.88,Hazardous
2026-05-01 14:51:07 UTC,237,239,4.71,0.76,40.23,38.92,Hazardous
2026-05-01 14:51:17 UTC,224,232,4.58,0.76,29.21,63.49,Hazardous
2026-05-01 14:51:27 UTC,261,261,5.22,0.73,35.54,52.97,Hazardous
2026-05-01 14:51:37 UTC,226,224,4.54,0.75,30,59.34,Hazardous
2026-05-01 14:51:47 UTC,239,249,4.53,0.75,32.17,55.75,Hazardous
2026-05-01 14:51:57 UTC,243,254,4.74,0.77,40.01,40.44,Hazardous
2026-05-01 14:52:07 UTC,277,300,4.70,0.77,31.39,57.65,Hazardous
2026-05-01 14:52:17 UTC,216,227,4.57,0.73,30.24,58.09,Hazardous
2026-05-01 14:52:27 UTC,250,254,5.37,0.77,35.57,53.45,Hazardous
2026-05-01 14:52:37 UTC,263,257,5.44,0.76,34.76,55.63,Hazardous
2026-05-01 14:52:47 UTC,238,242,4.74,0.76,40.36,39.48,Hazardous
2026-05-01 14:52:57 UTC,259,275,4.67,0.77,31.69,57.75,Hazardous
2026-05-01 14:53:07 UTC,218,220,4.53,0.76,29.72,60.31,Hazardous
2026-05-01 14:53:17 UTC,268,272,5.39,0.77,36.73,49.12,Hazardous
2026-05-01 14:53:27 UTC,267,267,4.59,0.75,36.14,47.23,Hazardous
2026-05-01 14:53:37 UTC,261,267,5.24,0.75,35.8,52.69,Hazardous
2026-05-01 14:53:47 UTC,282,293,4.58,0.76,35.07,50.37,Hazardous
2026-05-01 14:53:57 UTC,266,274,4.75,0.77,35.87,48.48,Hazardous
2026-05-01 14:54:07 UTC,259,260,5.17,0.74,35.53,53.32,Hazardous
2026-05-01 14:54:17 UTC,257,255,4.55,0.74,32.08,55.35,Hazardous
2026-05-01 14:54:27 UTC,416,577,4.75,0.77,34.49,53.07,Hazardous
2026-05-01 14:54:37 UTC,278,283,5.40,0.77,37.09,51.04,Hazardous
2026-05-01 14:54:47 UTC,260,266,5.38,0.76,35.87,52.22,Hazardous
2026-05-01 14:54:57 UTC,266,267,5.52,0.79,37.26,49.86,Hazardous
2026-05-01 14:55:07 UTC,257,258,5.23,0.75,35.68,54.03,Hazardous
2026-05-01 14:55:17 UTC,249,256,5.55,0.78,38.29,47.27,Hazardous
2026-05-01 14:55:27 UTC,296,331,4.60,0.76,34.17,51.71,Hazardous
2026-05-01 14:55:37 UTC,273,283,4.50,0.75,36.53,45.45,Hazardous
2026-05-01 14:55:47 UTC,221,220,4.64,0.77,29.93,58.16,Hazardous
2026-05-01 14:55:57 UTC,229,237,4.56,0.74,30.52,57.53,Hazardous
2026-05-01 14:56:07 UTC,260,268,4.67,0.76,37.93,45.07,Hazardous
2026-05-01 14:56:17 UTC,275,279,5.44,0.77,36.89,50.38,Hazardous
2026-05-01 14:56:27 UTC,289,314,4.53,0.75,34.18,52.27,Hazardous
2026-05-01 14:56:37 UTC,268,296,4.69,0.78,31.44,58.48,Hazardous
2026-05-01 14:56:47 UTC,256,264,4.58,0.74,38.06,45.59,Hazardous
2026-05-01 14:56:57 UTC,265,263,5.29,0.77,35.12,54.53,Hazardous
2026-05-01 14:57:07 UTC,281,276,5.57,0.79,36.59,50.3,Hazardous
2026-05-01 14:57:17 UTC,236,241,4.66,0.77,40.2,39.14,Hazardous
2026-05-01 14:57:27 UTC,244,244,4.57,0.75,40.19,39.21,Hazardous
2026-05-01 14:57:37 UTC,248,252,5.30,0.75,38.82,46.47,Hazardous
2026-05-01 14:57:47 UTC,267,279,4.56,0.75,35.26,48.8,Hazardous
2026-05-01 14:57:57 UTC,229,232,4.56,0.75,30.43,58.65,Hazardous
2026-05-01 14:58:07 UTC,258,258,5.16,0.74,34.91,53.78,Hazardous
2026-05-01 14:58:17 UTC,282,284,5.40,0.77,36.92,48.94,Hazardous
2026-05-01 14:58:27 UTC,279,282,5.37,0.77,37.57,50.11,Hazardous
2026-05-01 14:58:37 UTC,283,280,5.45,0.77,36.73,51.61,Hazardous
2026-05-01 14:58:47 UTC,217,220,4.70,0.78,29.88,58.74,Hazardous
2026-05-01 14:58:57 UTC,225,233,4.58,0.75,30.3,58.63,Hazardous
2026-05-01 14:59:07 UTC,281,287,5.59,0.79,36.64,50.44,Hazardous
2026-05-01 14:59:17 UTC,248,251,5.30,0.75,35.46,56.81,Hazardous
2026-05-01 14:59:27 UTC,252,261,5.41,0.77,35.63,52.75,Hazardous
2026-05-01 14:59:37 UTC,250,259,4.58,0.76,33.53,51.34,Hazardous
2026-05-01 14:59:47 UTC,49,65,5.49,0.8,29.23,65.29,Caution
2026-05-01 14:59:57 UTC,35,52,5.34,0.78,29.51,62.19,Caution
2026-05-01 15:00:07 UTC,45,65,5.25,0.76,29.07,66.39,Caution
2026-05-01 15:00:17 UTC,49,52,5.38,0.79,29.16,65.13,Caution
2026-05-01 15:00:27 UTC,43,47,5.34,0.78,29.58,61.9,Caution
2026-05-01 15:00:37 UTC,37,50,5.36,0.77,29.41,63.81,Caution
2026-05-01 15:00:47 UTC,43,54,5.20,0.75,29.58,65.26,Caution
2026-05-01 15:00:57 UTC,47,59,5.38,0.77,29.54,62.73,Caution
2026-05-01 15:01:07 UTC,41,53,5.39,0.78,29.24,65.33,Caution
2026-05-01 15:01:17 UTC,42,60,5.43,0.79,29.12,63.38,Caution
2026-05-01 15:01:27 UTC,49,53,5.43,0.8,29.41,64.08,Caution
2026-05-01 15:01:37 UTC,47,61,5.24,0.77,28.89,64.49,Caution
2026-05-01 15:01:47 UTC,48,64,5.45,0.78,29.07,65.51,Caution
2026-05-01 15:01:57 UTC,50,64,5.27,0.77,29.12,65.59,Caution
2026-05-01 15:02:07 UTC,49,59,5.22,0.75,29.26,65.11,Caution
2026-05-01 15:02:17 UTC,44,54,5.43,0.79,29.03,66.84,Caution
2026-05-01 15:02:27 UTC,44,63,5.43,0.79,28.96,64.28,Caution
2026-05-01 15:02:37 UTC,44,62,5.33,0.77,29.62,62.49,Caution
2026-05-01 15:02:47 UTC,53,68,5.43,0.8,28.94,65.88,Caution
2026-05-01 15:02:57 UTC,55,64,5.43,0.79,28.93,65.83,Caution
2026-05-01 15:03:07 UTC,47,70,5.00,0.79,29.7,63.49,Caution
2026-05-01 15:03:17 UTC,49,64,5.25,0.77,29.49,62.5,Caution
2026-05-01 15:03:27 UTC,42,50,5.34,0.77,29.52,63.29,Caution
2026-05-01 15:03:37 UTC,51,65,5.30,0.77,29.06,64.77,Caution
2026-05-01 15:03:47 UTC,46,53,5.35,0.78,29.22,64.74,Caution
2026-05-01 15:03:57 UTC,43,42,5.36,0.77,29.55,63.86,Caution
2026-05-01 15:04:07 UTC,45,57,5.13,0.76,29.2,65.06,Caution
2026-05-01 15:04:17 UTC,56,68,4.81,0.76,29.5,62.86,Caution
2026-05-01 15:04:27 UTC,52,63,5.25,0.78,29.21,65.73,Caution
2026-05-01 15:04:37 UTC,50,64,5.44,0.81,29.1,64.61,Caution
2026-05-01 15:04:47 UTC,50,62,5.43,0.79,29.32,65.19,Caution
2026-05-01 15:04:57 UTC,37,53,5.44,0.79,29.36,66.12,Caution
2026-05-01 15:05:07 UTC,43,54,5.40,0.8,29.37,63.23,Caution
2026-05-01 15:05:17 UTC,40,52,5.38,0.77,29.45,64.44,Caution
2026-05-01 15:05:27 UTC,48,57,5.24,0.76,29.32,65.17,Caution
2026-05-01 15:05:37 UTC,50,70,4.87,0.77,29.55,63.07,Caution
2026-05-01 15:05:47 UTC,42,54,5.38,0.78,29.58,65.13,Caution
2026-05-01 15:05:57 UTC,36,48,5.29,0.77,29.59,64.48,Caution
2026-05-01 15:06:07 UTC,46,57,5.27,0.76,29.38,64.35,Caution
2026-05-01 15:06:17 UTC,49,63,5.23,0.77,29.06,64.25,Caution
2026-05-01 15:06:27 UTC,51,60,5.31,0.78,28.87,64.2,Caution
2026-05-01 15:06:37 UTC,36,51,5.13,0.75,29.49,62.12,Caution
2026-05-01 15:06:47 UTC,51,57,5.26,0.78,29.04,65.64,Caution
2026-05-01 15:06:57 UTC,44,51,5.40,0.79,29.42,65.22,Caution
2026-05-01 15:07:07 UTC,42,59,5.19,0.75,29.48,65.41,Caution
2026-05-01 15:07:17 UTC,41,44,5.15,0.76,29.48,63.85,Caution
2026-05-01 15:07:27 UTC,43,57,5.23,0.76,29.73,62.24,Caution
2026-05-01 15:07:37 UTC,42,58,5.40,0.79,29.42,65.58,Caution
2026-05-01 15:07:47 UTC,38,59,5.22,0.76,29.19,65.13,Caution
2026-05-01 15:07:57 UTC,43,52,5.11,0.74,29.45,61.81,Caution
2026-05-01 15:08:07 UTC,38,62,5.40,0.79,29.25,64.26,Caution
2026-05-01 15:08:17 UTC,47,60,5.27,0.77,29.1,65.51,Caution
2026-05-01 15:08:27 UTC,47,64,5.24,0.76,29.59,62.61,Caution
2026-05-01 15:08:37 UTC,54,73,4.98,0.79,29.61,63.23,Caution
2026-05-01 15:08:47 UTC,52,59,5.29,0.77,29.45,63.28,Caution
2026-05-01 15:08:57 UTC,66,80,4.88,0.78,29.51,61.42,Caution
2026-05-01 15:09:07 UTC,44,53,5.21,0.76,29.53,64.83,Caution
2026-05-01 15:09:17 UTC,41,50,5.31,0.78,29.34,63.69,Caution
2026-05-01 15:09:27 UTC,49,63,5.31,0.77,29.64,63.24,Caution
2026-05-01 15:09:37 UTC,40,44,5.37,0.78,29.42,64.79,Caution
2026-05-01 15:09:47 UTC,39,51,5.36,0.78,29.29,63.26,Caution
2026-05-01 15:09:57 UTC,43,50,5.15,0.76,29.48,63.11,Caution
2026-05-01 15:10:07 UTC,53,61,4.77,0.75,29.46,63.98,Caution
2026-05-01 15:10:17 UTC,48,57,5.42,0.8,29.46,64.23,Caution
2026-05-01 15:10:27 UTC,48,59,5.30,0.77,28.83,64.96,Caution
2026-05-01 15:10:37 UTC,42,57,5.27,0.77,29.36,64.21,Caution
2026-05-01 15:10:47 UTC,51,62,5.46,0.8,29.15,64.14,Caution
2026-05-01 15:10:57 UTC,53,62,5.15,0.75,29.38,63.62,Caution
2026-05-01 15:11:07 UTC,45,54,5.45,0.78,29.24,65.21,Caution
2026-05-01 15:11:17 UTC,47,61,5.23,0.76,29.09,65.59,Caution
2026-05-01 15:11:27 UTC,48,60,4.75,0.76,29.62,63.12,Caution
2026-05-01 15:11:37 UTC,46,65,5.25,0.77,29.6,62.35,Caution
2026-05-01 15:11:47 UTC,48,58,5.25,0.77,29.07,65.07,Caution
2026-05-01 15:11:57 UTC,46,54,5.43,0.79,29.25,66.23,Caution
2026-05-01 15:12:07 UTC,41,46,5.37,0.77,29.24,65.01,Caution
2026-05-01 15:12:17 UTC,47,67,5.39,0.79,29.21,65.19,Caution
2026-05-01 15:12:27 UTC,38,47,5.38,0.78,29.65,63.28,Caution
2026-05-01 15:12:37 UTC,49,68,4.74,0.77,29.75,63.78,Caution
2026-05-01 15:12:47 UTC,34,44,5.36,0.77,29.56,63.77,Caution
2026-05-01 15:12:57 UTC,54,62,5.47,0.8,29.16,64.25,Caution
2026-05-01 15:13:07 UTC,45,61,5.15,0.75,29.38,63.14,Caution
2026-05-01 15:13:17 UTC,45,62,4.77,0.77,29.47,63.76,Caution
2026-05-01 15:13:27 UTC,47,51,5.45,0.8,29.12,63.86,Caution
2026-05-01 15:13:37 UTC,42,58,5.42,0.79,29.29,67.16,Caution
2026-05-01 15:13:47 UTC,53,62,5.38,0.78,29.06,64.69,Caution
2026-05-01 15:13:57 UTC,47,64,5.27,0.77,29.11,65.3,Caution
2026-05-01 15:14:07 UTC,54,64,5.47,0.79,28.88,63.71,Caution
2026-05-01 15:14:17 UTC,42,50,5.27,0.77,29.21,64.06,Caution
2026-05-01 15:14:27 UTC,54,64,5.40,0.8,29.24,65.61,Caution
2026-05-01 15:14:37 UTC,45,46,5.13,0.76,29.68,64.17,Caution
2026-05-01 15:14:47 UTC,42,55,5.23,0.77,29.29,64.75,Caution
2026-05-01 15:14:57 UTC,40,52,5.37,0.78,29.49,61.98,Caution
2026-05-01 15:15:07 UTC,50,66,5.32,0.77,29.66,62.7,Caution
2026-05-01 15:15:17 UTC,49,58,5.23,0.78,28.94,64.19,Caution
2026-05-01 15:15:27 UTC,39,44,5.36,0.78,29.39,64.96,Caution
2026-05-01 15:15:37 UTC,44,58,5.39,0.78,29.44,64,Caution
2026-05-01 15:15:47 UTC,52,72,4.76,0.76,29.76,64.15,Caution
2026-05-01 15:15:57 UTC,51,70,4.94,0.79,29.66,62.99,Caution
2026-05-01 15:16:07 UTC,38,54,5.14,0.74,29.59,64.03,Caution
2026-05-01 15:16:17 UTC,53,71,4.97,0.79,29.63,63.45,Caution
2026-05-01 15:16:27 UTC,38,53,5.36,0.78,29.4,64.42,Caution
2026-05-01 15:16:37 UTC,41,51,5.28,0.77,28.93,64.26,Caution
2026-05-01 15:16:47 UTC,45,60,5.23,0.76,29.07,64.73,Caution
2026-05-01 15:16:57 UTC,52,61,5.44,0.81,29.28,65.11,Caution
2026-05-01 15:17:07 UTC,42,66,5.47,0.8,28.85,64.43,Caution
2026-05-01 15:17:17 UTC,38,57,5.12,0.75,29.49,64.84,Caution
2026-05-01 15:17:27 UTC,41,61,5.40,0.79,29.14,65.25,Caution
2026-05-01 15:17:37 UTC,55,69,4.95,0.8,29.56,62.9,Caution
2026-05-01 15:17:47 UTC,46,65,5.42,0.79,29.11,65.81,Caution
2026-05-01 15:17:57 UTC,52,65,5.44,0.79,29.01,64.51,Caution
2026-05-01 15:18:07 UTC,37,58,5.32,0.77,29.41,64.79,Caution
2026-05-01 15:18:17 UTC,47,58,5.22,0.75,29.37,63.14,Caution
2026-05-01 15:18:27 UTC,49,66,5.12,0.75,29.35,62.8,Caution
2026-05-01 15:18:37 UTC,44,56,5.18,0.75,29.47,64.88,Caution
2026-05-01 15:18:47 UTC,40,45,5.17,0.75,29.45,64.05,Caution
2026-05-01 15:18:57 UTC,41,54,5.19,0.76,29.44,64.94,Caution
2026-05-01 15:19:07 UTC,54,66,5.00,0.79,29.43,63.22,Caution
2026-05-01 15:19:17 UTC,42,56,5.28,0.78,28.95,63.92,Caution
2026-05-01 15:19:27 UTC,38,48,5.36,0.78,29.57,63.27,Caution
2026-05-01 15:19:37 UTC,42,46,5.17,0.74,29.34,62.97,Caution
2026-05-01 15:19:47 UTC,40,54,5.34,0.78,29.69,62.56,Caution
2026-05-01 15:19:57 UTC,66,83,4.69,0.77,29.73,62.09,Caution
2026-05-01 15:20:07 UTC,41,47,5.17,0.76,29.48,63.87,Caution
2026-05-01 15:20:17 UTC,40,52,5.36,0.78,29.63,63.19,Caution
2026-05-01 15:20:27 UTC,42,48,5.37,0.78,29.37,65.11,Caution
2026-05-01 15:20:37 UTC,42,52,5.31,0.77,29.36,62.21,Caution
2026-05-01 15:20:47 UTC,35,52,5.28,0.76,29.26,63.82,Caution
2026-05-01 15:20:57 UTC,49,61,5.13,0.75,29.36,63.1,Caution
2026-05-01 15:21:07 UTC,43,54,5.44,0.79,29.31,65.67,Caution
2026-05-01 15:21:17 UTC,49,72,4.98,0.8,29.43,63.14,Caution
2026-05-01 15:21:27 UTC,47,59,5.14,0.77,29.22,66.48,Caution
2026-05-01 15:21:37 UTC,43,56,5.42,0.81,29.05,64.33,Caution
2026-05-01 15:21:47 UTC,46,56,5.23,0.77,29.24,65.32,Caution
2026-05-01 15:21:57 UTC,37,43,5.34,0.78,29.6,63.75,Caution
2026-05-01 15:22:07 UTC,45,55,5.11,0.76,29.53,62.16,Caution
2026-05-01 15:22:17 UTC,47,61,5.48,0.8,28.8,65.2,Caution
2026-05-01 15:22:27 UTC,53,68,4.92,0.79,29.51,63.67,Caution
2026-05-01 15:22:37 UTC,52,67,5.29,0.78,29.23,67.26,Caution
2026-05-01 15:22:47 UTC,43,59,5.31,0.76,29.48,62.25,Caution
2026-05-01 15:22:57 UTC,46,54,5.30,0.77,28.9,63.85,Caution
2026-05-01 15:23:07 UTC,46,52,5.45,0.78,29.43,65.37,Caution
2026-05-01 15:23:17 UTC,42,54,5.40,0.8,29.17,64.11,Caution
2026-05-01 15:23:27 UTC,51,62,5.42,0.79,29.41,65.98,Caution
2026-05-01 15:23:37 UTC,45,65,5.47,0.8,28.99,64.94,Caution
2026-05-01 15:23:47 UTC,46,49,5.36,0.78,29.53,64.58,Caution
2026-05-01 15:23:57 UTC,51,60,5.45,0.8,28.97,64.68,Caution
2026-05-01 15:24:07 UTC,42,54,5.30,0.77,29.43,63.27,Caution
2026-05-01 15:24:17 UTC,45,52,5.18,0.75,29.48,62.98,Caution
2026-05-01 15:24:27 UTC,43,63,5.42,0.79,29.35,65.95,Caution
2026-05-01 15:24:37 UTC,37,48,5.24,0.75,29.34,64.64,Caution
2026-05-01 15:24:47 UTC,47,51,5.38,0.77,29.36,65.13,Caution
2026-05-01 15:24:57 UTC,60,84,4.69,0.76,29.46,62.2,Caution
2026-05-01 15:25:07 UTC,47,57,5.40,0.78,29.4,66.05,Caution
2026-05-01 15:25:17 UTC,52,59,5.25,0.77,29.04,64.81,Caution
2026-05-01 15:25:27 UTC,51,56,5.48,0.8,29.04,64.57,Caution
2026-05-01 15:25:37 UTC,47,60,5.21,0.75,29.2,65.69,Caution
2026-05-01 15:25:47 UTC,37,52,5.12,0.74,29.44,64.06,Caution
2026-05-01 15:25:57 UTC,42,54,5.41,0.79,29.16,63.52,Caution
2026-05-01 15:26:07 UTC,37,55,5.44,0.78,29.46,65.24,Caution
2026-05-01 15:26:17 UTC,37,54,5.23,0.76,29.23,64.74,Caution
2026-05-01 15:26:27 UTC,37,48,5.26,0.77,29.58,63.67,Caution
2026-05-01 15:26:37 UTC,40,56,5.28,0.78,29.06,64.29,Caution
2026-05-01 15:26:47 UTC,47,55,5.24,0.76,29.79,62.24,Caution
2026-05-01 15:26:57 UTC,45,56,5.42,0.79,29.25,65.36,Caution
2026-05-01 15:27:07 UTC,45,64,5.30,0.77,29.34,63.05,Caution
2026-05-01 15:27:17 UTC,49,61,5.42,0.81,28.99,64.37,Caution
2026-05-01 15:27:27 UTC,50,62,5.43,0.81,29,66.91,Caution
2026-05-01 15:27:37 UTC,52,70,4.74,0.77,29.47,63.35,Caution
2026-05-01 15:27:47 UTC,45,53,5.42,0.78,29.31,65.71,Caution
2026-05-01 15:27:57 UTC,42,56,5.44,0.79,29.3,65.43,Caution
2026-05-01 15:28:07 UTC,47,63,5.44,0.8,29.29,65.4,Caution
2026-05-01 15:28:17 UTC,51,66,4.81,0.75,29.53,63.54,Caution
2026-05-01 15:28:27 UTC,49,54,5.25,0.76,29.61,62.98,Caution
2026-05-01 15:28:37 UTC,43,59,5.35,0.78,29.5,62.15,Caution
2026-05-01 15:28:47 UTC,51,57,5.17,0.75,29.67,62.49,Caution
2026-05-01 15:28:57 UTC,52,59,5.45,0.79,29.29,65.89,Caution
2026-05-01 15:29:07 UTC,45,64,5.16,0.75,28.96,66.58,Caution
2026-05-01 15:29:17 UTC,46,57,5.41,0.78,29.31,63.39,Caution
2026-05-01 15:29:27 UTC,70,83,4.89,0.78,29.7,61.51,Caution
2026-05-01 15:29:37 UTC,49,60,5.45,0.79,29.21,65.92,Caution
2026-05-01 15:29:47 UTC,44,54,5.33,0.78,29.59,61.98,Caution
2026-05-01 15:29:57 UTC,51,66,5.38,0.79,28.95,64.77,Caution
